[2025-12-09 06:05:24] local.ERROR: Cannot redeclare class App\MySession (previously declared in C:\wamp64\www\maasin_live_act\app\MySession.php:8) {"exception":"[object] (Symfony\\Component\\ErrorHandler\\Error\\FatalError(code: 0): Cannot redeclare class App\\MySession (previously declared in C:\\wamp64\\www\\maasin_live_act\\app\\MySession.php:8) at C:\\wamp64\\www\\maasin_live_act\\app\\Models\\MySession.php:8)
[stacktrace]
#0 C:\\wamp64\\www\\maasin_live_act\\vendor\\laravel\\framework\\src\\Illuminate\\Foundation\\Bootstrap\\HandleExceptions.php(244): Symfony\\Component\\ErrorHandler\\Error\\FatalError->__construct(message: ''Cannot redecla...', code: '0', error: '['type' => 64, ...', traceOffset: '0', traceArgs: '???', trace: '???')
#1 C:\\wamp64\\www\\maasin_live_act\\vendor\\laravel\\framework\\src\\Illuminate\\Foundation\\Bootstrap\\HandleExceptions.php(231): Illuminate\\Foundation\\Bootstrap\\HandleExceptions->fatalErrorFromPhpError(error: '['type' => 64, ...', traceOffset: '0')
#2 C:\\wamp64\\www\\maasin_live_act\\vendor\\laravel\\framework\\src\\Illuminate\\Foundation\\Bootstrap\\HandleExceptions.php(255): Illuminate\\Foundation\\Bootstrap\\HandleExceptions->handleShutdown()
#3 C:\\wamp64\\www\\maasin_live_act\\vendor\\laravel\\framework\\src\\Illuminate\\Foundation\\Bootstrap\\HandleExceptions.php(0): Illuminate\\Foundation\\Bootstrap\\HandleExceptions->{closure:C:\\wamp64\\www\\maasin_live_act\\vendor\\laravel\\framework\\src\\Illuminate\\Foundation\\Bootstrap\\HandleExceptions.php:254-256}()
#4 {main}
"} 
[2025-12-09 06:05:45] local.ERROR: Cannot redeclare class App\MySession (previously declared in C:\wamp64\www\maasin_live_act\app\MySession.php:8) {"exception":"[object] (Symfony\\Component\\ErrorHandler\\Error\\FatalError(code: 0): Cannot redeclare class App\\MySession (previously declared in C:\\wamp64\\www\\maasin_live_act\\app\\MySession.php:8) at C:\\wamp64\\www\\maasin_live_act\\app\\Models\\MySession.php:8)
[stacktrace]
#0 C:\\wamp64\\www\\maasin_live_act\\vendor\\laravel\\framework\\src\\Illuminate\\Foundation\\Bootstrap\\HandleExceptions.php(244): Symfony\\Component\\ErrorHandler\\Error\\FatalError->__construct(message: ''Cannot redecla...', code: '0', error: '['type' => 64, ...', traceOffset: '0', traceArgs: '???', trace: '???')
#1 C:\\wamp64\\www\\maasin_live_act\\vendor\\laravel\\framework\\src\\Illuminate\\Foundation\\Bootstrap\\HandleExceptions.php(231): Illuminate\\Foundation\\Bootstrap\\HandleExceptions->fatalErrorFromPhpError(error: '['type' => 64, ...', traceOffset: '0')
#2 C:\\wamp64\\www\\maasin_live_act\\vendor\\laravel\\framework\\src\\Illuminate\\Foundation\\Bootstrap\\HandleExceptions.php(255): Illuminate\\Foundation\\Bootstrap\\HandleExceptions->handleShutdown()
#3 C:\\wamp64\\www\\maasin_live_act\\vendor\\laravel\\framework\\src\\Illuminate\\Foundation\\Bootstrap\\HandleExceptions.php(0): Illuminate\\Foundation\\Bootstrap\\HandleExceptions->{closure:C:\\wamp64\\www\\maasin_live_act\\vendor\\laravel\\framework\\src\\Illuminate\\Foundation\\Bootstrap\\HandleExceptions.php:254-256}()
#4 {main}
"} 
[2025-12-09 06:06:45] local.ERROR: Cannot redeclare class App\MySession (previously declared in C:\wamp64\www\maasin_live_act\app\MySession.php:8) {"exception":"[object] (Symfony\\Component\\ErrorHandler\\Error\\FatalError(code: 0): Cannot redeclare class App\\MySession (previously declared in C:\\wamp64\\www\\maasin_live_act\\app\\MySession.php:8) at C:\\wamp64\\www\\maasin_live_act\\app\\Models\\MySession.php:8)
[stacktrace]
#0 C:\\wamp64\\www\\maasin_live_act\\vendor\\laravel\\framework\\src\\Illuminate\\Foundation\\Bootstrap\\HandleExceptions.php(244): Symfony\\Component\\ErrorHandler\\Error\\FatalError->__construct(message: ''Cannot redecla...', code: '0', error: '['type' => 64, ...', traceOffset: '0', traceArgs: '???', trace: '???')
#1 C:\\wamp64\\www\\maasin_live_act\\vendor\\laravel\\framework\\src\\Illuminate\\Foundation\\Bootstrap\\HandleExceptions.php(231): Illuminate\\Foundation\\Bootstrap\\HandleExceptions->fatalErrorFromPhpError(error: '['type' => 64, ...', traceOffset: '0')
#2 C:\\wamp64\\www\\maasin_live_act\\vendor\\laravel\\framework\\src\\Illuminate\\Foundation\\Bootstrap\\HandleExceptions.php(255): Illuminate\\Foundation\\Bootstrap\\HandleExceptions->handleShutdown()
#3 C:\\wamp64\\www\\maasin_live_act\\vendor\\laravel\\framework\\src\\Illuminate\\Foundation\\Bootstrap\\HandleExceptions.php(0): Illuminate\\Foundation\\Bootstrap\\HandleExceptions->{closure:C:\\wamp64\\www\\maasin_live_act\\vendor\\laravel\\framework\\src\\Illuminate\\Foundation\\Bootstrap\\HandleExceptions.php:254-256}()
#4 {main}
"} 
[2025-12-09 06:07:45] local.ERROR: Cannot redeclare class App\MySession (previously declared in C:\wamp64\www\maasin_live_act\app\MySession.php:8) {"exception":"[object] (Symfony\\Component\\ErrorHandler\\Error\\FatalError(code: 0): Cannot redeclare class App\\MySession (previously declared in C:\\wamp64\\www\\maasin_live_act\\app\\MySession.php:8) at C:\\wamp64\\www\\maasin_live_act\\app\\Models\\MySession.php:8)
[stacktrace]
#0 C:\\wamp64\\www\\maasin_live_act\\vendor\\laravel\\framework\\src\\Illuminate\\Foundation\\Bootstrap\\HandleExceptions.php(244): Symfony\\Component\\ErrorHandler\\Error\\FatalError->__construct(message: ''Cannot redecla...', code: '0', error: '['type' => 64, ...', traceOffset: '0', traceArgs: '???', trace: '???')
#1 C:\\wamp64\\www\\maasin_live_act\\vendor\\laravel\\framework\\src\\Illuminate\\Foundation\\Bootstrap\\HandleExceptions.php(231): Illuminate\\Foundation\\Bootstrap\\HandleExceptions->fatalErrorFromPhpError(error: '['type' => 64, ...', traceOffset: '0')
#2 C:\\wamp64\\www\\maasin_live_act\\vendor\\laravel\\framework\\src\\Illuminate\\Foundation\\Bootstrap\\HandleExceptions.php(255): Illuminate\\Foundation\\Bootstrap\\HandleExceptions->handleShutdown()
#3 C:\\wamp64\\www\\maasin_live_act\\vendor\\laravel\\framework\\src\\Illuminate\\Foundation\\Bootstrap\\HandleExceptions.php(0): Illuminate\\Foundation\\Bootstrap\\HandleExceptions->{closure:C:\\wamp64\\www\\maasin_live_act\\vendor\\laravel\\framework\\src\\Illuminate\\Foundation\\Bootstrap\\HandleExceptions.php:254-256}()
#4 {main}
"} 
[2025-12-09 06:08:44] local.ERROR: Cannot redeclare class App\MySession (previously declared in C:\wamp64\www\maasin_live_act\app\MySession.php:8) {"exception":"[object] (Symfony\\Component\\ErrorHandler\\Error\\FatalError(code: 0): Cannot redeclare class App\\MySession (previously declared in C:\\wamp64\\www\\maasin_live_act\\app\\MySession.php:8) at C:\\wamp64\\www\\maasin_live_act\\app\\Models\\MySession.php:8)
[stacktrace]
#0 C:\\wamp64\\www\\maasin_live_act\\vendor\\laravel\\framework\\src\\Illuminate\\Foundation\\Bootstrap\\HandleExceptions.php(244): Symfony\\Component\\ErrorHandler\\Error\\FatalError->__construct(message: ''Cannot redecla...', code: '0', error: '['type' => 64, ...', traceOffset: '0', traceArgs: '???', trace: '???')
#1 C:\\wamp64\\www\\maasin_live_act\\vendor\\laravel\\framework\\src\\Illuminate\\Foundation\\Bootstrap\\HandleExceptions.php(231): Illuminate\\Foundation\\Bootstrap\\HandleExceptions->fatalErrorFromPhpError(error: '['type' => 64, ...', traceOffset: '0')
#2 C:\\wamp64\\www\\maasin_live_act\\vendor\\laravel\\framework\\src\\Illuminate\\Foundation\\Bootstrap\\HandleExceptions.php(255): Illuminate\\Foundation\\Bootstrap\\HandleExceptions->handleShutdown()
#3 C:\\wamp64\\www\\maasin_live_act\\vendor\\laravel\\framework\\src\\Illuminate\\Foundation\\Bootstrap\\HandleExceptions.php(0): Illuminate\\Foundation\\Bootstrap\\HandleExceptions->{closure:C:\\wamp64\\www\\maasin_live_act\\vendor\\laravel\\framework\\src\\Illuminate\\Foundation\\Bootstrap\\HandleExceptions.php:254-256}()
#4 {main}
"} 
[2025-12-09 06:09:44] local.ERROR: Cannot redeclare class App\MySession (previously declared in C:\wamp64\www\maasin_live_act\app\MySession.php:8) {"exception":"[object] (Symfony\\Component\\ErrorHandler\\Error\\FatalError(code: 0): Cannot redeclare class App\\MySession (previously declared in C:\\wamp64\\www\\maasin_live_act\\app\\MySession.php:8) at C:\\wamp64\\www\\maasin_live_act\\app\\Models\\MySession.php:8)
[stacktrace]
#0 C:\\wamp64\\www\\maasin_live_act\\vendor\\laravel\\framework\\src\\Illuminate\\Foundation\\Bootstrap\\HandleExceptions.php(244): Symfony\\Component\\ErrorHandler\\Error\\FatalError->__construct(message: ''Cannot redecla...', code: '0', error: '['type' => 64, ...', traceOffset: '0', traceArgs: '???', trace: '???')
#1 C:\\wamp64\\www\\maasin_live_act\\vendor\\laravel\\framework\\src\\Illuminate\\Foundation\\Bootstrap\\HandleExceptions.php(231): Illuminate\\Foundation\\Bootstrap\\HandleExceptions->fatalErrorFromPhpError(error: '['type' => 64, ...', traceOffset: '0')
#2 C:\\wamp64\\www\\maasin_live_act\\vendor\\laravel\\framework\\src\\Illuminate\\Foundation\\Bootstrap\\HandleExceptions.php(255): Illuminate\\Foundation\\Bootstrap\\HandleExceptions->handleShutdown()
#3 C:\\wamp64\\www\\maasin_live_act\\vendor\\laravel\\framework\\src\\Illuminate\\Foundation\\Bootstrap\\HandleExceptions.php(0): Illuminate\\Foundation\\Bootstrap\\HandleExceptions->{closure:C:\\wamp64\\www\\maasin_live_act\\vendor\\laravel\\framework\\src\\Illuminate\\Foundation\\Bootstrap\\HandleExceptions.php:254-256}()
#4 {main}
"} 
[2025-12-09 06:10:45] local.ERROR: Cannot redeclare class App\MySession (previously declared in C:\wamp64\www\maasin_live_act\app\MySession.php:8) {"exception":"[object] (Symfony\\Component\\ErrorHandler\\Error\\FatalError(code: 0): Cannot redeclare class App\\MySession (previously declared in C:\\wamp64\\www\\maasin_live_act\\app\\MySession.php:8) at C:\\wamp64\\www\\maasin_live_act\\app\\Models\\MySession.php:8)
[stacktrace]
#0 C:\\wamp64\\www\\maasin_live_act\\vendor\\laravel\\framework\\src\\Illuminate\\Foundation\\Bootstrap\\HandleExceptions.php(244): Symfony\\Component\\ErrorHandler\\Error\\FatalError->__construct(message: ''Cannot redecla...', code: '0', error: '['type' => 64, ...', traceOffset: '0', traceArgs: '???', trace: '???')
#1 C:\\wamp64\\www\\maasin_live_act\\vendor\\laravel\\framework\\src\\Illuminate\\Foundation\\Bootstrap\\HandleExceptions.php(231): Illuminate\\Foundation\\Bootstrap\\HandleExceptions->fatalErrorFromPhpError(error: '['type' => 64, ...', traceOffset: '0')
#2 C:\\wamp64\\www\\maasin_live_act\\vendor\\laravel\\framework\\src\\Illuminate\\Foundation\\Bootstrap\\HandleExceptions.php(255): Illuminate\\Foundation\\Bootstrap\\HandleExceptions->handleShutdown()
#3 C:\\wamp64\\www\\maasin_live_act\\vendor\\laravel\\framework\\src\\Illuminate\\Foundation\\Bootstrap\\HandleExceptions.php(0): Illuminate\\Foundation\\Bootstrap\\HandleExceptions->{closure:C:\\wamp64\\www\\maasin_live_act\\vendor\\laravel\\framework\\src\\Illuminate\\Foundation\\Bootstrap\\HandleExceptions.php:254-256}()
#4 {main}
"} 
[2025-12-09 06:11:44] local.ERROR: Cannot redeclare class App\MySession (previously declared in C:\wamp64\www\maasin_live_act\app\MySession.php:8) {"exception":"[object] (Symfony\\Component\\ErrorHandler\\Error\\FatalError(code: 0): Cannot redeclare class App\\MySession (previously declared in C:\\wamp64\\www\\maasin_live_act\\app\\MySession.php:8) at C:\\wamp64\\www\\maasin_live_act\\app\\Models\\MySession.php:8)
[stacktrace]
#0 C:\\wamp64\\www\\maasin_live_act\\vendor\\laravel\\framework\\src\\Illuminate\\Foundation\\Bootstrap\\HandleExceptions.php(244): Symfony\\Component\\ErrorHandler\\Error\\FatalError->__construct(message: ''Cannot redecla...', code: '0', error: '['type' => 64, ...', traceOffset: '0', traceArgs: '???', trace: '???')
#1 C:\\wamp64\\www\\maasin_live_act\\vendor\\laravel\\framework\\src\\Illuminate\\Foundation\\Bootstrap\\HandleExceptions.php(231): Illuminate\\Foundation\\Bootstrap\\HandleExceptions->fatalErrorFromPhpError(error: '['type' => 64, ...', traceOffset: '0')
#2 C:\\wamp64\\www\\maasin_live_act\\vendor\\laravel\\framework\\src\\Illuminate\\Foundation\\Bootstrap\\HandleExceptions.php(255): Illuminate\\Foundation\\Bootstrap\\HandleExceptions->handleShutdown()
#3 C:\\wamp64\\www\\maasin_live_act\\vendor\\laravel\\framework\\src\\Illuminate\\Foundation\\Bootstrap\\HandleExceptions.php(0): Illuminate\\Foundation\\Bootstrap\\HandleExceptions->{closure:C:\\wamp64\\www\\maasin_live_act\\vendor\\laravel\\framework\\src\\Illuminate\\Foundation\\Bootstrap\\HandleExceptions.php:254-256}()
#4 {main}
"} 
[2025-12-09 06:24:56] local.ERROR: SQLSTATE[HY000] [1045] Access denied for user 'root'@'localhost' (using password: NO) (Connection: mysql, SQL: select * from `sessions` where `id` = YOlitTPV0pCObcROA2AOP9mQuX9ZZTCFX3VpTZz8 limit 1) {"exception":"[object] (Illuminate\\Database\\QueryException(code: 1045): SQLSTATE[HY000] [1045] Access denied for user 'root'@'localhost' (using password: NO) (Connection: mysql, SQL: select * from `sessions` where `id` = YOlitTPV0pCObcROA2AOP9mQuX9ZZTCFX3VpTZz8 limit 1) at C:\\wamp64\\www\\maasin_live_act\\vendor\\laravel\\framework\\src\\Illuminate\\Database\\Connection.php:829)
[stacktrace]
#0 C:\\wamp64\\www\\maasin_live_act\\vendor\\laravel\\framework\\src\\Illuminate\\Database\\Connection.php(783): Illuminate\\Database\\Connection->runQueryCallback('select * from `...', Array, Object(Closure))
#1 C:\\wamp64\\www\\maasin_live_act\\vendor\\laravel\\framework\\src\\Illuminate\\Database\\Connection.php(414): Illuminate\\Database\\Connection->run('select * from `...', Array, Object(Closure))
#2 C:\\wamp64\\www\\maasin_live_act\\vendor\\laravel\\framework\\src\\Illuminate\\Database\\Query\\Builder.php(2913): Illuminate\\Database\\Connection->select('select * from `...', Array, true)
#3 C:\\wamp64\\www\\maasin_live_act\\vendor\\laravel\\framework\\src\\Illuminate\\Database\\Query\\Builder.php(2902): Illuminate\\Database\\Query\\Builder->runSelect()
#4 C:\\wamp64\\www\\maasin_live_act\\vendor\\laravel\\framework\\src\\Illuminate\\Database\\Query\\Builder.php(3456): Illuminate\\Database\\Query\\Builder->{closure:Illuminate\\Database\\Query\\Builder::get():2901}()
#5 C:\\wamp64\\www\\maasin_live_act\\vendor\\laravel\\framework\\src\\Illuminate\\Database\\Query\\Builder.php(2901): Illuminate\\Database\\Query\\Builder->onceWithColumns(Array, Object(Closure))
#6 C:\\wamp64\\www\\maasin_live_act\\vendor\\laravel\\framework\\src\\Illuminate\\Database\\Concerns\\BuildsQueries.php(333): Illuminate\\Database\\Query\\Builder->get(Array)
#7 C:\\wamp64\\www\\maasin_live_act\\vendor\\laravel\\framework\\src\\Illuminate\\Database\\Query\\Builder.php(2824): Illuminate\\Database\\Query\\Builder->first(Array)
#8 C:\\wamp64\\www\\maasin_live_act\\vendor\\laravel\\framework\\src\\Illuminate\\Session\\DatabaseSessionHandler.php(97): Illuminate\\Database\\Query\\Builder->find('YOlitTPV0pCObcR...')
#9 C:\\wamp64\\www\\maasin_live_act\\vendor\\laravel\\framework\\src\\Illuminate\\Session\\Store.php(113): Illuminate\\Session\\DatabaseSessionHandler->read('YOlitTPV0pCObcR...')
#10 C:\\wamp64\\www\\maasin_live_act\\vendor\\laravel\\framework\\src\\Illuminate\\Session\\Store.php(101): Illuminate\\Session\\Store->readFromHandler()
#11 C:\\wamp64\\www\\maasin_live_act\\vendor\\laravel\\framework\\src\\Illuminate\\Session\\Store.php(85): Illuminate\\Session\\Store->loadSession()
#12 C:\\wamp64\\www\\maasin_live_act\\vendor\\laravel\\framework\\src\\Illuminate\\Session\\Middleware\\StartSession.php(147): Illuminate\\Session\\Store->start()
#13 C:\\wamp64\\www\\maasin_live_act\\vendor\\laravel\\framework\\src\\Illuminate\\Support\\helpers.php(320): Illuminate\\Session\\Middleware\\StartSession->{closure:Illuminate\\Session\\Middleware\\StartSession::startSession():144}(Object(Illuminate\\Session\\Store))
#14 C:\\wamp64\\www\\maasin_live_act\\vendor\\laravel\\framework\\src\\Illuminate\\Session\\Middleware\\StartSession.php(144): tap(Object(Illuminate\\Session\\Store), Object(Closure))
#15 C:\\wamp64\\www\\maasin_live_act\\vendor\\laravel\\framework\\src\\Illuminate\\Session\\Middleware\\StartSession.php(116): Illuminate\\Session\\Middleware\\StartSession->startSession(Object(Illuminate\\Http\\Request), Object(Illuminate\\Session\\Store))
#16 C:\\wamp64\\www\\maasin_live_act\\vendor\\laravel\\framework\\src\\Illuminate\\Session\\Middleware\\StartSession.php(64): Illuminate\\Session\\Middleware\\StartSession->handleStatefulRequest(Object(Illuminate\\Http\\Request), Object(Illuminate\\Session\\Store), Object(Closure))
#17 C:\\wamp64\\www\\maasin_live_act\\vendor\\laravel\\framework\\src\\Illuminate\\Pipeline\\Pipeline.php(183): Illuminate\\Session\\Middleware\\StartSession->handle(Object(Illuminate\\Http\\Request), Object(Closure))
#18 C:\\wamp64\\www\\maasin_live_act\\vendor\\laravel\\framework\\src\\Illuminate\\Cookie\\Middleware\\AddQueuedCookiesToResponse.php(37): Illuminate\\Pipeline\\Pipeline->{closure:{closure:Illuminate\\Pipeline\\Pipeline::carry():158}:159}(Object(Illuminate\\Http\\Request))
#19 C:\\wamp64\\www\\maasin_live_act\\vendor\\laravel\\framework\\src\\Illuminate\\Pipeline\\Pipeline.php(183): Illuminate\\Cookie\\Middleware\\AddQueuedCookiesToResponse->handle(Object(Illuminate\\Http\\Request), Object(Closure))
#20 C:\\wamp64\\www\\maasin_live_act\\vendor\\laravel\\framework\\src\\Illuminate\\Cookie\\Middleware\\EncryptCookies.php(67): Illuminate\\Pipeline\\Pipeline->{closure:{closure:Illuminate\\Pipeline\\Pipeline::carry():158}:159}(Object(Illuminate\\Http\\Request))
#21 C:\\wamp64\\www\\maasin_live_act\\vendor\\laravel\\framework\\src\\Illuminate\\Pipeline\\Pipeline.php(183): Illuminate\\Cookie\\Middleware\\EncryptCookies->handle(Object(Illuminate\\Http\\Request), Object(Closure))
#22 C:\\wamp64\\www\\maasin_live_act\\vendor\\laravel\\framework\\src\\Illuminate\\Pipeline\\Pipeline.php(119): Illuminate\\Pipeline\\Pipeline->{closure:{closure:Illuminate\\Pipeline\\Pipeline::carry():158}:159}(Object(Illuminate\\Http\\Request))
#23 C:\\wamp64\\www\\maasin_live_act\\vendor\\laravel\\framework\\src\\Illuminate\\Routing\\Router.php(805): Illuminate\\Pipeline\\Pipeline->then(Object(Closure))
#24 C:\\wamp64\\www\\maasin_live_act\\vendor\\laravel\\framework\\src\\Illuminate\\Routing\\Router.php(784): Illuminate\\Routing\\Router->runRouteWithinStack(Object(Illuminate\\Routing\\Route), Object(Illuminate\\Http\\Request))
#25 C:\\wamp64\\www\\maasin_live_act\\vendor\\laravel\\framework\\src\\Illuminate\\Routing\\Router.php(748): Illuminate\\Routing\\Router->runRoute(Object(Illuminate\\Http\\Request), Object(Illuminate\\Routing\\Route))
#26 C:\\wamp64\\www\\maasin_live_act\\vendor\\laravel\\framework\\src\\Illuminate\\Routing\\Router.php(737): Illuminate\\Routing\\Router->dispatchToRoute(Object(Illuminate\\Http\\Request))
#27 C:\\wamp64\\www\\maasin_live_act\\vendor\\laravel\\framework\\src\\Illuminate\\Foundation\\Http\\Kernel.php(200): Illuminate\\Routing\\Router->dispatch(Object(Illuminate\\Http\\Request))
#28 C:\\wamp64\\www\\maasin_live_act\\vendor\\laravel\\framework\\src\\Illuminate\\Pipeline\\Pipeline.php(144): Illuminate\\Foundation\\Http\\Kernel->{closure:Illuminate\\Foundation\\Http\\Kernel::dispatchToRouter():197}(Object(Illuminate\\Http\\Request))
#29 C:\\wamp64\\www\\maasin_live_act\\vendor\\laravel\\framework\\src\\Illuminate\\Foundation\\Http\\Middleware\\TransformsRequest.php(21): Illuminate\\Pipeline\\Pipeline->{closure:Illuminate\\Pipeline\\Pipeline::prepareDestination():142}(Object(Illuminate\\Http\\Request))
#30 C:\\wamp64\\www\\maasin_live_act\\vendor\\laravel\\framework\\src\\Illuminate\\Foundation\\Http\\Middleware\\ConvertEmptyStringsToNull.php(31): Illuminate\\Foundation\\Http\\Middleware\\TransformsRequest->handle(Object(Illuminate\\Http\\Request), Object(Closure))
#31 C:\\wamp64\\www\\maasin_live_act\\vendor\\laravel\\framework\\src\\Illuminate\\Pipeline\\Pipeline.php(183): Illuminate\\Foundation\\Http\\Middleware\\ConvertEmptyStringsToNull->handle(Object(Illuminate\\Http\\Request), Object(Closure))
#32 C:\\wamp64\\www\\maasin_live_act\\vendor\\laravel\\framework\\src\\Illuminate\\Foundation\\Http\\Middleware\\TransformsRequest.php(21): Illuminate\\Pipeline\\Pipeline->{closure:{closure:Illuminate\\Pipeline\\Pipeline::carry():158}:159}(Object(Illuminate\\Http\\Request))
#33 C:\\wamp64\\www\\maasin_live_act\\vendor\\laravel\\framework\\src\\Illuminate\\Foundation\\Http\\Middleware\\TrimStrings.php(40): Illuminate\\Foundation\\Http\\Middleware\\TransformsRequest->handle(Object(Illuminate\\Http\\Request), Object(Closure))
#34 C:\\wamp64\\www\\maasin_live_act\\vendor\\laravel\\framework\\src\\Illuminate\\Pipeline\\Pipeline.php(183): Illuminate\\Foundation\\Http\\Middleware\\TrimStrings->handle(Object(Illuminate\\Http\\Request), Object(Closure))
#35 C:\\wamp64\\www\\maasin_live_act\\vendor\\laravel\\framework\\src\\Illuminate\\Foundation\\Http\\Middleware\\ValidatePostSize.php(27): Illuminate\\Pipeline\\Pipeline->{closure:{closure:Illuminate\\Pipeline\\Pipeline::carry():158}:159}(Object(Illuminate\\Http\\Request))
#36 C:\\wamp64\\www\\maasin_live_act\\vendor\\laravel\\framework\\src\\Illuminate\\Pipeline\\Pipeline.php(183): Illuminate\\Foundation\\Http\\Middleware\\ValidatePostSize->handle(Object(Illuminate\\Http\\Request), Object(Closure))
#37 C:\\wamp64\\www\\maasin_live_act\\vendor\\laravel\\framework\\src\\Illuminate\\Foundation\\Http\\Middleware\\PreventRequestsDuringMaintenance.php(99): Illuminate\\Pipeline\\Pipeline->{closure:{closure:Illuminate\\Pipeline\\Pipeline::carry():158}:159}(Object(Illuminate\\Http\\Request))
#38 C:\\wamp64\\www\\maasin_live_act\\vendor\\laravel\\framework\\src\\Illuminate\\Pipeline\\Pipeline.php(183): Illuminate\\Foundation\\Http\\Middleware\\PreventRequestsDuringMaintenance->handle(Object(Illuminate\\Http\\Request), Object(Closure))
#39 C:\\wamp64\\www\\maasin_live_act\\vendor\\laravel\\framework\\src\\Illuminate\\Http\\Middleware\\TrustProxies.php(39): Illuminate\\Pipeline\\Pipeline->{closure:{closure:Illuminate\\Pipeline\\Pipeline::carry():158}:159}(Object(Illuminate\\Http\\Request))
#40 C:\\wamp64\\www\\maasin_live_act\\vendor\\laravel\\framework\\src\\Illuminate\\Pipeline\\Pipeline.php(183): Illuminate\\Http\\Middleware\\TrustProxies->handle(Object(Illuminate\\Http\\Request), Object(Closure))
#41 C:\\wamp64\\www\\maasin_live_act\\vendor\\laravel\\framework\\src\\Illuminate\\Pipeline\\Pipeline.php(119): Illuminate\\Pipeline\\Pipeline->{closure:{closure:Illuminate\\Pipeline\\Pipeline::carry():158}:159}(Object(Illuminate\\Http\\Request))
#42 C:\\wamp64\\www\\maasin_live_act\\vendor\\laravel\\framework\\src\\Illuminate\\Foundation\\Http\\Kernel.php(175): Illuminate\\Pipeline\\Pipeline->then(Object(Closure))
#43 C:\\wamp64\\www\\maasin_live_act\\vendor\\laravel\\framework\\src\\Illuminate\\Foundation\\Http\\Kernel.php(144): Illuminate\\Foundation\\Http\\Kernel->sendRequestThroughRouter(Object(Illuminate\\Http\\Request))
#44 C:\\wamp64\\www\\maasin_live_act\\public\\index.php(54): Illuminate\\Foundation\\Http\\Kernel->handle(Object(Illuminate\\Http\\Request))
#45 {main}

[previous exception] [object] (PDOException(code: 1045): SQLSTATE[HY000] [1045] Access denied for user 'root'@'localhost' (using password: NO) at C:\\wamp64\\www\\maasin_live_act\\vendor\\laravel\\framework\\src\\Illuminate\\Database\\Connectors\\Connector.php:65)
[stacktrace]
#0 C:\\wamp64\\www\\maasin_live_act\\vendor\\laravel\\framework\\src\\Illuminate\\Database\\Connectors\\Connector.php(65): PDO->__construct('mysql:host=loca...', 'root', Object(SensitiveParameterValue), Array)
#1 C:\\wamp64\\www\\maasin_live_act\\vendor\\laravel\\framework\\src\\Illuminate\\Database\\Connectors\\Connector.php(44): Illuminate\\Database\\Connectors\\Connector->createPdoConnection('mysql:host=loca...', 'root', '', Array)
#2 C:\\wamp64\\www\\maasin_live_act\\vendor\\laravel\\framework\\src\\Illuminate\\Database\\Connectors\\MySqlConnector.php(24): Illuminate\\Database\\Connectors\\Connector->createConnection('mysql:host=loca...', Array, Array)
#3 C:\\wamp64\\www\\maasin_live_act\\vendor\\laravel\\framework\\src\\Illuminate\\Database\\Connectors\\ConnectionFactory.php(184): Illuminate\\Database\\Connectors\\MySqlConnector->connect(Array)
#4 [internal function]: Illuminate\\Database\\Connectors\\ConnectionFactory->{closure:Illuminate\\Database\\Connectors\\ConnectionFactory::createPdoResolverWithHosts():179}()
#5 C:\\wamp64\\www\\maasin_live_act\\vendor\\laravel\\framework\\src\\Illuminate\\Database\\Connection.php(1339): call_user_func(Object(Closure))
#6 C:\\wamp64\\www\\maasin_live_act\\vendor\\laravel\\framework\\src\\Illuminate\\Database\\Connection.php(1375): Illuminate\\Database\\Connection->getPdo()
#7 C:\\wamp64\\www\\maasin_live_act\\vendor\\laravel\\framework\\src\\Illuminate\\Database\\Connection.php(528): Illuminate\\Database\\Connection->getReadPdo()
#8 C:\\wamp64\\www\\maasin_live_act\\vendor\\laravel\\framework\\src\\Illuminate\\Database\\Connection.php(423): Illuminate\\Database\\Connection->getPdoForSelect(true)
#9 C:\\wamp64\\www\\maasin_live_act\\vendor\\laravel\\framework\\src\\Illuminate\\Database\\Connection.php(816): Illuminate\\Database\\Connection->{closure:Illuminate\\Database\\Connection::select():414}('select * from `...', Array)
#10 C:\\wamp64\\www\\maasin_live_act\\vendor\\laravel\\framework\\src\\Illuminate\\Database\\Connection.php(783): Illuminate\\Database\\Connection->runQueryCallback('select * from `...', Array, Object(Closure))
#11 C:\\wamp64\\www\\maasin_live_act\\vendor\\laravel\\framework\\src\\Illuminate\\Database\\Connection.php(414): Illuminate\\Database\\Connection->run('select * from `...', Array, Object(Closure))
#12 C:\\wamp64\\www\\maasin_live_act\\vendor\\laravel\\framework\\src\\Illuminate\\Database\\Query\\Builder.php(2913): Illuminate\\Database\\Connection->select('select * from `...', Array, true)
#13 C:\\wamp64\\www\\maasin_live_act\\vendor\\laravel\\framework\\src\\Illuminate\\Database\\Query\\Builder.php(2902): Illuminate\\Database\\Query\\Builder->runSelect()
#14 C:\\wamp64\\www\\maasin_live_act\\vendor\\laravel\\framework\\src\\Illuminate\\Database\\Query\\Builder.php(3456): Illuminate\\Database\\Query\\Builder->{closure:Illuminate\\Database\\Query\\Builder::get():2901}()
#15 C:\\wamp64\\www\\maasin_live_act\\vendor\\laravel\\framework\\src\\Illuminate\\Database\\Query\\Builder.php(2901): Illuminate\\Database\\Query\\Builder->onceWithColumns(Array, Object(Closure))
#16 C:\\wamp64\\www\\maasin_live_act\\vendor\\laravel\\framework\\src\\Illuminate\\Database\\Concerns\\BuildsQueries.php(333): Illuminate\\Database\\Query\\Builder->get(Array)
#17 C:\\wamp64\\www\\maasin_live_act\\vendor\\laravel\\framework\\src\\Illuminate\\Database\\Query\\Builder.php(2824): Illuminate\\Database\\Query\\Builder->first(Array)
#18 C:\\wamp64\\www\\maasin_live_act\\vendor\\laravel\\framework\\src\\Illuminate\\Session\\DatabaseSessionHandler.php(97): Illuminate\\Database\\Query\\Builder->find('YOlitTPV0pCObcR...')
#19 C:\\wamp64\\www\\maasin_live_act\\vendor\\laravel\\framework\\src\\Illuminate\\Session\\Store.php(113): Illuminate\\Session\\DatabaseSessionHandler->read('YOlitTPV0pCObcR...')
#20 C:\\wamp64\\www\\maasin_live_act\\vendor\\laravel\\framework\\src\\Illuminate\\Session\\Store.php(101): Illuminate\\Session\\Store->readFromHandler()
#21 C:\\wamp64\\www\\maasin_live_act\\vendor\\laravel\\framework\\src\\Illuminate\\Session\\Store.php(85): Illuminate\\Session\\Store->loadSession()
#22 C:\\wamp64\\www\\maasin_live_act\\vendor\\laravel\\framework\\src\\Illuminate\\Session\\Middleware\\StartSession.php(147): Illuminate\\Session\\Store->start()
#23 C:\\wamp64\\www\\maasin_live_act\\vendor\\laravel\\framework\\src\\Illuminate\\Support\\helpers.php(320): Illuminate\\Session\\Middleware\\StartSession->{closure:Illuminate\\Session\\Middleware\\StartSession::startSession():144}(Object(Illuminate\\Session\\Store))
#24 C:\\wamp64\\www\\maasin_live_act\\vendor\\laravel\\framework\\src\\Illuminate\\Session\\Middleware\\StartSession.php(144): tap(Object(Illuminate\\Session\\Store), Object(Closure))
#25 C:\\wamp64\\www\\maasin_live_act\\vendor\\laravel\\framework\\src\\Illuminate\\Session\\Middleware\\StartSession.php(116): Illuminate\\Session\\Middleware\\StartSession->startSession(Object(Illuminate\\Http\\Request), Object(Illuminate\\Session\\Store))
#26 C:\\wamp64\\www\\maasin_live_act\\vendor\\laravel\\framework\\src\\Illuminate\\Session\\Middleware\\StartSession.php(64): Illuminate\\Session\\Middleware\\StartSession->handleStatefulRequest(Object(Illuminate\\Http\\Request), Object(Illuminate\\Session\\Store), Object(Closure))
#27 C:\\wamp64\\www\\maasin_live_act\\vendor\\laravel\\framework\\src\\Illuminate\\Pipeline\\Pipeline.php(183): Illuminate\\Session\\Middleware\\StartSession->handle(Object(Illuminate\\Http\\Request), Object(Closure))
#28 C:\\wamp64\\www\\maasin_live_act\\vendor\\laravel\\framework\\src\\Illuminate\\Cookie\\Middleware\\AddQueuedCookiesToResponse.php(37): Illuminate\\Pipeline\\Pipeline->{closure:{closure:Illuminate\\Pipeline\\Pipeline::carry():158}:159}(Object(Illuminate\\Http\\Request))
#29 C:\\wamp64\\www\\maasin_live_act\\vendor\\laravel\\framework\\src\\Illuminate\\Pipeline\\Pipeline.php(183): Illuminate\\Cookie\\Middleware\\AddQueuedCookiesToResponse->handle(Object(Illuminate\\Http\\Request), Object(Closure))
#30 C:\\wamp64\\www\\maasin_live_act\\vendor\\laravel\\framework\\src\\Illuminate\\Cookie\\Middleware\\EncryptCookies.php(67): Illuminate\\Pipeline\\Pipeline->{closure:{closure:Illuminate\\Pipeline\\Pipeline::carry():158}:159}(Object(Illuminate\\Http\\Request))
#31 C:\\wamp64\\www\\maasin_live_act\\vendor\\laravel\\framework\\src\\Illuminate\\Pipeline\\Pipeline.php(183): Illuminate\\Cookie\\Middleware\\EncryptCookies->handle(Object(Illuminate\\Http\\Request), Object(Closure))
#32 C:\\wamp64\\www\\maasin_live_act\\vendor\\laravel\\framework\\src\\Illuminate\\Pipeline\\Pipeline.php(119): Illuminate\\Pipeline\\Pipeline->{closure:{closure:Illuminate\\Pipeline\\Pipeline::carry():158}:159}(Object(Illuminate\\Http\\Request))
#33 C:\\wamp64\\www\\maasin_live_act\\vendor\\laravel\\framework\\src\\Illuminate\\Routing\\Router.php(805): Illuminate\\Pipeline\\Pipeline->then(Object(Closure))
#34 C:\\wamp64\\www\\maasin_live_act\\vendor\\laravel\\framework\\src\\Illuminate\\Routing\\Router.php(784): Illuminate\\Routing\\Router->runRouteWithinStack(Object(Illuminate\\Routing\\Route), Object(Illuminate\\Http\\Request))
#35 C:\\wamp64\\www\\maasin_live_act\\vendor\\laravel\\framework\\src\\Illuminate\\Routing\\Router.php(748): Illuminate\\Routing\\Router->runRoute(Object(Illuminate\\Http\\Request), Object(Illuminate\\Routing\\Route))
#36 C:\\wamp64\\www\\maasin_live_act\\vendor\\laravel\\framework\\src\\Illuminate\\Routing\\Router.php(737): Illuminate\\Routing\\Router->dispatchToRoute(Object(Illuminate\\Http\\Request))
#37 C:\\wamp64\\www\\maasin_live_act\\vendor\\laravel\\framework\\src\\Illuminate\\Foundation\\Http\\Kernel.php(200): Illuminate\\Routing\\Router->dispatch(Object(Illuminate\\Http\\Request))
#38 C:\\wamp64\\www\\maasin_live_act\\vendor\\laravel\\framework\\src\\Illuminate\\Pipeline\\Pipeline.php(144): Illuminate\\Foundation\\Http\\Kernel->{closure:Illuminate\\Foundation\\Http\\Kernel::dispatchToRouter():197}(Object(Illuminate\\Http\\Request))
#39 C:\\wamp64\\www\\maasin_live_act\\vendor\\laravel\\framework\\src\\Illuminate\\Foundation\\Http\\Middleware\\TransformsRequest.php(21): Illuminate\\Pipeline\\Pipeline->{closure:Illuminate\\Pipeline\\Pipeline::prepareDestination():142}(Object(Illuminate\\Http\\Request))
#40 C:\\wamp64\\www\\maasin_live_act\\vendor\\laravel\\framework\\src\\Illuminate\\Foundation\\Http\\Middleware\\ConvertEmptyStringsToNull.php(31): Illuminate\\Foundation\\Http\\Middleware\\TransformsRequest->handle(Object(Illuminate\\Http\\Request), Object(Closure))
#41 C:\\wamp64\\www\\maasin_live_act\\vendor\\laravel\\framework\\src\\Illuminate\\Pipeline\\Pipeline.php(183): Illuminate\\Foundation\\Http\\Middleware\\ConvertEmptyStringsToNull->handle(Object(Illuminate\\Http\\Request), Object(Closure))
#42 C:\\wamp64\\www\\maasin_live_act\\vendor\\laravel\\framework\\src\\Illuminate\\Foundation\\Http\\Middleware\\TransformsRequest.php(21): Illuminate\\Pipeline\\Pipeline->{closure:{closure:Illuminate\\Pipeline\\Pipeline::carry():158}:159}(Object(Illuminate\\Http\\Request))
#43 C:\\wamp64\\www\\maasin_live_act\\vendor\\laravel\\framework\\src\\Illuminate\\Foundation\\Http\\Middleware\\TrimStrings.php(40): Illuminate\\Foundation\\Http\\Middleware\\TransformsRequest->handle(Object(Illuminate\\Http\\Request), Object(Closure))
#44 C:\\wamp64\\www\\maasin_live_act\\vendor\\laravel\\framework\\src\\Illuminate\\Pipeline\\Pipeline.php(183): Illuminate\\Foundation\\Http\\Middleware\\TrimStrings->handle(Object(Illuminate\\Http\\Request), Object(Closure))
#45 C:\\wamp64\\www\\maasin_live_act\\vendor\\laravel\\framework\\src\\Illuminate\\Foundation\\Http\\Middleware\\ValidatePostSize.php(27): Illuminate\\Pipeline\\Pipeline->{closure:{closure:Illuminate\\Pipeline\\Pipeline::carry():158}:159}(Object(Illuminate\\Http\\Request))
#46 C:\\wamp64\\www\\maasin_live_act\\vendor\\laravel\\framework\\src\\Illuminate\\Pipeline\\Pipeline.php(183): Illuminate\\Foundation\\Http\\Middleware\\ValidatePostSize->handle(Object(Illuminate\\Http\\Request), Object(Closure))
#47 C:\\wamp64\\www\\maasin_live_act\\vendor\\laravel\\framework\\src\\Illuminate\\Foundation\\Http\\Middleware\\PreventRequestsDuringMaintenance.php(99): Illuminate\\Pipeline\\Pipeline->{closure:{closure:Illuminate\\Pipeline\\Pipeline::carry():158}:159}(Object(Illuminate\\Http\\Request))
#48 C:\\wamp64\\www\\maasin_live_act\\vendor\\laravel\\framework\\src\\Illuminate\\Pipeline\\Pipeline.php(183): Illuminate\\Foundation\\Http\\Middleware\\PreventRequestsDuringMaintenance->handle(Object(Illuminate\\Http\\Request), Object(Closure))
#49 C:\\wamp64\\www\\maasin_live_act\\vendor\\laravel\\framework\\src\\Illuminate\\Http\\Middleware\\TrustProxies.php(39): Illuminate\\Pipeline\\Pipeline->{closure:{closure:Illuminate\\Pipeline\\Pipeline::carry():158}:159}(Object(Illuminate\\Http\\Request))
#50 C:\\wamp64\\www\\maasin_live_act\\vendor\\laravel\\framework\\src\\Illuminate\\Pipeline\\Pipeline.php(183): Illuminate\\Http\\Middleware\\TrustProxies->handle(Object(Illuminate\\Http\\Request), Object(Closure))
#51 C:\\wamp64\\www\\maasin_live_act\\vendor\\laravel\\framework\\src\\Illuminate\\Pipeline\\Pipeline.php(119): Illuminate\\Pipeline\\Pipeline->{closure:{closure:Illuminate\\Pipeline\\Pipeline::carry():158}:159}(Object(Illuminate\\Http\\Request))
#52 C:\\wamp64\\www\\maasin_live_act\\vendor\\laravel\\framework\\src\\Illuminate\\Foundation\\Http\\Kernel.php(175): Illuminate\\Pipeline\\Pipeline->then(Object(Closure))
#53 C:\\wamp64\\www\\maasin_live_act\\vendor\\laravel\\framework\\src\\Illuminate\\Foundation\\Http\\Kernel.php(144): Illuminate\\Foundation\\Http\\Kernel->sendRequestThroughRouter(Object(Illuminate\\Http\\Request))
#54 C:\\wamp64\\www\\maasin_live_act\\public\\index.php(54): Illuminate\\Foundation\\Http\\Kernel->handle(Object(Illuminate\\Http\\Request))
#55 {main}
"} 
[2025-12-09 06:25:00] local.ERROR: SQLSTATE[HY000] [1045] Access denied for user 'root'@'localhost' (using password: NO) (Connection: mysql, SQL: select * from `sessions` where `id` = 6UOWHjiQC8z6aDcA89jAsLftEohkJbL3tI3kZz5r limit 1) {"exception":"[object] (Illuminate\\Database\\QueryException(code: 1045): SQLSTATE[HY000] [1045] Access denied for user 'root'@'localhost' (using password: NO) (Connection: mysql, SQL: select * from `sessions` where `id` = 6UOWHjiQC8z6aDcA89jAsLftEohkJbL3tI3kZz5r limit 1) at C:\\wamp64\\www\\maasin_live_act\\vendor\\laravel\\framework\\src\\Illuminate\\Database\\Connection.php:829)
[stacktrace]
#0 C:\\wamp64\\www\\maasin_live_act\\vendor\\laravel\\framework\\src\\Illuminate\\Database\\Connection.php(783): Illuminate\\Database\\Connection->runQueryCallback('select * from `...', Array, Object(Closure))
#1 C:\\wamp64\\www\\maasin_live_act\\vendor\\laravel\\framework\\src\\Illuminate\\Database\\Connection.php(414): Illuminate\\Database\\Connection->run('select * from `...', Array, Object(Closure))
#2 C:\\wamp64\\www\\maasin_live_act\\vendor\\laravel\\framework\\src\\Illuminate\\Database\\Query\\Builder.php(2913): Illuminate\\Database\\Connection->select('select * from `...', Array, true)
#3 C:\\wamp64\\www\\maasin_live_act\\vendor\\laravel\\framework\\src\\Illuminate\\Database\\Query\\Builder.php(2902): Illuminate\\Database\\Query\\Builder->runSelect()
#4 C:\\wamp64\\www\\maasin_live_act\\vendor\\laravel\\framework\\src\\Illuminate\\Database\\Query\\Builder.php(3456): Illuminate\\Database\\Query\\Builder->{closure:Illuminate\\Database\\Query\\Builder::get():2901}()
#5 C:\\wamp64\\www\\maasin_live_act\\vendor\\laravel\\framework\\src\\Illuminate\\Database\\Query\\Builder.php(2901): Illuminate\\Database\\Query\\Builder->onceWithColumns(Array, Object(Closure))
#6 C:\\wamp64\\www\\maasin_live_act\\vendor\\laravel\\framework\\src\\Illuminate\\Database\\Concerns\\BuildsQueries.php(333): Illuminate\\Database\\Query\\Builder->get(Array)
#7 C:\\wamp64\\www\\maasin_live_act\\vendor\\laravel\\framework\\src\\Illuminate\\Database\\Query\\Builder.php(2824): Illuminate\\Database\\Query\\Builder->first(Array)
#8 C:\\wamp64\\www\\maasin_live_act\\vendor\\laravel\\framework\\src\\Illuminate\\Session\\DatabaseSessionHandler.php(97): Illuminate\\Database\\Query\\Builder->find('6UOWHjiQC8z6aDc...')
#9 C:\\wamp64\\www\\maasin_live_act\\vendor\\laravel\\framework\\src\\Illuminate\\Session\\Store.php(113): Illuminate\\Session\\DatabaseSessionHandler->read('6UOWHjiQC8z6aDc...')
#10 C:\\wamp64\\www\\maasin_live_act\\vendor\\laravel\\framework\\src\\Illuminate\\Session\\Store.php(101): Illuminate\\Session\\Store->readFromHandler()
#11 C:\\wamp64\\www\\maasin_live_act\\vendor\\laravel\\framework\\src\\Illuminate\\Session\\Store.php(85): Illuminate\\Session\\Store->loadSession()
#12 C:\\wamp64\\www\\maasin_live_act\\vendor\\laravel\\framework\\src\\Illuminate\\Session\\Middleware\\StartSession.php(147): Illuminate\\Session\\Store->start()
#13 C:\\wamp64\\www\\maasin_live_act\\vendor\\laravel\\framework\\src\\Illuminate\\Support\\helpers.php(320): Illuminate\\Session\\Middleware\\StartSession->{closure:Illuminate\\Session\\Middleware\\StartSession::startSession():144}(Object(Illuminate\\Session\\Store))
#14 C:\\wamp64\\www\\maasin_live_act\\vendor\\laravel\\framework\\src\\Illuminate\\Session\\Middleware\\StartSession.php(144): tap(Object(Illuminate\\Session\\Store), Object(Closure))
#15 C:\\wamp64\\www\\maasin_live_act\\vendor\\laravel\\framework\\src\\Illuminate\\Session\\Middleware\\StartSession.php(116): Illuminate\\Session\\Middleware\\StartSession->startSession(Object(Illuminate\\Http\\Request), Object(Illuminate\\Session\\Store))
#16 C:\\wamp64\\www\\maasin_live_act\\vendor\\laravel\\framework\\src\\Illuminate\\Session\\Middleware\\StartSession.php(64): Illuminate\\Session\\Middleware\\StartSession->handleStatefulRequest(Object(Illuminate\\Http\\Request), Object(Illuminate\\Session\\Store), Object(Closure))
#17 C:\\wamp64\\www\\maasin_live_act\\vendor\\laravel\\framework\\src\\Illuminate\\Pipeline\\Pipeline.php(183): Illuminate\\Session\\Middleware\\StartSession->handle(Object(Illuminate\\Http\\Request), Object(Closure))
#18 C:\\wamp64\\www\\maasin_live_act\\vendor\\laravel\\framework\\src\\Illuminate\\Cookie\\Middleware\\AddQueuedCookiesToResponse.php(37): Illuminate\\Pipeline\\Pipeline->{closure:{closure:Illuminate\\Pipeline\\Pipeline::carry():158}:159}(Object(Illuminate\\Http\\Request))
#19 C:\\wamp64\\www\\maasin_live_act\\vendor\\laravel\\framework\\src\\Illuminate\\Pipeline\\Pipeline.php(183): Illuminate\\Cookie\\Middleware\\AddQueuedCookiesToResponse->handle(Object(Illuminate\\Http\\Request), Object(Closure))
#20 C:\\wamp64\\www\\maasin_live_act\\vendor\\laravel\\framework\\src\\Illuminate\\Cookie\\Middleware\\EncryptCookies.php(67): Illuminate\\Pipeline\\Pipeline->{closure:{closure:Illuminate\\Pipeline\\Pipeline::carry():158}:159}(Object(Illuminate\\Http\\Request))
#21 C:\\wamp64\\www\\maasin_live_act\\vendor\\laravel\\framework\\src\\Illuminate\\Pipeline\\Pipeline.php(183): Illuminate\\Cookie\\Middleware\\EncryptCookies->handle(Object(Illuminate\\Http\\Request), Object(Closure))
#22 C:\\wamp64\\www\\maasin_live_act\\vendor\\laravel\\framework\\src\\Illuminate\\Pipeline\\Pipeline.php(119): Illuminate\\Pipeline\\Pipeline->{closure:{closure:Illuminate\\Pipeline\\Pipeline::carry():158}:159}(Object(Illuminate\\Http\\Request))
#23 C:\\wamp64\\www\\maasin_live_act\\vendor\\laravel\\framework\\src\\Illuminate\\Routing\\Router.php(805): Illuminate\\Pipeline\\Pipeline->then(Object(Closure))
#24 C:\\wamp64\\www\\maasin_live_act\\vendor\\laravel\\framework\\src\\Illuminate\\Routing\\Router.php(784): Illuminate\\Routing\\Router->runRouteWithinStack(Object(Illuminate\\Routing\\Route), Object(Illuminate\\Http\\Request))
#25 C:\\wamp64\\www\\maasin_live_act\\vendor\\laravel\\framework\\src\\Illuminate\\Routing\\Router.php(748): Illuminate\\Routing\\Router->runRoute(Object(Illuminate\\Http\\Request), Object(Illuminate\\Routing\\Route))
#26 C:\\wamp64\\www\\maasin_live_act\\vendor\\laravel\\framework\\src\\Illuminate\\Routing\\Router.php(737): Illuminate\\Routing\\Router->dispatchToRoute(Object(Illuminate\\Http\\Request))
#27 C:\\wamp64\\www\\maasin_live_act\\vendor\\laravel\\framework\\src\\Illuminate\\Foundation\\Http\\Kernel.php(200): Illuminate\\Routing\\Router->dispatch(Object(Illuminate\\Http\\Request))
#28 C:\\wamp64\\www\\maasin_live_act\\vendor\\laravel\\framework\\src\\Illuminate\\Pipeline\\Pipeline.php(144): Illuminate\\Foundation\\Http\\Kernel->{closure:Illuminate\\Foundation\\Http\\Kernel::dispatchToRouter():197}(Object(Illuminate\\Http\\Request))
#29 C:\\wamp64\\www\\maasin_live_act\\vendor\\laravel\\framework\\src\\Illuminate\\Foundation\\Http\\Middleware\\TransformsRequest.php(21): Illuminate\\Pipeline\\Pipeline->{closure:Illuminate\\Pipeline\\Pipeline::prepareDestination():142}(Object(Illuminate\\Http\\Request))
#30 C:\\wamp64\\www\\maasin_live_act\\vendor\\laravel\\framework\\src\\Illuminate\\Foundation\\Http\\Middleware\\ConvertEmptyStringsToNull.php(31): Illuminate\\Foundation\\Http\\Middleware\\TransformsRequest->handle(Object(Illuminate\\Http\\Request), Object(Closure))
#31 C:\\wamp64\\www\\maasin_live_act\\vendor\\laravel\\framework\\src\\Illuminate\\Pipeline\\Pipeline.php(183): Illuminate\\Foundation\\Http\\Middleware\\ConvertEmptyStringsToNull->handle(Object(Illuminate\\Http\\Request), Object(Closure))
#32 C:\\wamp64\\www\\maasin_live_act\\vendor\\laravel\\framework\\src\\Illuminate\\Foundation\\Http\\Middleware\\TransformsRequest.php(21): Illuminate\\Pipeline\\Pipeline->{closure:{closure:Illuminate\\Pipeline\\Pipeline::carry():158}:159}(Object(Illuminate\\Http\\Request))
#33 C:\\wamp64\\www\\maasin_live_act\\vendor\\laravel\\framework\\src\\Illuminate\\Foundation\\Http\\Middleware\\TrimStrings.php(40): Illuminate\\Foundation\\Http\\Middleware\\TransformsRequest->handle(Object(Illuminate\\Http\\Request), Object(Closure))
#34 C:\\wamp64\\www\\maasin_live_act\\vendor\\laravel\\framework\\src\\Illuminate\\Pipeline\\Pipeline.php(183): Illuminate\\Foundation\\Http\\Middleware\\TrimStrings->handle(Object(Illuminate\\Http\\Request), Object(Closure))
#35 C:\\wamp64\\www\\maasin_live_act\\vendor\\laravel\\framework\\src\\Illuminate\\Foundation\\Http\\Middleware\\ValidatePostSize.php(27): Illuminate\\Pipeline\\Pipeline->{closure:{closure:Illuminate\\Pipeline\\Pipeline::carry():158}:159}(Object(Illuminate\\Http\\Request))
#36 C:\\wamp64\\www\\maasin_live_act\\vendor\\laravel\\framework\\src\\Illuminate\\Pipeline\\Pipeline.php(183): Illuminate\\Foundation\\Http\\Middleware\\ValidatePostSize->handle(Object(Illuminate\\Http\\Request), Object(Closure))
#37 C:\\wamp64\\www\\maasin_live_act\\vendor\\laravel\\framework\\src\\Illuminate\\Foundation\\Http\\Middleware\\PreventRequestsDuringMaintenance.php(99): Illuminate\\Pipeline\\Pipeline->{closure:{closure:Illuminate\\Pipeline\\Pipeline::carry():158}:159}(Object(Illuminate\\Http\\Request))
#38 C:\\wamp64\\www\\maasin_live_act\\vendor\\laravel\\framework\\src\\Illuminate\\Pipeline\\Pipeline.php(183): Illuminate\\Foundation\\Http\\Middleware\\PreventRequestsDuringMaintenance->handle(Object(Illuminate\\Http\\Request), Object(Closure))
#39 C:\\wamp64\\www\\maasin_live_act\\vendor\\laravel\\framework\\src\\Illuminate\\Http\\Middleware\\TrustProxies.php(39): Illuminate\\Pipeline\\Pipeline->{closure:{closure:Illuminate\\Pipeline\\Pipeline::carry():158}:159}(Object(Illuminate\\Http\\Request))
#40 C:\\wamp64\\www\\maasin_live_act\\vendor\\laravel\\framework\\src\\Illuminate\\Pipeline\\Pipeline.php(183): Illuminate\\Http\\Middleware\\TrustProxies->handle(Object(Illuminate\\Http\\Request), Object(Closure))
#41 C:\\wamp64\\www\\maasin_live_act\\vendor\\laravel\\framework\\src\\Illuminate\\Pipeline\\Pipeline.php(119): Illuminate\\Pipeline\\Pipeline->{closure:{closure:Illuminate\\Pipeline\\Pipeline::carry():158}:159}(Object(Illuminate\\Http\\Request))
#42 C:\\wamp64\\www\\maasin_live_act\\vendor\\laravel\\framework\\src\\Illuminate\\Foundation\\Http\\Kernel.php(175): Illuminate\\Pipeline\\Pipeline->then(Object(Closure))
#43 C:\\wamp64\\www\\maasin_live_act\\vendor\\laravel\\framework\\src\\Illuminate\\Foundation\\Http\\Kernel.php(144): Illuminate\\Foundation\\Http\\Kernel->sendRequestThroughRouter(Object(Illuminate\\Http\\Request))
#44 C:\\wamp64\\www\\maasin_live_act\\public\\index.php(54): Illuminate\\Foundation\\Http\\Kernel->handle(Object(Illuminate\\Http\\Request))
#45 {main}

[previous exception] [object] (PDOException(code: 1045): SQLSTATE[HY000] [1045] Access denied for user 'root'@'localhost' (using password: NO) at C:\\wamp64\\www\\maasin_live_act\\vendor\\laravel\\framework\\src\\Illuminate\\Database\\Connectors\\Connector.php:65)
[stacktrace]
#0 C:\\wamp64\\www\\maasin_live_act\\vendor\\laravel\\framework\\src\\Illuminate\\Database\\Connectors\\Connector.php(65): PDO->__construct('mysql:host=loca...', 'root', Object(SensitiveParameterValue), Array)
#1 C:\\wamp64\\www\\maasin_live_act\\vendor\\laravel\\framework\\src\\Illuminate\\Database\\Connectors\\Connector.php(44): Illuminate\\Database\\Connectors\\Connector->createPdoConnection('mysql:host=loca...', 'root', '', Array)
#2 C:\\wamp64\\www\\maasin_live_act\\vendor\\laravel\\framework\\src\\Illuminate\\Database\\Connectors\\MySqlConnector.php(24): Illuminate\\Database\\Connectors\\Connector->createConnection('mysql:host=loca...', Array, Array)
#3 C:\\wamp64\\www\\maasin_live_act\\vendor\\laravel\\framework\\src\\Illuminate\\Database\\Connectors\\ConnectionFactory.php(184): Illuminate\\Database\\Connectors\\MySqlConnector->connect(Array)
#4 [internal function]: Illuminate\\Database\\Connectors\\ConnectionFactory->{closure:Illuminate\\Database\\Connectors\\ConnectionFactory::createPdoResolverWithHosts():179}()
#5 C:\\wamp64\\www\\maasin_live_act\\vendor\\laravel\\framework\\src\\Illuminate\\Database\\Connection.php(1339): call_user_func(Object(Closure))
#6 C:\\wamp64\\www\\maasin_live_act\\vendor\\laravel\\framework\\src\\Illuminate\\Database\\Connection.php(1375): Illuminate\\Database\\Connection->getPdo()
#7 C:\\wamp64\\www\\maasin_live_act\\vendor\\laravel\\framework\\src\\Illuminate\\Database\\Connection.php(528): Illuminate\\Database\\Connection->getReadPdo()
#8 C:\\wamp64\\www\\maasin_live_act\\vendor\\laravel\\framework\\src\\Illuminate\\Database\\Connection.php(423): Illuminate\\Database\\Connection->getPdoForSelect(true)
#9 C:\\wamp64\\www\\maasin_live_act\\vendor\\laravel\\framework\\src\\Illuminate\\Database\\Connection.php(816): Illuminate\\Database\\Connection->{closure:Illuminate\\Database\\Connection::select():414}('select * from `...', Array)
#10 C:\\wamp64\\www\\maasin_live_act\\vendor\\laravel\\framework\\src\\Illuminate\\Database\\Connection.php(783): Illuminate\\Database\\Connection->runQueryCallback('select * from `...', Array, Object(Closure))
#11 C:\\wamp64\\www\\maasin_live_act\\vendor\\laravel\\framework\\src\\Illuminate\\Database\\Connection.php(414): Illuminate\\Database\\Connection->run('select * from `...', Array, Object(Closure))
#12 C:\\wamp64\\www\\maasin_live_act\\vendor\\laravel\\framework\\src\\Illuminate\\Database\\Query\\Builder.php(2913): Illuminate\\Database\\Connection->select('select * from `...', Array, true)
#13 C:\\wamp64\\www\\maasin_live_act\\vendor\\laravel\\framework\\src\\Illuminate\\Database\\Query\\Builder.php(2902): Illuminate\\Database\\Query\\Builder->runSelect()
#14 C:\\wamp64\\www\\maasin_live_act\\vendor\\laravel\\framework\\src\\Illuminate\\Database\\Query\\Builder.php(3456): Illuminate\\Database\\Query\\Builder->{closure:Illuminate\\Database\\Query\\Builder::get():2901}()
#15 C:\\wamp64\\www\\maasin_live_act\\vendor\\laravel\\framework\\src\\Illuminate\\Database\\Query\\Builder.php(2901): Illuminate\\Database\\Query\\Builder->onceWithColumns(Array, Object(Closure))
#16 C:\\wamp64\\www\\maasin_live_act\\vendor\\laravel\\framework\\src\\Illuminate\\Database\\Concerns\\BuildsQueries.php(333): Illuminate\\Database\\Query\\Builder->get(Array)
#17 C:\\wamp64\\www\\maasin_live_act\\vendor\\laravel\\framework\\src\\Illuminate\\Database\\Query\\Builder.php(2824): Illuminate\\Database\\Query\\Builder->first(Array)
#18 C:\\wamp64\\www\\maasin_live_act\\vendor\\laravel\\framework\\src\\Illuminate\\Session\\DatabaseSessionHandler.php(97): Illuminate\\Database\\Query\\Builder->find('6UOWHjiQC8z6aDc...')
#19 C:\\wamp64\\www\\maasin_live_act\\vendor\\laravel\\framework\\src\\Illuminate\\Session\\Store.php(113): Illuminate\\Session\\DatabaseSessionHandler->read('6UOWHjiQC8z6aDc...')
#20 C:\\wamp64\\www\\maasin_live_act\\vendor\\laravel\\framework\\src\\Illuminate\\Session\\Store.php(101): Illuminate\\Session\\Store->readFromHandler()
#21 C:\\wamp64\\www\\maasin_live_act\\vendor\\laravel\\framework\\src\\Illuminate\\Session\\Store.php(85): Illuminate\\Session\\Store->loadSession()
#22 C:\\wamp64\\www\\maasin_live_act\\vendor\\laravel\\framework\\src\\Illuminate\\Session\\Middleware\\StartSession.php(147): Illuminate\\Session\\Store->start()
#23 C:\\wamp64\\www\\maasin_live_act\\vendor\\laravel\\framework\\src\\Illuminate\\Support\\helpers.php(320): Illuminate\\Session\\Middleware\\StartSession->{closure:Illuminate\\Session\\Middleware\\StartSession::startSession():144}(Object(Illuminate\\Session\\Store))
#24 C:\\wamp64\\www\\maasin_live_act\\vendor\\laravel\\framework\\src\\Illuminate\\Session\\Middleware\\StartSession.php(144): tap(Object(Illuminate\\Session\\Store), Object(Closure))
#25 C:\\wamp64\\www\\maasin_live_act\\vendor\\laravel\\framework\\src\\Illuminate\\Session\\Middleware\\StartSession.php(116): Illuminate\\Session\\Middleware\\StartSession->startSession(Object(Illuminate\\Http\\Request), Object(Illuminate\\Session\\Store))
#26 C:\\wamp64\\www\\maasin_live_act\\vendor\\laravel\\framework\\src\\Illuminate\\Session\\Middleware\\StartSession.php(64): Illuminate\\Session\\Middleware\\StartSession->handleStatefulRequest(Object(Illuminate\\Http\\Request), Object(Illuminate\\Session\\Store), Object(Closure))
#27 C:\\wamp64\\www\\maasin_live_act\\vendor\\laravel\\framework\\src\\Illuminate\\Pipeline\\Pipeline.php(183): Illuminate\\Session\\Middleware\\StartSession->handle(Object(Illuminate\\Http\\Request), Object(Closure))
#28 C:\\wamp64\\www\\maasin_live_act\\vendor\\laravel\\framework\\src\\Illuminate\\Cookie\\Middleware\\AddQueuedCookiesToResponse.php(37): Illuminate\\Pipeline\\Pipeline->{closure:{closure:Illuminate\\Pipeline\\Pipeline::carry():158}:159}(Object(Illuminate\\Http\\Request))
#29 C:\\wamp64\\www\\maasin_live_act\\vendor\\laravel\\framework\\src\\Illuminate\\Pipeline\\Pipeline.php(183): Illuminate\\Cookie\\Middleware\\AddQueuedCookiesToResponse->handle(Object(Illuminate\\Http\\Request), Object(Closure))
#30 C:\\wamp64\\www\\maasin_live_act\\vendor\\laravel\\framework\\src\\Illuminate\\Cookie\\Middleware\\EncryptCookies.php(67): Illuminate\\Pipeline\\Pipeline->{closure:{closure:Illuminate\\Pipeline\\Pipeline::carry():158}:159}(Object(Illuminate\\Http\\Request))
#31 C:\\wamp64\\www\\maasin_live_act\\vendor\\laravel\\framework\\src\\Illuminate\\Pipeline\\Pipeline.php(183): Illuminate\\Cookie\\Middleware\\EncryptCookies->handle(Object(Illuminate\\Http\\Request), Object(Closure))
#32 C:\\wamp64\\www\\maasin_live_act\\vendor\\laravel\\framework\\src\\Illuminate\\Pipeline\\Pipeline.php(119): Illuminate\\Pipeline\\Pipeline->{closure:{closure:Illuminate\\Pipeline\\Pipeline::carry():158}:159}(Object(Illuminate\\Http\\Request))
#33 C:\\wamp64\\www\\maasin_live_act\\vendor\\laravel\\framework\\src\\Illuminate\\Routing\\Router.php(805): Illuminate\\Pipeline\\Pipeline->then(Object(Closure))
#34 C:\\wamp64\\www\\maasin_live_act\\vendor\\laravel\\framework\\src\\Illuminate\\Routing\\Router.php(784): Illuminate\\Routing\\Router->runRouteWithinStack(Object(Illuminate\\Routing\\Route), Object(Illuminate\\Http\\Request))
#35 C:\\wamp64\\www\\maasin_live_act\\vendor\\laravel\\framework\\src\\Illuminate\\Routing\\Router.php(748): Illuminate\\Routing\\Router->runRoute(Object(Illuminate\\Http\\Request), Object(Illuminate\\Routing\\Route))
#36 C:\\wamp64\\www\\maasin_live_act\\vendor\\laravel\\framework\\src\\Illuminate\\Routing\\Router.php(737): Illuminate\\Routing\\Router->dispatchToRoute(Object(Illuminate\\Http\\Request))
#37 C:\\wamp64\\www\\maasin_live_act\\vendor\\laravel\\framework\\src\\Illuminate\\Foundation\\Http\\Kernel.php(200): Illuminate\\Routing\\Router->dispatch(Object(Illuminate\\Http\\Request))
#38 C:\\wamp64\\www\\maasin_live_act\\vendor\\laravel\\framework\\src\\Illuminate\\Pipeline\\Pipeline.php(144): Illuminate\\Foundation\\Http\\Kernel->{closure:Illuminate\\Foundation\\Http\\Kernel::dispatchToRouter():197}(Object(Illuminate\\Http\\Request))
#39 C:\\wamp64\\www\\maasin_live_act\\vendor\\laravel\\framework\\src\\Illuminate\\Foundation\\Http\\Middleware\\TransformsRequest.php(21): Illuminate\\Pipeline\\Pipeline->{closure:Illuminate\\Pipeline\\Pipeline::prepareDestination():142}(Object(Illuminate\\Http\\Request))
#40 C:\\wamp64\\www\\maasin_live_act\\vendor\\laravel\\framework\\src\\Illuminate\\Foundation\\Http\\Middleware\\ConvertEmptyStringsToNull.php(31): Illuminate\\Foundation\\Http\\Middleware\\TransformsRequest->handle(Object(Illuminate\\Http\\Request), Object(Closure))
#41 C:\\wamp64\\www\\maasin_live_act\\vendor\\laravel\\framework\\src\\Illuminate\\Pipeline\\Pipeline.php(183): Illuminate\\Foundation\\Http\\Middleware\\ConvertEmptyStringsToNull->handle(Object(Illuminate\\Http\\Request), Object(Closure))
#42 C:\\wamp64\\www\\maasin_live_act\\vendor\\laravel\\framework\\src\\Illuminate\\Foundation\\Http\\Middleware\\TransformsRequest.php(21): Illuminate\\Pipeline\\Pipeline->{closure:{closure:Illuminate\\Pipeline\\Pipeline::carry():158}:159}(Object(Illuminate\\Http\\Request))
#43 C:\\wamp64\\www\\maasin_live_act\\vendor\\laravel\\framework\\src\\Illuminate\\Foundation\\Http\\Middleware\\TrimStrings.php(40): Illuminate\\Foundation\\Http\\Middleware\\TransformsRequest->handle(Object(Illuminate\\Http\\Request), Object(Closure))
#44 C:\\wamp64\\www\\maasin_live_act\\vendor\\laravel\\framework\\src\\Illuminate\\Pipeline\\Pipeline.php(183): Illuminate\\Foundation\\Http\\Middleware\\TrimStrings->handle(Object(Illuminate\\Http\\Request), Object(Closure))
#45 C:\\wamp64\\www\\maasin_live_act\\vendor\\laravel\\framework\\src\\Illuminate\\Foundation\\Http\\Middleware\\ValidatePostSize.php(27): Illuminate\\Pipeline\\Pipeline->{closure:{closure:Illuminate\\Pipeline\\Pipeline::carry():158}:159}(Object(Illuminate\\Http\\Request))
#46 C:\\wamp64\\www\\maasin_live_act\\vendor\\laravel\\framework\\src\\Illuminate\\Pipeline\\Pipeline.php(183): Illuminate\\Foundation\\Http\\Middleware\\ValidatePostSize->handle(Object(Illuminate\\Http\\Request), Object(Closure))
#47 C:\\wamp64\\www\\maasin_live_act\\vendor\\laravel\\framework\\src\\Illuminate\\Foundation\\Http\\Middleware\\PreventRequestsDuringMaintenance.php(99): Illuminate\\Pipeline\\Pipeline->{closure:{closure:Illuminate\\Pipeline\\Pipeline::carry():158}:159}(Object(Illuminate\\Http\\Request))
#48 C:\\wamp64\\www\\maasin_live_act\\vendor\\laravel\\framework\\src\\Illuminate\\Pipeline\\Pipeline.php(183): Illuminate\\Foundation\\Http\\Middleware\\PreventRequestsDuringMaintenance->handle(Object(Illuminate\\Http\\Request), Object(Closure))
#49 C:\\wamp64\\www\\maasin_live_act\\vendor\\laravel\\framework\\src\\Illuminate\\Http\\Middleware\\TrustProxies.php(39): Illuminate\\Pipeline\\Pipeline->{closure:{closure:Illuminate\\Pipeline\\Pipeline::carry():158}:159}(Object(Illuminate\\Http\\Request))
#50 C:\\wamp64\\www\\maasin_live_act\\vendor\\laravel\\framework\\src\\Illuminate\\Pipeline\\Pipeline.php(183): Illuminate\\Http\\Middleware\\TrustProxies->handle(Object(Illuminate\\Http\\Request), Object(Closure))
#51 C:\\wamp64\\www\\maasin_live_act\\vendor\\laravel\\framework\\src\\Illuminate\\Pipeline\\Pipeline.php(119): Illuminate\\Pipeline\\Pipeline->{closure:{closure:Illuminate\\Pipeline\\Pipeline::carry():158}:159}(Object(Illuminate\\Http\\Request))
#52 C:\\wamp64\\www\\maasin_live_act\\vendor\\laravel\\framework\\src\\Illuminate\\Foundation\\Http\\Kernel.php(175): Illuminate\\Pipeline\\Pipeline->then(Object(Closure))
#53 C:\\wamp64\\www\\maasin_live_act\\vendor\\laravel\\framework\\src\\Illuminate\\Foundation\\Http\\Kernel.php(144): Illuminate\\Foundation\\Http\\Kernel->sendRequestThroughRouter(Object(Illuminate\\Http\\Request))
#54 C:\\wamp64\\www\\maasin_live_act\\public\\index.php(54): Illuminate\\Foundation\\Http\\Kernel->handle(Object(Illuminate\\Http\\Request))
#55 {main}
"} 
[2025-12-09 06:25:03] local.ERROR: SQLSTATE[HY000] [1045] Access denied for user 'root'@'localhost' (using password: NO) (Connection: mysql, SQL: select * from `sessions` where `id` = jf5bXEuewVc2KfDcdA9WTuSXkI6PUlbp303Uoi6r limit 1) {"exception":"[object] (Illuminate\\Database\\QueryException(code: 1045): SQLSTATE[HY000] [1045] Access denied for user 'root'@'localhost' (using password: NO) (Connection: mysql, SQL: select * from `sessions` where `id` = jf5bXEuewVc2KfDcdA9WTuSXkI6PUlbp303Uoi6r limit 1) at C:\\wamp64\\www\\maasin_live_act\\vendor\\laravel\\framework\\src\\Illuminate\\Database\\Connection.php:829)
[stacktrace]
#0 C:\\wamp64\\www\\maasin_live_act\\vendor\\laravel\\framework\\src\\Illuminate\\Database\\Connection.php(783): Illuminate\\Database\\Connection->runQueryCallback('select * from `...', Array, Object(Closure))
#1 C:\\wamp64\\www\\maasin_live_act\\vendor\\laravel\\framework\\src\\Illuminate\\Database\\Connection.php(414): Illuminate\\Database\\Connection->run('select * from `...', Array, Object(Closure))
#2 C:\\wamp64\\www\\maasin_live_act\\vendor\\laravel\\framework\\src\\Illuminate\\Database\\Query\\Builder.php(2913): Illuminate\\Database\\Connection->select('select * from `...', Array, true)
#3 C:\\wamp64\\www\\maasin_live_act\\vendor\\laravel\\framework\\src\\Illuminate\\Database\\Query\\Builder.php(2902): Illuminate\\Database\\Query\\Builder->runSelect()
#4 C:\\wamp64\\www\\maasin_live_act\\vendor\\laravel\\framework\\src\\Illuminate\\Database\\Query\\Builder.php(3456): Illuminate\\Database\\Query\\Builder->{closure:Illuminate\\Database\\Query\\Builder::get():2901}()
#5 C:\\wamp64\\www\\maasin_live_act\\vendor\\laravel\\framework\\src\\Illuminate\\Database\\Query\\Builder.php(2901): Illuminate\\Database\\Query\\Builder->onceWithColumns(Array, Object(Closure))
#6 C:\\wamp64\\www\\maasin_live_act\\vendor\\laravel\\framework\\src\\Illuminate\\Database\\Concerns\\BuildsQueries.php(333): Illuminate\\Database\\Query\\Builder->get(Array)
#7 C:\\wamp64\\www\\maasin_live_act\\vendor\\laravel\\framework\\src\\Illuminate\\Database\\Query\\Builder.php(2824): Illuminate\\Database\\Query\\Builder->first(Array)
#8 C:\\wamp64\\www\\maasin_live_act\\vendor\\laravel\\framework\\src\\Illuminate\\Session\\DatabaseSessionHandler.php(97): Illuminate\\Database\\Query\\Builder->find('jf5bXEuewVc2KfD...')
#9 C:\\wamp64\\www\\maasin_live_act\\vendor\\laravel\\framework\\src\\Illuminate\\Session\\Store.php(113): Illuminate\\Session\\DatabaseSessionHandler->read('jf5bXEuewVc2KfD...')
#10 C:\\wamp64\\www\\maasin_live_act\\vendor\\laravel\\framework\\src\\Illuminate\\Session\\Store.php(101): Illuminate\\Session\\Store->readFromHandler()
#11 C:\\wamp64\\www\\maasin_live_act\\vendor\\laravel\\framework\\src\\Illuminate\\Session\\Store.php(85): Illuminate\\Session\\Store->loadSession()
#12 C:\\wamp64\\www\\maasin_live_act\\vendor\\laravel\\framework\\src\\Illuminate\\Session\\Middleware\\StartSession.php(147): Illuminate\\Session\\Store->start()
#13 C:\\wamp64\\www\\maasin_live_act\\vendor\\laravel\\framework\\src\\Illuminate\\Support\\helpers.php(320): Illuminate\\Session\\Middleware\\StartSession->{closure:Illuminate\\Session\\Middleware\\StartSession::startSession():144}(Object(Illuminate\\Session\\Store))
#14 C:\\wamp64\\www\\maasin_live_act\\vendor\\laravel\\framework\\src\\Illuminate\\Session\\Middleware\\StartSession.php(144): tap(Object(Illuminate\\Session\\Store), Object(Closure))
#15 C:\\wamp64\\www\\maasin_live_act\\vendor\\laravel\\framework\\src\\Illuminate\\Session\\Middleware\\StartSession.php(116): Illuminate\\Session\\Middleware\\StartSession->startSession(Object(Illuminate\\Http\\Request), Object(Illuminate\\Session\\Store))
#16 C:\\wamp64\\www\\maasin_live_act\\vendor\\laravel\\framework\\src\\Illuminate\\Session\\Middleware\\StartSession.php(64): Illuminate\\Session\\Middleware\\StartSession->handleStatefulRequest(Object(Illuminate\\Http\\Request), Object(Illuminate\\Session\\Store), Object(Closure))
#17 C:\\wamp64\\www\\maasin_live_act\\vendor\\laravel\\framework\\src\\Illuminate\\Pipeline\\Pipeline.php(183): Illuminate\\Session\\Middleware\\StartSession->handle(Object(Illuminate\\Http\\Request), Object(Closure))
#18 C:\\wamp64\\www\\maasin_live_act\\vendor\\laravel\\framework\\src\\Illuminate\\Cookie\\Middleware\\AddQueuedCookiesToResponse.php(37): Illuminate\\Pipeline\\Pipeline->{closure:{closure:Illuminate\\Pipeline\\Pipeline::carry():158}:159}(Object(Illuminate\\Http\\Request))
#19 C:\\wamp64\\www\\maasin_live_act\\vendor\\laravel\\framework\\src\\Illuminate\\Pipeline\\Pipeline.php(183): Illuminate\\Cookie\\Middleware\\AddQueuedCookiesToResponse->handle(Object(Illuminate\\Http\\Request), Object(Closure))
#20 C:\\wamp64\\www\\maasin_live_act\\vendor\\laravel\\framework\\src\\Illuminate\\Cookie\\Middleware\\EncryptCookies.php(67): Illuminate\\Pipeline\\Pipeline->{closure:{closure:Illuminate\\Pipeline\\Pipeline::carry():158}:159}(Object(Illuminate\\Http\\Request))
#21 C:\\wamp64\\www\\maasin_live_act\\vendor\\laravel\\framework\\src\\Illuminate\\Pipeline\\Pipeline.php(183): Illuminate\\Cookie\\Middleware\\EncryptCookies->handle(Object(Illuminate\\Http\\Request), Object(Closure))
#22 C:\\wamp64\\www\\maasin_live_act\\vendor\\laravel\\framework\\src\\Illuminate\\Pipeline\\Pipeline.php(119): Illuminate\\Pipeline\\Pipeline->{closure:{closure:Illuminate\\Pipeline\\Pipeline::carry():158}:159}(Object(Illuminate\\Http\\Request))
#23 C:\\wamp64\\www\\maasin_live_act\\vendor\\laravel\\framework\\src\\Illuminate\\Routing\\Router.php(805): Illuminate\\Pipeline\\Pipeline->then(Object(Closure))
#24 C:\\wamp64\\www\\maasin_live_act\\vendor\\laravel\\framework\\src\\Illuminate\\Routing\\Router.php(784): Illuminate\\Routing\\Router->runRouteWithinStack(Object(Illuminate\\Routing\\Route), Object(Illuminate\\Http\\Request))
#25 C:\\wamp64\\www\\maasin_live_act\\vendor\\laravel\\framework\\src\\Illuminate\\Routing\\Router.php(748): Illuminate\\Routing\\Router->runRoute(Object(Illuminate\\Http\\Request), Object(Illuminate\\Routing\\Route))
#26 C:\\wamp64\\www\\maasin_live_act\\vendor\\laravel\\framework\\src\\Illuminate\\Routing\\Router.php(737): Illuminate\\Routing\\Router->dispatchToRoute(Object(Illuminate\\Http\\Request))
#27 C:\\wamp64\\www\\maasin_live_act\\vendor\\laravel\\framework\\src\\Illuminate\\Foundation\\Http\\Kernel.php(200): Illuminate\\Routing\\Router->dispatch(Object(Illuminate\\Http\\Request))
#28 C:\\wamp64\\www\\maasin_live_act\\vendor\\laravel\\framework\\src\\Illuminate\\Pipeline\\Pipeline.php(144): Illuminate\\Foundation\\Http\\Kernel->{closure:Illuminate\\Foundation\\Http\\Kernel::dispatchToRouter():197}(Object(Illuminate\\Http\\Request))
#29 C:\\wamp64\\www\\maasin_live_act\\vendor\\laravel\\framework\\src\\Illuminate\\Foundation\\Http\\Middleware\\TransformsRequest.php(21): Illuminate\\Pipeline\\Pipeline->{closure:Illuminate\\Pipeline\\Pipeline::prepareDestination():142}(Object(Illuminate\\Http\\Request))
#30 C:\\wamp64\\www\\maasin_live_act\\vendor\\laravel\\framework\\src\\Illuminate\\Foundation\\Http\\Middleware\\ConvertEmptyStringsToNull.php(31): Illuminate\\Foundation\\Http\\Middleware\\TransformsRequest->handle(Object(Illuminate\\Http\\Request), Object(Closure))
#31 C:\\wamp64\\www\\maasin_live_act\\vendor\\laravel\\framework\\src\\Illuminate\\Pipeline\\Pipeline.php(183): Illuminate\\Foundation\\Http\\Middleware\\ConvertEmptyStringsToNull->handle(Object(Illuminate\\Http\\Request), Object(Closure))
#32 C:\\wamp64\\www\\maasin_live_act\\vendor\\laravel\\framework\\src\\Illuminate\\Foundation\\Http\\Middleware\\TransformsRequest.php(21): Illuminate\\Pipeline\\Pipeline->{closure:{closure:Illuminate\\Pipeline\\Pipeline::carry():158}:159}(Object(Illuminate\\Http\\Request))
#33 C:\\wamp64\\www\\maasin_live_act\\vendor\\laravel\\framework\\src\\Illuminate\\Foundation\\Http\\Middleware\\TrimStrings.php(40): Illuminate\\Foundation\\Http\\Middleware\\TransformsRequest->handle(Object(Illuminate\\Http\\Request), Object(Closure))
#34 C:\\wamp64\\www\\maasin_live_act\\vendor\\laravel\\framework\\src\\Illuminate\\Pipeline\\Pipeline.php(183): Illuminate\\Foundation\\Http\\Middleware\\TrimStrings->handle(Object(Illuminate\\Http\\Request), Object(Closure))
#35 C:\\wamp64\\www\\maasin_live_act\\vendor\\laravel\\framework\\src\\Illuminate\\Foundation\\Http\\Middleware\\ValidatePostSize.php(27): Illuminate\\Pipeline\\Pipeline->{closure:{closure:Illuminate\\Pipeline\\Pipeline::carry():158}:159}(Object(Illuminate\\Http\\Request))
#36 C:\\wamp64\\www\\maasin_live_act\\vendor\\laravel\\framework\\src\\Illuminate\\Pipeline\\Pipeline.php(183): Illuminate\\Foundation\\Http\\Middleware\\ValidatePostSize->handle(Object(Illuminate\\Http\\Request), Object(Closure))
#37 C:\\wamp64\\www\\maasin_live_act\\vendor\\laravel\\framework\\src\\Illuminate\\Foundation\\Http\\Middleware\\PreventRequestsDuringMaintenance.php(99): Illuminate\\Pipeline\\Pipeline->{closure:{closure:Illuminate\\Pipeline\\Pipeline::carry():158}:159}(Object(Illuminate\\Http\\Request))
#38 C:\\wamp64\\www\\maasin_live_act\\vendor\\laravel\\framework\\src\\Illuminate\\Pipeline\\Pipeline.php(183): Illuminate\\Foundation\\Http\\Middleware\\PreventRequestsDuringMaintenance->handle(Object(Illuminate\\Http\\Request), Object(Closure))
#39 C:\\wamp64\\www\\maasin_live_act\\vendor\\laravel\\framework\\src\\Illuminate\\Http\\Middleware\\TrustProxies.php(39): Illuminate\\Pipeline\\Pipeline->{closure:{closure:Illuminate\\Pipeline\\Pipeline::carry():158}:159}(Object(Illuminate\\Http\\Request))
#40 C:\\wamp64\\www\\maasin_live_act\\vendor\\laravel\\framework\\src\\Illuminate\\Pipeline\\Pipeline.php(183): Illuminate\\Http\\Middleware\\TrustProxies->handle(Object(Illuminate\\Http\\Request), Object(Closure))
#41 C:\\wamp64\\www\\maasin_live_act\\vendor\\laravel\\framework\\src\\Illuminate\\Pipeline\\Pipeline.php(119): Illuminate\\Pipeline\\Pipeline->{closure:{closure:Illuminate\\Pipeline\\Pipeline::carry():158}:159}(Object(Illuminate\\Http\\Request))
#42 C:\\wamp64\\www\\maasin_live_act\\vendor\\laravel\\framework\\src\\Illuminate\\Foundation\\Http\\Kernel.php(175): Illuminate\\Pipeline\\Pipeline->then(Object(Closure))
#43 C:\\wamp64\\www\\maasin_live_act\\vendor\\laravel\\framework\\src\\Illuminate\\Foundation\\Http\\Kernel.php(144): Illuminate\\Foundation\\Http\\Kernel->sendRequestThroughRouter(Object(Illuminate\\Http\\Request))
#44 C:\\wamp64\\www\\maasin_live_act\\public\\index.php(54): Illuminate\\Foundation\\Http\\Kernel->handle(Object(Illuminate\\Http\\Request))
#45 {main}

[previous exception] [object] (PDOException(code: 1045): SQLSTATE[HY000] [1045] Access denied for user 'root'@'localhost' (using password: NO) at C:\\wamp64\\www\\maasin_live_act\\vendor\\laravel\\framework\\src\\Illuminate\\Database\\Connectors\\Connector.php:65)
[stacktrace]
#0 C:\\wamp64\\www\\maasin_live_act\\vendor\\laravel\\framework\\src\\Illuminate\\Database\\Connectors\\Connector.php(65): PDO->__construct('mysql:host=loca...', 'root', Object(SensitiveParameterValue), Array)
#1 C:\\wamp64\\www\\maasin_live_act\\vendor\\laravel\\framework\\src\\Illuminate\\Database\\Connectors\\Connector.php(44): Illuminate\\Database\\Connectors\\Connector->createPdoConnection('mysql:host=loca...', 'root', '', Array)
#2 C:\\wamp64\\www\\maasin_live_act\\vendor\\laravel\\framework\\src\\Illuminate\\Database\\Connectors\\MySqlConnector.php(24): Illuminate\\Database\\Connectors\\Connector->createConnection('mysql:host=loca...', Array, Array)
#3 C:\\wamp64\\www\\maasin_live_act\\vendor\\laravel\\framework\\src\\Illuminate\\Database\\Connectors\\ConnectionFactory.php(184): Illuminate\\Database\\Connectors\\MySqlConnector->connect(Array)
#4 [internal function]: Illuminate\\Database\\Connectors\\ConnectionFactory->{closure:Illuminate\\Database\\Connectors\\ConnectionFactory::createPdoResolverWithHosts():179}()
#5 C:\\wamp64\\www\\maasin_live_act\\vendor\\laravel\\framework\\src\\Illuminate\\Database\\Connection.php(1339): call_user_func(Object(Closure))
#6 C:\\wamp64\\www\\maasin_live_act\\vendor\\laravel\\framework\\src\\Illuminate\\Database\\Connection.php(1375): Illuminate\\Database\\Connection->getPdo()
#7 C:\\wamp64\\www\\maasin_live_act\\vendor\\laravel\\framework\\src\\Illuminate\\Database\\Connection.php(528): Illuminate\\Database\\Connection->getReadPdo()
#8 C:\\wamp64\\www\\maasin_live_act\\vendor\\laravel\\framework\\src\\Illuminate\\Database\\Connection.php(423): Illuminate\\Database\\Connection->getPdoForSelect(true)
#9 C:\\wamp64\\www\\maasin_live_act\\vendor\\laravel\\framework\\src\\Illuminate\\Database\\Connection.php(816): Illuminate\\Database\\Connection->{closure:Illuminate\\Database\\Connection::select():414}('select * from `...', Array)
#10 C:\\wamp64\\www\\maasin_live_act\\vendor\\laravel\\framework\\src\\Illuminate\\Database\\Connection.php(783): Illuminate\\Database\\Connection->runQueryCallback('select * from `...', Array, Object(Closure))
#11 C:\\wamp64\\www\\maasin_live_act\\vendor\\laravel\\framework\\src\\Illuminate\\Database\\Connection.php(414): Illuminate\\Database\\Connection->run('select * from `...', Array, Object(Closure))
#12 C:\\wamp64\\www\\maasin_live_act\\vendor\\laravel\\framework\\src\\Illuminate\\Database\\Query\\Builder.php(2913): Illuminate\\Database\\Connection->select('select * from `...', Array, true)
#13 C:\\wamp64\\www\\maasin_live_act\\vendor\\laravel\\framework\\src\\Illuminate\\Database\\Query\\Builder.php(2902): Illuminate\\Database\\Query\\Builder->runSelect()
#14 C:\\wamp64\\www\\maasin_live_act\\vendor\\laravel\\framework\\src\\Illuminate\\Database\\Query\\Builder.php(3456): Illuminate\\Database\\Query\\Builder->{closure:Illuminate\\Database\\Query\\Builder::get():2901}()
#15 C:\\wamp64\\www\\maasin_live_act\\vendor\\laravel\\framework\\src\\Illuminate\\Database\\Query\\Builder.php(2901): Illuminate\\Database\\Query\\Builder->onceWithColumns(Array, Object(Closure))
#16 C:\\wamp64\\www\\maasin_live_act\\vendor\\laravel\\framework\\src\\Illuminate\\Database\\Concerns\\BuildsQueries.php(333): Illuminate\\Database\\Query\\Builder->get(Array)
#17 C:\\wamp64\\www\\maasin_live_act\\vendor\\laravel\\framework\\src\\Illuminate\\Database\\Query\\Builder.php(2824): Illuminate\\Database\\Query\\Builder->first(Array)
#18 C:\\wamp64\\www\\maasin_live_act\\vendor\\laravel\\framework\\src\\Illuminate\\Session\\DatabaseSessionHandler.php(97): Illuminate\\Database\\Query\\Builder->find('jf5bXEuewVc2KfD...')
#19 C:\\wamp64\\www\\maasin_live_act\\vendor\\laravel\\framework\\src\\Illuminate\\Session\\Store.php(113): Illuminate\\Session\\DatabaseSessionHandler->read('jf5bXEuewVc2KfD...')
#20 C:\\wamp64\\www\\maasin_live_act\\vendor\\laravel\\framework\\src\\Illuminate\\Session\\Store.php(101): Illuminate\\Session\\Store->readFromHandler()
#21 C:\\wamp64\\www\\maasin_live_act\\vendor\\laravel\\framework\\src\\Illuminate\\Session\\Store.php(85): Illuminate\\Session\\Store->loadSession()
#22 C:\\wamp64\\www\\maasin_live_act\\vendor\\laravel\\framework\\src\\Illuminate\\Session\\Middleware\\StartSession.php(147): Illuminate\\Session\\Store->start()
#23 C:\\wamp64\\www\\maasin_live_act\\vendor\\laravel\\framework\\src\\Illuminate\\Support\\helpers.php(320): Illuminate\\Session\\Middleware\\StartSession->{closure:Illuminate\\Session\\Middleware\\StartSession::startSession():144}(Object(Illuminate\\Session\\Store))
#24 C:\\wamp64\\www\\maasin_live_act\\vendor\\laravel\\framework\\src\\Illuminate\\Session\\Middleware\\StartSession.php(144): tap(Object(Illuminate\\Session\\Store), Object(Closure))
#25 C:\\wamp64\\www\\maasin_live_act\\vendor\\laravel\\framework\\src\\Illuminate\\Session\\Middleware\\StartSession.php(116): Illuminate\\Session\\Middleware\\StartSession->startSession(Object(Illuminate\\Http\\Request), Object(Illuminate\\Session\\Store))
#26 C:\\wamp64\\www\\maasin_live_act\\vendor\\laravel\\framework\\src\\Illuminate\\Session\\Middleware\\StartSession.php(64): Illuminate\\Session\\Middleware\\StartSession->handleStatefulRequest(Object(Illuminate\\Http\\Request), Object(Illuminate\\Session\\Store), Object(Closure))
#27 C:\\wamp64\\www\\maasin_live_act\\vendor\\laravel\\framework\\src\\Illuminate\\Pipeline\\Pipeline.php(183): Illuminate\\Session\\Middleware\\StartSession->handle(Object(Illuminate\\Http\\Request), Object(Closure))
#28 C:\\wamp64\\www\\maasin_live_act\\vendor\\laravel\\framework\\src\\Illuminate\\Cookie\\Middleware\\AddQueuedCookiesToResponse.php(37): Illuminate\\Pipeline\\Pipeline->{closure:{closure:Illuminate\\Pipeline\\Pipeline::carry():158}:159}(Object(Illuminate\\Http\\Request))
#29 C:\\wamp64\\www\\maasin_live_act\\vendor\\laravel\\framework\\src\\Illuminate\\Pipeline\\Pipeline.php(183): Illuminate\\Cookie\\Middleware\\AddQueuedCookiesToResponse->handle(Object(Illuminate\\Http\\Request), Object(Closure))
#30 C:\\wamp64\\www\\maasin_live_act\\vendor\\laravel\\framework\\src\\Illuminate\\Cookie\\Middleware\\EncryptCookies.php(67): Illuminate\\Pipeline\\Pipeline->{closure:{closure:Illuminate\\Pipeline\\Pipeline::carry():158}:159}(Object(Illuminate\\Http\\Request))
#31 C:\\wamp64\\www\\maasin_live_act\\vendor\\laravel\\framework\\src\\Illuminate\\Pipeline\\Pipeline.php(183): Illuminate\\Cookie\\Middleware\\EncryptCookies->handle(Object(Illuminate\\Http\\Request), Object(Closure))
#32 C:\\wamp64\\www\\maasin_live_act\\vendor\\laravel\\framework\\src\\Illuminate\\Pipeline\\Pipeline.php(119): Illuminate\\Pipeline\\Pipeline->{closure:{closure:Illuminate\\Pipeline\\Pipeline::carry():158}:159}(Object(Illuminate\\Http\\Request))
#33 C:\\wamp64\\www\\maasin_live_act\\vendor\\laravel\\framework\\src\\Illuminate\\Routing\\Router.php(805): Illuminate\\Pipeline\\Pipeline->then(Object(Closure))
#34 C:\\wamp64\\www\\maasin_live_act\\vendor\\laravel\\framework\\src\\Illuminate\\Routing\\Router.php(784): Illuminate\\Routing\\Router->runRouteWithinStack(Object(Illuminate\\Routing\\Route), Object(Illuminate\\Http\\Request))
#35 C:\\wamp64\\www\\maasin_live_act\\vendor\\laravel\\framework\\src\\Illuminate\\Routing\\Router.php(748): Illuminate\\Routing\\Router->runRoute(Object(Illuminate\\Http\\Request), Object(Illuminate\\Routing\\Route))
#36 C:\\wamp64\\www\\maasin_live_act\\vendor\\laravel\\framework\\src\\Illuminate\\Routing\\Router.php(737): Illuminate\\Routing\\Router->dispatchToRoute(Object(Illuminate\\Http\\Request))
#37 C:\\wamp64\\www\\maasin_live_act\\vendor\\laravel\\framework\\src\\Illuminate\\Foundation\\Http\\Kernel.php(200): Illuminate\\Routing\\Router->dispatch(Object(Illuminate\\Http\\Request))
#38 C:\\wamp64\\www\\maasin_live_act\\vendor\\laravel\\framework\\src\\Illuminate\\Pipeline\\Pipeline.php(144): Illuminate\\Foundation\\Http\\Kernel->{closure:Illuminate\\Foundation\\Http\\Kernel::dispatchToRouter():197}(Object(Illuminate\\Http\\Request))
#39 C:\\wamp64\\www\\maasin_live_act\\vendor\\laravel\\framework\\src\\Illuminate\\Foundation\\Http\\Middleware\\TransformsRequest.php(21): Illuminate\\Pipeline\\Pipeline->{closure:Illuminate\\Pipeline\\Pipeline::prepareDestination():142}(Object(Illuminate\\Http\\Request))
#40 C:\\wamp64\\www\\maasin_live_act\\vendor\\laravel\\framework\\src\\Illuminate\\Foundation\\Http\\Middleware\\ConvertEmptyStringsToNull.php(31): Illuminate\\Foundation\\Http\\Middleware\\TransformsRequest->handle(Object(Illuminate\\Http\\Request), Object(Closure))
#41 C:\\wamp64\\www\\maasin_live_act\\vendor\\laravel\\framework\\src\\Illuminate\\Pipeline\\Pipeline.php(183): Illuminate\\Foundation\\Http\\Middleware\\ConvertEmptyStringsToNull->handle(Object(Illuminate\\Http\\Request), Object(Closure))
#42 C:\\wamp64\\www\\maasin_live_act\\vendor\\laravel\\framework\\src\\Illuminate\\Foundation\\Http\\Middleware\\TransformsRequest.php(21): Illuminate\\Pipeline\\Pipeline->{closure:{closure:Illuminate\\Pipeline\\Pipeline::carry():158}:159}(Object(Illuminate\\Http\\Request))
#43 C:\\wamp64\\www\\maasin_live_act\\vendor\\laravel\\framework\\src\\Illuminate\\Foundation\\Http\\Middleware\\TrimStrings.php(40): Illuminate\\Foundation\\Http\\Middleware\\TransformsRequest->handle(Object(Illuminate\\Http\\Request), Object(Closure))
#44 C:\\wamp64\\www\\maasin_live_act\\vendor\\laravel\\framework\\src\\Illuminate\\Pipeline\\Pipeline.php(183): Illuminate\\Foundation\\Http\\Middleware\\TrimStrings->handle(Object(Illuminate\\Http\\Request), Object(Closure))
#45 C:\\wamp64\\www\\maasin_live_act\\vendor\\laravel\\framework\\src\\Illuminate\\Foundation\\Http\\Middleware\\ValidatePostSize.php(27): Illuminate\\Pipeline\\Pipeline->{closure:{closure:Illuminate\\Pipeline\\Pipeline::carry():158}:159}(Object(Illuminate\\Http\\Request))
#46 C:\\wamp64\\www\\maasin_live_act\\vendor\\laravel\\framework\\src\\Illuminate\\Pipeline\\Pipeline.php(183): Illuminate\\Foundation\\Http\\Middleware\\ValidatePostSize->handle(Object(Illuminate\\Http\\Request), Object(Closure))
#47 C:\\wamp64\\www\\maasin_live_act\\vendor\\laravel\\framework\\src\\Illuminate\\Foundation\\Http\\Middleware\\PreventRequestsDuringMaintenance.php(99): Illuminate\\Pipeline\\Pipeline->{closure:{closure:Illuminate\\Pipeline\\Pipeline::carry():158}:159}(Object(Illuminate\\Http\\Request))
#48 C:\\wamp64\\www\\maasin_live_act\\vendor\\laravel\\framework\\src\\Illuminate\\Pipeline\\Pipeline.php(183): Illuminate\\Foundation\\Http\\Middleware\\PreventRequestsDuringMaintenance->handle(Object(Illuminate\\Http\\Request), Object(Closure))
#49 C:\\wamp64\\www\\maasin_live_act\\vendor\\laravel\\framework\\src\\Illuminate\\Http\\Middleware\\TrustProxies.php(39): Illuminate\\Pipeline\\Pipeline->{closure:{closure:Illuminate\\Pipeline\\Pipeline::carry():158}:159}(Object(Illuminate\\Http\\Request))
#50 C:\\wamp64\\www\\maasin_live_act\\vendor\\laravel\\framework\\src\\Illuminate\\Pipeline\\Pipeline.php(183): Illuminate\\Http\\Middleware\\TrustProxies->handle(Object(Illuminate\\Http\\Request), Object(Closure))
#51 C:\\wamp64\\www\\maasin_live_act\\vendor\\laravel\\framework\\src\\Illuminate\\Pipeline\\Pipeline.php(119): Illuminate\\Pipeline\\Pipeline->{closure:{closure:Illuminate\\Pipeline\\Pipeline::carry():158}:159}(Object(Illuminate\\Http\\Request))
#52 C:\\wamp64\\www\\maasin_live_act\\vendor\\laravel\\framework\\src\\Illuminate\\Foundation\\Http\\Kernel.php(175): Illuminate\\Pipeline\\Pipeline->then(Object(Closure))
#53 C:\\wamp64\\www\\maasin_live_act\\vendor\\laravel\\framework\\src\\Illuminate\\Foundation\\Http\\Kernel.php(144): Illuminate\\Foundation\\Http\\Kernel->sendRequestThroughRouter(Object(Illuminate\\Http\\Request))
#54 C:\\wamp64\\www\\maasin_live_act\\public\\index.php(54): Illuminate\\Foundation\\Http\\Kernel->handle(Object(Illuminate\\Http\\Request))
#55 {main}
"} 
[2025-12-09 06:42:28] local.ERROR: SQLSTATE[42S22]: Column not found: 1054 Unknown column 'surcharge' in 'field list' (Connection: mysql, SQL: SELECT term_code,DATE_FORMAT(due_date,'%m/%d/%Y') as date,repayment_amount as principal,interest_amount as interest,surcharge as surcharge,
                repayment_amount+interest_amount+surcharge as total,accrued
            FROM loan_table as lt
            LEFT JOIN loan on loan.id_loan = lt.id_loan
            WHERE lt.id_loan = 3064
            ORDER BY due_date;) {"exception":"[object] (Illuminate\\Database\\QueryException(code: 42S22): SQLSTATE[42S22]: Column not found: 1054 Unknown column 'surcharge' in 'field list' (Connection: mysql, SQL: SELECT term_code,DATE_FORMAT(due_date,'%m/%d/%Y') as date,repayment_amount as principal,interest_amount as interest,surcharge as surcharge,
                repayment_amount+interest_amount+surcharge as total,accrued
            FROM loan_table as lt
            LEFT JOIN loan on loan.id_loan = lt.id_loan
            WHERE lt.id_loan = 3064
            ORDER BY due_date;) at C:\\wamp64\\www\\maasin_live_act\\vendor\\laravel\\framework\\src\\Illuminate\\Database\\Connection.php:829)
[stacktrace]
#0 C:\\wamp64\\www\\maasin_live_act\\vendor\\laravel\\framework\\src\\Illuminate\\Database\\Connection.php(783): Illuminate\\Database\\Connection->runQueryCallback('SELECT term_cod...', Array, Object(Closure))
#1 C:\\wamp64\\www\\maasin_live_act\\vendor\\laravel\\framework\\src\\Illuminate\\Database\\Connection.php(414): Illuminate\\Database\\Connection->run('SELECT term_cod...', Array, Object(Closure))
#2 C:\\wamp64\\www\\maasin_live_act\\vendor\\laravel\\framework\\src\\Illuminate\\Database\\DatabaseManager.php(509): Illuminate\\Database\\Connection->select('SELECT term_cod...', Array)
#3 C:\\wamp64\\www\\maasin_live_act\\vendor\\laravel\\framework\\src\\Illuminate\\Support\\Facades\\Facade.php(355): Illuminate\\Database\\DatabaseManager->__call('select', Array)
#4 C:\\wamp64\\www\\maasin_live_act\\app\\Loan.php(691): Illuminate\\Support\\Facades\\Facade::__callStatic('select', Array)
#5 C:\\wamp64\\www\\maasin_live_act\\app\\Http\\Controllers\\LoanApprovalController.php(263): App\\Loan::LoanDetails(3064)
#6 C:\\wamp64\\www\\maasin_live_act\\vendor\\laravel\\framework\\src\\Illuminate\\Routing\\Controller.php(54): App\\Http\\Controllers\\LoanApprovalController->view_approval('131203202512095...')
#7 C:\\wamp64\\www\\maasin_live_act\\vendor\\laravel\\framework\\src\\Illuminate\\Routing\\ControllerDispatcher.php(43): Illuminate\\Routing\\Controller->callAction('view_approval', Array)
#8 C:\\wamp64\\www\\maasin_live_act\\vendor\\laravel\\framework\\src\\Illuminate\\Routing\\Route.php(259): Illuminate\\Routing\\ControllerDispatcher->dispatch(Object(Illuminate\\Routing\\Route), Object(App\\Http\\Controllers\\LoanApprovalController), 'view_approval')
#9 C:\\wamp64\\www\\maasin_live_act\\vendor\\laravel\\framework\\src\\Illuminate\\Routing\\Route.php(205): Illuminate\\Routing\\Route->runController()
#10 C:\\wamp64\\www\\maasin_live_act\\vendor\\laravel\\framework\\src\\Illuminate\\Routing\\Router.php(806): Illuminate\\Routing\\Route->run()
#11 C:\\wamp64\\www\\maasin_live_act\\vendor\\laravel\\framework\\src\\Illuminate\\Pipeline\\Pipeline.php(144): Illuminate\\Routing\\Router->{closure:Illuminate\\Routing\\Router::runRouteWithinStack():805}(Object(Illuminate\\Http\\Request))
#12 C:\\wamp64\\www\\maasin_live_act\\app\\Http\\Middleware\\SessionExpired.php(48): Illuminate\\Pipeline\\Pipeline->{closure:Illuminate\\Pipeline\\Pipeline::prepareDestination():142}(Object(Illuminate\\Http\\Request))
#13 C:\\wamp64\\www\\maasin_live_act\\vendor\\laravel\\framework\\src\\Illuminate\\Pipeline\\Pipeline.php(183): App\\Http\\Middleware\\SessionExpired->handle(Object(Illuminate\\Http\\Request), Object(Closure))
#14 C:\\wamp64\\www\\maasin_live_act\\vendor\\laravel\\framework\\src\\Illuminate\\Routing\\Middleware\\SubstituteBindings.php(50): Illuminate\\Pipeline\\Pipeline->{closure:{closure:Illuminate\\Pipeline\\Pipeline::carry():158}:159}(Object(Illuminate\\Http\\Request))
#15 C:\\wamp64\\www\\maasin_live_act\\vendor\\laravel\\framework\\src\\Illuminate\\Pipeline\\Pipeline.php(183): Illuminate\\Routing\\Middleware\\SubstituteBindings->handle(Object(Illuminate\\Http\\Request), Object(Closure))
#16 C:\\wamp64\\www\\maasin_live_act\\vendor\\laravel\\framework\\src\\Illuminate\\Foundation\\Http\\Middleware\\VerifyCsrfToken.php(78): Illuminate\\Pipeline\\Pipeline->{closure:{closure:Illuminate\\Pipeline\\Pipeline::carry():158}:159}(Object(Illuminate\\Http\\Request))
#17 C:\\wamp64\\www\\maasin_live_act\\vendor\\laravel\\framework\\src\\Illuminate\\Pipeline\\Pipeline.php(183): Illuminate\\Foundation\\Http\\Middleware\\VerifyCsrfToken->handle(Object(Illuminate\\Http\\Request), Object(Closure))
#18 C:\\wamp64\\www\\maasin_live_act\\vendor\\laravel\\framework\\src\\Illuminate\\View\\Middleware\\ShareErrorsFromSession.php(49): Illuminate\\Pipeline\\Pipeline->{closure:{closure:Illuminate\\Pipeline\\Pipeline::carry():158}:159}(Object(Illuminate\\Http\\Request))
#19 C:\\wamp64\\www\\maasin_live_act\\vendor\\laravel\\framework\\src\\Illuminate\\Pipeline\\Pipeline.php(183): Illuminate\\View\\Middleware\\ShareErrorsFromSession->handle(Object(Illuminate\\Http\\Request), Object(Closure))
#20 C:\\wamp64\\www\\maasin_live_act\\vendor\\laravel\\framework\\src\\Illuminate\\Session\\Middleware\\StartSession.php(121): Illuminate\\Pipeline\\Pipeline->{closure:{closure:Illuminate\\Pipeline\\Pipeline::carry():158}:159}(Object(Illuminate\\Http\\Request))
#21 C:\\wamp64\\www\\maasin_live_act\\vendor\\laravel\\framework\\src\\Illuminate\\Session\\Middleware\\StartSession.php(64): Illuminate\\Session\\Middleware\\StartSession->handleStatefulRequest(Object(Illuminate\\Http\\Request), Object(Illuminate\\Session\\Store), Object(Closure))
#22 C:\\wamp64\\www\\maasin_live_act\\vendor\\laravel\\framework\\src\\Illuminate\\Pipeline\\Pipeline.php(183): Illuminate\\Session\\Middleware\\StartSession->handle(Object(Illuminate\\Http\\Request), Object(Closure))
#23 C:\\wamp64\\www\\maasin_live_act\\vendor\\laravel\\framework\\src\\Illuminate\\Cookie\\Middleware\\AddQueuedCookiesToResponse.php(37): Illuminate\\Pipeline\\Pipeline->{closure:{closure:Illuminate\\Pipeline\\Pipeline::carry():158}:159}(Object(Illuminate\\Http\\Request))
#24 C:\\wamp64\\www\\maasin_live_act\\vendor\\laravel\\framework\\src\\Illuminate\\Pipeline\\Pipeline.php(183): Illuminate\\Cookie\\Middleware\\AddQueuedCookiesToResponse->handle(Object(Illuminate\\Http\\Request), Object(Closure))
#25 C:\\wamp64\\www\\maasin_live_act\\vendor\\laravel\\framework\\src\\Illuminate\\Cookie\\Middleware\\EncryptCookies.php(67): Illuminate\\Pipeline\\Pipeline->{closure:{closure:Illuminate\\Pipeline\\Pipeline::carry():158}:159}(Object(Illuminate\\Http\\Request))
#26 C:\\wamp64\\www\\maasin_live_act\\vendor\\laravel\\framework\\src\\Illuminate\\Pipeline\\Pipeline.php(183): Illuminate\\Cookie\\Middleware\\EncryptCookies->handle(Object(Illuminate\\Http\\Request), Object(Closure))
#27 C:\\wamp64\\www\\maasin_live_act\\vendor\\laravel\\framework\\src\\Illuminate\\Pipeline\\Pipeline.php(119): Illuminate\\Pipeline\\Pipeline->{closure:{closure:Illuminate\\Pipeline\\Pipeline::carry():158}:159}(Object(Illuminate\\Http\\Request))
#28 C:\\wamp64\\www\\maasin_live_act\\vendor\\laravel\\framework\\src\\Illuminate\\Routing\\Router.php(805): Illuminate\\Pipeline\\Pipeline->then(Object(Closure))
#29 C:\\wamp64\\www\\maasin_live_act\\vendor\\laravel\\framework\\src\\Illuminate\\Routing\\Router.php(784): Illuminate\\Routing\\Router->runRouteWithinStack(Object(Illuminate\\Routing\\Route), Object(Illuminate\\Http\\Request))
#30 C:\\wamp64\\www\\maasin_live_act\\vendor\\laravel\\framework\\src\\Illuminate\\Routing\\Router.php(748): Illuminate\\Routing\\Router->runRoute(Object(Illuminate\\Http\\Request), Object(Illuminate\\Routing\\Route))
#31 C:\\wamp64\\www\\maasin_live_act\\vendor\\laravel\\framework\\src\\Illuminate\\Routing\\Router.php(737): Illuminate\\Routing\\Router->dispatchToRoute(Object(Illuminate\\Http\\Request))
#32 C:\\wamp64\\www\\maasin_live_act\\vendor\\laravel\\framework\\src\\Illuminate\\Foundation\\Http\\Kernel.php(200): Illuminate\\Routing\\Router->dispatch(Object(Illuminate\\Http\\Request))
#33 C:\\wamp64\\www\\maasin_live_act\\vendor\\laravel\\framework\\src\\Illuminate\\Pipeline\\Pipeline.php(144): Illuminate\\Foundation\\Http\\Kernel->{closure:Illuminate\\Foundation\\Http\\Kernel::dispatchToRouter():197}(Object(Illuminate\\Http\\Request))
#34 C:\\wamp64\\www\\maasin_live_act\\vendor\\laravel\\framework\\src\\Illuminate\\Foundation\\Http\\Middleware\\TransformsRequest.php(21): Illuminate\\Pipeline\\Pipeline->{closure:Illuminate\\Pipeline\\Pipeline::prepareDestination():142}(Object(Illuminate\\Http\\Request))
#35 C:\\wamp64\\www\\maasin_live_act\\vendor\\laravel\\framework\\src\\Illuminate\\Foundation\\Http\\Middleware\\ConvertEmptyStringsToNull.php(31): Illuminate\\Foundation\\Http\\Middleware\\TransformsRequest->handle(Object(Illuminate\\Http\\Request), Object(Closure))
#36 C:\\wamp64\\www\\maasin_live_act\\vendor\\laravel\\framework\\src\\Illuminate\\Pipeline\\Pipeline.php(183): Illuminate\\Foundation\\Http\\Middleware\\ConvertEmptyStringsToNull->handle(Object(Illuminate\\Http\\Request), Object(Closure))
#37 C:\\wamp64\\www\\maasin_live_act\\vendor\\laravel\\framework\\src\\Illuminate\\Foundation\\Http\\Middleware\\TransformsRequest.php(21): Illuminate\\Pipeline\\Pipeline->{closure:{closure:Illuminate\\Pipeline\\Pipeline::carry():158}:159}(Object(Illuminate\\Http\\Request))
#38 C:\\wamp64\\www\\maasin_live_act\\vendor\\laravel\\framework\\src\\Illuminate\\Foundation\\Http\\Middleware\\TrimStrings.php(40): Illuminate\\Foundation\\Http\\Middleware\\TransformsRequest->handle(Object(Illuminate\\Http\\Request), Object(Closure))
#39 C:\\wamp64\\www\\maasin_live_act\\vendor\\laravel\\framework\\src\\Illuminate\\Pipeline\\Pipeline.php(183): Illuminate\\Foundation\\Http\\Middleware\\TrimStrings->handle(Object(Illuminate\\Http\\Request), Object(Closure))
#40 C:\\wamp64\\www\\maasin_live_act\\vendor\\laravel\\framework\\src\\Illuminate\\Foundation\\Http\\Middleware\\ValidatePostSize.php(27): Illuminate\\Pipeline\\Pipeline->{closure:{closure:Illuminate\\Pipeline\\Pipeline::carry():158}:159}(Object(Illuminate\\Http\\Request))
#41 C:\\wamp64\\www\\maasin_live_act\\vendor\\laravel\\framework\\src\\Illuminate\\Pipeline\\Pipeline.php(183): Illuminate\\Foundation\\Http\\Middleware\\ValidatePostSize->handle(Object(Illuminate\\Http\\Request), Object(Closure))
#42 C:\\wamp64\\www\\maasin_live_act\\vendor\\laravel\\framework\\src\\Illuminate\\Foundation\\Http\\Middleware\\PreventRequestsDuringMaintenance.php(99): Illuminate\\Pipeline\\Pipeline->{closure:{closure:Illuminate\\Pipeline\\Pipeline::carry():158}:159}(Object(Illuminate\\Http\\Request))
#43 C:\\wamp64\\www\\maasin_live_act\\vendor\\laravel\\framework\\src\\Illuminate\\Pipeline\\Pipeline.php(183): Illuminate\\Foundation\\Http\\Middleware\\PreventRequestsDuringMaintenance->handle(Object(Illuminate\\Http\\Request), Object(Closure))
#44 C:\\wamp64\\www\\maasin_live_act\\vendor\\laravel\\framework\\src\\Illuminate\\Http\\Middleware\\TrustProxies.php(39): Illuminate\\Pipeline\\Pipeline->{closure:{closure:Illuminate\\Pipeline\\Pipeline::carry():158}:159}(Object(Illuminate\\Http\\Request))
#45 C:\\wamp64\\www\\maasin_live_act\\vendor\\laravel\\framework\\src\\Illuminate\\Pipeline\\Pipeline.php(183): Illuminate\\Http\\Middleware\\TrustProxies->handle(Object(Illuminate\\Http\\Request), Object(Closure))
#46 C:\\wamp64\\www\\maasin_live_act\\vendor\\laravel\\framework\\src\\Illuminate\\Pipeline\\Pipeline.php(119): Illuminate\\Pipeline\\Pipeline->{closure:{closure:Illuminate\\Pipeline\\Pipeline::carry():158}:159}(Object(Illuminate\\Http\\Request))
#47 C:\\wamp64\\www\\maasin_live_act\\vendor\\laravel\\framework\\src\\Illuminate\\Foundation\\Http\\Kernel.php(175): Illuminate\\Pipeline\\Pipeline->then(Object(Closure))
#48 C:\\wamp64\\www\\maasin_live_act\\vendor\\laravel\\framework\\src\\Illuminate\\Foundation\\Http\\Kernel.php(144): Illuminate\\Foundation\\Http\\Kernel->sendRequestThroughRouter(Object(Illuminate\\Http\\Request))
#49 C:\\wamp64\\www\\maasin_live_act\\public\\index.php(54): Illuminate\\Foundation\\Http\\Kernel->handle(Object(Illuminate\\Http\\Request))
#50 {main}

[previous exception] [object] (PDOException(code: 42S22): SQLSTATE[42S22]: Column not found: 1054 Unknown column 'surcharge' in 'field list' at C:\\wamp64\\www\\maasin_live_act\\vendor\\laravel\\framework\\src\\Illuminate\\Database\\Connection.php:423)
[stacktrace]
#0 C:\\wamp64\\www\\maasin_live_act\\vendor\\laravel\\framework\\src\\Illuminate\\Database\\Connection.php(423): PDO->prepare('SELECT term_cod...')
#1 C:\\wamp64\\www\\maasin_live_act\\vendor\\laravel\\framework\\src\\Illuminate\\Database\\Connection.php(816): Illuminate\\Database\\Connection->{closure:Illuminate\\Database\\Connection::select():414}('SELECT term_cod...', Array)
#2 C:\\wamp64\\www\\maasin_live_act\\vendor\\laravel\\framework\\src\\Illuminate\\Database\\Connection.php(783): Illuminate\\Database\\Connection->runQueryCallback('SELECT term_cod...', Array, Object(Closure))
#3 C:\\wamp64\\www\\maasin_live_act\\vendor\\laravel\\framework\\src\\Illuminate\\Database\\Connection.php(414): Illuminate\\Database\\Connection->run('SELECT term_cod...', Array, Object(Closure))
#4 C:\\wamp64\\www\\maasin_live_act\\vendor\\laravel\\framework\\src\\Illuminate\\Database\\DatabaseManager.php(509): Illuminate\\Database\\Connection->select('SELECT term_cod...', Array)
#5 C:\\wamp64\\www\\maasin_live_act\\vendor\\laravel\\framework\\src\\Illuminate\\Support\\Facades\\Facade.php(355): Illuminate\\Database\\DatabaseManager->__call('select', Array)
#6 C:\\wamp64\\www\\maasin_live_act\\app\\Loan.php(691): Illuminate\\Support\\Facades\\Facade::__callStatic('select', Array)
#7 C:\\wamp64\\www\\maasin_live_act\\app\\Http\\Controllers\\LoanApprovalController.php(263): App\\Loan::LoanDetails(3064)
#8 C:\\wamp64\\www\\maasin_live_act\\vendor\\laravel\\framework\\src\\Illuminate\\Routing\\Controller.php(54): App\\Http\\Controllers\\LoanApprovalController->view_approval('131203202512095...')
#9 C:\\wamp64\\www\\maasin_live_act\\vendor\\laravel\\framework\\src\\Illuminate\\Routing\\ControllerDispatcher.php(43): Illuminate\\Routing\\Controller->callAction('view_approval', Array)
#10 C:\\wamp64\\www\\maasin_live_act\\vendor\\laravel\\framework\\src\\Illuminate\\Routing\\Route.php(259): Illuminate\\Routing\\ControllerDispatcher->dispatch(Object(Illuminate\\Routing\\Route), Object(App\\Http\\Controllers\\LoanApprovalController), 'view_approval')
#11 C:\\wamp64\\www\\maasin_live_act\\vendor\\laravel\\framework\\src\\Illuminate\\Routing\\Route.php(205): Illuminate\\Routing\\Route->runController()
#12 C:\\wamp64\\www\\maasin_live_act\\vendor\\laravel\\framework\\src\\Illuminate\\Routing\\Router.php(806): Illuminate\\Routing\\Route->run()
#13 C:\\wamp64\\www\\maasin_live_act\\vendor\\laravel\\framework\\src\\Illuminate\\Pipeline\\Pipeline.php(144): Illuminate\\Routing\\Router->{closure:Illuminate\\Routing\\Router::runRouteWithinStack():805}(Object(Illuminate\\Http\\Request))
#14 C:\\wamp64\\www\\maasin_live_act\\app\\Http\\Middleware\\SessionExpired.php(48): Illuminate\\Pipeline\\Pipeline->{closure:Illuminate\\Pipeline\\Pipeline::prepareDestination():142}(Object(Illuminate\\Http\\Request))
#15 C:\\wamp64\\www\\maasin_live_act\\vendor\\laravel\\framework\\src\\Illuminate\\Pipeline\\Pipeline.php(183): App\\Http\\Middleware\\SessionExpired->handle(Object(Illuminate\\Http\\Request), Object(Closure))
#16 C:\\wamp64\\www\\maasin_live_act\\vendor\\laravel\\framework\\src\\Illuminate\\Routing\\Middleware\\SubstituteBindings.php(50): Illuminate\\Pipeline\\Pipeline->{closure:{closure:Illuminate\\Pipeline\\Pipeline::carry():158}:159}(Object(Illuminate\\Http\\Request))
#17 C:\\wamp64\\www\\maasin_live_act\\vendor\\laravel\\framework\\src\\Illuminate\\Pipeline\\Pipeline.php(183): Illuminate\\Routing\\Middleware\\SubstituteBindings->handle(Object(Illuminate\\Http\\Request), Object(Closure))
#18 C:\\wamp64\\www\\maasin_live_act\\vendor\\laravel\\framework\\src\\Illuminate\\Foundation\\Http\\Middleware\\VerifyCsrfToken.php(78): Illuminate\\Pipeline\\Pipeline->{closure:{closure:Illuminate\\Pipeline\\Pipeline::carry():158}:159}(Object(Illuminate\\Http\\Request))
#19 C:\\wamp64\\www\\maasin_live_act\\vendor\\laravel\\framework\\src\\Illuminate\\Pipeline\\Pipeline.php(183): Illuminate\\Foundation\\Http\\Middleware\\VerifyCsrfToken->handle(Object(Illuminate\\Http\\Request), Object(Closure))
#20 C:\\wamp64\\www\\maasin_live_act\\vendor\\laravel\\framework\\src\\Illuminate\\View\\Middleware\\ShareErrorsFromSession.php(49): Illuminate\\Pipeline\\Pipeline->{closure:{closure:Illuminate\\Pipeline\\Pipeline::carry():158}:159}(Object(Illuminate\\Http\\Request))
#21 C:\\wamp64\\www\\maasin_live_act\\vendor\\laravel\\framework\\src\\Illuminate\\Pipeline\\Pipeline.php(183): Illuminate\\View\\Middleware\\ShareErrorsFromSession->handle(Object(Illuminate\\Http\\Request), Object(Closure))
#22 C:\\wamp64\\www\\maasin_live_act\\vendor\\laravel\\framework\\src\\Illuminate\\Session\\Middleware\\StartSession.php(121): Illuminate\\Pipeline\\Pipeline->{closure:{closure:Illuminate\\Pipeline\\Pipeline::carry():158}:159}(Object(Illuminate\\Http\\Request))
#23 C:\\wamp64\\www\\maasin_live_act\\vendor\\laravel\\framework\\src\\Illuminate\\Session\\Middleware\\StartSession.php(64): Illuminate\\Session\\Middleware\\StartSession->handleStatefulRequest(Object(Illuminate\\Http\\Request), Object(Illuminate\\Session\\Store), Object(Closure))
#24 C:\\wamp64\\www\\maasin_live_act\\vendor\\laravel\\framework\\src\\Illuminate\\Pipeline\\Pipeline.php(183): Illuminate\\Session\\Middleware\\StartSession->handle(Object(Illuminate\\Http\\Request), Object(Closure))
#25 C:\\wamp64\\www\\maasin_live_act\\vendor\\laravel\\framework\\src\\Illuminate\\Cookie\\Middleware\\AddQueuedCookiesToResponse.php(37): Illuminate\\Pipeline\\Pipeline->{closure:{closure:Illuminate\\Pipeline\\Pipeline::carry():158}:159}(Object(Illuminate\\Http\\Request))
#26 C:\\wamp64\\www\\maasin_live_act\\vendor\\laravel\\framework\\src\\Illuminate\\Pipeline\\Pipeline.php(183): Illuminate\\Cookie\\Middleware\\AddQueuedCookiesToResponse->handle(Object(Illuminate\\Http\\Request), Object(Closure))
#27 C:\\wamp64\\www\\maasin_live_act\\vendor\\laravel\\framework\\src\\Illuminate\\Cookie\\Middleware\\EncryptCookies.php(67): Illuminate\\Pipeline\\Pipeline->{closure:{closure:Illuminate\\Pipeline\\Pipeline::carry():158}:159}(Object(Illuminate\\Http\\Request))
#28 C:\\wamp64\\www\\maasin_live_act\\vendor\\laravel\\framework\\src\\Illuminate\\Pipeline\\Pipeline.php(183): Illuminate\\Cookie\\Middleware\\EncryptCookies->handle(Object(Illuminate\\Http\\Request), Object(Closure))
#29 C:\\wamp64\\www\\maasin_live_act\\vendor\\laravel\\framework\\src\\Illuminate\\Pipeline\\Pipeline.php(119): Illuminate\\Pipeline\\Pipeline->{closure:{closure:Illuminate\\Pipeline\\Pipeline::carry():158}:159}(Object(Illuminate\\Http\\Request))
#30 C:\\wamp64\\www\\maasin_live_act\\vendor\\laravel\\framework\\src\\Illuminate\\Routing\\Router.php(805): Illuminate\\Pipeline\\Pipeline->then(Object(Closure))
#31 C:\\wamp64\\www\\maasin_live_act\\vendor\\laravel\\framework\\src\\Illuminate\\Routing\\Router.php(784): Illuminate\\Routing\\Router->runRouteWithinStack(Object(Illuminate\\Routing\\Route), Object(Illuminate\\Http\\Request))
#32 C:\\wamp64\\www\\maasin_live_act\\vendor\\laravel\\framework\\src\\Illuminate\\Routing\\Router.php(748): Illuminate\\Routing\\Router->runRoute(Object(Illuminate\\Http\\Request), Object(Illuminate\\Routing\\Route))
#33 C:\\wamp64\\www\\maasin_live_act\\vendor\\laravel\\framework\\src\\Illuminate\\Routing\\Router.php(737): Illuminate\\Routing\\Router->dispatchToRoute(Object(Illuminate\\Http\\Request))
#34 C:\\wamp64\\www\\maasin_live_act\\vendor\\laravel\\framework\\src\\Illuminate\\Foundation\\Http\\Kernel.php(200): Illuminate\\Routing\\Router->dispatch(Object(Illuminate\\Http\\Request))
#35 C:\\wamp64\\www\\maasin_live_act\\vendor\\laravel\\framework\\src\\Illuminate\\Pipeline\\Pipeline.php(144): Illuminate\\Foundation\\Http\\Kernel->{closure:Illuminate\\Foundation\\Http\\Kernel::dispatchToRouter():197}(Object(Illuminate\\Http\\Request))
#36 C:\\wamp64\\www\\maasin_live_act\\vendor\\laravel\\framework\\src\\Illuminate\\Foundation\\Http\\Middleware\\TransformsRequest.php(21): Illuminate\\Pipeline\\Pipeline->{closure:Illuminate\\Pipeline\\Pipeline::prepareDestination():142}(Object(Illuminate\\Http\\Request))
#37 C:\\wamp64\\www\\maasin_live_act\\vendor\\laravel\\framework\\src\\Illuminate\\Foundation\\Http\\Middleware\\ConvertEmptyStringsToNull.php(31): Illuminate\\Foundation\\Http\\Middleware\\TransformsRequest->handle(Object(Illuminate\\Http\\Request), Object(Closure))
#38 C:\\wamp64\\www\\maasin_live_act\\vendor\\laravel\\framework\\src\\Illuminate\\Pipeline\\Pipeline.php(183): Illuminate\\Foundation\\Http\\Middleware\\ConvertEmptyStringsToNull->handle(Object(Illuminate\\Http\\Request), Object(Closure))
#39 C:\\wamp64\\www\\maasin_live_act\\vendor\\laravel\\framework\\src\\Illuminate\\Foundation\\Http\\Middleware\\TransformsRequest.php(21): Illuminate\\Pipeline\\Pipeline->{closure:{closure:Illuminate\\Pipeline\\Pipeline::carry():158}:159}(Object(Illuminate\\Http\\Request))
#40 C:\\wamp64\\www\\maasin_live_act\\vendor\\laravel\\framework\\src\\Illuminate\\Foundation\\Http\\Middleware\\TrimStrings.php(40): Illuminate\\Foundation\\Http\\Middleware\\TransformsRequest->handle(Object(Illuminate\\Http\\Request), Object(Closure))
#41 C:\\wamp64\\www\\maasin_live_act\\vendor\\laravel\\framework\\src\\Illuminate\\Pipeline\\Pipeline.php(183): Illuminate\\Foundation\\Http\\Middleware\\TrimStrings->handle(Object(Illuminate\\Http\\Request), Object(Closure))
#42 C:\\wamp64\\www\\maasin_live_act\\vendor\\laravel\\framework\\src\\Illuminate\\Foundation\\Http\\Middleware\\ValidatePostSize.php(27): Illuminate\\Pipeline\\Pipeline->{closure:{closure:Illuminate\\Pipeline\\Pipeline::carry():158}:159}(Object(Illuminate\\Http\\Request))
#43 C:\\wamp64\\www\\maasin_live_act\\vendor\\laravel\\framework\\src\\Illuminate\\Pipeline\\Pipeline.php(183): Illuminate\\Foundation\\Http\\Middleware\\ValidatePostSize->handle(Object(Illuminate\\Http\\Request), Object(Closure))
#44 C:\\wamp64\\www\\maasin_live_act\\vendor\\laravel\\framework\\src\\Illuminate\\Foundation\\Http\\Middleware\\PreventRequestsDuringMaintenance.php(99): Illuminate\\Pipeline\\Pipeline->{closure:{closure:Illuminate\\Pipeline\\Pipeline::carry():158}:159}(Object(Illuminate\\Http\\Request))
#45 C:\\wamp64\\www\\maasin_live_act\\vendor\\laravel\\framework\\src\\Illuminate\\Pipeline\\Pipeline.php(183): Illuminate\\Foundation\\Http\\Middleware\\PreventRequestsDuringMaintenance->handle(Object(Illuminate\\Http\\Request), Object(Closure))
#46 C:\\wamp64\\www\\maasin_live_act\\vendor\\laravel\\framework\\src\\Illuminate\\Http\\Middleware\\TrustProxies.php(39): Illuminate\\Pipeline\\Pipeline->{closure:{closure:Illuminate\\Pipeline\\Pipeline::carry():158}:159}(Object(Illuminate\\Http\\Request))
#47 C:\\wamp64\\www\\maasin_live_act\\vendor\\laravel\\framework\\src\\Illuminate\\Pipeline\\Pipeline.php(183): Illuminate\\Http\\Middleware\\TrustProxies->handle(Object(Illuminate\\Http\\Request), Object(Closure))
#48 C:\\wamp64\\www\\maasin_live_act\\vendor\\laravel\\framework\\src\\Illuminate\\Pipeline\\Pipeline.php(119): Illuminate\\Pipeline\\Pipeline->{closure:{closure:Illuminate\\Pipeline\\Pipeline::carry():158}:159}(Object(Illuminate\\Http\\Request))
#49 C:\\wamp64\\www\\maasin_live_act\\vendor\\laravel\\framework\\src\\Illuminate\\Foundation\\Http\\Kernel.php(175): Illuminate\\Pipeline\\Pipeline->then(Object(Closure))
#50 C:\\wamp64\\www\\maasin_live_act\\vendor\\laravel\\framework\\src\\Illuminate\\Foundation\\Http\\Kernel.php(144): Illuminate\\Foundation\\Http\\Kernel->sendRequestThroughRouter(Object(Illuminate\\Http\\Request))
#51 C:\\wamp64\\www\\maasin_live_act\\public\\index.php(54): Illuminate\\Foundation\\Http\\Kernel->handle(Object(Illuminate\\Http\\Request))
#52 {main}
"} 
[2025-12-09 14:54:59] local.ERROR: Attempt to read property "principal_balance" on string {"view":{"view":"C:\\wamp64\\www\\maasin_live_act\\resources\\views\\loan\\repayment_table.blade.php","data":{"errors":"<pre class=sf-dump id=sf-dump-124158765 data-indent-pad=\"  \"><span class=sf-dump-note>Illuminate\\Support\\ViewErrorBag</span> {<a class=sf-dump-ref>#767</a><samp data-depth=1 class=sf-dump-expanded>
  #<span class=sf-dump-protected title=\"Protected property\">bags</span>: []
</samp>}
</pre><script>Sfdump(\"sf-dump-124158765\", {\"maxDepth\":3,\"maxStringLength\":160})</script>
","service_details":"<pre class=sf-dump id=sf-dump-1237649074 data-indent-pad=\"  \">{<a class=sf-dump-ref>#787</a><samp data-depth=1 class=sf-dump-expanded>
  +\"<span class=sf-dump-public title=\"Runtime added dynamic property\">id_loan</span>\": <span class=sf-dump-num>1510</span>
  +\"<span class=sf-dump-public title=\"Runtime added dynamic property\">loan_token</span>\": \"<span class=sf-dump-str title=\"23 characters\">11292024143240577301269</span>\"
  +\"<span class=sf-dump-public title=\"Runtime added dynamic property\">name</span>\": \"<span class=sf-dump-str title=\"32 characters\">Members-Regular Loan | 12 MONTHS</span>\"
  +\"<span class=sf-dump-public title=\"Runtime added dynamic property\">id_loan_service</span>\": <span class=sf-dump-num>11</span>
  +\"<span class=sf-dump-public title=\"Runtime added dynamic property\">interest_rate</span>\": \"<span class=sf-dump-str title=\"4 characters\">1.50</span>\"
  +\"<span class=sf-dump-public title=\"Runtime added dynamic property\">terms</span>\": <span class=sf-dump-num>12</span>
  +\"<span class=sf-dump-public title=\"Runtime added dynamic property\">period</span>\": <span class=sf-dump-const>null</span>
  +\"<span class=sf-dump-public title=\"Runtime added dynamic property\">cbu_amount</span>\": <span class=sf-dump-num>0.0</span>
  +\"<span class=sf-dump-public title=\"Runtime added dynamic property\">is_deduct_cbu</span>\": <span class=sf-dump-num>0</span>
  +\"<span class=sf-dump-public title=\"Runtime added dynamic property\">principal_amount</span>\": \"<span class=sf-dump-str title=\"8 characters\">10000.00</span>\"
  +\"<span class=sf-dump-public title=\"Runtime added dynamic property\">loan_protection_rate</span>\": \"<span class=sf-dump-str title=\"4 characters\">0.00</span>\"
  +\"<span class=sf-dump-public title=\"Runtime added dynamic property\">id_term_period</span>\": <span class=sf-dump-num>3</span>
  +\"<span class=sf-dump-public title=\"Runtime added dynamic property\">id_interest_period</span>\": <span class=sf-dump-num>3</span>
  +\"<span class=sf-dump-public title=\"Runtime added dynamic property\">id_interest_method</span>\": <span class=sf-dump-num>1</span>
  +\"<span class=sf-dump-public title=\"Runtime added dynamic property\">terms_desc</span>\": \"<span class=sf-dump-str title=\"9 characters\">12 Months</span>\"
  +\"<span class=sf-dump-public title=\"Runtime added dynamic property\">terms_token</span>\": \"<span class=sf-dump-str title=\"18 characters\">153813854066d865c9</span>\"
  +\"<span class=sf-dump-public title=\"Runtime added dynamic property\">min_amount</span>\": \"<span class=sf-dump-str title=\"7 characters\">1000.00</span>\"
  +\"<span class=sf-dump-public title=\"Runtime added dynamic property\">max_amount</span>\": \"<span class=sf-dump-str title=\"9 characters\">200000.00</span>\"
  +\"<span class=sf-dump-public title=\"Runtime added dynamic property\">id_loan_payment_type</span>\": <span class=sf-dump-num>1</span>
  +\"<span class=sf-dump-public title=\"Runtime added dynamic property\">due_date</span>\": <span class=sf-dump-const>null</span>
  +\"<span class=sf-dump-public title=\"Runtime added dynamic property\">id_member</span>\": <span class=sf-dump-num>6</span>
  +\"<span class=sf-dump-public title=\"Runtime added dynamic property\">id_charges_group</span>\": <span class=sf-dump-num>5</span>
  +\"<span class=sf-dump-public title=\"Runtime added dynamic property\">loan_protection_amount</span>\": \"<span class=sf-dump-str title=\"4 characters\">0.00</span>\"
  +\"<span class=sf-dump-public title=\"Runtime added dynamic property\">cbu_deficient</span>\": \"<span class=sf-dump-str title=\"4 characters\">0.00</span>\"
  +\"<span class=sf-dump-public title=\"Runtime added dynamic property\">total_deductions</span>\": \"<span class=sf-dump-str title=\"4 characters\">0.00</span>\"
  +\"<span class=sf-dump-public title=\"Runtime added dynamic property\">not_deducted_charges</span>\": \"<span class=sf-dump-str title=\"4 characters\">0.00</span>\"
  +\"<span class=sf-dump-public title=\"Runtime added dynamic property\">total_loan_proceeds</span>\": \"<span class=sf-dump-str title=\"8 characters\">10000.00</span>\"
  +\"<span class=sf-dump-public title=\"Runtime added dynamic property\">status</span>\": \"<span class=sf-dump-str>3</span>\"
  +\"<span class=sf-dump-public title=\"Runtime added dynamic property\">loan_remarks</span>\": \"\"
  +\"<span class=sf-dump-public title=\"Runtime added dynamic property\">loan_status</span>\": \"<span class=sf-dump-str title=\"6 characters\">Active</span>\"
  +\"<span class=sf-dump-public title=\"Runtime added dynamic property\">status_code</span>\": \"<span class=sf-dump-str>3</span>\"
  +\"<span class=sf-dump-public title=\"Runtime added dynamic property\">cancellation_reason</span>\": <span class=sf-dump-const>null</span>
  +\"<span class=sf-dump-public title=\"Runtime added dynamic property\">prev_loan_balance</span>\": \"<span class=sf-dump-str title=\"4 characters\">0.00</span>\"
  +\"<span class=sf-dump-public title=\"Runtime added dynamic property\">prev_loan_rebates</span>\": \"<span class=sf-dump-str title=\"4 characters\">0.00</span>\"
  +\"<span class=sf-dump-public title=\"Runtime added dynamic property\">lstatus</span>\": <span class=sf-dump-num>1</span>
  +\"<span class=sf-dump-public title=\"Runtime added dynamic property\">id_cash_disbursement</span>\": <span class=sf-dump-num>0</span>
  +\"<span class=sf-dump-public title=\"Runtime added dynamic property\">paid_principal</span>\": \"<span class=sf-dump-str title=\"4 characters\">0.00</span>\"
  +\"<span class=sf-dump-public title=\"Runtime added dynamic property\">paid_interest</span>\": \"<span class=sf-dump-str title=\"4 characters\">0.00</span>\"
  +\"<span class=sf-dump-public title=\"Runtime added dynamic property\">paid_fees</span>\": \"<span class=sf-dump-str title=\"4 characters\">0.00</span>\"
  +\"<span class=sf-dump-public title=\"Runtime added dynamic property\">date_released</span>\": \"<span class=sf-dump-str title=\"10 characters\">2024-07-23</span>\"
  +\"<span class=sf-dump-public title=\"Runtime added dynamic property\">date_granted</span>\": \"<span class=sf-dump-str title=\"10 characters\">07/23/2024</span>\"
  +\"<span class=sf-dump-public title=\"Runtime added dynamic property\">month_duration</span>\": <span class=sf-dump-num>1</span>
  +\"<span class=sf-dump-public title=\"Runtime added dynamic property\">interest_show</span>\": \"<span class=sf-dump-str title=\"4 characters\">0.00</span>\"
  +\"<span class=sf-dump-public title=\"Runtime added dynamic property\">id_one_time_type</span>\": <span class=sf-dump-num>0</span>
</samp>}
</pre><script>Sfdump(\"sf-dump-1237649074\", {\"maxDepth\":3,\"maxStringLength\":160})</script>
","member_details":"<pre class=sf-dump id=sf-dump-1885671841 data-indent-pad=\"  \">{<a class=sf-dump-ref>#778</a><samp data-depth=1 class=sf-dump-expanded>
  +\"<span class=sf-dump-public title=\"Runtime added dynamic property\">name</span>\": \"<span class=sf-dump-str title=\"16 characters\">LAGUNDAY, DELIA </span>\"
</samp>}
</pre><script>Sfdump(\"sf-dump-1885671841\", {\"maxDepth\":3,\"maxStringLength\":160})</script>
","OTHER_DEDUCTIONS":"<pre class=sf-dump id=sf-dump-281826443 data-indent-pad=\"  \">[]
</pre><script>Sfdump(\"sf-dump-281826443\", {\"maxDepth\":3,\"maxStringLength\":160})</script>
","CBU_DEFICIENT_AMOUNT":"<pre class=sf-dump id=sf-dump-2130716298 data-indent-pad=\"  \">\"<span class=sf-dump-str title=\"4 characters\">0.00</span>\"
</pre><script>Sfdump(\"sf-dump-2130716298\", {\"maxDepth\":3,\"maxStringLength\":160})</script>
","DEDUCTED_CHARGES":"<pre class=sf-dump id=sf-dump-1384495055 data-indent-pad=\"  \">[]
</pre><script>Sfdump(\"sf-dump-1384495055\", {\"maxDepth\":3,\"maxStringLength\":160})</script>
","PREV_LOAN_OFFSET":"<pre class=sf-dump id=sf-dump-1432666109 data-indent-pad=\"  \">[]
</pre><script>Sfdump(\"sf-dump-1432666109\", {\"maxDepth\":3,\"maxStringLength\":160})</script>
","TOTAL_LOAN_OFFSET_REBATES":"<pre class=sf-dump id=sf-dump-1925939444 data-indent-pad=\"  \"><span class=sf-dump-num>0</span>
</pre><script>Sfdump(\"sf-dump-1925939444\", {\"maxDepth\":3,\"maxStringLength\":160})</script>
","TOTAL_LOAN_OFFSET":"<pre class=sf-dump id=sf-dump-1291032134 data-indent-pad=\"  \"><span class=sf-dump-num>0</span>
</pre><script>Sfdump(\"sf-dump-1291032134\", {\"maxDepth\":3,\"maxStringLength\":160})</script>
","LOAN_BALANCE":"<pre class=sf-dump id=sf-dump-1601179632 data-indent-pad=\"  \">\"<span class=sf-dump-str title=\"4 characters\">0.00</span>\"
</pre><script>Sfdump(\"sf-dump-1601179632\", {\"maxDepth\":3,\"maxStringLength\":160})</script>
","REBATES":"<pre class=sf-dump id=sf-dump-859187737 data-indent-pad=\"  \">\"<span class=sf-dump-str title=\"4 characters\">0.00</span>\"
</pre><script>Sfdump(\"sf-dump-859187737\", {\"maxDepth\":3,\"maxStringLength\":160})</script>
","TOTAL_LOAN_BALANCE":"<pre class=sf-dump id=sf-dump-1430081900 data-indent-pad=\"  \"><span class=sf-dump-num>0.0</span>
</pre><script>Sfdump(\"sf-dump-1430081900\", {\"maxDepth\":3,\"maxStringLength\":160})</script>
","TOTAL_DEDUCTED_CHARGES":"<pre class=sf-dump id=sf-dump-638170441 data-indent-pad=\"  \">\"<span class=sf-dump-str title=\"4 characters\">0.00</span>\"
</pre><script>Sfdump(\"sf-dump-638170441\", {\"maxDepth\":3,\"maxStringLength\":160})</script>
","PRINCIPAL_AMOUNT":"<pre class=sf-dump id=sf-dump-816544072 data-indent-pad=\"  \">\"<span class=sf-dump-str title=\"8 characters\">10000.00</span>\"
</pre><script>Sfdump(\"sf-dump-816544072\", {\"maxDepth\":3,\"maxStringLength\":160})</script>
","TOTAL_NOT_DEDUCTED_CHARGES":"<pre class=sf-dump id=sf-dump-1193807 data-indent-pad=\"  \">\"<span class=sf-dump-str title=\"4 characters\">0.00</span>\"
</pre><script>Sfdump(\"sf-dump-1193807\", {\"maxDepth\":3,\"maxStringLength\":160})</script>
","TOTAL_LOAN_PROCEED":"<pre class=sf-dump id=sf-dump-1377622866 data-indent-pad=\"  \">\"<span class=sf-dump-str title=\"8 characters\">10000.00</span>\"
</pre><script>Sfdump(\"sf-dump-1377622866\", {\"maxDepth\":3,\"maxStringLength\":160})</script>
","AMTZ_SCHED":"<pre class=sf-dump id=sf-dump-39015292 data-indent-pad=\"  \"><span class=sf-dump-note>array:12</span> [<samp data-depth=1 class=sf-dump-expanded>
  <span class=sf-dump-index>0</span> => {<a class=sf-dump-ref>#782</a><samp data-depth=2 class=sf-dump-compact>
    +\"<span class=sf-dump-public title=\"Runtime added dynamic property\">term_code</span>\": \"<span class=sf-dump-str title=\"2 characters\">P1</span>\"
    +\"<span class=sf-dump-public title=\"Runtime added dynamic property\">date</span>\": \"<span class=sf-dump-str title=\"10 characters\">08/30/2024</span>\"
    +\"<span class=sf-dump-public title=\"Runtime added dynamic property\">principal</span>\": \"<span class=sf-dump-str title=\"6 characters\">833.33</span>\"
    +\"<span class=sf-dump-public title=\"Runtime added dynamic property\">interest</span>\": \"<span class=sf-dump-str title=\"6 characters\">150.00</span>\"
    +\"<span class=sf-dump-public title=\"Runtime added dynamic property\">surcharge</span>\": \"<span class=sf-dump-str title=\"4 characters\">0.00</span>\"
    +\"<span class=sf-dump-public title=\"Runtime added dynamic property\">total</span>\": \"<span class=sf-dump-str title=\"6 characters\">983.33</span>\"
    +\"<span class=sf-dump-public title=\"Runtime added dynamic property\">accrued</span>\": <span class=sf-dump-num>0</span>
  </samp>}
  <span class=sf-dump-index>1</span> => {<a class=sf-dump-ref>#777</a><samp data-depth=2 class=sf-dump-compact>
    +\"<span class=sf-dump-public title=\"Runtime added dynamic property\">term_code</span>\": \"<span class=sf-dump-str title=\"2 characters\">P2</span>\"
    +\"<span class=sf-dump-public title=\"Runtime added dynamic property\">date</span>\": \"<span class=sf-dump-str title=\"10 characters\">09/30/2024</span>\"
    +\"<span class=sf-dump-public title=\"Runtime added dynamic property\">principal</span>\": \"<span class=sf-dump-str title=\"6 characters\">833.33</span>\"
    +\"<span class=sf-dump-public title=\"Runtime added dynamic property\">interest</span>\": \"<span class=sf-dump-str title=\"6 characters\">150.00</span>\"
    +\"<span class=sf-dump-public title=\"Runtime added dynamic property\">surcharge</span>\": \"<span class=sf-dump-str title=\"4 characters\">0.00</span>\"
    +\"<span class=sf-dump-public title=\"Runtime added dynamic property\">total</span>\": \"<span class=sf-dump-str title=\"6 characters\">983.33</span>\"
    +\"<span class=sf-dump-public title=\"Runtime added dynamic property\">accrued</span>\": <span class=sf-dump-num>0</span>
  </samp>}
  <span class=sf-dump-index>2</span> => {<a class=sf-dump-ref>#781</a><samp data-depth=2 class=sf-dump-compact>
    +\"<span class=sf-dump-public title=\"Runtime added dynamic property\">term_code</span>\": \"<span class=sf-dump-str title=\"2 characters\">P3</span>\"
    +\"<span class=sf-dump-public title=\"Runtime added dynamic property\">date</span>\": \"<span class=sf-dump-str title=\"10 characters\">10/30/2024</span>\"
    +\"<span class=sf-dump-public title=\"Runtime added dynamic property\">principal</span>\": \"<span class=sf-dump-str title=\"6 characters\">833.33</span>\"
    +\"<span class=sf-dump-public title=\"Runtime added dynamic property\">interest</span>\": \"<span class=sf-dump-str title=\"6 characters\">150.00</span>\"
    +\"<span class=sf-dump-public title=\"Runtime added dynamic property\">surcharge</span>\": \"<span class=sf-dump-str title=\"4 characters\">0.00</span>\"
    +\"<span class=sf-dump-public title=\"Runtime added dynamic property\">total</span>\": \"<span class=sf-dump-str title=\"6 characters\">983.33</span>\"
    +\"<span class=sf-dump-public title=\"Runtime added dynamic property\">accrued</span>\": <span class=sf-dump-num>0</span>
  </samp>}
  <span class=sf-dump-index>3</span> => {<a class=sf-dump-ref>#790</a><samp data-depth=2 class=sf-dump-compact>
    +\"<span class=sf-dump-public title=\"Runtime added dynamic property\">term_code</span>\": \"<span class=sf-dump-str title=\"2 characters\">P4</span>\"
    +\"<span class=sf-dump-public title=\"Runtime added dynamic property\">date</span>\": \"<span class=sf-dump-str title=\"10 characters\">11/30/2024</span>\"
    +\"<span class=sf-dump-public title=\"Runtime added dynamic property\">principal</span>\": \"<span class=sf-dump-str title=\"6 characters\">833.33</span>\"
    +\"<span class=sf-dump-public title=\"Runtime added dynamic property\">interest</span>\": \"<span class=sf-dump-str title=\"6 characters\">150.00</span>\"
    +\"<span class=sf-dump-public title=\"Runtime added dynamic property\">surcharge</span>\": \"<span class=sf-dump-str title=\"4 characters\">0.00</span>\"
    +\"<span class=sf-dump-public title=\"Runtime added dynamic property\">total</span>\": \"<span class=sf-dump-str title=\"6 characters\">983.33</span>\"
    +\"<span class=sf-dump-public title=\"Runtime added dynamic property\">accrued</span>\": <span class=sf-dump-num>0</span>
  </samp>}
  <span class=sf-dump-index>4</span> => {<a class=sf-dump-ref>#793</a><samp data-depth=2 class=sf-dump-compact>
    +\"<span class=sf-dump-public title=\"Runtime added dynamic property\">term_code</span>\": \"<span class=sf-dump-str title=\"2 characters\">P5</span>\"
    +\"<span class=sf-dump-public title=\"Runtime added dynamic property\">date</span>\": \"<span class=sf-dump-str title=\"10 characters\">12/30/2024</span>\"
    +\"<span class=sf-dump-public title=\"Runtime added dynamic property\">principal</span>\": \"<span class=sf-dump-str title=\"6 characters\">833.33</span>\"
    +\"<span class=sf-dump-public title=\"Runtime added dynamic property\">interest</span>\": \"<span class=sf-dump-str title=\"6 characters\">150.00</span>\"
    +\"<span class=sf-dump-public title=\"Runtime added dynamic property\">surcharge</span>\": \"<span class=sf-dump-str title=\"4 characters\">0.00</span>\"
    +\"<span class=sf-dump-public title=\"Runtime added dynamic property\">total</span>\": \"<span class=sf-dump-str title=\"6 characters\">983.33</span>\"
    +\"<span class=sf-dump-public title=\"Runtime added dynamic property\">accrued</span>\": <span class=sf-dump-num>0</span>
  </samp>}
  <span class=sf-dump-index>5</span> => {<a class=sf-dump-ref>#795</a><samp data-depth=2 class=sf-dump-compact>
    +\"<span class=sf-dump-public title=\"Runtime added dynamic property\">term_code</span>\": \"<span class=sf-dump-str title=\"2 characters\">P6</span>\"
    +\"<span class=sf-dump-public title=\"Runtime added dynamic property\">date</span>\": \"<span class=sf-dump-str title=\"10 characters\">01/30/2025</span>\"
    +\"<span class=sf-dump-public title=\"Runtime added dynamic property\">principal</span>\": \"<span class=sf-dump-str title=\"6 characters\">833.33</span>\"
    +\"<span class=sf-dump-public title=\"Runtime added dynamic property\">interest</span>\": \"<span class=sf-dump-str title=\"6 characters\">150.00</span>\"
    +\"<span class=sf-dump-public title=\"Runtime added dynamic property\">surcharge</span>\": \"<span class=sf-dump-str title=\"4 characters\">0.00</span>\"
    +\"<span class=sf-dump-public title=\"Runtime added dynamic property\">total</span>\": \"<span class=sf-dump-str title=\"6 characters\">983.33</span>\"
    +\"<span class=sf-dump-public title=\"Runtime added dynamic property\">accrued</span>\": <span class=sf-dump-num>0</span>
  </samp>}
  <span class=sf-dump-index>6</span> => {<a class=sf-dump-ref>#798</a><samp data-depth=2 class=sf-dump-compact>
    +\"<span class=sf-dump-public title=\"Runtime added dynamic property\">term_code</span>\": \"<span class=sf-dump-str title=\"2 characters\">P7</span>\"
    +\"<span class=sf-dump-public title=\"Runtime added dynamic property\">date</span>\": \"<span class=sf-dump-str title=\"10 characters\">02/28/2025</span>\"
    +\"<span class=sf-dump-public title=\"Runtime added dynamic property\">principal</span>\": \"<span class=sf-dump-str title=\"6 characters\">833.33</span>\"
    +\"<span class=sf-dump-public title=\"Runtime added dynamic property\">interest</span>\": \"<span class=sf-dump-str title=\"6 characters\">150.00</span>\"
    +\"<span class=sf-dump-public title=\"Runtime added dynamic property\">surcharge</span>\": \"<span class=sf-dump-str title=\"4 characters\">0.00</span>\"
    +\"<span class=sf-dump-public title=\"Runtime added dynamic property\">total</span>\": \"<span class=sf-dump-str title=\"6 characters\">983.33</span>\"
    +\"<span class=sf-dump-public title=\"Runtime added dynamic property\">accrued</span>\": <span class=sf-dump-num>0</span>
  </samp>}
  <span class=sf-dump-index>7</span> => {<a class=sf-dump-ref>#796</a><samp data-depth=2 class=sf-dump-compact>
    +\"<span class=sf-dump-public title=\"Runtime added dynamic property\">term_code</span>\": \"<span class=sf-dump-str title=\"2 characters\">P8</span>\"
    +\"<span class=sf-dump-public title=\"Runtime added dynamic property\">date</span>\": \"<span class=sf-dump-str title=\"10 characters\">03/30/2025</span>\"
    +\"<span class=sf-dump-public title=\"Runtime added dynamic property\">principal</span>\": \"<span class=sf-dump-str title=\"6 characters\">833.33</span>\"
    +\"<span class=sf-dump-public title=\"Runtime added dynamic property\">interest</span>\": \"<span class=sf-dump-str title=\"6 characters\">150.00</span>\"
    +\"<span class=sf-dump-public title=\"Runtime added dynamic property\">surcharge</span>\": \"<span class=sf-dump-str title=\"4 characters\">0.00</span>\"
    +\"<span class=sf-dump-public title=\"Runtime added dynamic property\">total</span>\": \"<span class=sf-dump-str title=\"6 characters\">983.33</span>\"
    +\"<span class=sf-dump-public title=\"Runtime added dynamic property\">accrued</span>\": <span class=sf-dump-num>0</span>
  </samp>}
  <span class=sf-dump-index>8</span> => {<a class=sf-dump-ref>#800</a><samp data-depth=2 class=sf-dump-compact>
    +\"<span class=sf-dump-public title=\"Runtime added dynamic property\">term_code</span>\": \"<span class=sf-dump-str title=\"2 characters\">P9</span>\"
    +\"<span class=sf-dump-public title=\"Runtime added dynamic property\">date</span>\": \"<span class=sf-dump-str title=\"10 characters\">04/30/2025</span>\"
    +\"<span class=sf-dump-public title=\"Runtime added dynamic property\">principal</span>\": \"<span class=sf-dump-str title=\"6 characters\">833.33</span>\"
    +\"<span class=sf-dump-public title=\"Runtime added dynamic property\">interest</span>\": \"<span class=sf-dump-str title=\"6 characters\">150.00</span>\"
    +\"<span class=sf-dump-public title=\"Runtime added dynamic property\">surcharge</span>\": \"<span class=sf-dump-str title=\"4 characters\">0.00</span>\"
    +\"<span class=sf-dump-public title=\"Runtime added dynamic property\">total</span>\": \"<span class=sf-dump-str title=\"6 characters\">983.33</span>\"
    +\"<span class=sf-dump-public title=\"Runtime added dynamic property\">accrued</span>\": <span class=sf-dump-num>0</span>
  </samp>}
  <span class=sf-dump-index>9</span> => {<a class=sf-dump-ref>#801</a><samp data-depth=2 class=sf-dump-compact>
    +\"<span class=sf-dump-public title=\"Runtime added dynamic property\">term_code</span>\": \"<span class=sf-dump-str title=\"3 characters\">P10</span>\"
    +\"<span class=sf-dump-public title=\"Runtime added dynamic property\">date</span>\": \"<span class=sf-dump-str title=\"10 characters\">05/30/2025</span>\"
    +\"<span class=sf-dump-public title=\"Runtime added dynamic property\">principal</span>\": \"<span class=sf-dump-str title=\"6 characters\">833.33</span>\"
    +\"<span class=sf-dump-public title=\"Runtime added dynamic property\">interest</span>\": \"<span class=sf-dump-str title=\"6 characters\">150.00</span>\"
    +\"<span class=sf-dump-public title=\"Runtime added dynamic property\">surcharge</span>\": \"<span class=sf-dump-str title=\"4 characters\">0.00</span>\"
    +\"<span class=sf-dump-public title=\"Runtime added dynamic property\">total</span>\": \"<span class=sf-dump-str title=\"6 characters\">983.33</span>\"
    +\"<span class=sf-dump-public title=\"Runtime added dynamic property\">accrued</span>\": <span class=sf-dump-num>0</span>
  </samp>}
  <span class=sf-dump-index>10</span> => {<a class=sf-dump-ref>#802</a><samp data-depth=2 class=sf-dump-compact>
    +\"<span class=sf-dump-public title=\"Runtime added dynamic property\">term_code</span>\": \"<span class=sf-dump-str title=\"3 characters\">P11</span>\"
    +\"<span class=sf-dump-public title=\"Runtime added dynamic property\">date</span>\": \"<span class=sf-dump-str title=\"10 characters\">06/30/2025</span>\"
    +\"<span class=sf-dump-public title=\"Runtime added dynamic property\">principal</span>\": \"<span class=sf-dump-str title=\"6 characters\">833.33</span>\"
    +\"<span class=sf-dump-public title=\"Runtime added dynamic property\">interest</span>\": \"<span class=sf-dump-str title=\"6 characters\">150.00</span>\"
    +\"<span class=sf-dump-public title=\"Runtime added dynamic property\">surcharge</span>\": \"<span class=sf-dump-str title=\"4 characters\">0.00</span>\"
    +\"<span class=sf-dump-public title=\"Runtime added dynamic property\">total</span>\": \"<span class=sf-dump-str title=\"6 characters\">983.33</span>\"
    +\"<span class=sf-dump-public title=\"Runtime added dynamic property\">accrued</span>\": <span class=sf-dump-num>0</span>
  </samp>}
  <span class=sf-dump-index>11</span> => {<a class=sf-dump-ref>#799</a><samp data-depth=2 class=sf-dump-compact>
    +\"<span class=sf-dump-public title=\"Runtime added dynamic property\">term_code</span>\": \"<span class=sf-dump-str title=\"3 characters\">P12</span>\"
    +\"<span class=sf-dump-public title=\"Runtime added dynamic property\">date</span>\": \"<span class=sf-dump-str title=\"10 characters\">07/30/2025</span>\"
    +\"<span class=sf-dump-public title=\"Runtime added dynamic property\">principal</span>\": \"<span class=sf-dump-str title=\"6 characters\">833.37</span>\"
    +\"<span class=sf-dump-public title=\"Runtime added dynamic property\">interest</span>\": \"<span class=sf-dump-str title=\"6 characters\">150.00</span>\"
    +\"<span class=sf-dump-public title=\"Runtime added dynamic property\">surcharge</span>\": \"<span class=sf-dump-str title=\"4 characters\">0.00</span>\"
    +\"<span class=sf-dump-public title=\"Runtime added dynamic property\">total</span>\": \"<span class=sf-dump-str title=\"6 characters\">983.37</span>\"
    +\"<span class=sf-dump-public title=\"Runtime added dynamic property\">accrued</span>\": <span class=sf-dump-num>0</span>
  </samp>}
</samp>]
</pre><script>Sfdump(\"sf-dump-39015292\", {\"maxDepth\":3,\"maxStringLength\":160})</script>
","AMTZ_PAYMENT":"<pre class=sf-dump id=sf-dump-342692640 data-indent-pad=\"  \">[]
</pre><script>Sfdump(\"sf-dump-342692640\", {\"maxDepth\":3,\"maxStringLength\":160})</script>
","REPAYMENT_TABLE":"<pre class=sf-dump id=sf-dump-188445132 data-indent-pad=\"  \">[]
</pre><script>Sfdump(\"sf-dump-188445132\", {\"maxDepth\":3,\"maxStringLength\":160})</script>
","CURRENT_DUE":"<pre class=sf-dump id=sf-dump-594584904 data-indent-pad=\"  \">{<a class=sf-dump-ref>#808</a><samp data-depth=1 class=sf-dump-expanded>
  +\"<span class=sf-dump-public title=\"Runtime added dynamic property\">cur_date</span>\": \"<span class=sf-dump-str title=\"17 characters\">December 09, 2025</span>\"
  +\"<span class=sf-dump-public title=\"Runtime added dynamic property\">prin</span>\": \"<span class=sf-dump-str title=\"8 characters\">10000.00</span>\"
  +\"<span class=sf-dump-public title=\"Runtime added dynamic property\">interest</span>\": \"<span class=sf-dump-str title=\"7 characters\">1800.00</span>\"
  +\"<span class=sf-dump-public title=\"Runtime added dynamic property\">fees</span>\": \"<span class=sf-dump-str title=\"4 characters\">0.00</span>\"
  +\"<span class=sf-dump-public title=\"Runtime added dynamic property\">surcharge</span>\": \"<span class=sf-dump-str title=\"4 characters\">0.00</span>\"
</samp>}
</pre><script>Sfdump(\"sf-dump-594584904\", {\"maxDepth\":3,\"maxStringLength\":160})</script>
","TOTAL_DUE":"<pre class=sf-dump id=sf-dump-1928428503 data-indent-pad=\"  \"><span class=sf-dump-num>11800.0</span>
</pre><script>Sfdump(\"sf-dump-1928428503\", {\"maxDepth\":3,\"maxStringLength\":160})</script>
","repaymentCount":"<pre class=sf-dump id=sf-dump-576711275 data-indent-pad=\"  \"><span class=sf-dump-num>12</span>
</pre><script>Sfdump(\"sf-dump-576711275\", {\"maxDepth\":3,\"maxStringLength\":160})</script>
","LOAN_TABLE":"<pre class=sf-dump id=sf-dump-331420396 data-indent-pad=\"  \"><span class=sf-dump-note>array:12</span> [<samp data-depth=1 class=sf-dump-expanded>
  <span class=sf-dump-index>0</span> => <span class=sf-dump-note>array:12</span> [<samp data-depth=2 class=sf-dump-compact>
    \"<span class=sf-dump-key>count</span>\" => <span class=sf-dump-num>1</span>
    \"<span class=sf-dump-key>term_code</span>\" => \"<span class=sf-dump-str title=\"2 characters\">P1</span>\"
    \"<span class=sf-dump-key>repayment_amount</span>\" => \"<span class=sf-dump-str title=\"6 characters\">833.33</span>\"
    \"<span class=sf-dump-key>interest_amount</span>\" => \"<span class=sf-dump-str title=\"6 characters\">150.00</span>\"
    \"<span class=sf-dump-key>fees</span>\" => \"<span class=sf-dump-str title=\"4 characters\">0.00</span>\"
    \"<span class=sf-dump-key>total_due</span>\" => \"<span class=sf-dump-str title=\"6 characters\">983.33</span>\"
    \"<span class=sf-dump-key>due_date</span>\" => \"<span class=sf-dump-str title=\"10 characters\">08/30/2024</span>\"
    \"<span class=sf-dump-key>paid_amount</span>\" => \"<span class=sf-dump-str>0</span>\"
    \"<span class=sf-dump-key>is_paid</span>\" => <span class=sf-dump-num>0</span>
    \"<span class=sf-dump-key>status</span>\" => \"<span class=sf-dump-str>3</span>\"
    \"<span class=sf-dump-key>accrued</span>\" => <span class=sf-dump-num>0</span>
    \"<span class=sf-dump-key>remarks</span>\" => \"\"
  </samp>]
  <span class=sf-dump-index>1</span> => <span class=sf-dump-note>array:12</span> [<samp data-depth=2 class=sf-dump-compact>
    \"<span class=sf-dump-key>count</span>\" => <span class=sf-dump-num>2</span>
    \"<span class=sf-dump-key>term_code</span>\" => \"<span class=sf-dump-str title=\"2 characters\">P2</span>\"
    \"<span class=sf-dump-key>repayment_amount</span>\" => \"<span class=sf-dump-str title=\"6 characters\">833.33</span>\"
    \"<span class=sf-dump-key>interest_amount</span>\" => \"<span class=sf-dump-str title=\"6 characters\">150.00</span>\"
    \"<span class=sf-dump-key>fees</span>\" => \"<span class=sf-dump-str title=\"4 characters\">0.00</span>\"
    \"<span class=sf-dump-key>total_due</span>\" => \"<span class=sf-dump-str title=\"6 characters\">983.33</span>\"
    \"<span class=sf-dump-key>due_date</span>\" => \"<span class=sf-dump-str title=\"10 characters\">09/30/2024</span>\"
    \"<span class=sf-dump-key>paid_amount</span>\" => \"<span class=sf-dump-str>0</span>\"
    \"<span class=sf-dump-key>is_paid</span>\" => <span class=sf-dump-num>0</span>
    \"<span class=sf-dump-key>status</span>\" => \"<span class=sf-dump-str>3</span>\"
    \"<span class=sf-dump-key>accrued</span>\" => <span class=sf-dump-num>0</span>
    \"<span class=sf-dump-key>remarks</span>\" => \"\"
  </samp>]
  <span class=sf-dump-index>2</span> => <span class=sf-dump-note>array:12</span> [<samp data-depth=2 class=sf-dump-compact>
    \"<span class=sf-dump-key>count</span>\" => <span class=sf-dump-num>3</span>
    \"<span class=sf-dump-key>term_code</span>\" => \"<span class=sf-dump-str title=\"2 characters\">P3</span>\"
    \"<span class=sf-dump-key>repayment_amount</span>\" => \"<span class=sf-dump-str title=\"6 characters\">833.33</span>\"
    \"<span class=sf-dump-key>interest_amount</span>\" => \"<span class=sf-dump-str title=\"6 characters\">150.00</span>\"
    \"<span class=sf-dump-key>fees</span>\" => \"<span class=sf-dump-str title=\"4 characters\">0.00</span>\"
    \"<span class=sf-dump-key>total_due</span>\" => \"<span class=sf-dump-str title=\"6 characters\">983.33</span>\"
    \"<span class=sf-dump-key>due_date</span>\" => \"<span class=sf-dump-str title=\"10 characters\">10/30/2024</span>\"
    \"<span class=sf-dump-key>paid_amount</span>\" => \"<span class=sf-dump-str>0</span>\"
    \"<span class=sf-dump-key>is_paid</span>\" => <span class=sf-dump-num>0</span>
    \"<span class=sf-dump-key>status</span>\" => \"<span class=sf-dump-str>3</span>\"
    \"<span class=sf-dump-key>accrued</span>\" => <span class=sf-dump-num>0</span>
    \"<span class=sf-dump-key>remarks</span>\" => \"\"
  </samp>]
  <span class=sf-dump-index>3</span> => <span class=sf-dump-note>array:12</span> [<samp data-depth=2 class=sf-dump-compact>
    \"<span class=sf-dump-key>count</span>\" => <span class=sf-dump-num>4</span>
    \"<span class=sf-dump-key>term_code</span>\" => \"<span class=sf-dump-str title=\"2 characters\">P4</span>\"
    \"<span class=sf-dump-key>repayment_amount</span>\" => \"<span class=sf-dump-str title=\"6 characters\">833.33</span>\"
    \"<span class=sf-dump-key>interest_amount</span>\" => \"<span class=sf-dump-str title=\"6 characters\">150.00</span>\"
    \"<span class=sf-dump-key>fees</span>\" => \"<span class=sf-dump-str title=\"4 characters\">0.00</span>\"
    \"<span class=sf-dump-key>total_due</span>\" => \"<span class=sf-dump-str title=\"6 characters\">983.33</span>\"
    \"<span class=sf-dump-key>due_date</span>\" => \"<span class=sf-dump-str title=\"10 characters\">11/30/2024</span>\"
    \"<span class=sf-dump-key>paid_amount</span>\" => \"<span class=sf-dump-str>0</span>\"
    \"<span class=sf-dump-key>is_paid</span>\" => <span class=sf-dump-num>0</span>
    \"<span class=sf-dump-key>status</span>\" => \"<span class=sf-dump-str>3</span>\"
    \"<span class=sf-dump-key>accrued</span>\" => <span class=sf-dump-num>0</span>
    \"<span class=sf-dump-key>remarks</span>\" => \"\"
  </samp>]
  <span class=sf-dump-index>4</span> => <span class=sf-dump-note>array:12</span> [<samp data-depth=2 class=sf-dump-compact>
    \"<span class=sf-dump-key>count</span>\" => <span class=sf-dump-num>5</span>
    \"<span class=sf-dump-key>term_code</span>\" => \"<span class=sf-dump-str title=\"2 characters\">P5</span>\"
    \"<span class=sf-dump-key>repayment_amount</span>\" => \"<span class=sf-dump-str title=\"6 characters\">833.33</span>\"
    \"<span class=sf-dump-key>interest_amount</span>\" => \"<span class=sf-dump-str title=\"6 characters\">150.00</span>\"
    \"<span class=sf-dump-key>fees</span>\" => \"<span class=sf-dump-str title=\"4 characters\">0.00</span>\"
    \"<span class=sf-dump-key>total_due</span>\" => \"<span class=sf-dump-str title=\"6 characters\">983.33</span>\"
    \"<span class=sf-dump-key>due_date</span>\" => \"<span class=sf-dump-str title=\"10 characters\">12/30/2024</span>\"
    \"<span class=sf-dump-key>paid_amount</span>\" => \"<span class=sf-dump-str>0</span>\"
    \"<span class=sf-dump-key>is_paid</span>\" => <span class=sf-dump-num>0</span>
    \"<span class=sf-dump-key>status</span>\" => \"<span class=sf-dump-str>3</span>\"
    \"<span class=sf-dump-key>accrued</span>\" => <span class=sf-dump-num>0</span>
    \"<span class=sf-dump-key>remarks</span>\" => \"\"
  </samp>]
  <span class=sf-dump-index>5</span> => <span class=sf-dump-note>array:12</span> [<samp data-depth=2 class=sf-dump-compact>
    \"<span class=sf-dump-key>count</span>\" => <span class=sf-dump-num>6</span>
    \"<span class=sf-dump-key>term_code</span>\" => \"<span class=sf-dump-str title=\"2 characters\">P6</span>\"
    \"<span class=sf-dump-key>repayment_amount</span>\" => \"<span class=sf-dump-str title=\"6 characters\">833.33</span>\"
    \"<span class=sf-dump-key>interest_amount</span>\" => \"<span class=sf-dump-str title=\"6 characters\">150.00</span>\"
    \"<span class=sf-dump-key>fees</span>\" => \"<span class=sf-dump-str title=\"4 characters\">0.00</span>\"
    \"<span class=sf-dump-key>total_due</span>\" => \"<span class=sf-dump-str title=\"6 characters\">983.33</span>\"
    \"<span class=sf-dump-key>due_date</span>\" => \"<span class=sf-dump-str title=\"10 characters\">01/30/2025</span>\"
    \"<span class=sf-dump-key>paid_amount</span>\" => \"<span class=sf-dump-str>0</span>\"
    \"<span class=sf-dump-key>is_paid</span>\" => <span class=sf-dump-num>0</span>
    \"<span class=sf-dump-key>status</span>\" => \"<span class=sf-dump-str>3</span>\"
    \"<span class=sf-dump-key>accrued</span>\" => <span class=sf-dump-num>0</span>
    \"<span class=sf-dump-key>remarks</span>\" => \"\"
  </samp>]
  <span class=sf-dump-index>6</span> => <span class=sf-dump-note>array:12</span> [<samp data-depth=2 class=sf-dump-compact>
    \"<span class=sf-dump-key>count</span>\" => <span class=sf-dump-num>7</span>
    \"<span class=sf-dump-key>term_code</span>\" => \"<span class=sf-dump-str title=\"2 characters\">P7</span>\"
    \"<span class=sf-dump-key>repayment_amount</span>\" => \"<span class=sf-dump-str title=\"6 characters\">833.33</span>\"
    \"<span class=sf-dump-key>interest_amount</span>\" => \"<span class=sf-dump-str title=\"6 characters\">150.00</span>\"
    \"<span class=sf-dump-key>fees</span>\" => \"<span class=sf-dump-str title=\"4 characters\">0.00</span>\"
    \"<span class=sf-dump-key>total_due</span>\" => \"<span class=sf-dump-str title=\"6 characters\">983.33</span>\"
    \"<span class=sf-dump-key>due_date</span>\" => \"<span class=sf-dump-str title=\"10 characters\">02/28/2025</span>\"
    \"<span class=sf-dump-key>paid_amount</span>\" => \"<span class=sf-dump-str>0</span>\"
    \"<span class=sf-dump-key>is_paid</span>\" => <span class=sf-dump-num>0</span>
    \"<span class=sf-dump-key>status</span>\" => \"<span class=sf-dump-str>3</span>\"
    \"<span class=sf-dump-key>accrued</span>\" => <span class=sf-dump-num>0</span>
    \"<span class=sf-dump-key>remarks</span>\" => \"\"
  </samp>]
  <span class=sf-dump-index>7</span> => <span class=sf-dump-note>array:12</span> [<samp data-depth=2 class=sf-dump-compact>
    \"<span class=sf-dump-key>count</span>\" => <span class=sf-dump-num>8</span>
    \"<span class=sf-dump-key>term_code</span>\" => \"<span class=sf-dump-str title=\"2 characters\">P8</span>\"
    \"<span class=sf-dump-key>repayment_amount</span>\" => \"<span class=sf-dump-str title=\"6 characters\">833.33</span>\"
    \"<span class=sf-dump-key>interest_amount</span>\" => \"<span class=sf-dump-str title=\"6 characters\">150.00</span>\"
    \"<span class=sf-dump-key>fees</span>\" => \"<span class=sf-dump-str title=\"4 characters\">0.00</span>\"
    \"<span class=sf-dump-key>total_due</span>\" => \"<span class=sf-dump-str title=\"6 characters\">983.33</span>\"
    \"<span class=sf-dump-key>due_date</span>\" => \"<span class=sf-dump-str title=\"10 characters\">03/30/2025</span>\"
    \"<span class=sf-dump-key>paid_amount</span>\" => \"<span class=sf-dump-str>0</span>\"
    \"<span class=sf-dump-key>is_paid</span>\" => <span class=sf-dump-num>0</span>
    \"<span class=sf-dump-key>status</span>\" => \"<span class=sf-dump-str>3</span>\"
    \"<span class=sf-dump-key>accrued</span>\" => <span class=sf-dump-num>0</span>
    \"<span class=sf-dump-key>remarks</span>\" => \"\"
  </samp>]
  <span class=sf-dump-index>8</span> => <span class=sf-dump-note>array:12</span> [<samp data-depth=2 class=sf-dump-compact>
    \"<span class=sf-dump-key>count</span>\" => <span class=sf-dump-num>9</span>
    \"<span class=sf-dump-key>term_code</span>\" => \"<span class=sf-dump-str title=\"2 characters\">P9</span>\"
    \"<span class=sf-dump-key>repayment_amount</span>\" => \"<span class=sf-dump-str title=\"6 characters\">833.33</span>\"
    \"<span class=sf-dump-key>interest_amount</span>\" => \"<span class=sf-dump-str title=\"6 characters\">150.00</span>\"
    \"<span class=sf-dump-key>fees</span>\" => \"<span class=sf-dump-str title=\"4 characters\">0.00</span>\"
    \"<span class=sf-dump-key>total_due</span>\" => \"<span class=sf-dump-str title=\"6 characters\">983.33</span>\"
    \"<span class=sf-dump-key>due_date</span>\" => \"<span class=sf-dump-str title=\"10 characters\">04/30/2025</span>\"
    \"<span class=sf-dump-key>paid_amount</span>\" => \"<span class=sf-dump-str>0</span>\"
    \"<span class=sf-dump-key>is_paid</span>\" => <span class=sf-dump-num>0</span>
    \"<span class=sf-dump-key>status</span>\" => \"<span class=sf-dump-str>3</span>\"
    \"<span class=sf-dump-key>accrued</span>\" => <span class=sf-dump-num>0</span>
    \"<span class=sf-dump-key>remarks</span>\" => \"\"
  </samp>]
  <span class=sf-dump-index>9</span> => <span class=sf-dump-note>array:12</span> [<samp data-depth=2 class=sf-dump-compact>
    \"<span class=sf-dump-key>count</span>\" => <span class=sf-dump-num>10</span>
    \"<span class=sf-dump-key>term_code</span>\" => \"<span class=sf-dump-str title=\"3 characters\">P10</span>\"
    \"<span class=sf-dump-key>repayment_amount</span>\" => \"<span class=sf-dump-str title=\"6 characters\">833.33</span>\"
    \"<span class=sf-dump-key>interest_amount</span>\" => \"<span class=sf-dump-str title=\"6 characters\">150.00</span>\"
    \"<span class=sf-dump-key>fees</span>\" => \"<span class=sf-dump-str title=\"4 characters\">0.00</span>\"
    \"<span class=sf-dump-key>total_due</span>\" => \"<span class=sf-dump-str title=\"6 characters\">983.33</span>\"
    \"<span class=sf-dump-key>due_date</span>\" => \"<span class=sf-dump-str title=\"10 characters\">05/30/2025</span>\"
    \"<span class=sf-dump-key>paid_amount</span>\" => \"<span class=sf-dump-str>0</span>\"
    \"<span class=sf-dump-key>is_paid</span>\" => <span class=sf-dump-num>0</span>
    \"<span class=sf-dump-key>status</span>\" => \"<span class=sf-dump-str>3</span>\"
    \"<span class=sf-dump-key>accrued</span>\" => <span class=sf-dump-num>0</span>
    \"<span class=sf-dump-key>remarks</span>\" => \"\"
  </samp>]
  <span class=sf-dump-index>10</span> => <span class=sf-dump-note>array:12</span> [<samp data-depth=2 class=sf-dump-compact>
    \"<span class=sf-dump-key>count</span>\" => <span class=sf-dump-num>11</span>
    \"<span class=sf-dump-key>term_code</span>\" => \"<span class=sf-dump-str title=\"3 characters\">P11</span>\"
    \"<span class=sf-dump-key>repayment_amount</span>\" => \"<span class=sf-dump-str title=\"6 characters\">833.33</span>\"
    \"<span class=sf-dump-key>interest_amount</span>\" => \"<span class=sf-dump-str title=\"6 characters\">150.00</span>\"
    \"<span class=sf-dump-key>fees</span>\" => \"<span class=sf-dump-str title=\"4 characters\">0.00</span>\"
    \"<span class=sf-dump-key>total_due</span>\" => \"<span class=sf-dump-str title=\"6 characters\">983.33</span>\"
    \"<span class=sf-dump-key>due_date</span>\" => \"<span class=sf-dump-str title=\"10 characters\">06/30/2025</span>\"
    \"<span class=sf-dump-key>paid_amount</span>\" => \"<span class=sf-dump-str>0</span>\"
    \"<span class=sf-dump-key>is_paid</span>\" => <span class=sf-dump-num>0</span>
    \"<span class=sf-dump-key>status</span>\" => \"<span class=sf-dump-str>3</span>\"
    \"<span class=sf-dump-key>accrued</span>\" => <span class=sf-dump-num>0</span>
    \"<span class=sf-dump-key>remarks</span>\" => \"\"
  </samp>]
  <span class=sf-dump-index>11</span> => <span class=sf-dump-note>array:12</span> [<samp data-depth=2 class=sf-dump-compact>
    \"<span class=sf-dump-key>count</span>\" => <span class=sf-dump-num>12</span>
    \"<span class=sf-dump-key>term_code</span>\" => \"<span class=sf-dump-str title=\"3 characters\">P12</span>\"
    \"<span class=sf-dump-key>repayment_amount</span>\" => \"<span class=sf-dump-str title=\"6 characters\">833.37</span>\"
    \"<span class=sf-dump-key>interest_amount</span>\" => \"<span class=sf-dump-str title=\"6 characters\">150.00</span>\"
    \"<span class=sf-dump-key>fees</span>\" => \"<span class=sf-dump-str title=\"4 characters\">0.00</span>\"
    \"<span class=sf-dump-key>total_due</span>\" => \"<span class=sf-dump-str title=\"6 characters\">983.37</span>\"
    \"<span class=sf-dump-key>due_date</span>\" => \"<span class=sf-dump-str title=\"10 characters\">07/30/2025</span>\"
    \"<span class=sf-dump-key>paid_amount</span>\" => \"<span class=sf-dump-str>0</span>\"
    \"<span class=sf-dump-key>is_paid</span>\" => <span class=sf-dump-num>0</span>
    \"<span class=sf-dump-key>status</span>\" => \"<span class=sf-dump-str>3</span>\"
    \"<span class=sf-dump-key>accrued</span>\" => <span class=sf-dump-num>0</span>
    \"<span class=sf-dump-key>remarks</span>\" => \"\"
  </samp>]
</samp>]
</pre><script>Sfdump(\"sf-dump-331420396\", {\"maxDepth\":3,\"maxStringLength\":160})</script>
","TOTAL_INTEREST":"<pre class=sf-dump id=sf-dump-491216252 data-indent-pad=\"  \"><span class=sf-dump-num>1800.0</span>
</pre><script>Sfdump(\"sf-dump-491216252\", {\"maxDepth\":3,\"maxStringLength\":160})</script>
","TOTAL_AMOUNT_DUE":"<pre class=sf-dump id=sf-dump-1379897557 data-indent-pad=\"  \"><span class=sf-dump-num>11800.0</span>
</pre><script>Sfdump(\"sf-dump-1379897557\", {\"maxDepth\":3,\"maxStringLength\":160})</script>
","TOTAL_PAID_AMOUNT":"<pre class=sf-dump id=sf-dump-837221356 data-indent-pad=\"  \"><span class=sf-dump-num>0</span>
</pre><script>Sfdump(\"sf-dump-837221356\", {\"maxDepth\":3,\"maxStringLength\":160})</script>
","CURRENT_LOAN_BALANCE":"<pre class=sf-dump id=sf-dump-1626171433 data-indent-pad=\"  \"><span class=sf-dump-num>11800.0</span>
</pre><script>Sfdump(\"sf-dump-1626171433\", {\"maxDepth\":3,\"maxStringLength\":160})</script>
","loan":"<pre class=sf-dump id=sf-dump-358545775 data-indent-pad=\"  \"><span class=sf-dump-note>array:26</span> [<samp data-depth=1 class=sf-dump-expanded>
  \"<span class=sf-dump-key>service_details</span>\" => {<a class=sf-dump-ref>#787</a><samp data-depth=2 class=sf-dump-compact>
    +\"<span class=sf-dump-public title=\"Runtime added dynamic property\">id_loan</span>\": <span class=sf-dump-num>1510</span>
    +\"<span class=sf-dump-public title=\"Runtime added dynamic property\">loan_token</span>\": \"<span class=sf-dump-str title=\"23 characters\">11292024143240577301269</span>\"
    +\"<span class=sf-dump-public title=\"Runtime added dynamic property\">name</span>\": \"<span class=sf-dump-str title=\"32 characters\">Members-Regular Loan | 12 MONTHS</span>\"
    +\"<span class=sf-dump-public title=\"Runtime added dynamic property\">id_loan_service</span>\": <span class=sf-dump-num>11</span>
    +\"<span class=sf-dump-public title=\"Runtime added dynamic property\">interest_rate</span>\": \"<span class=sf-dump-str title=\"4 characters\">1.50</span>\"
    +\"<span class=sf-dump-public title=\"Runtime added dynamic property\">terms</span>\": <span class=sf-dump-num>12</span>
    +\"<span class=sf-dump-public title=\"Runtime added dynamic property\">period</span>\": <span class=sf-dump-const>null</span>
    +\"<span class=sf-dump-public title=\"Runtime added dynamic property\">cbu_amount</span>\": <span class=sf-dump-num>0.0</span>
    +\"<span class=sf-dump-public title=\"Runtime added dynamic property\">is_deduct_cbu</span>\": <span class=sf-dump-num>0</span>
    +\"<span class=sf-dump-public title=\"Runtime added dynamic property\">principal_amount</span>\": \"<span class=sf-dump-str title=\"8 characters\">10000.00</span>\"
    +\"<span class=sf-dump-public title=\"Runtime added dynamic property\">loan_protection_rate</span>\": \"<span class=sf-dump-str title=\"4 characters\">0.00</span>\"
    +\"<span class=sf-dump-public title=\"Runtime added dynamic property\">id_term_period</span>\": <span class=sf-dump-num>3</span>
    +\"<span class=sf-dump-public title=\"Runtime added dynamic property\">id_interest_period</span>\": <span class=sf-dump-num>3</span>
    +\"<span class=sf-dump-public title=\"Runtime added dynamic property\">id_interest_method</span>\": <span class=sf-dump-num>1</span>
    +\"<span class=sf-dump-public title=\"Runtime added dynamic property\">terms_desc</span>\": \"<span class=sf-dump-str title=\"9 characters\">12 Months</span>\"
    +\"<span class=sf-dump-public title=\"Runtime added dynamic property\">terms_token</span>\": \"<span class=sf-dump-str title=\"18 characters\">153813854066d865c9</span>\"
    +\"<span class=sf-dump-public title=\"Runtime added dynamic property\">min_amount</span>\": \"<span class=sf-dump-str title=\"7 characters\">1000.00</span>\"
    +\"<span class=sf-dump-public title=\"Runtime added dynamic property\">max_amount</span>\": \"<span class=sf-dump-str title=\"9 characters\">200000.00</span>\"
    +\"<span class=sf-dump-public title=\"Runtime added dynamic property\">id_loan_payment_type</span>\": <span class=sf-dump-num>1</span>
    +\"<span class=sf-dump-public title=\"Runtime added dynamic property\">due_date</span>\": <span class=sf-dump-const>null</span>
    +\"<span class=sf-dump-public title=\"Runtime added dynamic property\">id_member</span>\": <span class=sf-dump-num>6</span>
    +\"<span class=sf-dump-public title=\"Runtime added dynamic property\">id_charges_group</span>\": <span class=sf-dump-num>5</span>
    +\"<span class=sf-dump-public title=\"Runtime added dynamic property\">loan_protection_amount</span>\": \"<span class=sf-dump-str title=\"4 characters\">0.00</span>\"
    +\"<span class=sf-dump-public title=\"Runtime added dynamic property\">cbu_deficient</span>\": \"<span class=sf-dump-str title=\"4 characters\">0.00</span>\"
    +\"<span class=sf-dump-public title=\"Runtime added dynamic property\">total_deductions</span>\": \"<span class=sf-dump-str title=\"4 characters\">0.00</span>\"
    +\"<span class=sf-dump-public title=\"Runtime added dynamic property\">not_deducted_charges</span>\": \"<span class=sf-dump-str title=\"4 characters\">0.00</span>\"
    +\"<span class=sf-dump-public title=\"Runtime added dynamic property\">total_loan_proceeds</span>\": \"<span class=sf-dump-str title=\"8 characters\">10000.00</span>\"
    +\"<span class=sf-dump-public title=\"Runtime added dynamic property\">status</span>\": \"<span class=sf-dump-str>3</span>\"
    +\"<span class=sf-dump-public title=\"Runtime added dynamic property\">loan_remarks</span>\": \"\"
    +\"<span class=sf-dump-public title=\"Runtime added dynamic property\">loan_status</span>\": \"<span class=sf-dump-str title=\"6 characters\">Active</span>\"
    +\"<span class=sf-dump-public title=\"Runtime added dynamic property\">status_code</span>\": \"<span class=sf-dump-str>3</span>\"
    +\"<span class=sf-dump-public title=\"Runtime added dynamic property\">cancellation_reason</span>\": <span class=sf-dump-const>null</span>
    +\"<span class=sf-dump-public title=\"Runtime added dynamic property\">prev_loan_balance</span>\": \"<span class=sf-dump-str title=\"4 characters\">0.00</span>\"
    +\"<span class=sf-dump-public title=\"Runtime added dynamic property\">prev_loan_rebates</span>\": \"<span class=sf-dump-str title=\"4 characters\">0.00</span>\"
    +\"<span class=sf-dump-public title=\"Runtime added dynamic property\">lstatus</span>\": <span class=sf-dump-num>1</span>
    +\"<span class=sf-dump-public title=\"Runtime added dynamic property\">id_cash_disbursement</span>\": <span class=sf-dump-num>0</span>
    +\"<span class=sf-dump-public title=\"Runtime added dynamic property\">paid_principal</span>\": \"<span class=sf-dump-str title=\"4 characters\">0.00</span>\"
    +\"<span class=sf-dump-public title=\"Runtime added dynamic property\">paid_interest</span>\": \"<span class=sf-dump-str title=\"4 characters\">0.00</span>\"
    +\"<span class=sf-dump-public title=\"Runtime added dynamic property\">paid_fees</span>\": \"<span class=sf-dump-str title=\"4 characters\">0.00</span>\"
    +\"<span class=sf-dump-public title=\"Runtime added dynamic property\">date_released</span>\": \"<span class=sf-dump-str title=\"10 characters\">2024-07-23</span>\"
    +\"<span class=sf-dump-public title=\"Runtime added dynamic property\">date_granted</span>\": \"<span class=sf-dump-str title=\"10 characters\">07/23/2024</span>\"
    +\"<span class=sf-dump-public title=\"Runtime added dynamic property\">month_duration</span>\": <span class=sf-dump-num>1</span>
    +\"<span class=sf-dump-public title=\"Runtime added dynamic property\">interest_show</span>\": \"<span class=sf-dump-str title=\"4 characters\">0.00</span>\"
    +\"<span class=sf-dump-public title=\"Runtime added dynamic property\">id_one_time_type</span>\": <span class=sf-dump-num>0</span>
  </samp>}
  \"<span class=sf-dump-key>member_details</span>\" => {<a class=sf-dump-ref>#778</a><samp data-depth=2 class=sf-dump-compact>
    +\"<span class=sf-dump-public title=\"Runtime added dynamic property\">name</span>\": \"<span class=sf-dump-str title=\"16 characters\">LAGUNDAY, DELIA </span>\"
  </samp>}
  \"<span class=sf-dump-key>OTHER_DEDUCTIONS</span>\" => []
  \"<span class=sf-dump-key>CBU_DEFICIENT_AMOUNT</span>\" => \"<span class=sf-dump-str title=\"4 characters\">0.00</span>\"
  \"<span class=sf-dump-key>DEDUCTED_CHARGES</span>\" => []
  \"<span class=sf-dump-key>PREV_LOAN_OFFSET</span>\" => []
  \"<span class=sf-dump-key>TOTAL_LOAN_OFFSET_REBATES</span>\" => <span class=sf-dump-num>0</span>
  \"<span class=sf-dump-key>TOTAL_LOAN_OFFSET</span>\" => <span class=sf-dump-num>0</span>
  \"<span class=sf-dump-key>LOAN_BALANCE</span>\" => \"<span class=sf-dump-str title=\"4 characters\">0.00</span>\"
  \"<span class=sf-dump-key>REBATES</span>\" => \"<span class=sf-dump-str title=\"4 characters\">0.00</span>\"
  \"<span class=sf-dump-key>TOTAL_LOAN_BALANCE</span>\" => <span class=sf-dump-num>0.0</span>
  \"<span class=sf-dump-key>TOTAL_DEDUCTED_CHARGES</span>\" => \"<span class=sf-dump-str title=\"4 characters\">0.00</span>\"
  \"<span class=sf-dump-key>PRINCIPAL_AMOUNT</span>\" => \"<span class=sf-dump-str title=\"8 characters\">10000.00</span>\"
  \"<span class=sf-dump-key>TOTAL_NOT_DEDUCTED_CHARGES</span>\" => \"<span class=sf-dump-str title=\"4 characters\">0.00</span>\"
  \"<span class=sf-dump-key>TOTAL_LOAN_PROCEED</span>\" => \"<span class=sf-dump-str title=\"8 characters\">10000.00</span>\"
  \"<span class=sf-dump-key>AMTZ_SCHED</span>\" => <span class=sf-dump-note>array:12</span> [<samp data-depth=2 class=sf-dump-compact>
    <span class=sf-dump-index>0</span> => {<a class=sf-dump-ref>#782</a><samp data-depth=3 class=sf-dump-compact>
      +\"<span class=sf-dump-public title=\"Runtime added dynamic property\">term_code</span>\": \"<span class=sf-dump-str title=\"2 characters\">P1</span>\"
      +\"<span class=sf-dump-public title=\"Runtime added dynamic property\">date</span>\": \"<span class=sf-dump-str title=\"10 characters\">08/30/2024</span>\"
      +\"<span class=sf-dump-public title=\"Runtime added dynamic property\">principal</span>\": \"<span class=sf-dump-str title=\"6 characters\">833.33</span>\"
      +\"<span class=sf-dump-public title=\"Runtime added dynamic property\">interest</span>\": \"<span class=sf-dump-str title=\"6 characters\">150.00</span>\"
      +\"<span class=sf-dump-public title=\"Runtime added dynamic property\">surcharge</span>\": \"<span class=sf-dump-str title=\"4 characters\">0.00</span>\"
      +\"<span class=sf-dump-public title=\"Runtime added dynamic property\">total</span>\": \"<span class=sf-dump-str title=\"6 characters\">983.33</span>\"
      +\"<span class=sf-dump-public title=\"Runtime added dynamic property\">accrued</span>\": <span class=sf-dump-num>0</span>
    </samp>}
    <span class=sf-dump-index>1</span> => {<a class=sf-dump-ref>#777</a><samp data-depth=3 class=sf-dump-compact>
      +\"<span class=sf-dump-public title=\"Runtime added dynamic property\">term_code</span>\": \"<span class=sf-dump-str title=\"2 characters\">P2</span>\"
      +\"<span class=sf-dump-public title=\"Runtime added dynamic property\">date</span>\": \"<span class=sf-dump-str title=\"10 characters\">09/30/2024</span>\"
      +\"<span class=sf-dump-public title=\"Runtime added dynamic property\">principal</span>\": \"<span class=sf-dump-str title=\"6 characters\">833.33</span>\"
      +\"<span class=sf-dump-public title=\"Runtime added dynamic property\">interest</span>\": \"<span class=sf-dump-str title=\"6 characters\">150.00</span>\"
      +\"<span class=sf-dump-public title=\"Runtime added dynamic property\">surcharge</span>\": \"<span class=sf-dump-str title=\"4 characters\">0.00</span>\"
      +\"<span class=sf-dump-public title=\"Runtime added dynamic property\">total</span>\": \"<span class=sf-dump-str title=\"6 characters\">983.33</span>\"
      +\"<span class=sf-dump-public title=\"Runtime added dynamic property\">accrued</span>\": <span class=sf-dump-num>0</span>
    </samp>}
    <span class=sf-dump-index>2</span> => {<a class=sf-dump-ref>#781</a><samp data-depth=3 class=sf-dump-compact>
      +\"<span class=sf-dump-public title=\"Runtime added dynamic property\">term_code</span>\": \"<span class=sf-dump-str title=\"2 characters\">P3</span>\"
      +\"<span class=sf-dump-public title=\"Runtime added dynamic property\">date</span>\": \"<span class=sf-dump-str title=\"10 characters\">10/30/2024</span>\"
      +\"<span class=sf-dump-public title=\"Runtime added dynamic property\">principal</span>\": \"<span class=sf-dump-str title=\"6 characters\">833.33</span>\"
      +\"<span class=sf-dump-public title=\"Runtime added dynamic property\">interest</span>\": \"<span class=sf-dump-str title=\"6 characters\">150.00</span>\"
      +\"<span class=sf-dump-public title=\"Runtime added dynamic property\">surcharge</span>\": \"<span class=sf-dump-str title=\"4 characters\">0.00</span>\"
      +\"<span class=sf-dump-public title=\"Runtime added dynamic property\">total</span>\": \"<span class=sf-dump-str title=\"6 characters\">983.33</span>\"
      +\"<span class=sf-dump-public title=\"Runtime added dynamic property\">accrued</span>\": <span class=sf-dump-num>0</span>
    </samp>}
    <span class=sf-dump-index>3</span> => {<a class=sf-dump-ref>#790</a><samp data-depth=3 class=sf-dump-compact>
      +\"<span class=sf-dump-public title=\"Runtime added dynamic property\">term_code</span>\": \"<span class=sf-dump-str title=\"2 characters\">P4</span>\"
      +\"<span class=sf-dump-public title=\"Runtime added dynamic property\">date</span>\": \"<span class=sf-dump-str title=\"10 characters\">11/30/2024</span>\"
      +\"<span class=sf-dump-public title=\"Runtime added dynamic property\">principal</span>\": \"<span class=sf-dump-str title=\"6 characters\">833.33</span>\"
      +\"<span class=sf-dump-public title=\"Runtime added dynamic property\">interest</span>\": \"<span class=sf-dump-str title=\"6 characters\">150.00</span>\"
      +\"<span class=sf-dump-public title=\"Runtime added dynamic property\">surcharge</span>\": \"<span class=sf-dump-str title=\"4 characters\">0.00</span>\"
      +\"<span class=sf-dump-public title=\"Runtime added dynamic property\">total</span>\": \"<span class=sf-dump-str title=\"6 characters\">983.33</span>\"
      +\"<span class=sf-dump-public title=\"Runtime added dynamic property\">accrued</span>\": <span class=sf-dump-num>0</span>
    </samp>}
    <span class=sf-dump-index>4</span> => {<a class=sf-dump-ref>#793</a><samp data-depth=3 class=sf-dump-compact>
      +\"<span class=sf-dump-public title=\"Runtime added dynamic property\">term_code</span>\": \"<span class=sf-dump-str title=\"2 characters\">P5</span>\"
      +\"<span class=sf-dump-public title=\"Runtime added dynamic property\">date</span>\": \"<span class=sf-dump-str title=\"10 characters\">12/30/2024</span>\"
      +\"<span class=sf-dump-public title=\"Runtime added dynamic property\">principal</span>\": \"<span class=sf-dump-str title=\"6 characters\">833.33</span>\"
      +\"<span class=sf-dump-public title=\"Runtime added dynamic property\">interest</span>\": \"<span class=sf-dump-str title=\"6 characters\">150.00</span>\"
      +\"<span class=sf-dump-public title=\"Runtime added dynamic property\">surcharge</span>\": \"<span class=sf-dump-str title=\"4 characters\">0.00</span>\"
      +\"<span class=sf-dump-public title=\"Runtime added dynamic property\">total</span>\": \"<span class=sf-dump-str title=\"6 characters\">983.33</span>\"
      +\"<span class=sf-dump-public title=\"Runtime added dynamic property\">accrued</span>\": <span class=sf-dump-num>0</span>
    </samp>}
    <span class=sf-dump-index>5</span> => {<a class=sf-dump-ref>#795</a><samp data-depth=3 class=sf-dump-compact>
      +\"<span class=sf-dump-public title=\"Runtime added dynamic property\">term_code</span>\": \"<span class=sf-dump-str title=\"2 characters\">P6</span>\"
      +\"<span class=sf-dump-public title=\"Runtime added dynamic property\">date</span>\": \"<span class=sf-dump-str title=\"10 characters\">01/30/2025</span>\"
      +\"<span class=sf-dump-public title=\"Runtime added dynamic property\">principal</span>\": \"<span class=sf-dump-str title=\"6 characters\">833.33</span>\"
      +\"<span class=sf-dump-public title=\"Runtime added dynamic property\">interest</span>\": \"<span class=sf-dump-str title=\"6 characters\">150.00</span>\"
      +\"<span class=sf-dump-public title=\"Runtime added dynamic property\">surcharge</span>\": \"<span class=sf-dump-str title=\"4 characters\">0.00</span>\"
      +\"<span class=sf-dump-public title=\"Runtime added dynamic property\">total</span>\": \"<span class=sf-dump-str title=\"6 characters\">983.33</span>\"
      +\"<span class=sf-dump-public title=\"Runtime added dynamic property\">accrued</span>\": <span class=sf-dump-num>0</span>
    </samp>}
    <span class=sf-dump-index>6</span> => {<a class=sf-dump-ref>#798</a><samp data-depth=3 class=sf-dump-compact>
      +\"<span class=sf-dump-public title=\"Runtime added dynamic property\">term_code</span>\": \"<span class=sf-dump-str title=\"2 characters\">P7</span>\"
      +\"<span class=sf-dump-public title=\"Runtime added dynamic property\">date</span>\": \"<span class=sf-dump-str title=\"10 characters\">02/28/2025</span>\"
      +\"<span class=sf-dump-public title=\"Runtime added dynamic property\">principal</span>\": \"<span class=sf-dump-str title=\"6 characters\">833.33</span>\"
      +\"<span class=sf-dump-public title=\"Runtime added dynamic property\">interest</span>\": \"<span class=sf-dump-str title=\"6 characters\">150.00</span>\"
      +\"<span class=sf-dump-public title=\"Runtime added dynamic property\">surcharge</span>\": \"<span class=sf-dump-str title=\"4 characters\">0.00</span>\"
      +\"<span class=sf-dump-public title=\"Runtime added dynamic property\">total</span>\": \"<span class=sf-dump-str title=\"6 characters\">983.33</span>\"
      +\"<span class=sf-dump-public title=\"Runtime added dynamic property\">accrued</span>\": <span class=sf-dump-num>0</span>
    </samp>}
    <span class=sf-dump-index>7</span> => {<a class=sf-dump-ref>#796</a><samp data-depth=3 class=sf-dump-compact>
      +\"<span class=sf-dump-public title=\"Runtime added dynamic property\">term_code</span>\": \"<span class=sf-dump-str title=\"2 characters\">P8</span>\"
      +\"<span class=sf-dump-public title=\"Runtime added dynamic property\">date</span>\": \"<span class=sf-dump-str title=\"10 characters\">03/30/2025</span>\"
      +\"<span class=sf-dump-public title=\"Runtime added dynamic property\">principal</span>\": \"<span class=sf-dump-str title=\"6 characters\">833.33</span>\"
      +\"<span class=sf-dump-public title=\"Runtime added dynamic property\">interest</span>\": \"<span class=sf-dump-str title=\"6 characters\">150.00</span>\"
      +\"<span class=sf-dump-public title=\"Runtime added dynamic property\">surcharge</span>\": \"<span class=sf-dump-str title=\"4 characters\">0.00</span>\"
      +\"<span class=sf-dump-public title=\"Runtime added dynamic property\">total</span>\": \"<span class=sf-dump-str title=\"6 characters\">983.33</span>\"
      +\"<span class=sf-dump-public title=\"Runtime added dynamic property\">accrued</span>\": <span class=sf-dump-num>0</span>
    </samp>}
    <span class=sf-dump-index>8</span> => {<a class=sf-dump-ref>#800</a><samp data-depth=3 class=sf-dump-compact>
      +\"<span class=sf-dump-public title=\"Runtime added dynamic property\">term_code</span>\": \"<span class=sf-dump-str title=\"2 characters\">P9</span>\"
      +\"<span class=sf-dump-public title=\"Runtime added dynamic property\">date</span>\": \"<span class=sf-dump-str title=\"10 characters\">04/30/2025</span>\"
      +\"<span class=sf-dump-public title=\"Runtime added dynamic property\">principal</span>\": \"<span class=sf-dump-str title=\"6 characters\">833.33</span>\"
      +\"<span class=sf-dump-public title=\"Runtime added dynamic property\">interest</span>\": \"<span class=sf-dump-str title=\"6 characters\">150.00</span>\"
      +\"<span class=sf-dump-public title=\"Runtime added dynamic property\">surcharge</span>\": \"<span class=sf-dump-str title=\"4 characters\">0.00</span>\"
      +\"<span class=sf-dump-public title=\"Runtime added dynamic property\">total</span>\": \"<span class=sf-dump-str title=\"6 characters\">983.33</span>\"
      +\"<span class=sf-dump-public title=\"Runtime added dynamic property\">accrued</span>\": <span class=sf-dump-num>0</span>
    </samp>}
    <span class=sf-dump-index>9</span> => {<a class=sf-dump-ref>#801</a><samp data-depth=3 class=sf-dump-compact>
      +\"<span class=sf-dump-public title=\"Runtime added dynamic property\">term_code</span>\": \"<span class=sf-dump-str title=\"3 characters\">P10</span>\"
      +\"<span class=sf-dump-public title=\"Runtime added dynamic property\">date</span>\": \"<span class=sf-dump-str title=\"10 characters\">05/30/2025</span>\"
      +\"<span class=sf-dump-public title=\"Runtime added dynamic property\">principal</span>\": \"<span class=sf-dump-str title=\"6 characters\">833.33</span>\"
      +\"<span class=sf-dump-public title=\"Runtime added dynamic property\">interest</span>\": \"<span class=sf-dump-str title=\"6 characters\">150.00</span>\"
      +\"<span class=sf-dump-public title=\"Runtime added dynamic property\">surcharge</span>\": \"<span class=sf-dump-str title=\"4 characters\">0.00</span>\"
      +\"<span class=sf-dump-public title=\"Runtime added dynamic property\">total</span>\": \"<span class=sf-dump-str title=\"6 characters\">983.33</span>\"
      +\"<span class=sf-dump-public title=\"Runtime added dynamic property\">accrued</span>\": <span class=sf-dump-num>0</span>
    </samp>}
    <span class=sf-dump-index>10</span> => {<a class=sf-dump-ref>#802</a><samp data-depth=3 class=sf-dump-compact>
      +\"<span class=sf-dump-public title=\"Runtime added dynamic property\">term_code</span>\": \"<span class=sf-dump-str title=\"3 characters\">P11</span>\"
      +\"<span class=sf-dump-public title=\"Runtime added dynamic property\">date</span>\": \"<span class=sf-dump-str title=\"10 characters\">06/30/2025</span>\"
      +\"<span class=sf-dump-public title=\"Runtime added dynamic property\">principal</span>\": \"<span class=sf-dump-str title=\"6 characters\">833.33</span>\"
      +\"<span class=sf-dump-public title=\"Runtime added dynamic property\">interest</span>\": \"<span class=sf-dump-str title=\"6 characters\">150.00</span>\"
      +\"<span class=sf-dump-public title=\"Runtime added dynamic property\">surcharge</span>\": \"<span class=sf-dump-str title=\"4 characters\">0.00</span>\"
      +\"<span class=sf-dump-public title=\"Runtime added dynamic property\">total</span>\": \"<span class=sf-dump-str title=\"6 characters\">983.33</span>\"
      +\"<span class=sf-dump-public title=\"Runtime added dynamic property\">accrued</span>\": <span class=sf-dump-num>0</span>
    </samp>}
    <span class=sf-dump-index>11</span> => {<a class=sf-dump-ref>#799</a><samp data-depth=3 class=sf-dump-compact>
      +\"<span class=sf-dump-public title=\"Runtime added dynamic property\">term_code</span>\": \"<span class=sf-dump-str title=\"3 characters\">P12</span>\"
      +\"<span class=sf-dump-public title=\"Runtime added dynamic property\">date</span>\": \"<span class=sf-dump-str title=\"10 characters\">07/30/2025</span>\"
      +\"<span class=sf-dump-public title=\"Runtime added dynamic property\">principal</span>\": \"<span class=sf-dump-str title=\"6 characters\">833.37</span>\"
      +\"<span class=sf-dump-public title=\"Runtime added dynamic property\">interest</span>\": \"<span class=sf-dump-str title=\"6 characters\">150.00</span>\"
      +\"<span class=sf-dump-public title=\"Runtime added dynamic property\">surcharge</span>\": \"<span class=sf-dump-str title=\"4 characters\">0.00</span>\"
      +\"<span class=sf-dump-public title=\"Runtime added dynamic property\">total</span>\": \"<span class=sf-dump-str title=\"6 characters\">983.37</span>\"
      +\"<span class=sf-dump-public title=\"Runtime added dynamic property\">accrued</span>\": <span class=sf-dump-num>0</span>
    </samp>}
  </samp>]
  \"<span class=sf-dump-key>AMTZ_PAYMENT</span>\" => []
  \"<span class=sf-dump-key>REPAYMENT_TABLE</span>\" => []
  \"<span class=sf-dump-key>CURRENT_DUE</span>\" => {<a class=sf-dump-ref>#808</a><samp data-depth=2 class=sf-dump-compact>
    +\"<span class=sf-dump-public title=\"Runtime added dynamic property\">cur_date</span>\": \"<span class=sf-dump-str title=\"17 characters\">December 09, 2025</span>\"
    +\"<span class=sf-dump-public title=\"Runtime added dynamic property\">prin</span>\": \"<span class=sf-dump-str title=\"8 characters\">10000.00</span>\"
    +\"<span class=sf-dump-public title=\"Runtime added dynamic property\">interest</span>\": \"<span class=sf-dump-str title=\"7 characters\">1800.00</span>\"
    +\"<span class=sf-dump-public title=\"Runtime added dynamic property\">fees</span>\": \"<span class=sf-dump-str title=\"4 characters\">0.00</span>\"
    +\"<span class=sf-dump-public title=\"Runtime added dynamic property\">surcharge</span>\": \"<span class=sf-dump-str title=\"4 characters\">0.00</span>\"
  </samp>}
  \"<span class=sf-dump-key>TOTAL_DUE</span>\" => <span class=sf-dump-num>11800.0</span>
  \"<span class=sf-dump-key>repaymentCount</span>\" => <span class=sf-dump-num>12</span>
  \"<span class=sf-dump-key>LOAN_TABLE</span>\" => <span class=sf-dump-note>array:12</span> [<samp data-depth=2 class=sf-dump-compact>
    <span class=sf-dump-index>0</span> => <span class=sf-dump-note>array:12</span> [<samp data-depth=3 class=sf-dump-compact>
      \"<span class=sf-dump-key>count</span>\" => <span class=sf-dump-num>1</span>
      \"<span class=sf-dump-key>term_code</span>\" => \"<span class=sf-dump-str title=\"2 characters\">P1</span>\"
      \"<span class=sf-dump-key>repayment_amount</span>\" => \"<span class=sf-dump-str title=\"6 characters\">833.33</span>\"
      \"<span class=sf-dump-key>interest_amount</span>\" => \"<span class=sf-dump-str title=\"6 characters\">150.00</span>\"
      \"<span class=sf-dump-key>fees</span>\" => \"<span class=sf-dump-str title=\"4 characters\">0.00</span>\"
      \"<span class=sf-dump-key>total_due</span>\" => \"<span class=sf-dump-str title=\"6 characters\">983.33</span>\"
      \"<span class=sf-dump-key>due_date</span>\" => \"<span class=sf-dump-str title=\"10 characters\">08/30/2024</span>\"
      \"<span class=sf-dump-key>paid_amount</span>\" => \"<span class=sf-dump-str>0</span>\"
      \"<span class=sf-dump-key>is_paid</span>\" => <span class=sf-dump-num>0</span>
      \"<span class=sf-dump-key>status</span>\" => \"<span class=sf-dump-str>3</span>\"
      \"<span class=sf-dump-key>accrued</span>\" => <span class=sf-dump-num>0</span>
      \"<span class=sf-dump-key>remarks</span>\" => \"\"
    </samp>]
    <span class=sf-dump-index>1</span> => <span class=sf-dump-note>array:12</span> [<samp data-depth=3 class=sf-dump-compact>
      \"<span class=sf-dump-key>count</span>\" => <span class=sf-dump-num>2</span>
      \"<span class=sf-dump-key>term_code</span>\" => \"<span class=sf-dump-str title=\"2 characters\">P2</span>\"
      \"<span class=sf-dump-key>repayment_amount</span>\" => \"<span class=sf-dump-str title=\"6 characters\">833.33</span>\"
      \"<span class=sf-dump-key>interest_amount</span>\" => \"<span class=sf-dump-str title=\"6 characters\">150.00</span>\"
      \"<span class=sf-dump-key>fees</span>\" => \"<span class=sf-dump-str title=\"4 characters\">0.00</span>\"
      \"<span class=sf-dump-key>total_due</span>\" => \"<span class=sf-dump-str title=\"6 characters\">983.33</span>\"
      \"<span class=sf-dump-key>due_date</span>\" => \"<span class=sf-dump-str title=\"10 characters\">09/30/2024</span>\"
      \"<span class=sf-dump-key>paid_amount</span>\" => \"<span class=sf-dump-str>0</span>\"
      \"<span class=sf-dump-key>is_paid</span>\" => <span class=sf-dump-num>0</span>
      \"<span class=sf-dump-key>status</span>\" => \"<span class=sf-dump-str>3</span>\"
      \"<span class=sf-dump-key>accrued</span>\" => <span class=sf-dump-num>0</span>
      \"<span class=sf-dump-key>remarks</span>\" => \"\"
    </samp>]
    <span class=sf-dump-index>2</span> => <span class=sf-dump-note>array:12</span> [<samp data-depth=3 class=sf-dump-compact>
      \"<span class=sf-dump-key>count</span>\" => <span class=sf-dump-num>3</span>
      \"<span class=sf-dump-key>term_code</span>\" => \"<span class=sf-dump-str title=\"2 characters\">P3</span>\"
      \"<span class=sf-dump-key>repayment_amount</span>\" => \"<span class=sf-dump-str title=\"6 characters\">833.33</span>\"
      \"<span class=sf-dump-key>interest_amount</span>\" => \"<span class=sf-dump-str title=\"6 characters\">150.00</span>\"
      \"<span class=sf-dump-key>fees</span>\" => \"<span class=sf-dump-str title=\"4 characters\">0.00</span>\"
      \"<span class=sf-dump-key>total_due</span>\" => \"<span class=sf-dump-str title=\"6 characters\">983.33</span>\"
      \"<span class=sf-dump-key>due_date</span>\" => \"<span class=sf-dump-str title=\"10 characters\">10/30/2024</span>\"
      \"<span class=sf-dump-key>paid_amount</span>\" => \"<span class=sf-dump-str>0</span>\"
      \"<span class=sf-dump-key>is_paid</span>\" => <span class=sf-dump-num>0</span>
      \"<span class=sf-dump-key>status</span>\" => \"<span class=sf-dump-str>3</span>\"
      \"<span class=sf-dump-key>accrued</span>\" => <span class=sf-dump-num>0</span>
      \"<span class=sf-dump-key>remarks</span>\" => \"\"
    </samp>]
    <span class=sf-dump-index>3</span> => <span class=sf-dump-note>array:12</span> [<samp data-depth=3 class=sf-dump-compact>
      \"<span class=sf-dump-key>count</span>\" => <span class=sf-dump-num>4</span>
      \"<span class=sf-dump-key>term_code</span>\" => \"<span class=sf-dump-str title=\"2 characters\">P4</span>\"
      \"<span class=sf-dump-key>repayment_amount</span>\" => \"<span class=sf-dump-str title=\"6 characters\">833.33</span>\"
      \"<span class=sf-dump-key>interest_amount</span>\" => \"<span class=sf-dump-str title=\"6 characters\">150.00</span>\"
      \"<span class=sf-dump-key>fees</span>\" => \"<span class=sf-dump-str title=\"4 characters\">0.00</span>\"
      \"<span class=sf-dump-key>total_due</span>\" => \"<span class=sf-dump-str title=\"6 characters\">983.33</span>\"
      \"<span class=sf-dump-key>due_date</span>\" => \"<span class=sf-dump-str title=\"10 characters\">11/30/2024</span>\"
      \"<span class=sf-dump-key>paid_amount</span>\" => \"<span class=sf-dump-str>0</span>\"
      \"<span class=sf-dump-key>is_paid</span>\" => <span class=sf-dump-num>0</span>
      \"<span class=sf-dump-key>status</span>\" => \"<span class=sf-dump-str>3</span>\"
      \"<span class=sf-dump-key>accrued</span>\" => <span class=sf-dump-num>0</span>
      \"<span class=sf-dump-key>remarks</span>\" => \"\"
    </samp>]
    <span class=sf-dump-index>4</span> => <span class=sf-dump-note>array:12</span> [<samp data-depth=3 class=sf-dump-compact>
      \"<span class=sf-dump-key>count</span>\" => <span class=sf-dump-num>5</span>
      \"<span class=sf-dump-key>term_code</span>\" => \"<span class=sf-dump-str title=\"2 characters\">P5</span>\"
      \"<span class=sf-dump-key>repayment_amount</span>\" => \"<span class=sf-dump-str title=\"6 characters\">833.33</span>\"
      \"<span class=sf-dump-key>interest_amount</span>\" => \"<span class=sf-dump-str title=\"6 characters\">150.00</span>\"
      \"<span class=sf-dump-key>fees</span>\" => \"<span class=sf-dump-str title=\"4 characters\">0.00</span>\"
      \"<span class=sf-dump-key>total_due</span>\" => \"<span class=sf-dump-str title=\"6 characters\">983.33</span>\"
      \"<span class=sf-dump-key>due_date</span>\" => \"<span class=sf-dump-str title=\"10 characters\">12/30/2024</span>\"
      \"<span class=sf-dump-key>paid_amount</span>\" => \"<span class=sf-dump-str>0</span>\"
      \"<span class=sf-dump-key>is_paid</span>\" => <span class=sf-dump-num>0</span>
      \"<span class=sf-dump-key>status</span>\" => \"<span class=sf-dump-str>3</span>\"
      \"<span class=sf-dump-key>accrued</span>\" => <span class=sf-dump-num>0</span>
      \"<span class=sf-dump-key>remarks</span>\" => \"\"
    </samp>]
    <span class=sf-dump-index>5</span> => <span class=sf-dump-note>array:12</span> [<samp data-depth=3 class=sf-dump-compact>
      \"<span class=sf-dump-key>count</span>\" => <span class=sf-dump-num>6</span>
      \"<span class=sf-dump-key>term_code</span>\" => \"<span class=sf-dump-str title=\"2 characters\">P6</span>\"
      \"<span class=sf-dump-key>repayment_amount</span>\" => \"<span class=sf-dump-str title=\"6 characters\">833.33</span>\"
      \"<span class=sf-dump-key>interest_amount</span>\" => \"<span class=sf-dump-str title=\"6 characters\">150.00</span>\"
      \"<span class=sf-dump-key>fees</span>\" => \"<span class=sf-dump-str title=\"4 characters\">0.00</span>\"
      \"<span class=sf-dump-key>total_due</span>\" => \"<span class=sf-dump-str title=\"6 characters\">983.33</span>\"
      \"<span class=sf-dump-key>due_date</span>\" => \"<span class=sf-dump-str title=\"10 characters\">01/30/2025</span>\"
      \"<span class=sf-dump-key>paid_amount</span>\" => \"<span class=sf-dump-str>0</span>\"
      \"<span class=sf-dump-key>is_paid</span>\" => <span class=sf-dump-num>0</span>
      \"<span class=sf-dump-key>status</span>\" => \"<span class=sf-dump-str>3</span>\"
      \"<span class=sf-dump-key>accrued</span>\" => <span class=sf-dump-num>0</span>
      \"<span class=sf-dump-key>remarks</span>\" => \"\"
    </samp>]
    <span class=sf-dump-index>6</span> => <span class=sf-dump-note>array:12</span> [<samp data-depth=3 class=sf-dump-compact>
      \"<span class=sf-dump-key>count</span>\" => <span class=sf-dump-num>7</span>
      \"<span class=sf-dump-key>term_code</span>\" => \"<span class=sf-dump-str title=\"2 characters\">P7</span>\"
      \"<span class=sf-dump-key>repayment_amount</span>\" => \"<span class=sf-dump-str title=\"6 characters\">833.33</span>\"
      \"<span class=sf-dump-key>interest_amount</span>\" => \"<span class=sf-dump-str title=\"6 characters\">150.00</span>\"
      \"<span class=sf-dump-key>fees</span>\" => \"<span class=sf-dump-str title=\"4 characters\">0.00</span>\"
      \"<span class=sf-dump-key>total_due</span>\" => \"<span class=sf-dump-str title=\"6 characters\">983.33</span>\"
      \"<span class=sf-dump-key>due_date</span>\" => \"<span class=sf-dump-str title=\"10 characters\">02/28/2025</span>\"
      \"<span class=sf-dump-key>paid_amount</span>\" => \"<span class=sf-dump-str>0</span>\"
      \"<span class=sf-dump-key>is_paid</span>\" => <span class=sf-dump-num>0</span>
      \"<span class=sf-dump-key>status</span>\" => \"<span class=sf-dump-str>3</span>\"
      \"<span class=sf-dump-key>accrued</span>\" => <span class=sf-dump-num>0</span>
      \"<span class=sf-dump-key>remarks</span>\" => \"\"
    </samp>]
    <span class=sf-dump-index>7</span> => <span class=sf-dump-note>array:12</span> [<samp data-depth=3 class=sf-dump-compact>
      \"<span class=sf-dump-key>count</span>\" => <span class=sf-dump-num>8</span>
      \"<span class=sf-dump-key>term_code</span>\" => \"<span class=sf-dump-str title=\"2 characters\">P8</span>\"
      \"<span class=sf-dump-key>repayment_amount</span>\" => \"<span class=sf-dump-str title=\"6 characters\">833.33</span>\"
      \"<span class=sf-dump-key>interest_amount</span>\" => \"<span class=sf-dump-str title=\"6 characters\">150.00</span>\"
      \"<span class=sf-dump-key>fees</span>\" => \"<span class=sf-dump-str title=\"4 characters\">0.00</span>\"
      \"<span class=sf-dump-key>total_due</span>\" => \"<span class=sf-dump-str title=\"6 characters\">983.33</span>\"
      \"<span class=sf-dump-key>due_date</span>\" => \"<span class=sf-dump-str title=\"10 characters\">03/30/2025</span>\"
      \"<span class=sf-dump-key>paid_amount</span>\" => \"<span class=sf-dump-str>0</span>\"
      \"<span class=sf-dump-key>is_paid</span>\" => <span class=sf-dump-num>0</span>
      \"<span class=sf-dump-key>status</span>\" => \"<span class=sf-dump-str>3</span>\"
      \"<span class=sf-dump-key>accrued</span>\" => <span class=sf-dump-num>0</span>
      \"<span class=sf-dump-key>remarks</span>\" => \"\"
    </samp>]
    <span class=sf-dump-index>8</span> => <span class=sf-dump-note>array:12</span> [<samp data-depth=3 class=sf-dump-compact>
      \"<span class=sf-dump-key>count</span>\" => <span class=sf-dump-num>9</span>
      \"<span class=sf-dump-key>term_code</span>\" => \"<span class=sf-dump-str title=\"2 characters\">P9</span>\"
      \"<span class=sf-dump-key>repayment_amount</span>\" => \"<span class=sf-dump-str title=\"6 characters\">833.33</span>\"
      \"<span class=sf-dump-key>interest_amount</span>\" => \"<span class=sf-dump-str title=\"6 characters\">150.00</span>\"
      \"<span class=sf-dump-key>fees</span>\" => \"<span class=sf-dump-str title=\"4 characters\">0.00</span>\"
      \"<span class=sf-dump-key>total_due</span>\" => \"<span class=sf-dump-str title=\"6 characters\">983.33</span>\"
      \"<span class=sf-dump-key>due_date</span>\" => \"<span class=sf-dump-str title=\"10 characters\">04/30/2025</span>\"
      \"<span class=sf-dump-key>paid_amount</span>\" => \"<span class=sf-dump-str>0</span>\"
      \"<span class=sf-dump-key>is_paid</span>\" => <span class=sf-dump-num>0</span>
      \"<span class=sf-dump-key>status</span>\" => \"<span class=sf-dump-str>3</span>\"
      \"<span class=sf-dump-key>accrued</span>\" => <span class=sf-dump-num>0</span>
      \"<span class=sf-dump-key>remarks</span>\" => \"\"
    </samp>]
    <span class=sf-dump-index>9</span> => <span class=sf-dump-note>array:12</span> [<samp data-depth=3 class=sf-dump-compact>
      \"<span class=sf-dump-key>count</span>\" => <span class=sf-dump-num>10</span>
      \"<span class=sf-dump-key>term_code</span>\" => \"<span class=sf-dump-str title=\"3 characters\">P10</span>\"
      \"<span class=sf-dump-key>repayment_amount</span>\" => \"<span class=sf-dump-str title=\"6 characters\">833.33</span>\"
      \"<span class=sf-dump-key>interest_amount</span>\" => \"<span class=sf-dump-str title=\"6 characters\">150.00</span>\"
      \"<span class=sf-dump-key>fees</span>\" => \"<span class=sf-dump-str title=\"4 characters\">0.00</span>\"
      \"<span class=sf-dump-key>total_due</span>\" => \"<span class=sf-dump-str title=\"6 characters\">983.33</span>\"
      \"<span class=sf-dump-key>due_date</span>\" => \"<span class=sf-dump-str title=\"10 characters\">05/30/2025</span>\"
      \"<span class=sf-dump-key>paid_amount</span>\" => \"<span class=sf-dump-str>0</span>\"
      \"<span class=sf-dump-key>is_paid</span>\" => <span class=sf-dump-num>0</span>
      \"<span class=sf-dump-key>status</span>\" => \"<span class=sf-dump-str>3</span>\"
      \"<span class=sf-dump-key>accrued</span>\" => <span class=sf-dump-num>0</span>
      \"<span class=sf-dump-key>remarks</span>\" => \"\"
    </samp>]
    <span class=sf-dump-index>10</span> => <span class=sf-dump-note>array:12</span> [<samp data-depth=3 class=sf-dump-compact>
      \"<span class=sf-dump-key>count</span>\" => <span class=sf-dump-num>11</span>
      \"<span class=sf-dump-key>term_code</span>\" => \"<span class=sf-dump-str title=\"3 characters\">P11</span>\"
      \"<span class=sf-dump-key>repayment_amount</span>\" => \"<span class=sf-dump-str title=\"6 characters\">833.33</span>\"
      \"<span class=sf-dump-key>interest_amount</span>\" => \"<span class=sf-dump-str title=\"6 characters\">150.00</span>\"
      \"<span class=sf-dump-key>fees</span>\" => \"<span class=sf-dump-str title=\"4 characters\">0.00</span>\"
      \"<span class=sf-dump-key>total_due</span>\" => \"<span class=sf-dump-str title=\"6 characters\">983.33</span>\"
      \"<span class=sf-dump-key>due_date</span>\" => \"<span class=sf-dump-str title=\"10 characters\">06/30/2025</span>\"
      \"<span class=sf-dump-key>paid_amount</span>\" => \"<span class=sf-dump-str>0</span>\"
      \"<span class=sf-dump-key>is_paid</span>\" => <span class=sf-dump-num>0</span>
      \"<span class=sf-dump-key>status</span>\" => \"<span class=sf-dump-str>3</span>\"
      \"<span class=sf-dump-key>accrued</span>\" => <span class=sf-dump-num>0</span>
      \"<span class=sf-dump-key>remarks</span>\" => \"\"
    </samp>]
    <span class=sf-dump-index>11</span> => <span class=sf-dump-note>array:12</span> [<samp data-depth=3 class=sf-dump-compact>
      \"<span class=sf-dump-key>count</span>\" => <span class=sf-dump-num>12</span>
      \"<span class=sf-dump-key>term_code</span>\" => \"<span class=sf-dump-str title=\"3 characters\">P12</span>\"
      \"<span class=sf-dump-key>repayment_amount</span>\" => \"<span class=sf-dump-str title=\"6 characters\">833.37</span>\"
      \"<span class=sf-dump-key>interest_amount</span>\" => \"<span class=sf-dump-str title=\"6 characters\">150.00</span>\"
      \"<span class=sf-dump-key>fees</span>\" => \"<span class=sf-dump-str title=\"4 characters\">0.00</span>\"
      \"<span class=sf-dump-key>total_due</span>\" => \"<span class=sf-dump-str title=\"6 characters\">983.37</span>\"
      \"<span class=sf-dump-key>due_date</span>\" => \"<span class=sf-dump-str title=\"10 characters\">07/30/2025</span>\"
      \"<span class=sf-dump-key>paid_amount</span>\" => \"<span class=sf-dump-str>0</span>\"
      \"<span class=sf-dump-key>is_paid</span>\" => <span class=sf-dump-num>0</span>
      \"<span class=sf-dump-key>status</span>\" => \"<span class=sf-dump-str>3</span>\"
      \"<span class=sf-dump-key>accrued</span>\" => <span class=sf-dump-num>0</span>
      \"<span class=sf-dump-key>remarks</span>\" => \"\"
    </samp>]
  </samp>]
  \"<span class=sf-dump-key>TOTAL_INTEREST</span>\" => <span class=sf-dump-num>1800.0</span>
  \"<span class=sf-dump-key>TOTAL_AMOUNT_DUE</span>\" => <span class=sf-dump-num>11800.0</span>
  \"<span class=sf-dump-key>TOTAL_PAID_AMOUNT</span>\" => <span class=sf-dump-num>0</span>
  \"<span class=sf-dump-key>CURRENT_LOAN_BALANCE</span>\" => <span class=sf-dump-num>11800.0</span>
</samp>]
</pre><script>Sfdump(\"sf-dump-358545775\", {\"maxDepth\":3,\"maxStringLength\":160})</script>
","for_approval":"<pre class=sf-dump id=sf-dump-1804609825 data-indent-pad=\"  \"><span class=sf-dump-const>false</span>
</pre><script>Sfdump(\"sf-dump-1804609825\", {\"maxDepth\":3,\"maxStringLength\":160})</script>
","show_repayment":"<pre class=sf-dump id=sf-dump-292007557 data-indent-pad=\"  \"><span class=sf-dump-const>true</span>
</pre><script>Sfdump(\"sf-dump-292007557\", {\"maxDepth\":3,\"maxStringLength\":160})</script>
","INVALID_APPLICATION":"<pre class=sf-dump id=sf-dump-849453550 data-indent-pad=\"  \"><span class=sf-dump-const>false</span>
</pre><script>Sfdump(\"sf-dump-849453550\", {\"maxDepth\":3,\"maxStringLength\":160})</script>
","ERROR_MESSAGE":"<pre class=sf-dump id=sf-dump-1289736145 data-indent-pad=\"  \">[]
</pre><script>Sfdump(\"sf-dump-1289736145\", {\"maxDepth\":3,\"maxStringLength\":160})</script>
","CBU":"<pre class=sf-dump id=sf-dump-815851405 data-indent-pad=\"  \"><span class=sf-dump-note>array:2</span> [<samp data-depth=1 class=sf-dump-expanded>
  \"<span class=sf-dump-key>is_capital_buildup_valid</span>\" => <span class=sf-dump-const>true</span>
  \"<span class=sf-dump-key>difference</span>\" => <span class=sf-dump-num>0</span>
</samp>]
</pre><script>Sfdump(\"sf-dump-815851405\", {\"maxDepth\":3,\"maxStringLength\":160})</script>
","ACCOUNT_CBU":"<pre class=sf-dump id=sf-dump-1489636167 data-indent-pad=\"  \">\"<span class=sf-dump-str title=\"8 characters\">11762.96</span>\"
</pre><script>Sfdump(\"sf-dump-1489636167\", {\"maxDepth\":3,\"maxStringLength\":160})</script>
","net_pays":"<pre class=sf-dump id=sf-dump-1635485742 data-indent-pad=\"  \"><span class=sf-dump-note>Illuminate\\Support\\Collection</span> {<a class=sf-dump-ref>#788</a><samp data-depth=1 class=sf-dump-expanded>
  #<span class=sf-dump-protected title=\"Protected property\">items</span>: []
  #<span class=sf-dump-protected title=\"Protected property\">escapeWhenCastingToString</span>: <span class=sf-dump-const>false</span>
</samp>}
</pre><script>Sfdump(\"sf-dump-1635485742\", {\"maxDepth\":3,\"maxStringLength\":160})</script>
","comakers":"<pre class=sf-dump id=sf-dump-447108769 data-indent-pad=\"  \"><span class=sf-dump-note>Illuminate\\Support\\Collection</span> {<a class=sf-dump-ref>#803</a><samp data-depth=1 class=sf-dump-expanded>
  #<span class=sf-dump-protected title=\"Protected property\">items</span>: []
  #<span class=sf-dump-protected title=\"Protected property\">escapeWhenCastingToString</span>: <span class=sf-dump-const>false</span>
</samp>}
</pre><script>Sfdump(\"sf-dump-447108769\", {\"maxDepth\":3,\"maxStringLength\":160})</script>
","other_lendings":"<pre class=sf-dump id=sf-dump-833596113 data-indent-pad=\"  \"><span class=sf-dump-note>Illuminate\\Support\\Collection</span> {<a class=sf-dump-ref>#820</a><samp data-depth=1 class=sf-dump-expanded>
  #<span class=sf-dump-protected title=\"Protected property\">items</span>: []
  #<span class=sf-dump-protected title=\"Protected property\">escapeWhenCastingToString</span>: <span class=sf-dump-const>false</span>
</samp>}
</pre><script>Sfdump(\"sf-dump-833596113\", {\"maxDepth\":3,\"maxStringLength\":160})</script>
","isAdmin":"<pre class=sf-dump id=sf-dump-137408095 data-indent-pad=\"  \"><span class=sf-dump-num>1</span>
</pre><script>Sfdump(\"sf-dump-137408095\", {\"maxDepth\":3,\"maxStringLength\":160})</script>
","loan_app_type":"<pre class=sf-dump id=sf-dump-720425876 data-indent-pad=\"  \"><span class=sf-dump-note>array:2</span> [<samp data-depth=1 class=sf-dump-expanded>
  <span class=sf-dump-key>1</span> => \"<span class=sf-dump-str title=\"8 characters\">New Loan</span>\"
  <span class=sf-dump-key>2</span> => \"<span class=sf-dump-str title=\"7 characters\">Renewal</span>\"
</samp>]
</pre><script>Sfdump(\"sf-dump-720425876\", {\"maxDepth\":3,\"maxStringLength\":160})</script>
","status_badge":"<pre class=sf-dump id=sf-dump-1295575695 data-indent-pad=\"  \"><span class=sf-dump-note>array:7</span> [<samp data-depth=1 class=sf-dump-expanded>
  <span class=sf-dump-index>0</span> => \"<span class=sf-dump-str title=\"4 characters\">info</span>\"
  <span class=sf-dump-index>1</span> => \"<span class=sf-dump-str title=\"7 characters\">primary</span>\"
  <span class=sf-dump-index>2</span> => \"<span class=sf-dump-str title=\"7 characters\">success</span>\"
  <span class=sf-dump-index>3</span> => \"<span class=sf-dump-str title=\"7 characters\">success</span>\"
  <span class=sf-dump-index>4</span> => \"<span class=sf-dump-str title=\"6 characters\">danger</span>\"
  <span class=sf-dump-index>5</span> => \"<span class=sf-dump-str title=\"6 characters\">danger</span>\"
  <span class=sf-dump-index>6</span> => \"<span class=sf-dump-str title=\"7 characters\">primary</span>\"
</samp>]
</pre><script>Sfdump(\"sf-dump-1295575695\", {\"maxDepth\":3,\"maxStringLength\":160})</script>
","back_link":"<pre class=sf-dump id=sf-dump-1850658271 data-indent-pad=\"  \">\"<span class=sf-dump-str title=\"5 characters\">/loan</span>\"
</pre><script>Sfdump(\"sf-dump-1850658271\", {\"maxDepth\":3,\"maxStringLength\":160})</script>
","lt_max_index":"<pre class=sf-dump id=sf-dump-259685728 data-indent-pad=\"  \"><span class=sf-dump-num>11</span>
</pre><script>Sfdump(\"sf-dump-259685728\", {\"maxDepth\":3,\"maxStringLength\":160})</script>
","month_duration":"<pre class=sf-dump id=sf-dump-1188247075 data-indent-pad=\"  \"><span class=sf-dump-num>1</span>
</pre><script>Sfdump(\"sf-dump-1188247075\", {\"maxDepth\":3,\"maxStringLength\":160})</script>
","__currentLoopData":"<pre class=sf-dump id=sf-dump-827352689 data-indent-pad=\"  \">[]
</pre><script>Sfdump(\"sf-dump-827352689\", {\"maxDepth\":3,\"maxStringLength\":160})</script>
","loop":"<pre class=sf-dump id=sf-dump-1242828973 data-indent-pad=\"  \"><span class=sf-dump-const>null</span>
</pre><script>Sfdump(\"sf-dump-1242828973\", {\"maxDepth\":3,\"maxStringLength\":160})</script>
"}},"exception":"[object] (Spatie\\LaravelIgnition\\Exceptions\\ViewException(code: 0): Attempt to read property \"principal_balance\" on string at C:\\wamp64\\www\\maasin_live_act\\resources\\views\\loan\\repayment_table.blade.php:107)
[stacktrace]
#0 C:\\wamp64\\www\\maasin_live_act\\vendor\\laravel\\framework\\src\\Illuminate\\Filesystem\\Filesystem.php(123): require('C:\\\\wamp64\\\\www\\\\m...')
#1 C:\\wamp64\\www\\maasin_live_act\\vendor\\laravel\\framework\\src\\Illuminate\\Filesystem\\Filesystem.php(124): Illuminate\\Filesystem\\Filesystem::{closure:Illuminate\\Filesystem\\Filesystem::getRequire():120}()
#2 C:\\wamp64\\www\\maasin_live_act\\vendor\\laravel\\framework\\src\\Illuminate\\View\\Engines\\PhpEngine.php(58): Illuminate\\Filesystem\\Filesystem->getRequire('C:\\\\wamp64\\\\www\\\\m...', Array)
#3 C:\\wamp64\\www\\maasin_live_act\\vendor\\laravel\\framework\\src\\Illuminate\\View\\Engines\\CompilerEngine.php(72): Illuminate\\View\\Engines\\PhpEngine->evaluatePath('C:\\\\wamp64\\\\www\\\\m...', Array)
#4 C:\\wamp64\\www\\maasin_live_act\\vendor\\laravel\\framework\\src\\Illuminate\\View\\View.php(207): Illuminate\\View\\Engines\\CompilerEngine->get('C:\\\\wamp64\\\\www\\\\m...', Array)
#5 C:\\wamp64\\www\\maasin_live_act\\vendor\\laravel\\framework\\src\\Illuminate\\View\\View.php(190): Illuminate\\View\\View->getContents()
#6 C:\\wamp64\\www\\maasin_live_act\\vendor\\laravel\\framework\\src\\Illuminate\\View\\View.php(159): Illuminate\\View\\View->renderContents()
#7 C:\\wamp64\\www\\maasin_live_act\\resources\\views\\loan\\loan_table.blade.php(346): Illuminate\\View\\View->render()
#8 C:\\wamp64\\www\\maasin_live_act\\vendor\\laravel\\framework\\src\\Illuminate\\Filesystem\\Filesystem.php(123): require('C:\\\\wamp64\\\\www\\\\m...')
#9 C:\\wamp64\\www\\maasin_live_act\\vendor\\laravel\\framework\\src\\Illuminate\\Filesystem\\Filesystem.php(124): Illuminate\\Filesystem\\Filesystem::{closure:Illuminate\\Filesystem\\Filesystem::getRequire():120}()
#10 C:\\wamp64\\www\\maasin_live_act\\vendor\\laravel\\framework\\src\\Illuminate\\View\\Engines\\PhpEngine.php(58): Illuminate\\Filesystem\\Filesystem->getRequire('C:\\\\wamp64\\\\www\\\\m...', Array)
#11 C:\\wamp64\\www\\maasin_live_act\\vendor\\laravel\\framework\\src\\Illuminate\\View\\Engines\\CompilerEngine.php(72): Illuminate\\View\\Engines\\PhpEngine->evaluatePath('C:\\\\wamp64\\\\www\\\\m...', Array)
#12 C:\\wamp64\\www\\maasin_live_act\\vendor\\laravel\\framework\\src\\Illuminate\\View\\View.php(207): Illuminate\\View\\Engines\\CompilerEngine->get('C:\\\\wamp64\\\\www\\\\m...', Array)
#13 C:\\wamp64\\www\\maasin_live_act\\vendor\\laravel\\framework\\src\\Illuminate\\View\\View.php(190): Illuminate\\View\\View->getContents()
#14 C:\\wamp64\\www\\maasin_live_act\\vendor\\laravel\\framework\\src\\Illuminate\\View\\View.php(159): Illuminate\\View\\View->renderContents()
#15 C:\\wamp64\\www\\maasin_live_act\\resources\\views\\loan\\loan_form_display.blade.php(155): Illuminate\\View\\View->render()
#16 C:\\wamp64\\www\\maasin_live_act\\vendor\\laravel\\framework\\src\\Illuminate\\Filesystem\\Filesystem.php(123): require('C:\\\\wamp64\\\\www\\\\m...')
#17 C:\\wamp64\\www\\maasin_live_act\\vendor\\laravel\\framework\\src\\Illuminate\\Filesystem\\Filesystem.php(124): Illuminate\\Filesystem\\Filesystem::{closure:Illuminate\\Filesystem\\Filesystem::getRequire():120}()
#18 C:\\wamp64\\www\\maasin_live_act\\vendor\\laravel\\framework\\src\\Illuminate\\View\\Engines\\PhpEngine.php(58): Illuminate\\Filesystem\\Filesystem->getRequire('C:\\\\wamp64\\\\www\\\\m...', Array)
#19 C:\\wamp64\\www\\maasin_live_act\\vendor\\laravel\\framework\\src\\Illuminate\\View\\Engines\\CompilerEngine.php(72): Illuminate\\View\\Engines\\PhpEngine->evaluatePath('C:\\\\wamp64\\\\www\\\\m...', Array)
#20 C:\\wamp64\\www\\maasin_live_act\\vendor\\laravel\\framework\\src\\Illuminate\\View\\View.php(207): Illuminate\\View\\Engines\\CompilerEngine->get('C:\\\\wamp64\\\\www\\\\m...', Array)
#21 C:\\wamp64\\www\\maasin_live_act\\vendor\\laravel\\framework\\src\\Illuminate\\View\\View.php(190): Illuminate\\View\\View->getContents()
#22 C:\\wamp64\\www\\maasin_live_act\\vendor\\laravel\\framework\\src\\Illuminate\\View\\View.php(159): Illuminate\\View\\View->renderContents()
#23 C:\\wamp64\\www\\maasin_live_act\\vendor\\laravel\\framework\\src\\Illuminate\\Http\\Response.php(69): Illuminate\\View\\View->render()
#24 C:\\wamp64\\www\\maasin_live_act\\vendor\\laravel\\framework\\src\\Illuminate\\Http\\Response.php(35): Illuminate\\Http\\Response->setContent(Object(Illuminate\\View\\View))
#25 C:\\wamp64\\www\\maasin_live_act\\vendor\\laravel\\framework\\src\\Illuminate\\Routing\\Router.php(918): Illuminate\\Http\\Response->__construct(Object(Illuminate\\View\\View), 200, Array)
#26 C:\\wamp64\\www\\maasin_live_act\\vendor\\laravel\\framework\\src\\Illuminate\\Routing\\Router.php(885): Illuminate\\Routing\\Router::toResponse(Object(Illuminate\\Http\\Request), Object(Illuminate\\View\\View))
#27 C:\\wamp64\\www\\maasin_live_act\\vendor\\laravel\\framework\\src\\Illuminate\\Routing\\Router.php(805): Illuminate\\Routing\\Router->prepareResponse(Object(Illuminate\\Http\\Request), Object(Illuminate\\View\\View))
#28 C:\\wamp64\\www\\maasin_live_act\\vendor\\laravel\\framework\\src\\Illuminate\\Pipeline\\Pipeline.php(144): Illuminate\\Routing\\Router->{closure:Illuminate\\Routing\\Router::runRouteWithinStack():805}(Object(Illuminate\\Http\\Request))
#29 C:\\wamp64\\www\\maasin_live_act\\app\\Http\\Middleware\\SessionExpired.php(48): Illuminate\\Pipeline\\Pipeline->{closure:Illuminate\\Pipeline\\Pipeline::prepareDestination():142}(Object(Illuminate\\Http\\Request))
#30 C:\\wamp64\\www\\maasin_live_act\\vendor\\laravel\\framework\\src\\Illuminate\\Pipeline\\Pipeline.php(183): App\\Http\\Middleware\\SessionExpired->handle(Object(Illuminate\\Http\\Request), Object(Closure))
#31 C:\\wamp64\\www\\maasin_live_act\\vendor\\laravel\\framework\\src\\Illuminate\\Routing\\Middleware\\SubstituteBindings.php(50): Illuminate\\Pipeline\\Pipeline->{closure:{closure:Illuminate\\Pipeline\\Pipeline::carry():158}:159}(Object(Illuminate\\Http\\Request))
#32 C:\\wamp64\\www\\maasin_live_act\\vendor\\laravel\\framework\\src\\Illuminate\\Pipeline\\Pipeline.php(183): Illuminate\\Routing\\Middleware\\SubstituteBindings->handle(Object(Illuminate\\Http\\Request), Object(Closure))
#33 C:\\wamp64\\www\\maasin_live_act\\vendor\\laravel\\framework\\src\\Illuminate\\Foundation\\Http\\Middleware\\VerifyCsrfToken.php(78): Illuminate\\Pipeline\\Pipeline->{closure:{closure:Illuminate\\Pipeline\\Pipeline::carry():158}:159}(Object(Illuminate\\Http\\Request))
#34 C:\\wamp64\\www\\maasin_live_act\\vendor\\laravel\\framework\\src\\Illuminate\\Pipeline\\Pipeline.php(183): Illuminate\\Foundation\\Http\\Middleware\\VerifyCsrfToken->handle(Object(Illuminate\\Http\\Request), Object(Closure))
#35 C:\\wamp64\\www\\maasin_live_act\\vendor\\laravel\\framework\\src\\Illuminate\\View\\Middleware\\ShareErrorsFromSession.php(49): Illuminate\\Pipeline\\Pipeline->{closure:{closure:Illuminate\\Pipeline\\Pipeline::carry():158}:159}(Object(Illuminate\\Http\\Request))
#36 C:\\wamp64\\www\\maasin_live_act\\vendor\\laravel\\framework\\src\\Illuminate\\Pipeline\\Pipeline.php(183): Illuminate\\View\\Middleware\\ShareErrorsFromSession->handle(Object(Illuminate\\Http\\Request), Object(Closure))
#37 C:\\wamp64\\www\\maasin_live_act\\vendor\\laravel\\framework\\src\\Illuminate\\Session\\Middleware\\StartSession.php(121): Illuminate\\Pipeline\\Pipeline->{closure:{closure:Illuminate\\Pipeline\\Pipeline::carry():158}:159}(Object(Illuminate\\Http\\Request))
#38 C:\\wamp64\\www\\maasin_live_act\\vendor\\laravel\\framework\\src\\Illuminate\\Session\\Middleware\\StartSession.php(64): Illuminate\\Session\\Middleware\\StartSession->handleStatefulRequest(Object(Illuminate\\Http\\Request), Object(Illuminate\\Session\\Store), Object(Closure))
#39 C:\\wamp64\\www\\maasin_live_act\\vendor\\laravel\\framework\\src\\Illuminate\\Pipeline\\Pipeline.php(183): Illuminate\\Session\\Middleware\\StartSession->handle(Object(Illuminate\\Http\\Request), Object(Closure))
#40 C:\\wamp64\\www\\maasin_live_act\\vendor\\laravel\\framework\\src\\Illuminate\\Cookie\\Middleware\\AddQueuedCookiesToResponse.php(37): Illuminate\\Pipeline\\Pipeline->{closure:{closure:Illuminate\\Pipeline\\Pipeline::carry():158}:159}(Object(Illuminate\\Http\\Request))
#41 C:\\wamp64\\www\\maasin_live_act\\vendor\\laravel\\framework\\src\\Illuminate\\Pipeline\\Pipeline.php(183): Illuminate\\Cookie\\Middleware\\AddQueuedCookiesToResponse->handle(Object(Illuminate\\Http\\Request), Object(Closure))
#42 C:\\wamp64\\www\\maasin_live_act\\vendor\\laravel\\framework\\src\\Illuminate\\Cookie\\Middleware\\EncryptCookies.php(67): Illuminate\\Pipeline\\Pipeline->{closure:{closure:Illuminate\\Pipeline\\Pipeline::carry():158}:159}(Object(Illuminate\\Http\\Request))
#43 C:\\wamp64\\www\\maasin_live_act\\vendor\\laravel\\framework\\src\\Illuminate\\Pipeline\\Pipeline.php(183): Illuminate\\Cookie\\Middleware\\EncryptCookies->handle(Object(Illuminate\\Http\\Request), Object(Closure))
#44 C:\\wamp64\\www\\maasin_live_act\\vendor\\laravel\\framework\\src\\Illuminate\\Pipeline\\Pipeline.php(119): Illuminate\\Pipeline\\Pipeline->{closure:{closure:Illuminate\\Pipeline\\Pipeline::carry():158}:159}(Object(Illuminate\\Http\\Request))
#45 C:\\wamp64\\www\\maasin_live_act\\vendor\\laravel\\framework\\src\\Illuminate\\Routing\\Router.php(805): Illuminate\\Pipeline\\Pipeline->then(Object(Closure))
#46 C:\\wamp64\\www\\maasin_live_act\\vendor\\laravel\\framework\\src\\Illuminate\\Routing\\Router.php(784): Illuminate\\Routing\\Router->runRouteWithinStack(Object(Illuminate\\Routing\\Route), Object(Illuminate\\Http\\Request))
#47 C:\\wamp64\\www\\maasin_live_act\\vendor\\laravel\\framework\\src\\Illuminate\\Routing\\Router.php(748): Illuminate\\Routing\\Router->runRoute(Object(Illuminate\\Http\\Request), Object(Illuminate\\Routing\\Route))
#48 C:\\wamp64\\www\\maasin_live_act\\vendor\\laravel\\framework\\src\\Illuminate\\Routing\\Router.php(737): Illuminate\\Routing\\Router->dispatchToRoute(Object(Illuminate\\Http\\Request))
#49 C:\\wamp64\\www\\maasin_live_act\\vendor\\laravel\\framework\\src\\Illuminate\\Foundation\\Http\\Kernel.php(200): Illuminate\\Routing\\Router->dispatch(Object(Illuminate\\Http\\Request))
#50 C:\\wamp64\\www\\maasin_live_act\\vendor\\laravel\\framework\\src\\Illuminate\\Pipeline\\Pipeline.php(144): Illuminate\\Foundation\\Http\\Kernel->{closure:Illuminate\\Foundation\\Http\\Kernel::dispatchToRouter():197}(Object(Illuminate\\Http\\Request))
#51 C:\\wamp64\\www\\maasin_live_act\\vendor\\laravel\\framework\\src\\Illuminate\\Foundation\\Http\\Middleware\\TransformsRequest.php(21): Illuminate\\Pipeline\\Pipeline->{closure:Illuminate\\Pipeline\\Pipeline::prepareDestination():142}(Object(Illuminate\\Http\\Request))
#52 C:\\wamp64\\www\\maasin_live_act\\vendor\\laravel\\framework\\src\\Illuminate\\Foundation\\Http\\Middleware\\ConvertEmptyStringsToNull.php(31): Illuminate\\Foundation\\Http\\Middleware\\TransformsRequest->handle(Object(Illuminate\\Http\\Request), Object(Closure))
#53 C:\\wamp64\\www\\maasin_live_act\\vendor\\laravel\\framework\\src\\Illuminate\\Pipeline\\Pipeline.php(183): Illuminate\\Foundation\\Http\\Middleware\\ConvertEmptyStringsToNull->handle(Object(Illuminate\\Http\\Request), Object(Closure))
#54 C:\\wamp64\\www\\maasin_live_act\\vendor\\laravel\\framework\\src\\Illuminate\\Foundation\\Http\\Middleware\\TransformsRequest.php(21): Illuminate\\Pipeline\\Pipeline->{closure:{closure:Illuminate\\Pipeline\\Pipeline::carry():158}:159}(Object(Illuminate\\Http\\Request))
#55 C:\\wamp64\\www\\maasin_live_act\\vendor\\laravel\\framework\\src\\Illuminate\\Foundation\\Http\\Middleware\\TrimStrings.php(40): Illuminate\\Foundation\\Http\\Middleware\\TransformsRequest->handle(Object(Illuminate\\Http\\Request), Object(Closure))
#56 C:\\wamp64\\www\\maasin_live_act\\vendor\\laravel\\framework\\src\\Illuminate\\Pipeline\\Pipeline.php(183): Illuminate\\Foundation\\Http\\Middleware\\TrimStrings->handle(Object(Illuminate\\Http\\Request), Object(Closure))
#57 C:\\wamp64\\www\\maasin_live_act\\vendor\\laravel\\framework\\src\\Illuminate\\Foundation\\Http\\Middleware\\ValidatePostSize.php(27): Illuminate\\Pipeline\\Pipeline->{closure:{closure:Illuminate\\Pipeline\\Pipeline::carry():158}:159}(Object(Illuminate\\Http\\Request))
#58 C:\\wamp64\\www\\maasin_live_act\\vendor\\laravel\\framework\\src\\Illuminate\\Pipeline\\Pipeline.php(183): Illuminate\\Foundation\\Http\\Middleware\\ValidatePostSize->handle(Object(Illuminate\\Http\\Request), Object(Closure))
#59 C:\\wamp64\\www\\maasin_live_act\\vendor\\laravel\\framework\\src\\Illuminate\\Foundation\\Http\\Middleware\\PreventRequestsDuringMaintenance.php(99): Illuminate\\Pipeline\\Pipeline->{closure:{closure:Illuminate\\Pipeline\\Pipeline::carry():158}:159}(Object(Illuminate\\Http\\Request))
#60 C:\\wamp64\\www\\maasin_live_act\\vendor\\laravel\\framework\\src\\Illuminate\\Pipeline\\Pipeline.php(183): Illuminate\\Foundation\\Http\\Middleware\\PreventRequestsDuringMaintenance->handle(Object(Illuminate\\Http\\Request), Object(Closure))
#61 C:\\wamp64\\www\\maasin_live_act\\vendor\\laravel\\framework\\src\\Illuminate\\Http\\Middleware\\TrustProxies.php(39): Illuminate\\Pipeline\\Pipeline->{closure:{closure:Illuminate\\Pipeline\\Pipeline::carry():158}:159}(Object(Illuminate\\Http\\Request))
#62 C:\\wamp64\\www\\maasin_live_act\\vendor\\laravel\\framework\\src\\Illuminate\\Pipeline\\Pipeline.php(183): Illuminate\\Http\\Middleware\\TrustProxies->handle(Object(Illuminate\\Http\\Request), Object(Closure))
#63 C:\\wamp64\\www\\maasin_live_act\\vendor\\laravel\\framework\\src\\Illuminate\\Pipeline\\Pipeline.php(119): Illuminate\\Pipeline\\Pipeline->{closure:{closure:Illuminate\\Pipeline\\Pipeline::carry():158}:159}(Object(Illuminate\\Http\\Request))
#64 C:\\wamp64\\www\\maasin_live_act\\vendor\\laravel\\framework\\src\\Illuminate\\Foundation\\Http\\Kernel.php(175): Illuminate\\Pipeline\\Pipeline->then(Object(Closure))
#65 C:\\wamp64\\www\\maasin_live_act\\vendor\\laravel\\framework\\src\\Illuminate\\Foundation\\Http\\Kernel.php(144): Illuminate\\Foundation\\Http\\Kernel->sendRequestThroughRouter(Object(Illuminate\\Http\\Request))
#66 C:\\wamp64\\www\\maasin_live_act\\public\\index.php(54): Illuminate\\Foundation\\Http\\Kernel->handle(Object(Illuminate\\Http\\Request))
#67 {main}

[previous exception] [object] (ErrorException(code: 0): Attempt to read property \"principal_balance\" on string at C:\\wamp64\\www\\maasin_live_act\\storage\\framework\\views\\422c6115bf2f00a70f8a21ce48423398.php:107)
[stacktrace]
#0 C:\\wamp64\\www\\maasin_live_act\\vendor\\laravel\\framework\\src\\Illuminate\\Foundation\\Bootstrap\\HandleExceptions.php(255): Illuminate\\Foundation\\Bootstrap\\HandleExceptions->handleError(2, 'Attempt to read...', 'C:\\\\wamp64\\\\www\\\\m...', 107)
#1 C:\\wamp64\\www\\maasin_live_act\\storage\\framework\\views\\422c6115bf2f00a70f8a21ce48423398.php(107): Illuminate\\Foundation\\Bootstrap\\HandleExceptions->{closure:Illuminate\\Foundation\\Bootstrap\\HandleExceptions::forwardsTo():254}(2, 'Attempt to read...', 'C:\\\\wamp64\\\\www\\\\m...', 107)
#2 C:\\wamp64\\www\\maasin_live_act\\vendor\\laravel\\framework\\src\\Illuminate\\Filesystem\\Filesystem.php(123): require('C:\\\\wamp64\\\\www\\\\m...')
#3 C:\\wamp64\\www\\maasin_live_act\\vendor\\laravel\\framework\\src\\Illuminate\\Filesystem\\Filesystem.php(124): Illuminate\\Filesystem\\Filesystem::{closure:Illuminate\\Filesystem\\Filesystem::getRequire():120}()
#4 C:\\wamp64\\www\\maasin_live_act\\vendor\\laravel\\framework\\src\\Illuminate\\View\\Engines\\PhpEngine.php(58): Illuminate\\Filesystem\\Filesystem->getRequire('C:\\\\wamp64\\\\www\\\\m...', Array)
#5 C:\\wamp64\\www\\maasin_live_act\\vendor\\laravel\\framework\\src\\Illuminate\\View\\Engines\\CompilerEngine.php(72): Illuminate\\View\\Engines\\PhpEngine->evaluatePath('C:\\\\wamp64\\\\www\\\\m...', Array)
#6 C:\\wamp64\\www\\maasin_live_act\\vendor\\laravel\\framework\\src\\Illuminate\\View\\View.php(207): Illuminate\\View\\Engines\\CompilerEngine->get('C:\\\\wamp64\\\\www\\\\m...', Array)
#7 C:\\wamp64\\www\\maasin_live_act\\vendor\\laravel\\framework\\src\\Illuminate\\View\\View.php(190): Illuminate\\View\\View->getContents()
#8 C:\\wamp64\\www\\maasin_live_act\\vendor\\laravel\\framework\\src\\Illuminate\\View\\View.php(159): Illuminate\\View\\View->renderContents()
#9 C:\\wamp64\\www\\maasin_live_act\\storage\\framework\\views\\f411e370c677afec3477721a798e6b40.php(348): Illuminate\\View\\View->render()
#10 C:\\wamp64\\www\\maasin_live_act\\vendor\\laravel\\framework\\src\\Illuminate\\Filesystem\\Filesystem.php(123): require('C:\\\\wamp64\\\\www\\\\m...')
#11 C:\\wamp64\\www\\maasin_live_act\\vendor\\laravel\\framework\\src\\Illuminate\\Filesystem\\Filesystem.php(124): Illuminate\\Filesystem\\Filesystem::{closure:Illuminate\\Filesystem\\Filesystem::getRequire():120}()
#12 C:\\wamp64\\www\\maasin_live_act\\vendor\\laravel\\framework\\src\\Illuminate\\View\\Engines\\PhpEngine.php(58): Illuminate\\Filesystem\\Filesystem->getRequire('C:\\\\wamp64\\\\www\\\\m...', Array)
#13 C:\\wamp64\\www\\maasin_live_act\\vendor\\laravel\\framework\\src\\Illuminate\\View\\Engines\\CompilerEngine.php(72): Illuminate\\View\\Engines\\PhpEngine->evaluatePath('C:\\\\wamp64\\\\www\\\\m...', Array)
#14 C:\\wamp64\\www\\maasin_live_act\\vendor\\laravel\\framework\\src\\Illuminate\\View\\View.php(207): Illuminate\\View\\Engines\\CompilerEngine->get('C:\\\\wamp64\\\\www\\\\m...', Array)
#15 C:\\wamp64\\www\\maasin_live_act\\vendor\\laravel\\framework\\src\\Illuminate\\View\\View.php(190): Illuminate\\View\\View->getContents()
#16 C:\\wamp64\\www\\maasin_live_act\\vendor\\laravel\\framework\\src\\Illuminate\\View\\View.php(159): Illuminate\\View\\View->renderContents()
#17 C:\\wamp64\\www\\maasin_live_act\\storage\\framework\\views\\5c43925ac8c9fbd5725485ffea15e1c8.php(155): Illuminate\\View\\View->render()
#18 C:\\wamp64\\www\\maasin_live_act\\vendor\\laravel\\framework\\src\\Illuminate\\Filesystem\\Filesystem.php(123): require('C:\\\\wamp64\\\\www\\\\m...')
#19 C:\\wamp64\\www\\maasin_live_act\\vendor\\laravel\\framework\\src\\Illuminate\\Filesystem\\Filesystem.php(124): Illuminate\\Filesystem\\Filesystem::{closure:Illuminate\\Filesystem\\Filesystem::getRequire():120}()
#20 C:\\wamp64\\www\\maasin_live_act\\vendor\\laravel\\framework\\src\\Illuminate\\View\\Engines\\PhpEngine.php(58): Illuminate\\Filesystem\\Filesystem->getRequire('C:\\\\wamp64\\\\www\\\\m...', Array)
#21 C:\\wamp64\\www\\maasin_live_act\\vendor\\laravel\\framework\\src\\Illuminate\\View\\Engines\\CompilerEngine.php(72): Illuminate\\View\\Engines\\PhpEngine->evaluatePath('C:\\\\wamp64\\\\www\\\\m...', Array)
#22 C:\\wamp64\\www\\maasin_live_act\\vendor\\laravel\\framework\\src\\Illuminate\\View\\View.php(207): Illuminate\\View\\Engines\\CompilerEngine->get('C:\\\\wamp64\\\\www\\\\m...', Array)
#23 C:\\wamp64\\www\\maasin_live_act\\vendor\\laravel\\framework\\src\\Illuminate\\View\\View.php(190): Illuminate\\View\\View->getContents()
#24 C:\\wamp64\\www\\maasin_live_act\\vendor\\laravel\\framework\\src\\Illuminate\\View\\View.php(159): Illuminate\\View\\View->renderContents()
#25 C:\\wamp64\\www\\maasin_live_act\\vendor\\laravel\\framework\\src\\Illuminate\\Http\\Response.php(69): Illuminate\\View\\View->render()
#26 C:\\wamp64\\www\\maasin_live_act\\vendor\\laravel\\framework\\src\\Illuminate\\Http\\Response.php(35): Illuminate\\Http\\Response->setContent(Object(Illuminate\\View\\View))
#27 C:\\wamp64\\www\\maasin_live_act\\vendor\\laravel\\framework\\src\\Illuminate\\Routing\\Router.php(918): Illuminate\\Http\\Response->__construct(Object(Illuminate\\View\\View), 200, Array)
#28 C:\\wamp64\\www\\maasin_live_act\\vendor\\laravel\\framework\\src\\Illuminate\\Routing\\Router.php(885): Illuminate\\Routing\\Router::toResponse(Object(Illuminate\\Http\\Request), Object(Illuminate\\View\\View))
#29 C:\\wamp64\\www\\maasin_live_act\\vendor\\laravel\\framework\\src\\Illuminate\\Routing\\Router.php(805): Illuminate\\Routing\\Router->prepareResponse(Object(Illuminate\\Http\\Request), Object(Illuminate\\View\\View))
#30 C:\\wamp64\\www\\maasin_live_act\\vendor\\laravel\\framework\\src\\Illuminate\\Pipeline\\Pipeline.php(144): Illuminate\\Routing\\Router->{closure:Illuminate\\Routing\\Router::runRouteWithinStack():805}(Object(Illuminate\\Http\\Request))
#31 C:\\wamp64\\www\\maasin_live_act\\app\\Http\\Middleware\\SessionExpired.php(48): Illuminate\\Pipeline\\Pipeline->{closure:Illuminate\\Pipeline\\Pipeline::prepareDestination():142}(Object(Illuminate\\Http\\Request))
#32 C:\\wamp64\\www\\maasin_live_act\\vendor\\laravel\\framework\\src\\Illuminate\\Pipeline\\Pipeline.php(183): App\\Http\\Middleware\\SessionExpired->handle(Object(Illuminate\\Http\\Request), Object(Closure))
#33 C:\\wamp64\\www\\maasin_live_act\\vendor\\laravel\\framework\\src\\Illuminate\\Routing\\Middleware\\SubstituteBindings.php(50): Illuminate\\Pipeline\\Pipeline->{closure:{closure:Illuminate\\Pipeline\\Pipeline::carry():158}:159}(Object(Illuminate\\Http\\Request))
#34 C:\\wamp64\\www\\maasin_live_act\\vendor\\laravel\\framework\\src\\Illuminate\\Pipeline\\Pipeline.php(183): Illuminate\\Routing\\Middleware\\SubstituteBindings->handle(Object(Illuminate\\Http\\Request), Object(Closure))
#35 C:\\wamp64\\www\\maasin_live_act\\vendor\\laravel\\framework\\src\\Illuminate\\Foundation\\Http\\Middleware\\VerifyCsrfToken.php(78): Illuminate\\Pipeline\\Pipeline->{closure:{closure:Illuminate\\Pipeline\\Pipeline::carry():158}:159}(Object(Illuminate\\Http\\Request))
#36 C:\\wamp64\\www\\maasin_live_act\\vendor\\laravel\\framework\\src\\Illuminate\\Pipeline\\Pipeline.php(183): Illuminate\\Foundation\\Http\\Middleware\\VerifyCsrfToken->handle(Object(Illuminate\\Http\\Request), Object(Closure))
#37 C:\\wamp64\\www\\maasin_live_act\\vendor\\laravel\\framework\\src\\Illuminate\\View\\Middleware\\ShareErrorsFromSession.php(49): Illuminate\\Pipeline\\Pipeline->{closure:{closure:Illuminate\\Pipeline\\Pipeline::carry():158}:159}(Object(Illuminate\\Http\\Request))
#38 C:\\wamp64\\www\\maasin_live_act\\vendor\\laravel\\framework\\src\\Illuminate\\Pipeline\\Pipeline.php(183): Illuminate\\View\\Middleware\\ShareErrorsFromSession->handle(Object(Illuminate\\Http\\Request), Object(Closure))
#39 C:\\wamp64\\www\\maasin_live_act\\vendor\\laravel\\framework\\src\\Illuminate\\Session\\Middleware\\StartSession.php(121): Illuminate\\Pipeline\\Pipeline->{closure:{closure:Illuminate\\Pipeline\\Pipeline::carry():158}:159}(Object(Illuminate\\Http\\Request))
#40 C:\\wamp64\\www\\maasin_live_act\\vendor\\laravel\\framework\\src\\Illuminate\\Session\\Middleware\\StartSession.php(64): Illuminate\\Session\\Middleware\\StartSession->handleStatefulRequest(Object(Illuminate\\Http\\Request), Object(Illuminate\\Session\\Store), Object(Closure))
#41 C:\\wamp64\\www\\maasin_live_act\\vendor\\laravel\\framework\\src\\Illuminate\\Pipeline\\Pipeline.php(183): Illuminate\\Session\\Middleware\\StartSession->handle(Object(Illuminate\\Http\\Request), Object(Closure))
#42 C:\\wamp64\\www\\maasin_live_act\\vendor\\laravel\\framework\\src\\Illuminate\\Cookie\\Middleware\\AddQueuedCookiesToResponse.php(37): Illuminate\\Pipeline\\Pipeline->{closure:{closure:Illuminate\\Pipeline\\Pipeline::carry():158}:159}(Object(Illuminate\\Http\\Request))
#43 C:\\wamp64\\www\\maasin_live_act\\vendor\\laravel\\framework\\src\\Illuminate\\Pipeline\\Pipeline.php(183): Illuminate\\Cookie\\Middleware\\AddQueuedCookiesToResponse->handle(Object(Illuminate\\Http\\Request), Object(Closure))
#44 C:\\wamp64\\www\\maasin_live_act\\vendor\\laravel\\framework\\src\\Illuminate\\Cookie\\Middleware\\EncryptCookies.php(67): Illuminate\\Pipeline\\Pipeline->{closure:{closure:Illuminate\\Pipeline\\Pipeline::carry():158}:159}(Object(Illuminate\\Http\\Request))
#45 C:\\wamp64\\www\\maasin_live_act\\vendor\\laravel\\framework\\src\\Illuminate\\Pipeline\\Pipeline.php(183): Illuminate\\Cookie\\Middleware\\EncryptCookies->handle(Object(Illuminate\\Http\\Request), Object(Closure))
#46 C:\\wamp64\\www\\maasin_live_act\\vendor\\laravel\\framework\\src\\Illuminate\\Pipeline\\Pipeline.php(119): Illuminate\\Pipeline\\Pipeline->{closure:{closure:Illuminate\\Pipeline\\Pipeline::carry():158}:159}(Object(Illuminate\\Http\\Request))
#47 C:\\wamp64\\www\\maasin_live_act\\vendor\\laravel\\framework\\src\\Illuminate\\Routing\\Router.php(805): Illuminate\\Pipeline\\Pipeline->then(Object(Closure))
#48 C:\\wamp64\\www\\maasin_live_act\\vendor\\laravel\\framework\\src\\Illuminate\\Routing\\Router.php(784): Illuminate\\Routing\\Router->runRouteWithinStack(Object(Illuminate\\Routing\\Route), Object(Illuminate\\Http\\Request))
#49 C:\\wamp64\\www\\maasin_live_act\\vendor\\laravel\\framework\\src\\Illuminate\\Routing\\Router.php(748): Illuminate\\Routing\\Router->runRoute(Object(Illuminate\\Http\\Request), Object(Illuminate\\Routing\\Route))
#50 C:\\wamp64\\www\\maasin_live_act\\vendor\\laravel\\framework\\src\\Illuminate\\Routing\\Router.php(737): Illuminate\\Routing\\Router->dispatchToRoute(Object(Illuminate\\Http\\Request))
#51 C:\\wamp64\\www\\maasin_live_act\\vendor\\laravel\\framework\\src\\Illuminate\\Foundation\\Http\\Kernel.php(200): Illuminate\\Routing\\Router->dispatch(Object(Illuminate\\Http\\Request))
#52 C:\\wamp64\\www\\maasin_live_act\\vendor\\laravel\\framework\\src\\Illuminate\\Pipeline\\Pipeline.php(144): Illuminate\\Foundation\\Http\\Kernel->{closure:Illuminate\\Foundation\\Http\\Kernel::dispatchToRouter():197}(Object(Illuminate\\Http\\Request))
#53 C:\\wamp64\\www\\maasin_live_act\\vendor\\laravel\\framework\\src\\Illuminate\\Foundation\\Http\\Middleware\\TransformsRequest.php(21): Illuminate\\Pipeline\\Pipeline->{closure:Illuminate\\Pipeline\\Pipeline::prepareDestination():142}(Object(Illuminate\\Http\\Request))
#54 C:\\wamp64\\www\\maasin_live_act\\vendor\\laravel\\framework\\src\\Illuminate\\Foundation\\Http\\Middleware\\ConvertEmptyStringsToNull.php(31): Illuminate\\Foundation\\Http\\Middleware\\TransformsRequest->handle(Object(Illuminate\\Http\\Request), Object(Closure))
#55 C:\\wamp64\\www\\maasin_live_act\\vendor\\laravel\\framework\\src\\Illuminate\\Pipeline\\Pipeline.php(183): Illuminate\\Foundation\\Http\\Middleware\\ConvertEmptyStringsToNull->handle(Object(Illuminate\\Http\\Request), Object(Closure))
#56 C:\\wamp64\\www\\maasin_live_act\\vendor\\laravel\\framework\\src\\Illuminate\\Foundation\\Http\\Middleware\\TransformsRequest.php(21): Illuminate\\Pipeline\\Pipeline->{closure:{closure:Illuminate\\Pipeline\\Pipeline::carry():158}:159}(Object(Illuminate\\Http\\Request))
#57 C:\\wamp64\\www\\maasin_live_act\\vendor\\laravel\\framework\\src\\Illuminate\\Foundation\\Http\\Middleware\\TrimStrings.php(40): Illuminate\\Foundation\\Http\\Middleware\\TransformsRequest->handle(Object(Illuminate\\Http\\Request), Object(Closure))
#58 C:\\wamp64\\www\\maasin_live_act\\vendor\\laravel\\framework\\src\\Illuminate\\Pipeline\\Pipeline.php(183): Illuminate\\Foundation\\Http\\Middleware\\TrimStrings->handle(Object(Illuminate\\Http\\Request), Object(Closure))
#59 C:\\wamp64\\www\\maasin_live_act\\vendor\\laravel\\framework\\src\\Illuminate\\Foundation\\Http\\Middleware\\ValidatePostSize.php(27): Illuminate\\Pipeline\\Pipeline->{closure:{closure:Illuminate\\Pipeline\\Pipeline::carry():158}:159}(Object(Illuminate\\Http\\Request))
#60 C:\\wamp64\\www\\maasin_live_act\\vendor\\laravel\\framework\\src\\Illuminate\\Pipeline\\Pipeline.php(183): Illuminate\\Foundation\\Http\\Middleware\\ValidatePostSize->handle(Object(Illuminate\\Http\\Request), Object(Closure))
#61 C:\\wamp64\\www\\maasin_live_act\\vendor\\laravel\\framework\\src\\Illuminate\\Foundation\\Http\\Middleware\\PreventRequestsDuringMaintenance.php(99): Illuminate\\Pipeline\\Pipeline->{closure:{closure:Illuminate\\Pipeline\\Pipeline::carry():158}:159}(Object(Illuminate\\Http\\Request))
#62 C:\\wamp64\\www\\maasin_live_act\\vendor\\laravel\\framework\\src\\Illuminate\\Pipeline\\Pipeline.php(183): Illuminate\\Foundation\\Http\\Middleware\\PreventRequestsDuringMaintenance->handle(Object(Illuminate\\Http\\Request), Object(Closure))
#63 C:\\wamp64\\www\\maasin_live_act\\vendor\\laravel\\framework\\src\\Illuminate\\Http\\Middleware\\TrustProxies.php(39): Illuminate\\Pipeline\\Pipeline->{closure:{closure:Illuminate\\Pipeline\\Pipeline::carry():158}:159}(Object(Illuminate\\Http\\Request))
#64 C:\\wamp64\\www\\maasin_live_act\\vendor\\laravel\\framework\\src\\Illuminate\\Pipeline\\Pipeline.php(183): Illuminate\\Http\\Middleware\\TrustProxies->handle(Object(Illuminate\\Http\\Request), Object(Closure))
#65 C:\\wamp64\\www\\maasin_live_act\\vendor\\laravel\\framework\\src\\Illuminate\\Pipeline\\Pipeline.php(119): Illuminate\\Pipeline\\Pipeline->{closure:{closure:Illuminate\\Pipeline\\Pipeline::carry():158}:159}(Object(Illuminate\\Http\\Request))
#66 C:\\wamp64\\www\\maasin_live_act\\vendor\\laravel\\framework\\src\\Illuminate\\Foundation\\Http\\Kernel.php(175): Illuminate\\Pipeline\\Pipeline->then(Object(Closure))
#67 C:\\wamp64\\www\\maasin_live_act\\vendor\\laravel\\framework\\src\\Illuminate\\Foundation\\Http\\Kernel.php(144): Illuminate\\Foundation\\Http\\Kernel->sendRequestThroughRouter(Object(Illuminate\\Http\\Request))
#68 C:\\wamp64\\www\\maasin_live_act\\public\\index.php(54): Illuminate\\Foundation\\Http\\Kernel->handle(Object(Illuminate\\Http\\Request))
#69 {main}
"} 
[2025-12-09 14:57:01] local.ERROR: Attempt to read property "principal_balance" on string {"view":{"view":"C:\\wamp64\\www\\maasin_live_act\\resources\\views\\loan\\repayment_table.blade.php","data":{"errors":"<pre class=sf-dump id=sf-dump-775083276 data-indent-pad=\"  \"><span class=sf-dump-note>Illuminate\\Support\\ViewErrorBag</span> {<a class=sf-dump-ref>#767</a><samp data-depth=1 class=sf-dump-expanded>
  #<span class=sf-dump-protected title=\"Protected property\">bags</span>: []
</samp>}
</pre><script>Sfdump(\"sf-dump-775083276\", {\"maxDepth\":3,\"maxStringLength\":160})</script>
","service_details":"<pre class=sf-dump id=sf-dump-1629435970 data-indent-pad=\"  \">{<a class=sf-dump-ref>#787</a><samp data-depth=1 class=sf-dump-expanded>
  +\"<span class=sf-dump-public title=\"Runtime added dynamic property\">id_loan</span>\": <span class=sf-dump-num>1510</span>
  +\"<span class=sf-dump-public title=\"Runtime added dynamic property\">loan_token</span>\": \"<span class=sf-dump-str title=\"23 characters\">11292024143240577301269</span>\"
  +\"<span class=sf-dump-public title=\"Runtime added dynamic property\">name</span>\": \"<span class=sf-dump-str title=\"32 characters\">Members-Regular Loan | 12 MONTHS</span>\"
  +\"<span class=sf-dump-public title=\"Runtime added dynamic property\">id_loan_service</span>\": <span class=sf-dump-num>11</span>
  +\"<span class=sf-dump-public title=\"Runtime added dynamic property\">interest_rate</span>\": \"<span class=sf-dump-str title=\"4 characters\">1.50</span>\"
  +\"<span class=sf-dump-public title=\"Runtime added dynamic property\">terms</span>\": <span class=sf-dump-num>12</span>
  +\"<span class=sf-dump-public title=\"Runtime added dynamic property\">period</span>\": <span class=sf-dump-const>null</span>
  +\"<span class=sf-dump-public title=\"Runtime added dynamic property\">cbu_amount</span>\": <span class=sf-dump-num>0.0</span>
  +\"<span class=sf-dump-public title=\"Runtime added dynamic property\">is_deduct_cbu</span>\": <span class=sf-dump-num>0</span>
  +\"<span class=sf-dump-public title=\"Runtime added dynamic property\">principal_amount</span>\": \"<span class=sf-dump-str title=\"8 characters\">10000.00</span>\"
  +\"<span class=sf-dump-public title=\"Runtime added dynamic property\">loan_protection_rate</span>\": \"<span class=sf-dump-str title=\"4 characters\">0.00</span>\"
  +\"<span class=sf-dump-public title=\"Runtime added dynamic property\">id_term_period</span>\": <span class=sf-dump-num>3</span>
  +\"<span class=sf-dump-public title=\"Runtime added dynamic property\">id_interest_period</span>\": <span class=sf-dump-num>3</span>
  +\"<span class=sf-dump-public title=\"Runtime added dynamic property\">id_interest_method</span>\": <span class=sf-dump-num>1</span>
  +\"<span class=sf-dump-public title=\"Runtime added dynamic property\">terms_desc</span>\": \"<span class=sf-dump-str title=\"9 characters\">12 Months</span>\"
  +\"<span class=sf-dump-public title=\"Runtime added dynamic property\">terms_token</span>\": \"<span class=sf-dump-str title=\"18 characters\">153813854066d865c9</span>\"
  +\"<span class=sf-dump-public title=\"Runtime added dynamic property\">min_amount</span>\": \"<span class=sf-dump-str title=\"7 characters\">1000.00</span>\"
  +\"<span class=sf-dump-public title=\"Runtime added dynamic property\">max_amount</span>\": \"<span class=sf-dump-str title=\"9 characters\">200000.00</span>\"
  +\"<span class=sf-dump-public title=\"Runtime added dynamic property\">id_loan_payment_type</span>\": <span class=sf-dump-num>1</span>
  +\"<span class=sf-dump-public title=\"Runtime added dynamic property\">due_date</span>\": <span class=sf-dump-const>null</span>
  +\"<span class=sf-dump-public title=\"Runtime added dynamic property\">id_member</span>\": <span class=sf-dump-num>6</span>
  +\"<span class=sf-dump-public title=\"Runtime added dynamic property\">id_charges_group</span>\": <span class=sf-dump-num>5</span>
  +\"<span class=sf-dump-public title=\"Runtime added dynamic property\">loan_protection_amount</span>\": \"<span class=sf-dump-str title=\"4 characters\">0.00</span>\"
  +\"<span class=sf-dump-public title=\"Runtime added dynamic property\">cbu_deficient</span>\": \"<span class=sf-dump-str title=\"4 characters\">0.00</span>\"
  +\"<span class=sf-dump-public title=\"Runtime added dynamic property\">total_deductions</span>\": \"<span class=sf-dump-str title=\"4 characters\">0.00</span>\"
  +\"<span class=sf-dump-public title=\"Runtime added dynamic property\">not_deducted_charges</span>\": \"<span class=sf-dump-str title=\"4 characters\">0.00</span>\"
  +\"<span class=sf-dump-public title=\"Runtime added dynamic property\">total_loan_proceeds</span>\": \"<span class=sf-dump-str title=\"8 characters\">10000.00</span>\"
  +\"<span class=sf-dump-public title=\"Runtime added dynamic property\">status</span>\": \"<span class=sf-dump-str>3</span>\"
  +\"<span class=sf-dump-public title=\"Runtime added dynamic property\">loan_remarks</span>\": \"\"
  +\"<span class=sf-dump-public title=\"Runtime added dynamic property\">loan_status</span>\": \"<span class=sf-dump-str title=\"6 characters\">Active</span>\"
  +\"<span class=sf-dump-public title=\"Runtime added dynamic property\">status_code</span>\": \"<span class=sf-dump-str>3</span>\"
  +\"<span class=sf-dump-public title=\"Runtime added dynamic property\">cancellation_reason</span>\": <span class=sf-dump-const>null</span>
  +\"<span class=sf-dump-public title=\"Runtime added dynamic property\">prev_loan_balance</span>\": \"<span class=sf-dump-str title=\"4 characters\">0.00</span>\"
  +\"<span class=sf-dump-public title=\"Runtime added dynamic property\">prev_loan_rebates</span>\": \"<span class=sf-dump-str title=\"4 characters\">0.00</span>\"
  +\"<span class=sf-dump-public title=\"Runtime added dynamic property\">lstatus</span>\": <span class=sf-dump-num>1</span>
  +\"<span class=sf-dump-public title=\"Runtime added dynamic property\">id_cash_disbursement</span>\": <span class=sf-dump-num>0</span>
  +\"<span class=sf-dump-public title=\"Runtime added dynamic property\">paid_principal</span>\": \"<span class=sf-dump-str title=\"4 characters\">0.00</span>\"
  +\"<span class=sf-dump-public title=\"Runtime added dynamic property\">paid_interest</span>\": \"<span class=sf-dump-str title=\"4 characters\">0.00</span>\"
  +\"<span class=sf-dump-public title=\"Runtime added dynamic property\">paid_fees</span>\": \"<span class=sf-dump-str title=\"4 characters\">0.00</span>\"
  +\"<span class=sf-dump-public title=\"Runtime added dynamic property\">date_released</span>\": \"<span class=sf-dump-str title=\"10 characters\">2024-07-23</span>\"
  +\"<span class=sf-dump-public title=\"Runtime added dynamic property\">date_granted</span>\": \"<span class=sf-dump-str title=\"10 characters\">07/23/2024</span>\"
  +\"<span class=sf-dump-public title=\"Runtime added dynamic property\">month_duration</span>\": <span class=sf-dump-num>1</span>
  +\"<span class=sf-dump-public title=\"Runtime added dynamic property\">interest_show</span>\": \"<span class=sf-dump-str title=\"4 characters\">0.00</span>\"
  +\"<span class=sf-dump-public title=\"Runtime added dynamic property\">id_one_time_type</span>\": <span class=sf-dump-num>0</span>
</samp>}
</pre><script>Sfdump(\"sf-dump-1629435970\", {\"maxDepth\":3,\"maxStringLength\":160})</script>
","member_details":"<pre class=sf-dump id=sf-dump-873571472 data-indent-pad=\"  \">{<a class=sf-dump-ref>#778</a><samp data-depth=1 class=sf-dump-expanded>
  +\"<span class=sf-dump-public title=\"Runtime added dynamic property\">name</span>\": \"<span class=sf-dump-str title=\"16 characters\">LAGUNDAY, DELIA </span>\"
</samp>}
</pre><script>Sfdump(\"sf-dump-873571472\", {\"maxDepth\":3,\"maxStringLength\":160})</script>
","OTHER_DEDUCTIONS":"<pre class=sf-dump id=sf-dump-629602831 data-indent-pad=\"  \">[]
</pre><script>Sfdump(\"sf-dump-629602831\", {\"maxDepth\":3,\"maxStringLength\":160})</script>
","CBU_DEFICIENT_AMOUNT":"<pre class=sf-dump id=sf-dump-178289949 data-indent-pad=\"  \">\"<span class=sf-dump-str title=\"4 characters\">0.00</span>\"
</pre><script>Sfdump(\"sf-dump-178289949\", {\"maxDepth\":3,\"maxStringLength\":160})</script>
","DEDUCTED_CHARGES":"<pre class=sf-dump id=sf-dump-1327337731 data-indent-pad=\"  \">[]
</pre><script>Sfdump(\"sf-dump-1327337731\", {\"maxDepth\":3,\"maxStringLength\":160})</script>
","PREV_LOAN_OFFSET":"<pre class=sf-dump id=sf-dump-586599074 data-indent-pad=\"  \">[]
</pre><script>Sfdump(\"sf-dump-586599074\", {\"maxDepth\":3,\"maxStringLength\":160})</script>
","TOTAL_LOAN_OFFSET_REBATES":"<pre class=sf-dump id=sf-dump-1353061843 data-indent-pad=\"  \"><span class=sf-dump-num>0</span>
</pre><script>Sfdump(\"sf-dump-1353061843\", {\"maxDepth\":3,\"maxStringLength\":160})</script>
","TOTAL_LOAN_OFFSET":"<pre class=sf-dump id=sf-dump-132350717 data-indent-pad=\"  \"><span class=sf-dump-num>0</span>
</pre><script>Sfdump(\"sf-dump-132350717\", {\"maxDepth\":3,\"maxStringLength\":160})</script>
","LOAN_BALANCE":"<pre class=sf-dump id=sf-dump-1618593350 data-indent-pad=\"  \">\"<span class=sf-dump-str title=\"4 characters\">0.00</span>\"
</pre><script>Sfdump(\"sf-dump-1618593350\", {\"maxDepth\":3,\"maxStringLength\":160})</script>
","REBATES":"<pre class=sf-dump id=sf-dump-1980277690 data-indent-pad=\"  \">\"<span class=sf-dump-str title=\"4 characters\">0.00</span>\"
</pre><script>Sfdump(\"sf-dump-1980277690\", {\"maxDepth\":3,\"maxStringLength\":160})</script>
","TOTAL_LOAN_BALANCE":"<pre class=sf-dump id=sf-dump-1195421229 data-indent-pad=\"  \"><span class=sf-dump-num>0.0</span>
</pre><script>Sfdump(\"sf-dump-1195421229\", {\"maxDepth\":3,\"maxStringLength\":160})</script>
","TOTAL_DEDUCTED_CHARGES":"<pre class=sf-dump id=sf-dump-1264382133 data-indent-pad=\"  \">\"<span class=sf-dump-str title=\"4 characters\">0.00</span>\"
</pre><script>Sfdump(\"sf-dump-1264382133\", {\"maxDepth\":3,\"maxStringLength\":160})</script>
","PRINCIPAL_AMOUNT":"<pre class=sf-dump id=sf-dump-1522007736 data-indent-pad=\"  \">\"<span class=sf-dump-str title=\"8 characters\">10000.00</span>\"
</pre><script>Sfdump(\"sf-dump-1522007736\", {\"maxDepth\":3,\"maxStringLength\":160})</script>
","TOTAL_NOT_DEDUCTED_CHARGES":"<pre class=sf-dump id=sf-dump-2034791997 data-indent-pad=\"  \">\"<span class=sf-dump-str title=\"4 characters\">0.00</span>\"
</pre><script>Sfdump(\"sf-dump-2034791997\", {\"maxDepth\":3,\"maxStringLength\":160})</script>
","TOTAL_LOAN_PROCEED":"<pre class=sf-dump id=sf-dump-492135334 data-indent-pad=\"  \">\"<span class=sf-dump-str title=\"8 characters\">10000.00</span>\"
</pre><script>Sfdump(\"sf-dump-492135334\", {\"maxDepth\":3,\"maxStringLength\":160})</script>
","AMTZ_SCHED":"<pre class=sf-dump id=sf-dump-574122532 data-indent-pad=\"  \"><span class=sf-dump-note>array:12</span> [<samp data-depth=1 class=sf-dump-expanded>
  <span class=sf-dump-index>0</span> => {<a class=sf-dump-ref>#782</a><samp data-depth=2 class=sf-dump-compact>
    +\"<span class=sf-dump-public title=\"Runtime added dynamic property\">term_code</span>\": \"<span class=sf-dump-str title=\"2 characters\">P1</span>\"
    +\"<span class=sf-dump-public title=\"Runtime added dynamic property\">date</span>\": \"<span class=sf-dump-str title=\"10 characters\">08/30/2024</span>\"
    +\"<span class=sf-dump-public title=\"Runtime added dynamic property\">principal</span>\": \"<span class=sf-dump-str title=\"6 characters\">833.33</span>\"
    +\"<span class=sf-dump-public title=\"Runtime added dynamic property\">interest</span>\": \"<span class=sf-dump-str title=\"6 characters\">150.00</span>\"
    +\"<span class=sf-dump-public title=\"Runtime added dynamic property\">surcharge</span>\": \"<span class=sf-dump-str title=\"4 characters\">0.00</span>\"
    +\"<span class=sf-dump-public title=\"Runtime added dynamic property\">total</span>\": \"<span class=sf-dump-str title=\"6 characters\">983.33</span>\"
    +\"<span class=sf-dump-public title=\"Runtime added dynamic property\">accrued</span>\": <span class=sf-dump-num>0</span>
  </samp>}
  <span class=sf-dump-index>1</span> => {<a class=sf-dump-ref>#777</a><samp data-depth=2 class=sf-dump-compact>
    +\"<span class=sf-dump-public title=\"Runtime added dynamic property\">term_code</span>\": \"<span class=sf-dump-str title=\"2 characters\">P2</span>\"
    +\"<span class=sf-dump-public title=\"Runtime added dynamic property\">date</span>\": \"<span class=sf-dump-str title=\"10 characters\">09/30/2024</span>\"
    +\"<span class=sf-dump-public title=\"Runtime added dynamic property\">principal</span>\": \"<span class=sf-dump-str title=\"6 characters\">833.33</span>\"
    +\"<span class=sf-dump-public title=\"Runtime added dynamic property\">interest</span>\": \"<span class=sf-dump-str title=\"6 characters\">150.00</span>\"
    +\"<span class=sf-dump-public title=\"Runtime added dynamic property\">surcharge</span>\": \"<span class=sf-dump-str title=\"4 characters\">0.00</span>\"
    +\"<span class=sf-dump-public title=\"Runtime added dynamic property\">total</span>\": \"<span class=sf-dump-str title=\"6 characters\">983.33</span>\"
    +\"<span class=sf-dump-public title=\"Runtime added dynamic property\">accrued</span>\": <span class=sf-dump-num>0</span>
  </samp>}
  <span class=sf-dump-index>2</span> => {<a class=sf-dump-ref>#781</a><samp data-depth=2 class=sf-dump-compact>
    +\"<span class=sf-dump-public title=\"Runtime added dynamic property\">term_code</span>\": \"<span class=sf-dump-str title=\"2 characters\">P3</span>\"
    +\"<span class=sf-dump-public title=\"Runtime added dynamic property\">date</span>\": \"<span class=sf-dump-str title=\"10 characters\">10/30/2024</span>\"
    +\"<span class=sf-dump-public title=\"Runtime added dynamic property\">principal</span>\": \"<span class=sf-dump-str title=\"6 characters\">833.33</span>\"
    +\"<span class=sf-dump-public title=\"Runtime added dynamic property\">interest</span>\": \"<span class=sf-dump-str title=\"6 characters\">150.00</span>\"
    +\"<span class=sf-dump-public title=\"Runtime added dynamic property\">surcharge</span>\": \"<span class=sf-dump-str title=\"4 characters\">0.00</span>\"
    +\"<span class=sf-dump-public title=\"Runtime added dynamic property\">total</span>\": \"<span class=sf-dump-str title=\"6 characters\">983.33</span>\"
    +\"<span class=sf-dump-public title=\"Runtime added dynamic property\">accrued</span>\": <span class=sf-dump-num>0</span>
  </samp>}
  <span class=sf-dump-index>3</span> => {<a class=sf-dump-ref>#790</a><samp data-depth=2 class=sf-dump-compact>
    +\"<span class=sf-dump-public title=\"Runtime added dynamic property\">term_code</span>\": \"<span class=sf-dump-str title=\"2 characters\">P4</span>\"
    +\"<span class=sf-dump-public title=\"Runtime added dynamic property\">date</span>\": \"<span class=sf-dump-str title=\"10 characters\">11/30/2024</span>\"
    +\"<span class=sf-dump-public title=\"Runtime added dynamic property\">principal</span>\": \"<span class=sf-dump-str title=\"6 characters\">833.33</span>\"
    +\"<span class=sf-dump-public title=\"Runtime added dynamic property\">interest</span>\": \"<span class=sf-dump-str title=\"6 characters\">150.00</span>\"
    +\"<span class=sf-dump-public title=\"Runtime added dynamic property\">surcharge</span>\": \"<span class=sf-dump-str title=\"4 characters\">0.00</span>\"
    +\"<span class=sf-dump-public title=\"Runtime added dynamic property\">total</span>\": \"<span class=sf-dump-str title=\"6 characters\">983.33</span>\"
    +\"<span class=sf-dump-public title=\"Runtime added dynamic property\">accrued</span>\": <span class=sf-dump-num>0</span>
  </samp>}
  <span class=sf-dump-index>4</span> => {<a class=sf-dump-ref>#793</a><samp data-depth=2 class=sf-dump-compact>
    +\"<span class=sf-dump-public title=\"Runtime added dynamic property\">term_code</span>\": \"<span class=sf-dump-str title=\"2 characters\">P5</span>\"
    +\"<span class=sf-dump-public title=\"Runtime added dynamic property\">date</span>\": \"<span class=sf-dump-str title=\"10 characters\">12/30/2024</span>\"
    +\"<span class=sf-dump-public title=\"Runtime added dynamic property\">principal</span>\": \"<span class=sf-dump-str title=\"6 characters\">833.33</span>\"
    +\"<span class=sf-dump-public title=\"Runtime added dynamic property\">interest</span>\": \"<span class=sf-dump-str title=\"6 characters\">150.00</span>\"
    +\"<span class=sf-dump-public title=\"Runtime added dynamic property\">surcharge</span>\": \"<span class=sf-dump-str title=\"4 characters\">0.00</span>\"
    +\"<span class=sf-dump-public title=\"Runtime added dynamic property\">total</span>\": \"<span class=sf-dump-str title=\"6 characters\">983.33</span>\"
    +\"<span class=sf-dump-public title=\"Runtime added dynamic property\">accrued</span>\": <span class=sf-dump-num>0</span>
  </samp>}
  <span class=sf-dump-index>5</span> => {<a class=sf-dump-ref>#795</a><samp data-depth=2 class=sf-dump-compact>
    +\"<span class=sf-dump-public title=\"Runtime added dynamic property\">term_code</span>\": \"<span class=sf-dump-str title=\"2 characters\">P6</span>\"
    +\"<span class=sf-dump-public title=\"Runtime added dynamic property\">date</span>\": \"<span class=sf-dump-str title=\"10 characters\">01/30/2025</span>\"
    +\"<span class=sf-dump-public title=\"Runtime added dynamic property\">principal</span>\": \"<span class=sf-dump-str title=\"6 characters\">833.33</span>\"
    +\"<span class=sf-dump-public title=\"Runtime added dynamic property\">interest</span>\": \"<span class=sf-dump-str title=\"6 characters\">150.00</span>\"
    +\"<span class=sf-dump-public title=\"Runtime added dynamic property\">surcharge</span>\": \"<span class=sf-dump-str title=\"4 characters\">0.00</span>\"
    +\"<span class=sf-dump-public title=\"Runtime added dynamic property\">total</span>\": \"<span class=sf-dump-str title=\"6 characters\">983.33</span>\"
    +\"<span class=sf-dump-public title=\"Runtime added dynamic property\">accrued</span>\": <span class=sf-dump-num>0</span>
  </samp>}
  <span class=sf-dump-index>6</span> => {<a class=sf-dump-ref>#798</a><samp data-depth=2 class=sf-dump-compact>
    +\"<span class=sf-dump-public title=\"Runtime added dynamic property\">term_code</span>\": \"<span class=sf-dump-str title=\"2 characters\">P7</span>\"
    +\"<span class=sf-dump-public title=\"Runtime added dynamic property\">date</span>\": \"<span class=sf-dump-str title=\"10 characters\">02/28/2025</span>\"
    +\"<span class=sf-dump-public title=\"Runtime added dynamic property\">principal</span>\": \"<span class=sf-dump-str title=\"6 characters\">833.33</span>\"
    +\"<span class=sf-dump-public title=\"Runtime added dynamic property\">interest</span>\": \"<span class=sf-dump-str title=\"6 characters\">150.00</span>\"
    +\"<span class=sf-dump-public title=\"Runtime added dynamic property\">surcharge</span>\": \"<span class=sf-dump-str title=\"4 characters\">0.00</span>\"
    +\"<span class=sf-dump-public title=\"Runtime added dynamic property\">total</span>\": \"<span class=sf-dump-str title=\"6 characters\">983.33</span>\"
    +\"<span class=sf-dump-public title=\"Runtime added dynamic property\">accrued</span>\": <span class=sf-dump-num>0</span>
  </samp>}
  <span class=sf-dump-index>7</span> => {<a class=sf-dump-ref>#796</a><samp data-depth=2 class=sf-dump-compact>
    +\"<span class=sf-dump-public title=\"Runtime added dynamic property\">term_code</span>\": \"<span class=sf-dump-str title=\"2 characters\">P8</span>\"
    +\"<span class=sf-dump-public title=\"Runtime added dynamic property\">date</span>\": \"<span class=sf-dump-str title=\"10 characters\">03/30/2025</span>\"
    +\"<span class=sf-dump-public title=\"Runtime added dynamic property\">principal</span>\": \"<span class=sf-dump-str title=\"6 characters\">833.33</span>\"
    +\"<span class=sf-dump-public title=\"Runtime added dynamic property\">interest</span>\": \"<span class=sf-dump-str title=\"6 characters\">150.00</span>\"
    +\"<span class=sf-dump-public title=\"Runtime added dynamic property\">surcharge</span>\": \"<span class=sf-dump-str title=\"4 characters\">0.00</span>\"
    +\"<span class=sf-dump-public title=\"Runtime added dynamic property\">total</span>\": \"<span class=sf-dump-str title=\"6 characters\">983.33</span>\"
    +\"<span class=sf-dump-public title=\"Runtime added dynamic property\">accrued</span>\": <span class=sf-dump-num>0</span>
  </samp>}
  <span class=sf-dump-index>8</span> => {<a class=sf-dump-ref>#800</a><samp data-depth=2 class=sf-dump-compact>
    +\"<span class=sf-dump-public title=\"Runtime added dynamic property\">term_code</span>\": \"<span class=sf-dump-str title=\"2 characters\">P9</span>\"
    +\"<span class=sf-dump-public title=\"Runtime added dynamic property\">date</span>\": \"<span class=sf-dump-str title=\"10 characters\">04/30/2025</span>\"
    +\"<span class=sf-dump-public title=\"Runtime added dynamic property\">principal</span>\": \"<span class=sf-dump-str title=\"6 characters\">833.33</span>\"
    +\"<span class=sf-dump-public title=\"Runtime added dynamic property\">interest</span>\": \"<span class=sf-dump-str title=\"6 characters\">150.00</span>\"
    +\"<span class=sf-dump-public title=\"Runtime added dynamic property\">surcharge</span>\": \"<span class=sf-dump-str title=\"4 characters\">0.00</span>\"
    +\"<span class=sf-dump-public title=\"Runtime added dynamic property\">total</span>\": \"<span class=sf-dump-str title=\"6 characters\">983.33</span>\"
    +\"<span class=sf-dump-public title=\"Runtime added dynamic property\">accrued</span>\": <span class=sf-dump-num>0</span>
  </samp>}
  <span class=sf-dump-index>9</span> => {<a class=sf-dump-ref>#801</a><samp data-depth=2 class=sf-dump-compact>
    +\"<span class=sf-dump-public title=\"Runtime added dynamic property\">term_code</span>\": \"<span class=sf-dump-str title=\"3 characters\">P10</span>\"
    +\"<span class=sf-dump-public title=\"Runtime added dynamic property\">date</span>\": \"<span class=sf-dump-str title=\"10 characters\">05/30/2025</span>\"
    +\"<span class=sf-dump-public title=\"Runtime added dynamic property\">principal</span>\": \"<span class=sf-dump-str title=\"6 characters\">833.33</span>\"
    +\"<span class=sf-dump-public title=\"Runtime added dynamic property\">interest</span>\": \"<span class=sf-dump-str title=\"6 characters\">150.00</span>\"
    +\"<span class=sf-dump-public title=\"Runtime added dynamic property\">surcharge</span>\": \"<span class=sf-dump-str title=\"4 characters\">0.00</span>\"
    +\"<span class=sf-dump-public title=\"Runtime added dynamic property\">total</span>\": \"<span class=sf-dump-str title=\"6 characters\">983.33</span>\"
    +\"<span class=sf-dump-public title=\"Runtime added dynamic property\">accrued</span>\": <span class=sf-dump-num>0</span>
  </samp>}
  <span class=sf-dump-index>10</span> => {<a class=sf-dump-ref>#802</a><samp data-depth=2 class=sf-dump-compact>
    +\"<span class=sf-dump-public title=\"Runtime added dynamic property\">term_code</span>\": \"<span class=sf-dump-str title=\"3 characters\">P11</span>\"
    +\"<span class=sf-dump-public title=\"Runtime added dynamic property\">date</span>\": \"<span class=sf-dump-str title=\"10 characters\">06/30/2025</span>\"
    +\"<span class=sf-dump-public title=\"Runtime added dynamic property\">principal</span>\": \"<span class=sf-dump-str title=\"6 characters\">833.33</span>\"
    +\"<span class=sf-dump-public title=\"Runtime added dynamic property\">interest</span>\": \"<span class=sf-dump-str title=\"6 characters\">150.00</span>\"
    +\"<span class=sf-dump-public title=\"Runtime added dynamic property\">surcharge</span>\": \"<span class=sf-dump-str title=\"4 characters\">0.00</span>\"
    +\"<span class=sf-dump-public title=\"Runtime added dynamic property\">total</span>\": \"<span class=sf-dump-str title=\"6 characters\">983.33</span>\"
    +\"<span class=sf-dump-public title=\"Runtime added dynamic property\">accrued</span>\": <span class=sf-dump-num>0</span>
  </samp>}
  <span class=sf-dump-index>11</span> => {<a class=sf-dump-ref>#799</a><samp data-depth=2 class=sf-dump-compact>
    +\"<span class=sf-dump-public title=\"Runtime added dynamic property\">term_code</span>\": \"<span class=sf-dump-str title=\"3 characters\">P12</span>\"
    +\"<span class=sf-dump-public title=\"Runtime added dynamic property\">date</span>\": \"<span class=sf-dump-str title=\"10 characters\">07/30/2025</span>\"
    +\"<span class=sf-dump-public title=\"Runtime added dynamic property\">principal</span>\": \"<span class=sf-dump-str title=\"6 characters\">833.37</span>\"
    +\"<span class=sf-dump-public title=\"Runtime added dynamic property\">interest</span>\": \"<span class=sf-dump-str title=\"6 characters\">150.00</span>\"
    +\"<span class=sf-dump-public title=\"Runtime added dynamic property\">surcharge</span>\": \"<span class=sf-dump-str title=\"4 characters\">0.00</span>\"
    +\"<span class=sf-dump-public title=\"Runtime added dynamic property\">total</span>\": \"<span class=sf-dump-str title=\"6 characters\">983.37</span>\"
    +\"<span class=sf-dump-public title=\"Runtime added dynamic property\">accrued</span>\": <span class=sf-dump-num>0</span>
  </samp>}
</samp>]
</pre><script>Sfdump(\"sf-dump-574122532\", {\"maxDepth\":3,\"maxStringLength\":160})</script>
","AMTZ_PAYMENT":"<pre class=sf-dump id=sf-dump-2046536292 data-indent-pad=\"  \">[]
</pre><script>Sfdump(\"sf-dump-2046536292\", {\"maxDepth\":3,\"maxStringLength\":160})</script>
","REPAYMENT_TABLE":"<pre class=sf-dump id=sf-dump-1758823757 data-indent-pad=\"  \">[]
</pre><script>Sfdump(\"sf-dump-1758823757\", {\"maxDepth\":3,\"maxStringLength\":160})</script>
","CURRENT_DUE":"<pre class=sf-dump id=sf-dump-712803621 data-indent-pad=\"  \">{<a class=sf-dump-ref>#808</a><samp data-depth=1 class=sf-dump-expanded>
  +\"<span class=sf-dump-public title=\"Runtime added dynamic property\">cur_date</span>\": \"<span class=sf-dump-str title=\"17 characters\">December 09, 2025</span>\"
  +\"<span class=sf-dump-public title=\"Runtime added dynamic property\">prin</span>\": \"<span class=sf-dump-str title=\"8 characters\">10000.00</span>\"
  +\"<span class=sf-dump-public title=\"Runtime added dynamic property\">interest</span>\": \"<span class=sf-dump-str title=\"7 characters\">1800.00</span>\"
  +\"<span class=sf-dump-public title=\"Runtime added dynamic property\">fees</span>\": \"<span class=sf-dump-str title=\"4 characters\">0.00</span>\"
  +\"<span class=sf-dump-public title=\"Runtime added dynamic property\">surcharge</span>\": \"<span class=sf-dump-str title=\"4 characters\">0.00</span>\"
</samp>}
</pre><script>Sfdump(\"sf-dump-712803621\", {\"maxDepth\":3,\"maxStringLength\":160})</script>
","TOTAL_DUE":"<pre class=sf-dump id=sf-dump-1695797300 data-indent-pad=\"  \"><span class=sf-dump-num>11800.0</span>
</pre><script>Sfdump(\"sf-dump-1695797300\", {\"maxDepth\":3,\"maxStringLength\":160})</script>
","repaymentCount":"<pre class=sf-dump id=sf-dump-387597166 data-indent-pad=\"  \"><span class=sf-dump-num>12</span>
</pre><script>Sfdump(\"sf-dump-387597166\", {\"maxDepth\":3,\"maxStringLength\":160})</script>
","LOAN_TABLE":"<pre class=sf-dump id=sf-dump-219347420 data-indent-pad=\"  \"><span class=sf-dump-note>array:12</span> [<samp data-depth=1 class=sf-dump-expanded>
  <span class=sf-dump-index>0</span> => <span class=sf-dump-note>array:12</span> [<samp data-depth=2 class=sf-dump-compact>
    \"<span class=sf-dump-key>count</span>\" => <span class=sf-dump-num>1</span>
    \"<span class=sf-dump-key>term_code</span>\" => \"<span class=sf-dump-str title=\"2 characters\">P1</span>\"
    \"<span class=sf-dump-key>repayment_amount</span>\" => \"<span class=sf-dump-str title=\"6 characters\">833.33</span>\"
    \"<span class=sf-dump-key>interest_amount</span>\" => \"<span class=sf-dump-str title=\"6 characters\">150.00</span>\"
    \"<span class=sf-dump-key>fees</span>\" => \"<span class=sf-dump-str title=\"4 characters\">0.00</span>\"
    \"<span class=sf-dump-key>total_due</span>\" => \"<span class=sf-dump-str title=\"6 characters\">983.33</span>\"
    \"<span class=sf-dump-key>due_date</span>\" => \"<span class=sf-dump-str title=\"10 characters\">08/30/2024</span>\"
    \"<span class=sf-dump-key>paid_amount</span>\" => \"<span class=sf-dump-str>0</span>\"
    \"<span class=sf-dump-key>is_paid</span>\" => <span class=sf-dump-num>0</span>
    \"<span class=sf-dump-key>status</span>\" => \"<span class=sf-dump-str>3</span>\"
    \"<span class=sf-dump-key>accrued</span>\" => <span class=sf-dump-num>0</span>
    \"<span class=sf-dump-key>remarks</span>\" => \"\"
  </samp>]
  <span class=sf-dump-index>1</span> => <span class=sf-dump-note>array:12</span> [<samp data-depth=2 class=sf-dump-compact>
    \"<span class=sf-dump-key>count</span>\" => <span class=sf-dump-num>2</span>
    \"<span class=sf-dump-key>term_code</span>\" => \"<span class=sf-dump-str title=\"2 characters\">P2</span>\"
    \"<span class=sf-dump-key>repayment_amount</span>\" => \"<span class=sf-dump-str title=\"6 characters\">833.33</span>\"
    \"<span class=sf-dump-key>interest_amount</span>\" => \"<span class=sf-dump-str title=\"6 characters\">150.00</span>\"
    \"<span class=sf-dump-key>fees</span>\" => \"<span class=sf-dump-str title=\"4 characters\">0.00</span>\"
    \"<span class=sf-dump-key>total_due</span>\" => \"<span class=sf-dump-str title=\"6 characters\">983.33</span>\"
    \"<span class=sf-dump-key>due_date</span>\" => \"<span class=sf-dump-str title=\"10 characters\">09/30/2024</span>\"
    \"<span class=sf-dump-key>paid_amount</span>\" => \"<span class=sf-dump-str>0</span>\"
    \"<span class=sf-dump-key>is_paid</span>\" => <span class=sf-dump-num>0</span>
    \"<span class=sf-dump-key>status</span>\" => \"<span class=sf-dump-str>3</span>\"
    \"<span class=sf-dump-key>accrued</span>\" => <span class=sf-dump-num>0</span>
    \"<span class=sf-dump-key>remarks</span>\" => \"\"
  </samp>]
  <span class=sf-dump-index>2</span> => <span class=sf-dump-note>array:12</span> [<samp data-depth=2 class=sf-dump-compact>
    \"<span class=sf-dump-key>count</span>\" => <span class=sf-dump-num>3</span>
    \"<span class=sf-dump-key>term_code</span>\" => \"<span class=sf-dump-str title=\"2 characters\">P3</span>\"
    \"<span class=sf-dump-key>repayment_amount</span>\" => \"<span class=sf-dump-str title=\"6 characters\">833.33</span>\"
    \"<span class=sf-dump-key>interest_amount</span>\" => \"<span class=sf-dump-str title=\"6 characters\">150.00</span>\"
    \"<span class=sf-dump-key>fees</span>\" => \"<span class=sf-dump-str title=\"4 characters\">0.00</span>\"
    \"<span class=sf-dump-key>total_due</span>\" => \"<span class=sf-dump-str title=\"6 characters\">983.33</span>\"
    \"<span class=sf-dump-key>due_date</span>\" => \"<span class=sf-dump-str title=\"10 characters\">10/30/2024</span>\"
    \"<span class=sf-dump-key>paid_amount</span>\" => \"<span class=sf-dump-str>0</span>\"
    \"<span class=sf-dump-key>is_paid</span>\" => <span class=sf-dump-num>0</span>
    \"<span class=sf-dump-key>status</span>\" => \"<span class=sf-dump-str>3</span>\"
    \"<span class=sf-dump-key>accrued</span>\" => <span class=sf-dump-num>0</span>
    \"<span class=sf-dump-key>remarks</span>\" => \"\"
  </samp>]
  <span class=sf-dump-index>3</span> => <span class=sf-dump-note>array:12</span> [<samp data-depth=2 class=sf-dump-compact>
    \"<span class=sf-dump-key>count</span>\" => <span class=sf-dump-num>4</span>
    \"<span class=sf-dump-key>term_code</span>\" => \"<span class=sf-dump-str title=\"2 characters\">P4</span>\"
    \"<span class=sf-dump-key>repayment_amount</span>\" => \"<span class=sf-dump-str title=\"6 characters\">833.33</span>\"
    \"<span class=sf-dump-key>interest_amount</span>\" => \"<span class=sf-dump-str title=\"6 characters\">150.00</span>\"
    \"<span class=sf-dump-key>fees</span>\" => \"<span class=sf-dump-str title=\"4 characters\">0.00</span>\"
    \"<span class=sf-dump-key>total_due</span>\" => \"<span class=sf-dump-str title=\"6 characters\">983.33</span>\"
    \"<span class=sf-dump-key>due_date</span>\" => \"<span class=sf-dump-str title=\"10 characters\">11/30/2024</span>\"
    \"<span class=sf-dump-key>paid_amount</span>\" => \"<span class=sf-dump-str>0</span>\"
    \"<span class=sf-dump-key>is_paid</span>\" => <span class=sf-dump-num>0</span>
    \"<span class=sf-dump-key>status</span>\" => \"<span class=sf-dump-str>3</span>\"
    \"<span class=sf-dump-key>accrued</span>\" => <span class=sf-dump-num>0</span>
    \"<span class=sf-dump-key>remarks</span>\" => \"\"
  </samp>]
  <span class=sf-dump-index>4</span> => <span class=sf-dump-note>array:12</span> [<samp data-depth=2 class=sf-dump-compact>
    \"<span class=sf-dump-key>count</span>\" => <span class=sf-dump-num>5</span>
    \"<span class=sf-dump-key>term_code</span>\" => \"<span class=sf-dump-str title=\"2 characters\">P5</span>\"
    \"<span class=sf-dump-key>repayment_amount</span>\" => \"<span class=sf-dump-str title=\"6 characters\">833.33</span>\"
    \"<span class=sf-dump-key>interest_amount</span>\" => \"<span class=sf-dump-str title=\"6 characters\">150.00</span>\"
    \"<span class=sf-dump-key>fees</span>\" => \"<span class=sf-dump-str title=\"4 characters\">0.00</span>\"
    \"<span class=sf-dump-key>total_due</span>\" => \"<span class=sf-dump-str title=\"6 characters\">983.33</span>\"
    \"<span class=sf-dump-key>due_date</span>\" => \"<span class=sf-dump-str title=\"10 characters\">12/30/2024</span>\"
    \"<span class=sf-dump-key>paid_amount</span>\" => \"<span class=sf-dump-str>0</span>\"
    \"<span class=sf-dump-key>is_paid</span>\" => <span class=sf-dump-num>0</span>
    \"<span class=sf-dump-key>status</span>\" => \"<span class=sf-dump-str>3</span>\"
    \"<span class=sf-dump-key>accrued</span>\" => <span class=sf-dump-num>0</span>
    \"<span class=sf-dump-key>remarks</span>\" => \"\"
  </samp>]
  <span class=sf-dump-index>5</span> => <span class=sf-dump-note>array:12</span> [<samp data-depth=2 class=sf-dump-compact>
    \"<span class=sf-dump-key>count</span>\" => <span class=sf-dump-num>6</span>
    \"<span class=sf-dump-key>term_code</span>\" => \"<span class=sf-dump-str title=\"2 characters\">P6</span>\"
    \"<span class=sf-dump-key>repayment_amount</span>\" => \"<span class=sf-dump-str title=\"6 characters\">833.33</span>\"
    \"<span class=sf-dump-key>interest_amount</span>\" => \"<span class=sf-dump-str title=\"6 characters\">150.00</span>\"
    \"<span class=sf-dump-key>fees</span>\" => \"<span class=sf-dump-str title=\"4 characters\">0.00</span>\"
    \"<span class=sf-dump-key>total_due</span>\" => \"<span class=sf-dump-str title=\"6 characters\">983.33</span>\"
    \"<span class=sf-dump-key>due_date</span>\" => \"<span class=sf-dump-str title=\"10 characters\">01/30/2025</span>\"
    \"<span class=sf-dump-key>paid_amount</span>\" => \"<span class=sf-dump-str>0</span>\"
    \"<span class=sf-dump-key>is_paid</span>\" => <span class=sf-dump-num>0</span>
    \"<span class=sf-dump-key>status</span>\" => \"<span class=sf-dump-str>3</span>\"
    \"<span class=sf-dump-key>accrued</span>\" => <span class=sf-dump-num>0</span>
    \"<span class=sf-dump-key>remarks</span>\" => \"\"
  </samp>]
  <span class=sf-dump-index>6</span> => <span class=sf-dump-note>array:12</span> [<samp data-depth=2 class=sf-dump-compact>
    \"<span class=sf-dump-key>count</span>\" => <span class=sf-dump-num>7</span>
    \"<span class=sf-dump-key>term_code</span>\" => \"<span class=sf-dump-str title=\"2 characters\">P7</span>\"
    \"<span class=sf-dump-key>repayment_amount</span>\" => \"<span class=sf-dump-str title=\"6 characters\">833.33</span>\"
    \"<span class=sf-dump-key>interest_amount</span>\" => \"<span class=sf-dump-str title=\"6 characters\">150.00</span>\"
    \"<span class=sf-dump-key>fees</span>\" => \"<span class=sf-dump-str title=\"4 characters\">0.00</span>\"
    \"<span class=sf-dump-key>total_due</span>\" => \"<span class=sf-dump-str title=\"6 characters\">983.33</span>\"
    \"<span class=sf-dump-key>due_date</span>\" => \"<span class=sf-dump-str title=\"10 characters\">02/28/2025</span>\"
    \"<span class=sf-dump-key>paid_amount</span>\" => \"<span class=sf-dump-str>0</span>\"
    \"<span class=sf-dump-key>is_paid</span>\" => <span class=sf-dump-num>0</span>
    \"<span class=sf-dump-key>status</span>\" => \"<span class=sf-dump-str>3</span>\"
    \"<span class=sf-dump-key>accrued</span>\" => <span class=sf-dump-num>0</span>
    \"<span class=sf-dump-key>remarks</span>\" => \"\"
  </samp>]
  <span class=sf-dump-index>7</span> => <span class=sf-dump-note>array:12</span> [<samp data-depth=2 class=sf-dump-compact>
    \"<span class=sf-dump-key>count</span>\" => <span class=sf-dump-num>8</span>
    \"<span class=sf-dump-key>term_code</span>\" => \"<span class=sf-dump-str title=\"2 characters\">P8</span>\"
    \"<span class=sf-dump-key>repayment_amount</span>\" => \"<span class=sf-dump-str title=\"6 characters\">833.33</span>\"
    \"<span class=sf-dump-key>interest_amount</span>\" => \"<span class=sf-dump-str title=\"6 characters\">150.00</span>\"
    \"<span class=sf-dump-key>fees</span>\" => \"<span class=sf-dump-str title=\"4 characters\">0.00</span>\"
    \"<span class=sf-dump-key>total_due</span>\" => \"<span class=sf-dump-str title=\"6 characters\">983.33</span>\"
    \"<span class=sf-dump-key>due_date</span>\" => \"<span class=sf-dump-str title=\"10 characters\">03/30/2025</span>\"
    \"<span class=sf-dump-key>paid_amount</span>\" => \"<span class=sf-dump-str>0</span>\"
    \"<span class=sf-dump-key>is_paid</span>\" => <span class=sf-dump-num>0</span>
    \"<span class=sf-dump-key>status</span>\" => \"<span class=sf-dump-str>3</span>\"
    \"<span class=sf-dump-key>accrued</span>\" => <span class=sf-dump-num>0</span>
    \"<span class=sf-dump-key>remarks</span>\" => \"\"
  </samp>]
  <span class=sf-dump-index>8</span> => <span class=sf-dump-note>array:12</span> [<samp data-depth=2 class=sf-dump-compact>
    \"<span class=sf-dump-key>count</span>\" => <span class=sf-dump-num>9</span>
    \"<span class=sf-dump-key>term_code</span>\" => \"<span class=sf-dump-str title=\"2 characters\">P9</span>\"
    \"<span class=sf-dump-key>repayment_amount</span>\" => \"<span class=sf-dump-str title=\"6 characters\">833.33</span>\"
    \"<span class=sf-dump-key>interest_amount</span>\" => \"<span class=sf-dump-str title=\"6 characters\">150.00</span>\"
    \"<span class=sf-dump-key>fees</span>\" => \"<span class=sf-dump-str title=\"4 characters\">0.00</span>\"
    \"<span class=sf-dump-key>total_due</span>\" => \"<span class=sf-dump-str title=\"6 characters\">983.33</span>\"
    \"<span class=sf-dump-key>due_date</span>\" => \"<span class=sf-dump-str title=\"10 characters\">04/30/2025</span>\"
    \"<span class=sf-dump-key>paid_amount</span>\" => \"<span class=sf-dump-str>0</span>\"
    \"<span class=sf-dump-key>is_paid</span>\" => <span class=sf-dump-num>0</span>
    \"<span class=sf-dump-key>status</span>\" => \"<span class=sf-dump-str>3</span>\"
    \"<span class=sf-dump-key>accrued</span>\" => <span class=sf-dump-num>0</span>
    \"<span class=sf-dump-key>remarks</span>\" => \"\"
  </samp>]
  <span class=sf-dump-index>9</span> => <span class=sf-dump-note>array:12</span> [<samp data-depth=2 class=sf-dump-compact>
    \"<span class=sf-dump-key>count</span>\" => <span class=sf-dump-num>10</span>
    \"<span class=sf-dump-key>term_code</span>\" => \"<span class=sf-dump-str title=\"3 characters\">P10</span>\"
    \"<span class=sf-dump-key>repayment_amount</span>\" => \"<span class=sf-dump-str title=\"6 characters\">833.33</span>\"
    \"<span class=sf-dump-key>interest_amount</span>\" => \"<span class=sf-dump-str title=\"6 characters\">150.00</span>\"
    \"<span class=sf-dump-key>fees</span>\" => \"<span class=sf-dump-str title=\"4 characters\">0.00</span>\"
    \"<span class=sf-dump-key>total_due</span>\" => \"<span class=sf-dump-str title=\"6 characters\">983.33</span>\"
    \"<span class=sf-dump-key>due_date</span>\" => \"<span class=sf-dump-str title=\"10 characters\">05/30/2025</span>\"
    \"<span class=sf-dump-key>paid_amount</span>\" => \"<span class=sf-dump-str>0</span>\"
    \"<span class=sf-dump-key>is_paid</span>\" => <span class=sf-dump-num>0</span>
    \"<span class=sf-dump-key>status</span>\" => \"<span class=sf-dump-str>3</span>\"
    \"<span class=sf-dump-key>accrued</span>\" => <span class=sf-dump-num>0</span>
    \"<span class=sf-dump-key>remarks</span>\" => \"\"
  </samp>]
  <span class=sf-dump-index>10</span> => <span class=sf-dump-note>array:12</span> [<samp data-depth=2 class=sf-dump-compact>
    \"<span class=sf-dump-key>count</span>\" => <span class=sf-dump-num>11</span>
    \"<span class=sf-dump-key>term_code</span>\" => \"<span class=sf-dump-str title=\"3 characters\">P11</span>\"
    \"<span class=sf-dump-key>repayment_amount</span>\" => \"<span class=sf-dump-str title=\"6 characters\">833.33</span>\"
    \"<span class=sf-dump-key>interest_amount</span>\" => \"<span class=sf-dump-str title=\"6 characters\">150.00</span>\"
    \"<span class=sf-dump-key>fees</span>\" => \"<span class=sf-dump-str title=\"4 characters\">0.00</span>\"
    \"<span class=sf-dump-key>total_due</span>\" => \"<span class=sf-dump-str title=\"6 characters\">983.33</span>\"
    \"<span class=sf-dump-key>due_date</span>\" => \"<span class=sf-dump-str title=\"10 characters\">06/30/2025</span>\"
    \"<span class=sf-dump-key>paid_amount</span>\" => \"<span class=sf-dump-str>0</span>\"
    \"<span class=sf-dump-key>is_paid</span>\" => <span class=sf-dump-num>0</span>
    \"<span class=sf-dump-key>status</span>\" => \"<span class=sf-dump-str>3</span>\"
    \"<span class=sf-dump-key>accrued</span>\" => <span class=sf-dump-num>0</span>
    \"<span class=sf-dump-key>remarks</span>\" => \"\"
  </samp>]
  <span class=sf-dump-index>11</span> => <span class=sf-dump-note>array:12</span> [<samp data-depth=2 class=sf-dump-compact>
    \"<span class=sf-dump-key>count</span>\" => <span class=sf-dump-num>12</span>
    \"<span class=sf-dump-key>term_code</span>\" => \"<span class=sf-dump-str title=\"3 characters\">P12</span>\"
    \"<span class=sf-dump-key>repayment_amount</span>\" => \"<span class=sf-dump-str title=\"6 characters\">833.37</span>\"
    \"<span class=sf-dump-key>interest_amount</span>\" => \"<span class=sf-dump-str title=\"6 characters\">150.00</span>\"
    \"<span class=sf-dump-key>fees</span>\" => \"<span class=sf-dump-str title=\"4 characters\">0.00</span>\"
    \"<span class=sf-dump-key>total_due</span>\" => \"<span class=sf-dump-str title=\"6 characters\">983.37</span>\"
    \"<span class=sf-dump-key>due_date</span>\" => \"<span class=sf-dump-str title=\"10 characters\">07/30/2025</span>\"
    \"<span class=sf-dump-key>paid_amount</span>\" => \"<span class=sf-dump-str>0</span>\"
    \"<span class=sf-dump-key>is_paid</span>\" => <span class=sf-dump-num>0</span>
    \"<span class=sf-dump-key>status</span>\" => \"<span class=sf-dump-str>3</span>\"
    \"<span class=sf-dump-key>accrued</span>\" => <span class=sf-dump-num>0</span>
    \"<span class=sf-dump-key>remarks</span>\" => \"\"
  </samp>]
</samp>]
</pre><script>Sfdump(\"sf-dump-219347420\", {\"maxDepth\":3,\"maxStringLength\":160})</script>
","TOTAL_INTEREST":"<pre class=sf-dump id=sf-dump-564111335 data-indent-pad=\"  \"><span class=sf-dump-num>1800.0</span>
</pre><script>Sfdump(\"sf-dump-564111335\", {\"maxDepth\":3,\"maxStringLength\":160})</script>
","TOTAL_AMOUNT_DUE":"<pre class=sf-dump id=sf-dump-1481166519 data-indent-pad=\"  \"><span class=sf-dump-num>11800.0</span>
</pre><script>Sfdump(\"sf-dump-1481166519\", {\"maxDepth\":3,\"maxStringLength\":160})</script>
","TOTAL_PAID_AMOUNT":"<pre class=sf-dump id=sf-dump-1867334395 data-indent-pad=\"  \"><span class=sf-dump-num>0</span>
</pre><script>Sfdump(\"sf-dump-1867334395\", {\"maxDepth\":3,\"maxStringLength\":160})</script>
","CURRENT_LOAN_BALANCE":"<pre class=sf-dump id=sf-dump-490189941 data-indent-pad=\"  \"><span class=sf-dump-num>11800.0</span>
</pre><script>Sfdump(\"sf-dump-490189941\", {\"maxDepth\":3,\"maxStringLength\":160})</script>
","loan":"<pre class=sf-dump id=sf-dump-2006393316 data-indent-pad=\"  \"><span class=sf-dump-note>array:26</span> [<samp data-depth=1 class=sf-dump-expanded>
  \"<span class=sf-dump-key>service_details</span>\" => {<a class=sf-dump-ref>#787</a><samp data-depth=2 class=sf-dump-compact>
    +\"<span class=sf-dump-public title=\"Runtime added dynamic property\">id_loan</span>\": <span class=sf-dump-num>1510</span>
    +\"<span class=sf-dump-public title=\"Runtime added dynamic property\">loan_token</span>\": \"<span class=sf-dump-str title=\"23 characters\">11292024143240577301269</span>\"
    +\"<span class=sf-dump-public title=\"Runtime added dynamic property\">name</span>\": \"<span class=sf-dump-str title=\"32 characters\">Members-Regular Loan | 12 MONTHS</span>\"
    +\"<span class=sf-dump-public title=\"Runtime added dynamic property\">id_loan_service</span>\": <span class=sf-dump-num>11</span>
    +\"<span class=sf-dump-public title=\"Runtime added dynamic property\">interest_rate</span>\": \"<span class=sf-dump-str title=\"4 characters\">1.50</span>\"
    +\"<span class=sf-dump-public title=\"Runtime added dynamic property\">terms</span>\": <span class=sf-dump-num>12</span>
    +\"<span class=sf-dump-public title=\"Runtime added dynamic property\">period</span>\": <span class=sf-dump-const>null</span>
    +\"<span class=sf-dump-public title=\"Runtime added dynamic property\">cbu_amount</span>\": <span class=sf-dump-num>0.0</span>
    +\"<span class=sf-dump-public title=\"Runtime added dynamic property\">is_deduct_cbu</span>\": <span class=sf-dump-num>0</span>
    +\"<span class=sf-dump-public title=\"Runtime added dynamic property\">principal_amount</span>\": \"<span class=sf-dump-str title=\"8 characters\">10000.00</span>\"
    +\"<span class=sf-dump-public title=\"Runtime added dynamic property\">loan_protection_rate</span>\": \"<span class=sf-dump-str title=\"4 characters\">0.00</span>\"
    +\"<span class=sf-dump-public title=\"Runtime added dynamic property\">id_term_period</span>\": <span class=sf-dump-num>3</span>
    +\"<span class=sf-dump-public title=\"Runtime added dynamic property\">id_interest_period</span>\": <span class=sf-dump-num>3</span>
    +\"<span class=sf-dump-public title=\"Runtime added dynamic property\">id_interest_method</span>\": <span class=sf-dump-num>1</span>
    +\"<span class=sf-dump-public title=\"Runtime added dynamic property\">terms_desc</span>\": \"<span class=sf-dump-str title=\"9 characters\">12 Months</span>\"
    +\"<span class=sf-dump-public title=\"Runtime added dynamic property\">terms_token</span>\": \"<span class=sf-dump-str title=\"18 characters\">153813854066d865c9</span>\"
    +\"<span class=sf-dump-public title=\"Runtime added dynamic property\">min_amount</span>\": \"<span class=sf-dump-str title=\"7 characters\">1000.00</span>\"
    +\"<span class=sf-dump-public title=\"Runtime added dynamic property\">max_amount</span>\": \"<span class=sf-dump-str title=\"9 characters\">200000.00</span>\"
    +\"<span class=sf-dump-public title=\"Runtime added dynamic property\">id_loan_payment_type</span>\": <span class=sf-dump-num>1</span>
    +\"<span class=sf-dump-public title=\"Runtime added dynamic property\">due_date</span>\": <span class=sf-dump-const>null</span>
    +\"<span class=sf-dump-public title=\"Runtime added dynamic property\">id_member</span>\": <span class=sf-dump-num>6</span>
    +\"<span class=sf-dump-public title=\"Runtime added dynamic property\">id_charges_group</span>\": <span class=sf-dump-num>5</span>
    +\"<span class=sf-dump-public title=\"Runtime added dynamic property\">loan_protection_amount</span>\": \"<span class=sf-dump-str title=\"4 characters\">0.00</span>\"
    +\"<span class=sf-dump-public title=\"Runtime added dynamic property\">cbu_deficient</span>\": \"<span class=sf-dump-str title=\"4 characters\">0.00</span>\"
    +\"<span class=sf-dump-public title=\"Runtime added dynamic property\">total_deductions</span>\": \"<span class=sf-dump-str title=\"4 characters\">0.00</span>\"
    +\"<span class=sf-dump-public title=\"Runtime added dynamic property\">not_deducted_charges</span>\": \"<span class=sf-dump-str title=\"4 characters\">0.00</span>\"
    +\"<span class=sf-dump-public title=\"Runtime added dynamic property\">total_loan_proceeds</span>\": \"<span class=sf-dump-str title=\"8 characters\">10000.00</span>\"
    +\"<span class=sf-dump-public title=\"Runtime added dynamic property\">status</span>\": \"<span class=sf-dump-str>3</span>\"
    +\"<span class=sf-dump-public title=\"Runtime added dynamic property\">loan_remarks</span>\": \"\"
    +\"<span class=sf-dump-public title=\"Runtime added dynamic property\">loan_status</span>\": \"<span class=sf-dump-str title=\"6 characters\">Active</span>\"
    +\"<span class=sf-dump-public title=\"Runtime added dynamic property\">status_code</span>\": \"<span class=sf-dump-str>3</span>\"
    +\"<span class=sf-dump-public title=\"Runtime added dynamic property\">cancellation_reason</span>\": <span class=sf-dump-const>null</span>
    +\"<span class=sf-dump-public title=\"Runtime added dynamic property\">prev_loan_balance</span>\": \"<span class=sf-dump-str title=\"4 characters\">0.00</span>\"
    +\"<span class=sf-dump-public title=\"Runtime added dynamic property\">prev_loan_rebates</span>\": \"<span class=sf-dump-str title=\"4 characters\">0.00</span>\"
    +\"<span class=sf-dump-public title=\"Runtime added dynamic property\">lstatus</span>\": <span class=sf-dump-num>1</span>
    +\"<span class=sf-dump-public title=\"Runtime added dynamic property\">id_cash_disbursement</span>\": <span class=sf-dump-num>0</span>
    +\"<span class=sf-dump-public title=\"Runtime added dynamic property\">paid_principal</span>\": \"<span class=sf-dump-str title=\"4 characters\">0.00</span>\"
    +\"<span class=sf-dump-public title=\"Runtime added dynamic property\">paid_interest</span>\": \"<span class=sf-dump-str title=\"4 characters\">0.00</span>\"
    +\"<span class=sf-dump-public title=\"Runtime added dynamic property\">paid_fees</span>\": \"<span class=sf-dump-str title=\"4 characters\">0.00</span>\"
    +\"<span class=sf-dump-public title=\"Runtime added dynamic property\">date_released</span>\": \"<span class=sf-dump-str title=\"10 characters\">2024-07-23</span>\"
    +\"<span class=sf-dump-public title=\"Runtime added dynamic property\">date_granted</span>\": \"<span class=sf-dump-str title=\"10 characters\">07/23/2024</span>\"
    +\"<span class=sf-dump-public title=\"Runtime added dynamic property\">month_duration</span>\": <span class=sf-dump-num>1</span>
    +\"<span class=sf-dump-public title=\"Runtime added dynamic property\">interest_show</span>\": \"<span class=sf-dump-str title=\"4 characters\">0.00</span>\"
    +\"<span class=sf-dump-public title=\"Runtime added dynamic property\">id_one_time_type</span>\": <span class=sf-dump-num>0</span>
  </samp>}
  \"<span class=sf-dump-key>member_details</span>\" => {<a class=sf-dump-ref>#778</a><samp data-depth=2 class=sf-dump-compact>
    +\"<span class=sf-dump-public title=\"Runtime added dynamic property\">name</span>\": \"<span class=sf-dump-str title=\"16 characters\">LAGUNDAY, DELIA </span>\"
  </samp>}
  \"<span class=sf-dump-key>OTHER_DEDUCTIONS</span>\" => []
  \"<span class=sf-dump-key>CBU_DEFICIENT_AMOUNT</span>\" => \"<span class=sf-dump-str title=\"4 characters\">0.00</span>\"
  \"<span class=sf-dump-key>DEDUCTED_CHARGES</span>\" => []
  \"<span class=sf-dump-key>PREV_LOAN_OFFSET</span>\" => []
  \"<span class=sf-dump-key>TOTAL_LOAN_OFFSET_REBATES</span>\" => <span class=sf-dump-num>0</span>
  \"<span class=sf-dump-key>TOTAL_LOAN_OFFSET</span>\" => <span class=sf-dump-num>0</span>
  \"<span class=sf-dump-key>LOAN_BALANCE</span>\" => \"<span class=sf-dump-str title=\"4 characters\">0.00</span>\"
  \"<span class=sf-dump-key>REBATES</span>\" => \"<span class=sf-dump-str title=\"4 characters\">0.00</span>\"
  \"<span class=sf-dump-key>TOTAL_LOAN_BALANCE</span>\" => <span class=sf-dump-num>0.0</span>
  \"<span class=sf-dump-key>TOTAL_DEDUCTED_CHARGES</span>\" => \"<span class=sf-dump-str title=\"4 characters\">0.00</span>\"
  \"<span class=sf-dump-key>PRINCIPAL_AMOUNT</span>\" => \"<span class=sf-dump-str title=\"8 characters\">10000.00</span>\"
  \"<span class=sf-dump-key>TOTAL_NOT_DEDUCTED_CHARGES</span>\" => \"<span class=sf-dump-str title=\"4 characters\">0.00</span>\"
  \"<span class=sf-dump-key>TOTAL_LOAN_PROCEED</span>\" => \"<span class=sf-dump-str title=\"8 characters\">10000.00</span>\"
  \"<span class=sf-dump-key>AMTZ_SCHED</span>\" => <span class=sf-dump-note>array:12</span> [<samp data-depth=2 class=sf-dump-compact>
    <span class=sf-dump-index>0</span> => {<a class=sf-dump-ref>#782</a><samp data-depth=3 class=sf-dump-compact>
      +\"<span class=sf-dump-public title=\"Runtime added dynamic property\">term_code</span>\": \"<span class=sf-dump-str title=\"2 characters\">P1</span>\"
      +\"<span class=sf-dump-public title=\"Runtime added dynamic property\">date</span>\": \"<span class=sf-dump-str title=\"10 characters\">08/30/2024</span>\"
      +\"<span class=sf-dump-public title=\"Runtime added dynamic property\">principal</span>\": \"<span class=sf-dump-str title=\"6 characters\">833.33</span>\"
      +\"<span class=sf-dump-public title=\"Runtime added dynamic property\">interest</span>\": \"<span class=sf-dump-str title=\"6 characters\">150.00</span>\"
      +\"<span class=sf-dump-public title=\"Runtime added dynamic property\">surcharge</span>\": \"<span class=sf-dump-str title=\"4 characters\">0.00</span>\"
      +\"<span class=sf-dump-public title=\"Runtime added dynamic property\">total</span>\": \"<span class=sf-dump-str title=\"6 characters\">983.33</span>\"
      +\"<span class=sf-dump-public title=\"Runtime added dynamic property\">accrued</span>\": <span class=sf-dump-num>0</span>
    </samp>}
    <span class=sf-dump-index>1</span> => {<a class=sf-dump-ref>#777</a><samp data-depth=3 class=sf-dump-compact>
      +\"<span class=sf-dump-public title=\"Runtime added dynamic property\">term_code</span>\": \"<span class=sf-dump-str title=\"2 characters\">P2</span>\"
      +\"<span class=sf-dump-public title=\"Runtime added dynamic property\">date</span>\": \"<span class=sf-dump-str title=\"10 characters\">09/30/2024</span>\"
      +\"<span class=sf-dump-public title=\"Runtime added dynamic property\">principal</span>\": \"<span class=sf-dump-str title=\"6 characters\">833.33</span>\"
      +\"<span class=sf-dump-public title=\"Runtime added dynamic property\">interest</span>\": \"<span class=sf-dump-str title=\"6 characters\">150.00</span>\"
      +\"<span class=sf-dump-public title=\"Runtime added dynamic property\">surcharge</span>\": \"<span class=sf-dump-str title=\"4 characters\">0.00</span>\"
      +\"<span class=sf-dump-public title=\"Runtime added dynamic property\">total</span>\": \"<span class=sf-dump-str title=\"6 characters\">983.33</span>\"
      +\"<span class=sf-dump-public title=\"Runtime added dynamic property\">accrued</span>\": <span class=sf-dump-num>0</span>
    </samp>}
    <span class=sf-dump-index>2</span> => {<a class=sf-dump-ref>#781</a><samp data-depth=3 class=sf-dump-compact>
      +\"<span class=sf-dump-public title=\"Runtime added dynamic property\">term_code</span>\": \"<span class=sf-dump-str title=\"2 characters\">P3</span>\"
      +\"<span class=sf-dump-public title=\"Runtime added dynamic property\">date</span>\": \"<span class=sf-dump-str title=\"10 characters\">10/30/2024</span>\"
      +\"<span class=sf-dump-public title=\"Runtime added dynamic property\">principal</span>\": \"<span class=sf-dump-str title=\"6 characters\">833.33</span>\"
      +\"<span class=sf-dump-public title=\"Runtime added dynamic property\">interest</span>\": \"<span class=sf-dump-str title=\"6 characters\">150.00</span>\"
      +\"<span class=sf-dump-public title=\"Runtime added dynamic property\">surcharge</span>\": \"<span class=sf-dump-str title=\"4 characters\">0.00</span>\"
      +\"<span class=sf-dump-public title=\"Runtime added dynamic property\">total</span>\": \"<span class=sf-dump-str title=\"6 characters\">983.33</span>\"
      +\"<span class=sf-dump-public title=\"Runtime added dynamic property\">accrued</span>\": <span class=sf-dump-num>0</span>
    </samp>}
    <span class=sf-dump-index>3</span> => {<a class=sf-dump-ref>#790</a><samp data-depth=3 class=sf-dump-compact>
      +\"<span class=sf-dump-public title=\"Runtime added dynamic property\">term_code</span>\": \"<span class=sf-dump-str title=\"2 characters\">P4</span>\"
      +\"<span class=sf-dump-public title=\"Runtime added dynamic property\">date</span>\": \"<span class=sf-dump-str title=\"10 characters\">11/30/2024</span>\"
      +\"<span class=sf-dump-public title=\"Runtime added dynamic property\">principal</span>\": \"<span class=sf-dump-str title=\"6 characters\">833.33</span>\"
      +\"<span class=sf-dump-public title=\"Runtime added dynamic property\">interest</span>\": \"<span class=sf-dump-str title=\"6 characters\">150.00</span>\"
      +\"<span class=sf-dump-public title=\"Runtime added dynamic property\">surcharge</span>\": \"<span class=sf-dump-str title=\"4 characters\">0.00</span>\"
      +\"<span class=sf-dump-public title=\"Runtime added dynamic property\">total</span>\": \"<span class=sf-dump-str title=\"6 characters\">983.33</span>\"
      +\"<span class=sf-dump-public title=\"Runtime added dynamic property\">accrued</span>\": <span class=sf-dump-num>0</span>
    </samp>}
    <span class=sf-dump-index>4</span> => {<a class=sf-dump-ref>#793</a><samp data-depth=3 class=sf-dump-compact>
      +\"<span class=sf-dump-public title=\"Runtime added dynamic property\">term_code</span>\": \"<span class=sf-dump-str title=\"2 characters\">P5</span>\"
      +\"<span class=sf-dump-public title=\"Runtime added dynamic property\">date</span>\": \"<span class=sf-dump-str title=\"10 characters\">12/30/2024</span>\"
      +\"<span class=sf-dump-public title=\"Runtime added dynamic property\">principal</span>\": \"<span class=sf-dump-str title=\"6 characters\">833.33</span>\"
      +\"<span class=sf-dump-public title=\"Runtime added dynamic property\">interest</span>\": \"<span class=sf-dump-str title=\"6 characters\">150.00</span>\"
      +\"<span class=sf-dump-public title=\"Runtime added dynamic property\">surcharge</span>\": \"<span class=sf-dump-str title=\"4 characters\">0.00</span>\"
      +\"<span class=sf-dump-public title=\"Runtime added dynamic property\">total</span>\": \"<span class=sf-dump-str title=\"6 characters\">983.33</span>\"
      +\"<span class=sf-dump-public title=\"Runtime added dynamic property\">accrued</span>\": <span class=sf-dump-num>0</span>
    </samp>}
    <span class=sf-dump-index>5</span> => {<a class=sf-dump-ref>#795</a><samp data-depth=3 class=sf-dump-compact>
      +\"<span class=sf-dump-public title=\"Runtime added dynamic property\">term_code</span>\": \"<span class=sf-dump-str title=\"2 characters\">P6</span>\"
      +\"<span class=sf-dump-public title=\"Runtime added dynamic property\">date</span>\": \"<span class=sf-dump-str title=\"10 characters\">01/30/2025</span>\"
      +\"<span class=sf-dump-public title=\"Runtime added dynamic property\">principal</span>\": \"<span class=sf-dump-str title=\"6 characters\">833.33</span>\"
      +\"<span class=sf-dump-public title=\"Runtime added dynamic property\">interest</span>\": \"<span class=sf-dump-str title=\"6 characters\">150.00</span>\"
      +\"<span class=sf-dump-public title=\"Runtime added dynamic property\">surcharge</span>\": \"<span class=sf-dump-str title=\"4 characters\">0.00</span>\"
      +\"<span class=sf-dump-public title=\"Runtime added dynamic property\">total</span>\": \"<span class=sf-dump-str title=\"6 characters\">983.33</span>\"
      +\"<span class=sf-dump-public title=\"Runtime added dynamic property\">accrued</span>\": <span class=sf-dump-num>0</span>
    </samp>}
    <span class=sf-dump-index>6</span> => {<a class=sf-dump-ref>#798</a><samp data-depth=3 class=sf-dump-compact>
      +\"<span class=sf-dump-public title=\"Runtime added dynamic property\">term_code</span>\": \"<span class=sf-dump-str title=\"2 characters\">P7</span>\"
      +\"<span class=sf-dump-public title=\"Runtime added dynamic property\">date</span>\": \"<span class=sf-dump-str title=\"10 characters\">02/28/2025</span>\"
      +\"<span class=sf-dump-public title=\"Runtime added dynamic property\">principal</span>\": \"<span class=sf-dump-str title=\"6 characters\">833.33</span>\"
      +\"<span class=sf-dump-public title=\"Runtime added dynamic property\">interest</span>\": \"<span class=sf-dump-str title=\"6 characters\">150.00</span>\"
      +\"<span class=sf-dump-public title=\"Runtime added dynamic property\">surcharge</span>\": \"<span class=sf-dump-str title=\"4 characters\">0.00</span>\"
      +\"<span class=sf-dump-public title=\"Runtime added dynamic property\">total</span>\": \"<span class=sf-dump-str title=\"6 characters\">983.33</span>\"
      +\"<span class=sf-dump-public title=\"Runtime added dynamic property\">accrued</span>\": <span class=sf-dump-num>0</span>
    </samp>}
    <span class=sf-dump-index>7</span> => {<a class=sf-dump-ref>#796</a><samp data-depth=3 class=sf-dump-compact>
      +\"<span class=sf-dump-public title=\"Runtime added dynamic property\">term_code</span>\": \"<span class=sf-dump-str title=\"2 characters\">P8</span>\"
      +\"<span class=sf-dump-public title=\"Runtime added dynamic property\">date</span>\": \"<span class=sf-dump-str title=\"10 characters\">03/30/2025</span>\"
      +\"<span class=sf-dump-public title=\"Runtime added dynamic property\">principal</span>\": \"<span class=sf-dump-str title=\"6 characters\">833.33</span>\"
      +\"<span class=sf-dump-public title=\"Runtime added dynamic property\">interest</span>\": \"<span class=sf-dump-str title=\"6 characters\">150.00</span>\"
      +\"<span class=sf-dump-public title=\"Runtime added dynamic property\">surcharge</span>\": \"<span class=sf-dump-str title=\"4 characters\">0.00</span>\"
      +\"<span class=sf-dump-public title=\"Runtime added dynamic property\">total</span>\": \"<span class=sf-dump-str title=\"6 characters\">983.33</span>\"
      +\"<span class=sf-dump-public title=\"Runtime added dynamic property\">accrued</span>\": <span class=sf-dump-num>0</span>
    </samp>}
    <span class=sf-dump-index>8</span> => {<a class=sf-dump-ref>#800</a><samp data-depth=3 class=sf-dump-compact>
      +\"<span class=sf-dump-public title=\"Runtime added dynamic property\">term_code</span>\": \"<span class=sf-dump-str title=\"2 characters\">P9</span>\"
      +\"<span class=sf-dump-public title=\"Runtime added dynamic property\">date</span>\": \"<span class=sf-dump-str title=\"10 characters\">04/30/2025</span>\"
      +\"<span class=sf-dump-public title=\"Runtime added dynamic property\">principal</span>\": \"<span class=sf-dump-str title=\"6 characters\">833.33</span>\"
      +\"<span class=sf-dump-public title=\"Runtime added dynamic property\">interest</span>\": \"<span class=sf-dump-str title=\"6 characters\">150.00</span>\"
      +\"<span class=sf-dump-public title=\"Runtime added dynamic property\">surcharge</span>\": \"<span class=sf-dump-str title=\"4 characters\">0.00</span>\"
      +\"<span class=sf-dump-public title=\"Runtime added dynamic property\">total</span>\": \"<span class=sf-dump-str title=\"6 characters\">983.33</span>\"
      +\"<span class=sf-dump-public title=\"Runtime added dynamic property\">accrued</span>\": <span class=sf-dump-num>0</span>
    </samp>}
    <span class=sf-dump-index>9</span> => {<a class=sf-dump-ref>#801</a><samp data-depth=3 class=sf-dump-compact>
      +\"<span class=sf-dump-public title=\"Runtime added dynamic property\">term_code</span>\": \"<span class=sf-dump-str title=\"3 characters\">P10</span>\"
      +\"<span class=sf-dump-public title=\"Runtime added dynamic property\">date</span>\": \"<span class=sf-dump-str title=\"10 characters\">05/30/2025</span>\"
      +\"<span class=sf-dump-public title=\"Runtime added dynamic property\">principal</span>\": \"<span class=sf-dump-str title=\"6 characters\">833.33</span>\"
      +\"<span class=sf-dump-public title=\"Runtime added dynamic property\">interest</span>\": \"<span class=sf-dump-str title=\"6 characters\">150.00</span>\"
      +\"<span class=sf-dump-public title=\"Runtime added dynamic property\">surcharge</span>\": \"<span class=sf-dump-str title=\"4 characters\">0.00</span>\"
      +\"<span class=sf-dump-public title=\"Runtime added dynamic property\">total</span>\": \"<span class=sf-dump-str title=\"6 characters\">983.33</span>\"
      +\"<span class=sf-dump-public title=\"Runtime added dynamic property\">accrued</span>\": <span class=sf-dump-num>0</span>
    </samp>}
    <span class=sf-dump-index>10</span> => {<a class=sf-dump-ref>#802</a><samp data-depth=3 class=sf-dump-compact>
      +\"<span class=sf-dump-public title=\"Runtime added dynamic property\">term_code</span>\": \"<span class=sf-dump-str title=\"3 characters\">P11</span>\"
      +\"<span class=sf-dump-public title=\"Runtime added dynamic property\">date</span>\": \"<span class=sf-dump-str title=\"10 characters\">06/30/2025</span>\"
      +\"<span class=sf-dump-public title=\"Runtime added dynamic property\">principal</span>\": \"<span class=sf-dump-str title=\"6 characters\">833.33</span>\"
      +\"<span class=sf-dump-public title=\"Runtime added dynamic property\">interest</span>\": \"<span class=sf-dump-str title=\"6 characters\">150.00</span>\"
      +\"<span class=sf-dump-public title=\"Runtime added dynamic property\">surcharge</span>\": \"<span class=sf-dump-str title=\"4 characters\">0.00</span>\"
      +\"<span class=sf-dump-public title=\"Runtime added dynamic property\">total</span>\": \"<span class=sf-dump-str title=\"6 characters\">983.33</span>\"
      +\"<span class=sf-dump-public title=\"Runtime added dynamic property\">accrued</span>\": <span class=sf-dump-num>0</span>
    </samp>}
    <span class=sf-dump-index>11</span> => {<a class=sf-dump-ref>#799</a><samp data-depth=3 class=sf-dump-compact>
      +\"<span class=sf-dump-public title=\"Runtime added dynamic property\">term_code</span>\": \"<span class=sf-dump-str title=\"3 characters\">P12</span>\"
      +\"<span class=sf-dump-public title=\"Runtime added dynamic property\">date</span>\": \"<span class=sf-dump-str title=\"10 characters\">07/30/2025</span>\"
      +\"<span class=sf-dump-public title=\"Runtime added dynamic property\">principal</span>\": \"<span class=sf-dump-str title=\"6 characters\">833.37</span>\"
      +\"<span class=sf-dump-public title=\"Runtime added dynamic property\">interest</span>\": \"<span class=sf-dump-str title=\"6 characters\">150.00</span>\"
      +\"<span class=sf-dump-public title=\"Runtime added dynamic property\">surcharge</span>\": \"<span class=sf-dump-str title=\"4 characters\">0.00</span>\"
      +\"<span class=sf-dump-public title=\"Runtime added dynamic property\">total</span>\": \"<span class=sf-dump-str title=\"6 characters\">983.37</span>\"
      +\"<span class=sf-dump-public title=\"Runtime added dynamic property\">accrued</span>\": <span class=sf-dump-num>0</span>
    </samp>}
  </samp>]
  \"<span class=sf-dump-key>AMTZ_PAYMENT</span>\" => []
  \"<span class=sf-dump-key>REPAYMENT_TABLE</span>\" => []
  \"<span class=sf-dump-key>CURRENT_DUE</span>\" => {<a class=sf-dump-ref>#808</a><samp data-depth=2 class=sf-dump-compact>
    +\"<span class=sf-dump-public title=\"Runtime added dynamic property\">cur_date</span>\": \"<span class=sf-dump-str title=\"17 characters\">December 09, 2025</span>\"
    +\"<span class=sf-dump-public title=\"Runtime added dynamic property\">prin</span>\": \"<span class=sf-dump-str title=\"8 characters\">10000.00</span>\"
    +\"<span class=sf-dump-public title=\"Runtime added dynamic property\">interest</span>\": \"<span class=sf-dump-str title=\"7 characters\">1800.00</span>\"
    +\"<span class=sf-dump-public title=\"Runtime added dynamic property\">fees</span>\": \"<span class=sf-dump-str title=\"4 characters\">0.00</span>\"
    +\"<span class=sf-dump-public title=\"Runtime added dynamic property\">surcharge</span>\": \"<span class=sf-dump-str title=\"4 characters\">0.00</span>\"
  </samp>}
  \"<span class=sf-dump-key>TOTAL_DUE</span>\" => <span class=sf-dump-num>11800.0</span>
  \"<span class=sf-dump-key>repaymentCount</span>\" => <span class=sf-dump-num>12</span>
  \"<span class=sf-dump-key>LOAN_TABLE</span>\" => <span class=sf-dump-note>array:12</span> [<samp data-depth=2 class=sf-dump-compact>
    <span class=sf-dump-index>0</span> => <span class=sf-dump-note>array:12</span> [<samp data-depth=3 class=sf-dump-compact>
      \"<span class=sf-dump-key>count</span>\" => <span class=sf-dump-num>1</span>
      \"<span class=sf-dump-key>term_code</span>\" => \"<span class=sf-dump-str title=\"2 characters\">P1</span>\"
      \"<span class=sf-dump-key>repayment_amount</span>\" => \"<span class=sf-dump-str title=\"6 characters\">833.33</span>\"
      \"<span class=sf-dump-key>interest_amount</span>\" => \"<span class=sf-dump-str title=\"6 characters\">150.00</span>\"
      \"<span class=sf-dump-key>fees</span>\" => \"<span class=sf-dump-str title=\"4 characters\">0.00</span>\"
      \"<span class=sf-dump-key>total_due</span>\" => \"<span class=sf-dump-str title=\"6 characters\">983.33</span>\"
      \"<span class=sf-dump-key>due_date</span>\" => \"<span class=sf-dump-str title=\"10 characters\">08/30/2024</span>\"
      \"<span class=sf-dump-key>paid_amount</span>\" => \"<span class=sf-dump-str>0</span>\"
      \"<span class=sf-dump-key>is_paid</span>\" => <span class=sf-dump-num>0</span>
      \"<span class=sf-dump-key>status</span>\" => \"<span class=sf-dump-str>3</span>\"
      \"<span class=sf-dump-key>accrued</span>\" => <span class=sf-dump-num>0</span>
      \"<span class=sf-dump-key>remarks</span>\" => \"\"
    </samp>]
    <span class=sf-dump-index>1</span> => <span class=sf-dump-note>array:12</span> [<samp data-depth=3 class=sf-dump-compact>
      \"<span class=sf-dump-key>count</span>\" => <span class=sf-dump-num>2</span>
      \"<span class=sf-dump-key>term_code</span>\" => \"<span class=sf-dump-str title=\"2 characters\">P2</span>\"
      \"<span class=sf-dump-key>repayment_amount</span>\" => \"<span class=sf-dump-str title=\"6 characters\">833.33</span>\"
      \"<span class=sf-dump-key>interest_amount</span>\" => \"<span class=sf-dump-str title=\"6 characters\">150.00</span>\"
      \"<span class=sf-dump-key>fees</span>\" => \"<span class=sf-dump-str title=\"4 characters\">0.00</span>\"
      \"<span class=sf-dump-key>total_due</span>\" => \"<span class=sf-dump-str title=\"6 characters\">983.33</span>\"
      \"<span class=sf-dump-key>due_date</span>\" => \"<span class=sf-dump-str title=\"10 characters\">09/30/2024</span>\"
      \"<span class=sf-dump-key>paid_amount</span>\" => \"<span class=sf-dump-str>0</span>\"
      \"<span class=sf-dump-key>is_paid</span>\" => <span class=sf-dump-num>0</span>
      \"<span class=sf-dump-key>status</span>\" => \"<span class=sf-dump-str>3</span>\"
      \"<span class=sf-dump-key>accrued</span>\" => <span class=sf-dump-num>0</span>
      \"<span class=sf-dump-key>remarks</span>\" => \"\"
    </samp>]
    <span class=sf-dump-index>2</span> => <span class=sf-dump-note>array:12</span> [<samp data-depth=3 class=sf-dump-compact>
      \"<span class=sf-dump-key>count</span>\" => <span class=sf-dump-num>3</span>
      \"<span class=sf-dump-key>term_code</span>\" => \"<span class=sf-dump-str title=\"2 characters\">P3</span>\"
      \"<span class=sf-dump-key>repayment_amount</span>\" => \"<span class=sf-dump-str title=\"6 characters\">833.33</span>\"
      \"<span class=sf-dump-key>interest_amount</span>\" => \"<span class=sf-dump-str title=\"6 characters\">150.00</span>\"
      \"<span class=sf-dump-key>fees</span>\" => \"<span class=sf-dump-str title=\"4 characters\">0.00</span>\"
      \"<span class=sf-dump-key>total_due</span>\" => \"<span class=sf-dump-str title=\"6 characters\">983.33</span>\"
      \"<span class=sf-dump-key>due_date</span>\" => \"<span class=sf-dump-str title=\"10 characters\">10/30/2024</span>\"
      \"<span class=sf-dump-key>paid_amount</span>\" => \"<span class=sf-dump-str>0</span>\"
      \"<span class=sf-dump-key>is_paid</span>\" => <span class=sf-dump-num>0</span>
      \"<span class=sf-dump-key>status</span>\" => \"<span class=sf-dump-str>3</span>\"
      \"<span class=sf-dump-key>accrued</span>\" => <span class=sf-dump-num>0</span>
      \"<span class=sf-dump-key>remarks</span>\" => \"\"
    </samp>]
    <span class=sf-dump-index>3</span> => <span class=sf-dump-note>array:12</span> [<samp data-depth=3 class=sf-dump-compact>
      \"<span class=sf-dump-key>count</span>\" => <span class=sf-dump-num>4</span>
      \"<span class=sf-dump-key>term_code</span>\" => \"<span class=sf-dump-str title=\"2 characters\">P4</span>\"
      \"<span class=sf-dump-key>repayment_amount</span>\" => \"<span class=sf-dump-str title=\"6 characters\">833.33</span>\"
      \"<span class=sf-dump-key>interest_amount</span>\" => \"<span class=sf-dump-str title=\"6 characters\">150.00</span>\"
      \"<span class=sf-dump-key>fees</span>\" => \"<span class=sf-dump-str title=\"4 characters\">0.00</span>\"
      \"<span class=sf-dump-key>total_due</span>\" => \"<span class=sf-dump-str title=\"6 characters\">983.33</span>\"
      \"<span class=sf-dump-key>due_date</span>\" => \"<span class=sf-dump-str title=\"10 characters\">11/30/2024</span>\"
      \"<span class=sf-dump-key>paid_amount</span>\" => \"<span class=sf-dump-str>0</span>\"
      \"<span class=sf-dump-key>is_paid</span>\" => <span class=sf-dump-num>0</span>
      \"<span class=sf-dump-key>status</span>\" => \"<span class=sf-dump-str>3</span>\"
      \"<span class=sf-dump-key>accrued</span>\" => <span class=sf-dump-num>0</span>
      \"<span class=sf-dump-key>remarks</span>\" => \"\"
    </samp>]
    <span class=sf-dump-index>4</span> => <span class=sf-dump-note>array:12</span> [<samp data-depth=3 class=sf-dump-compact>
      \"<span class=sf-dump-key>count</span>\" => <span class=sf-dump-num>5</span>
      \"<span class=sf-dump-key>term_code</span>\" => \"<span class=sf-dump-str title=\"2 characters\">P5</span>\"
      \"<span class=sf-dump-key>repayment_amount</span>\" => \"<span class=sf-dump-str title=\"6 characters\">833.33</span>\"
      \"<span class=sf-dump-key>interest_amount</span>\" => \"<span class=sf-dump-str title=\"6 characters\">150.00</span>\"
      \"<span class=sf-dump-key>fees</span>\" => \"<span class=sf-dump-str title=\"4 characters\">0.00</span>\"
      \"<span class=sf-dump-key>total_due</span>\" => \"<span class=sf-dump-str title=\"6 characters\">983.33</span>\"
      \"<span class=sf-dump-key>due_date</span>\" => \"<span class=sf-dump-str title=\"10 characters\">12/30/2024</span>\"
      \"<span class=sf-dump-key>paid_amount</span>\" => \"<span class=sf-dump-str>0</span>\"
      \"<span class=sf-dump-key>is_paid</span>\" => <span class=sf-dump-num>0</span>
      \"<span class=sf-dump-key>status</span>\" => \"<span class=sf-dump-str>3</span>\"
      \"<span class=sf-dump-key>accrued</span>\" => <span class=sf-dump-num>0</span>
      \"<span class=sf-dump-key>remarks</span>\" => \"\"
    </samp>]
    <span class=sf-dump-index>5</span> => <span class=sf-dump-note>array:12</span> [<samp data-depth=3 class=sf-dump-compact>
      \"<span class=sf-dump-key>count</span>\" => <span class=sf-dump-num>6</span>
      \"<span class=sf-dump-key>term_code</span>\" => \"<span class=sf-dump-str title=\"2 characters\">P6</span>\"
      \"<span class=sf-dump-key>repayment_amount</span>\" => \"<span class=sf-dump-str title=\"6 characters\">833.33</span>\"
      \"<span class=sf-dump-key>interest_amount</span>\" => \"<span class=sf-dump-str title=\"6 characters\">150.00</span>\"
      \"<span class=sf-dump-key>fees</span>\" => \"<span class=sf-dump-str title=\"4 characters\">0.00</span>\"
      \"<span class=sf-dump-key>total_due</span>\" => \"<span class=sf-dump-str title=\"6 characters\">983.33</span>\"
      \"<span class=sf-dump-key>due_date</span>\" => \"<span class=sf-dump-str title=\"10 characters\">01/30/2025</span>\"
      \"<span class=sf-dump-key>paid_amount</span>\" => \"<span class=sf-dump-str>0</span>\"
      \"<span class=sf-dump-key>is_paid</span>\" => <span class=sf-dump-num>0</span>
      \"<span class=sf-dump-key>status</span>\" => \"<span class=sf-dump-str>3</span>\"
      \"<span class=sf-dump-key>accrued</span>\" => <span class=sf-dump-num>0</span>
      \"<span class=sf-dump-key>remarks</span>\" => \"\"
    </samp>]
    <span class=sf-dump-index>6</span> => <span class=sf-dump-note>array:12</span> [<samp data-depth=3 class=sf-dump-compact>
      \"<span class=sf-dump-key>count</span>\" => <span class=sf-dump-num>7</span>
      \"<span class=sf-dump-key>term_code</span>\" => \"<span class=sf-dump-str title=\"2 characters\">P7</span>\"
      \"<span class=sf-dump-key>repayment_amount</span>\" => \"<span class=sf-dump-str title=\"6 characters\">833.33</span>\"
      \"<span class=sf-dump-key>interest_amount</span>\" => \"<span class=sf-dump-str title=\"6 characters\">150.00</span>\"
      \"<span class=sf-dump-key>fees</span>\" => \"<span class=sf-dump-str title=\"4 characters\">0.00</span>\"
      \"<span class=sf-dump-key>total_due</span>\" => \"<span class=sf-dump-str title=\"6 characters\">983.33</span>\"
      \"<span class=sf-dump-key>due_date</span>\" => \"<span class=sf-dump-str title=\"10 characters\">02/28/2025</span>\"
      \"<span class=sf-dump-key>paid_amount</span>\" => \"<span class=sf-dump-str>0</span>\"
      \"<span class=sf-dump-key>is_paid</span>\" => <span class=sf-dump-num>0</span>
      \"<span class=sf-dump-key>status</span>\" => \"<span class=sf-dump-str>3</span>\"
      \"<span class=sf-dump-key>accrued</span>\" => <span class=sf-dump-num>0</span>
      \"<span class=sf-dump-key>remarks</span>\" => \"\"
    </samp>]
    <span class=sf-dump-index>7</span> => <span class=sf-dump-note>array:12</span> [<samp data-depth=3 class=sf-dump-compact>
      \"<span class=sf-dump-key>count</span>\" => <span class=sf-dump-num>8</span>
      \"<span class=sf-dump-key>term_code</span>\" => \"<span class=sf-dump-str title=\"2 characters\">P8</span>\"
      \"<span class=sf-dump-key>repayment_amount</span>\" => \"<span class=sf-dump-str title=\"6 characters\">833.33</span>\"
      \"<span class=sf-dump-key>interest_amount</span>\" => \"<span class=sf-dump-str title=\"6 characters\">150.00</span>\"
      \"<span class=sf-dump-key>fees</span>\" => \"<span class=sf-dump-str title=\"4 characters\">0.00</span>\"
      \"<span class=sf-dump-key>total_due</span>\" => \"<span class=sf-dump-str title=\"6 characters\">983.33</span>\"
      \"<span class=sf-dump-key>due_date</span>\" => \"<span class=sf-dump-str title=\"10 characters\">03/30/2025</span>\"
      \"<span class=sf-dump-key>paid_amount</span>\" => \"<span class=sf-dump-str>0</span>\"
      \"<span class=sf-dump-key>is_paid</span>\" => <span class=sf-dump-num>0</span>
      \"<span class=sf-dump-key>status</span>\" => \"<span class=sf-dump-str>3</span>\"
      \"<span class=sf-dump-key>accrued</span>\" => <span class=sf-dump-num>0</span>
      \"<span class=sf-dump-key>remarks</span>\" => \"\"
    </samp>]
    <span class=sf-dump-index>8</span> => <span class=sf-dump-note>array:12</span> [<samp data-depth=3 class=sf-dump-compact>
      \"<span class=sf-dump-key>count</span>\" => <span class=sf-dump-num>9</span>
      \"<span class=sf-dump-key>term_code</span>\" => \"<span class=sf-dump-str title=\"2 characters\">P9</span>\"
      \"<span class=sf-dump-key>repayment_amount</span>\" => \"<span class=sf-dump-str title=\"6 characters\">833.33</span>\"
      \"<span class=sf-dump-key>interest_amount</span>\" => \"<span class=sf-dump-str title=\"6 characters\">150.00</span>\"
      \"<span class=sf-dump-key>fees</span>\" => \"<span class=sf-dump-str title=\"4 characters\">0.00</span>\"
      \"<span class=sf-dump-key>total_due</span>\" => \"<span class=sf-dump-str title=\"6 characters\">983.33</span>\"
      \"<span class=sf-dump-key>due_date</span>\" => \"<span class=sf-dump-str title=\"10 characters\">04/30/2025</span>\"
      \"<span class=sf-dump-key>paid_amount</span>\" => \"<span class=sf-dump-str>0</span>\"
      \"<span class=sf-dump-key>is_paid</span>\" => <span class=sf-dump-num>0</span>
      \"<span class=sf-dump-key>status</span>\" => \"<span class=sf-dump-str>3</span>\"
      \"<span class=sf-dump-key>accrued</span>\" => <span class=sf-dump-num>0</span>
      \"<span class=sf-dump-key>remarks</span>\" => \"\"
    </samp>]
    <span class=sf-dump-index>9</span> => <span class=sf-dump-note>array:12</span> [<samp data-depth=3 class=sf-dump-compact>
      \"<span class=sf-dump-key>count</span>\" => <span class=sf-dump-num>10</span>
      \"<span class=sf-dump-key>term_code</span>\" => \"<span class=sf-dump-str title=\"3 characters\">P10</span>\"
      \"<span class=sf-dump-key>repayment_amount</span>\" => \"<span class=sf-dump-str title=\"6 characters\">833.33</span>\"
      \"<span class=sf-dump-key>interest_amount</span>\" => \"<span class=sf-dump-str title=\"6 characters\">150.00</span>\"
      \"<span class=sf-dump-key>fees</span>\" => \"<span class=sf-dump-str title=\"4 characters\">0.00</span>\"
      \"<span class=sf-dump-key>total_due</span>\" => \"<span class=sf-dump-str title=\"6 characters\">983.33</span>\"
      \"<span class=sf-dump-key>due_date</span>\" => \"<span class=sf-dump-str title=\"10 characters\">05/30/2025</span>\"
      \"<span class=sf-dump-key>paid_amount</span>\" => \"<span class=sf-dump-str>0</span>\"
      \"<span class=sf-dump-key>is_paid</span>\" => <span class=sf-dump-num>0</span>
      \"<span class=sf-dump-key>status</span>\" => \"<span class=sf-dump-str>3</span>\"
      \"<span class=sf-dump-key>accrued</span>\" => <span class=sf-dump-num>0</span>
      \"<span class=sf-dump-key>remarks</span>\" => \"\"
    </samp>]
    <span class=sf-dump-index>10</span> => <span class=sf-dump-note>array:12</span> [<samp data-depth=3 class=sf-dump-compact>
      \"<span class=sf-dump-key>count</span>\" => <span class=sf-dump-num>11</span>
      \"<span class=sf-dump-key>term_code</span>\" => \"<span class=sf-dump-str title=\"3 characters\">P11</span>\"
      \"<span class=sf-dump-key>repayment_amount</span>\" => \"<span class=sf-dump-str title=\"6 characters\">833.33</span>\"
      \"<span class=sf-dump-key>interest_amount</span>\" => \"<span class=sf-dump-str title=\"6 characters\">150.00</span>\"
      \"<span class=sf-dump-key>fees</span>\" => \"<span class=sf-dump-str title=\"4 characters\">0.00</span>\"
      \"<span class=sf-dump-key>total_due</span>\" => \"<span class=sf-dump-str title=\"6 characters\">983.33</span>\"
      \"<span class=sf-dump-key>due_date</span>\" => \"<span class=sf-dump-str title=\"10 characters\">06/30/2025</span>\"
      \"<span class=sf-dump-key>paid_amount</span>\" => \"<span class=sf-dump-str>0</span>\"
      \"<span class=sf-dump-key>is_paid</span>\" => <span class=sf-dump-num>0</span>
      \"<span class=sf-dump-key>status</span>\" => \"<span class=sf-dump-str>3</span>\"
      \"<span class=sf-dump-key>accrued</span>\" => <span class=sf-dump-num>0</span>
      \"<span class=sf-dump-key>remarks</span>\" => \"\"
    </samp>]
    <span class=sf-dump-index>11</span> => <span class=sf-dump-note>array:12</span> [<samp data-depth=3 class=sf-dump-compact>
      \"<span class=sf-dump-key>count</span>\" => <span class=sf-dump-num>12</span>
      \"<span class=sf-dump-key>term_code</span>\" => \"<span class=sf-dump-str title=\"3 characters\">P12</span>\"
      \"<span class=sf-dump-key>repayment_amount</span>\" => \"<span class=sf-dump-str title=\"6 characters\">833.37</span>\"
      \"<span class=sf-dump-key>interest_amount</span>\" => \"<span class=sf-dump-str title=\"6 characters\">150.00</span>\"
      \"<span class=sf-dump-key>fees</span>\" => \"<span class=sf-dump-str title=\"4 characters\">0.00</span>\"
      \"<span class=sf-dump-key>total_due</span>\" => \"<span class=sf-dump-str title=\"6 characters\">983.37</span>\"
      \"<span class=sf-dump-key>due_date</span>\" => \"<span class=sf-dump-str title=\"10 characters\">07/30/2025</span>\"
      \"<span class=sf-dump-key>paid_amount</span>\" => \"<span class=sf-dump-str>0</span>\"
      \"<span class=sf-dump-key>is_paid</span>\" => <span class=sf-dump-num>0</span>
      \"<span class=sf-dump-key>status</span>\" => \"<span class=sf-dump-str>3</span>\"
      \"<span class=sf-dump-key>accrued</span>\" => <span class=sf-dump-num>0</span>
      \"<span class=sf-dump-key>remarks</span>\" => \"\"
    </samp>]
  </samp>]
  \"<span class=sf-dump-key>TOTAL_INTEREST</span>\" => <span class=sf-dump-num>1800.0</span>
  \"<span class=sf-dump-key>TOTAL_AMOUNT_DUE</span>\" => <span class=sf-dump-num>11800.0</span>
  \"<span class=sf-dump-key>TOTAL_PAID_AMOUNT</span>\" => <span class=sf-dump-num>0</span>
  \"<span class=sf-dump-key>CURRENT_LOAN_BALANCE</span>\" => <span class=sf-dump-num>11800.0</span>
</samp>]
</pre><script>Sfdump(\"sf-dump-2006393316\", {\"maxDepth\":3,\"maxStringLength\":160})</script>
","for_approval":"<pre class=sf-dump id=sf-dump-1618574214 data-indent-pad=\"  \"><span class=sf-dump-const>false</span>
</pre><script>Sfdump(\"sf-dump-1618574214\", {\"maxDepth\":3,\"maxStringLength\":160})</script>
","show_repayment":"<pre class=sf-dump id=sf-dump-205624658 data-indent-pad=\"  \"><span class=sf-dump-const>true</span>
</pre><script>Sfdump(\"sf-dump-205624658\", {\"maxDepth\":3,\"maxStringLength\":160})</script>
","INVALID_APPLICATION":"<pre class=sf-dump id=sf-dump-1231142086 data-indent-pad=\"  \"><span class=sf-dump-const>false</span>
</pre><script>Sfdump(\"sf-dump-1231142086\", {\"maxDepth\":3,\"maxStringLength\":160})</script>
","ERROR_MESSAGE":"<pre class=sf-dump id=sf-dump-1982211018 data-indent-pad=\"  \">[]
</pre><script>Sfdump(\"sf-dump-1982211018\", {\"maxDepth\":3,\"maxStringLength\":160})</script>
","CBU":"<pre class=sf-dump id=sf-dump-1688073505 data-indent-pad=\"  \"><span class=sf-dump-note>array:2</span> [<samp data-depth=1 class=sf-dump-expanded>
  \"<span class=sf-dump-key>is_capital_buildup_valid</span>\" => <span class=sf-dump-const>true</span>
  \"<span class=sf-dump-key>difference</span>\" => <span class=sf-dump-num>0</span>
</samp>]
</pre><script>Sfdump(\"sf-dump-1688073505\", {\"maxDepth\":3,\"maxStringLength\":160})</script>
","ACCOUNT_CBU":"<pre class=sf-dump id=sf-dump-773118806 data-indent-pad=\"  \">\"<span class=sf-dump-str title=\"8 characters\">11762.96</span>\"
</pre><script>Sfdump(\"sf-dump-773118806\", {\"maxDepth\":3,\"maxStringLength\":160})</script>
","net_pays":"<pre class=sf-dump id=sf-dump-864878364 data-indent-pad=\"  \"><span class=sf-dump-note>Illuminate\\Support\\Collection</span> {<a class=sf-dump-ref>#788</a><samp data-depth=1 class=sf-dump-expanded>
  #<span class=sf-dump-protected title=\"Protected property\">items</span>: []
  #<span class=sf-dump-protected title=\"Protected property\">escapeWhenCastingToString</span>: <span class=sf-dump-const>false</span>
</samp>}
</pre><script>Sfdump(\"sf-dump-864878364\", {\"maxDepth\":3,\"maxStringLength\":160})</script>
","comakers":"<pre class=sf-dump id=sf-dump-34479020 data-indent-pad=\"  \"><span class=sf-dump-note>Illuminate\\Support\\Collection</span> {<a class=sf-dump-ref>#803</a><samp data-depth=1 class=sf-dump-expanded>
  #<span class=sf-dump-protected title=\"Protected property\">items</span>: []
  #<span class=sf-dump-protected title=\"Protected property\">escapeWhenCastingToString</span>: <span class=sf-dump-const>false</span>
</samp>}
</pre><script>Sfdump(\"sf-dump-34479020\", {\"maxDepth\":3,\"maxStringLength\":160})</script>
","other_lendings":"<pre class=sf-dump id=sf-dump-1617327815 data-indent-pad=\"  \"><span class=sf-dump-note>Illuminate\\Support\\Collection</span> {<a class=sf-dump-ref>#820</a><samp data-depth=1 class=sf-dump-expanded>
  #<span class=sf-dump-protected title=\"Protected property\">items</span>: []
  #<span class=sf-dump-protected title=\"Protected property\">escapeWhenCastingToString</span>: <span class=sf-dump-const>false</span>
</samp>}
</pre><script>Sfdump(\"sf-dump-1617327815\", {\"maxDepth\":3,\"maxStringLength\":160})</script>
","isAdmin":"<pre class=sf-dump id=sf-dump-175760904 data-indent-pad=\"  \"><span class=sf-dump-num>1</span>
</pre><script>Sfdump(\"sf-dump-175760904\", {\"maxDepth\":3,\"maxStringLength\":160})</script>
","loan_app_type":"<pre class=sf-dump id=sf-dump-1521458409 data-indent-pad=\"  \"><span class=sf-dump-note>array:2</span> [<samp data-depth=1 class=sf-dump-expanded>
  <span class=sf-dump-key>1</span> => \"<span class=sf-dump-str title=\"8 characters\">New Loan</span>\"
  <span class=sf-dump-key>2</span> => \"<span class=sf-dump-str title=\"7 characters\">Renewal</span>\"
</samp>]
</pre><script>Sfdump(\"sf-dump-1521458409\", {\"maxDepth\":3,\"maxStringLength\":160})</script>
","status_badge":"<pre class=sf-dump id=sf-dump-187232213 data-indent-pad=\"  \"><span class=sf-dump-note>array:7</span> [<samp data-depth=1 class=sf-dump-expanded>
  <span class=sf-dump-index>0</span> => \"<span class=sf-dump-str title=\"4 characters\">info</span>\"
  <span class=sf-dump-index>1</span> => \"<span class=sf-dump-str title=\"7 characters\">primary</span>\"
  <span class=sf-dump-index>2</span> => \"<span class=sf-dump-str title=\"7 characters\">success</span>\"
  <span class=sf-dump-index>3</span> => \"<span class=sf-dump-str title=\"7 characters\">success</span>\"
  <span class=sf-dump-index>4</span> => \"<span class=sf-dump-str title=\"6 characters\">danger</span>\"
  <span class=sf-dump-index>5</span> => \"<span class=sf-dump-str title=\"6 characters\">danger</span>\"
  <span class=sf-dump-index>6</span> => \"<span class=sf-dump-str title=\"7 characters\">primary</span>\"
</samp>]
</pre><script>Sfdump(\"sf-dump-187232213\", {\"maxDepth\":3,\"maxStringLength\":160})</script>
","back_link":"<pre class=sf-dump id=sf-dump-1923880718 data-indent-pad=\"  \">\"<span class=sf-dump-str title=\"5 characters\">/loan</span>\"
</pre><script>Sfdump(\"sf-dump-1923880718\", {\"maxDepth\":3,\"maxStringLength\":160})</script>
","lt_max_index":"<pre class=sf-dump id=sf-dump-1118727050 data-indent-pad=\"  \"><span class=sf-dump-num>11</span>
</pre><script>Sfdump(\"sf-dump-1118727050\", {\"maxDepth\":3,\"maxStringLength\":160})</script>
","month_duration":"<pre class=sf-dump id=sf-dump-1020536985 data-indent-pad=\"  \"><span class=sf-dump-num>1</span>
</pre><script>Sfdump(\"sf-dump-1020536985\", {\"maxDepth\":3,\"maxStringLength\":160})</script>
","__currentLoopData":"<pre class=sf-dump id=sf-dump-401025577 data-indent-pad=\"  \">[]
</pre><script>Sfdump(\"sf-dump-401025577\", {\"maxDepth\":3,\"maxStringLength\":160})</script>
","loop":"<pre class=sf-dump id=sf-dump-1141703274 data-indent-pad=\"  \"><span class=sf-dump-const>null</span>
</pre><script>Sfdump(\"sf-dump-1141703274\", {\"maxDepth\":3,\"maxStringLength\":160})</script>
"}},"exception":"[object] (Spatie\\LaravelIgnition\\Exceptions\\ViewException(code: 0): Attempt to read property \"principal_balance\" on string at C:\\wamp64\\www\\maasin_live_act\\resources\\views\\loan\\repayment_table.blade.php:107)
[stacktrace]
#0 C:\\wamp64\\www\\maasin_live_act\\vendor\\laravel\\framework\\src\\Illuminate\\Filesystem\\Filesystem.php(123): require('C:\\\\wamp64\\\\www\\\\m...')
#1 C:\\wamp64\\www\\maasin_live_act\\vendor\\laravel\\framework\\src\\Illuminate\\Filesystem\\Filesystem.php(124): Illuminate\\Filesystem\\Filesystem::{closure:Illuminate\\Filesystem\\Filesystem::getRequire():120}()
#2 C:\\wamp64\\www\\maasin_live_act\\vendor\\laravel\\framework\\src\\Illuminate\\View\\Engines\\PhpEngine.php(58): Illuminate\\Filesystem\\Filesystem->getRequire('C:\\\\wamp64\\\\www\\\\m...', Array)
#3 C:\\wamp64\\www\\maasin_live_act\\vendor\\laravel\\framework\\src\\Illuminate\\View\\Engines\\CompilerEngine.php(72): Illuminate\\View\\Engines\\PhpEngine->evaluatePath('C:\\\\wamp64\\\\www\\\\m...', Array)
#4 C:\\wamp64\\www\\maasin_live_act\\vendor\\laravel\\framework\\src\\Illuminate\\View\\View.php(207): Illuminate\\View\\Engines\\CompilerEngine->get('C:\\\\wamp64\\\\www\\\\m...', Array)
#5 C:\\wamp64\\www\\maasin_live_act\\vendor\\laravel\\framework\\src\\Illuminate\\View\\View.php(190): Illuminate\\View\\View->getContents()
#6 C:\\wamp64\\www\\maasin_live_act\\vendor\\laravel\\framework\\src\\Illuminate\\View\\View.php(159): Illuminate\\View\\View->renderContents()
#7 C:\\wamp64\\www\\maasin_live_act\\resources\\views\\loan\\loan_table.blade.php(346): Illuminate\\View\\View->render()
#8 C:\\wamp64\\www\\maasin_live_act\\vendor\\laravel\\framework\\src\\Illuminate\\Filesystem\\Filesystem.php(123): require('C:\\\\wamp64\\\\www\\\\m...')
#9 C:\\wamp64\\www\\maasin_live_act\\vendor\\laravel\\framework\\src\\Illuminate\\Filesystem\\Filesystem.php(124): Illuminate\\Filesystem\\Filesystem::{closure:Illuminate\\Filesystem\\Filesystem::getRequire():120}()
#10 C:\\wamp64\\www\\maasin_live_act\\vendor\\laravel\\framework\\src\\Illuminate\\View\\Engines\\PhpEngine.php(58): Illuminate\\Filesystem\\Filesystem->getRequire('C:\\\\wamp64\\\\www\\\\m...', Array)
#11 C:\\wamp64\\www\\maasin_live_act\\vendor\\laravel\\framework\\src\\Illuminate\\View\\Engines\\CompilerEngine.php(72): Illuminate\\View\\Engines\\PhpEngine->evaluatePath('C:\\\\wamp64\\\\www\\\\m...', Array)
#12 C:\\wamp64\\www\\maasin_live_act\\vendor\\laravel\\framework\\src\\Illuminate\\View\\View.php(207): Illuminate\\View\\Engines\\CompilerEngine->get('C:\\\\wamp64\\\\www\\\\m...', Array)
#13 C:\\wamp64\\www\\maasin_live_act\\vendor\\laravel\\framework\\src\\Illuminate\\View\\View.php(190): Illuminate\\View\\View->getContents()
#14 C:\\wamp64\\www\\maasin_live_act\\vendor\\laravel\\framework\\src\\Illuminate\\View\\View.php(159): Illuminate\\View\\View->renderContents()
#15 C:\\wamp64\\www\\maasin_live_act\\resources\\views\\loan\\loan_form_display.blade.php(155): Illuminate\\View\\View->render()
#16 C:\\wamp64\\www\\maasin_live_act\\vendor\\laravel\\framework\\src\\Illuminate\\Filesystem\\Filesystem.php(123): require('C:\\\\wamp64\\\\www\\\\m...')
#17 C:\\wamp64\\www\\maasin_live_act\\vendor\\laravel\\framework\\src\\Illuminate\\Filesystem\\Filesystem.php(124): Illuminate\\Filesystem\\Filesystem::{closure:Illuminate\\Filesystem\\Filesystem::getRequire():120}()
#18 C:\\wamp64\\www\\maasin_live_act\\vendor\\laravel\\framework\\src\\Illuminate\\View\\Engines\\PhpEngine.php(58): Illuminate\\Filesystem\\Filesystem->getRequire('C:\\\\wamp64\\\\www\\\\m...', Array)
#19 C:\\wamp64\\www\\maasin_live_act\\vendor\\laravel\\framework\\src\\Illuminate\\View\\Engines\\CompilerEngine.php(72): Illuminate\\View\\Engines\\PhpEngine->evaluatePath('C:\\\\wamp64\\\\www\\\\m...', Array)
#20 C:\\wamp64\\www\\maasin_live_act\\vendor\\laravel\\framework\\src\\Illuminate\\View\\View.php(207): Illuminate\\View\\Engines\\CompilerEngine->get('C:\\\\wamp64\\\\www\\\\m...', Array)
#21 C:\\wamp64\\www\\maasin_live_act\\vendor\\laravel\\framework\\src\\Illuminate\\View\\View.php(190): Illuminate\\View\\View->getContents()
#22 C:\\wamp64\\www\\maasin_live_act\\vendor\\laravel\\framework\\src\\Illuminate\\View\\View.php(159): Illuminate\\View\\View->renderContents()
#23 C:\\wamp64\\www\\maasin_live_act\\vendor\\laravel\\framework\\src\\Illuminate\\Http\\Response.php(69): Illuminate\\View\\View->render()
#24 C:\\wamp64\\www\\maasin_live_act\\vendor\\laravel\\framework\\src\\Illuminate\\Http\\Response.php(35): Illuminate\\Http\\Response->setContent(Object(Illuminate\\View\\View))
#25 C:\\wamp64\\www\\maasin_live_act\\vendor\\laravel\\framework\\src\\Illuminate\\Routing\\Router.php(918): Illuminate\\Http\\Response->__construct(Object(Illuminate\\View\\View), 200, Array)
#26 C:\\wamp64\\www\\maasin_live_act\\vendor\\laravel\\framework\\src\\Illuminate\\Routing\\Router.php(885): Illuminate\\Routing\\Router::toResponse(Object(Illuminate\\Http\\Request), Object(Illuminate\\View\\View))
#27 C:\\wamp64\\www\\maasin_live_act\\vendor\\laravel\\framework\\src\\Illuminate\\Routing\\Router.php(805): Illuminate\\Routing\\Router->prepareResponse(Object(Illuminate\\Http\\Request), Object(Illuminate\\View\\View))
#28 C:\\wamp64\\www\\maasin_live_act\\vendor\\laravel\\framework\\src\\Illuminate\\Pipeline\\Pipeline.php(144): Illuminate\\Routing\\Router->{closure:Illuminate\\Routing\\Router::runRouteWithinStack():805}(Object(Illuminate\\Http\\Request))
#29 C:\\wamp64\\www\\maasin_live_act\\app\\Http\\Middleware\\SessionExpired.php(48): Illuminate\\Pipeline\\Pipeline->{closure:Illuminate\\Pipeline\\Pipeline::prepareDestination():142}(Object(Illuminate\\Http\\Request))
#30 C:\\wamp64\\www\\maasin_live_act\\vendor\\laravel\\framework\\src\\Illuminate\\Pipeline\\Pipeline.php(183): App\\Http\\Middleware\\SessionExpired->handle(Object(Illuminate\\Http\\Request), Object(Closure))
#31 C:\\wamp64\\www\\maasin_live_act\\vendor\\laravel\\framework\\src\\Illuminate\\Routing\\Middleware\\SubstituteBindings.php(50): Illuminate\\Pipeline\\Pipeline->{closure:{closure:Illuminate\\Pipeline\\Pipeline::carry():158}:159}(Object(Illuminate\\Http\\Request))
#32 C:\\wamp64\\www\\maasin_live_act\\vendor\\laravel\\framework\\src\\Illuminate\\Pipeline\\Pipeline.php(183): Illuminate\\Routing\\Middleware\\SubstituteBindings->handle(Object(Illuminate\\Http\\Request), Object(Closure))
#33 C:\\wamp64\\www\\maasin_live_act\\vendor\\laravel\\framework\\src\\Illuminate\\Foundation\\Http\\Middleware\\VerifyCsrfToken.php(78): Illuminate\\Pipeline\\Pipeline->{closure:{closure:Illuminate\\Pipeline\\Pipeline::carry():158}:159}(Object(Illuminate\\Http\\Request))
#34 C:\\wamp64\\www\\maasin_live_act\\vendor\\laravel\\framework\\src\\Illuminate\\Pipeline\\Pipeline.php(183): Illuminate\\Foundation\\Http\\Middleware\\VerifyCsrfToken->handle(Object(Illuminate\\Http\\Request), Object(Closure))
#35 C:\\wamp64\\www\\maasin_live_act\\vendor\\laravel\\framework\\src\\Illuminate\\View\\Middleware\\ShareErrorsFromSession.php(49): Illuminate\\Pipeline\\Pipeline->{closure:{closure:Illuminate\\Pipeline\\Pipeline::carry():158}:159}(Object(Illuminate\\Http\\Request))
#36 C:\\wamp64\\www\\maasin_live_act\\vendor\\laravel\\framework\\src\\Illuminate\\Pipeline\\Pipeline.php(183): Illuminate\\View\\Middleware\\ShareErrorsFromSession->handle(Object(Illuminate\\Http\\Request), Object(Closure))
#37 C:\\wamp64\\www\\maasin_live_act\\vendor\\laravel\\framework\\src\\Illuminate\\Session\\Middleware\\StartSession.php(121): Illuminate\\Pipeline\\Pipeline->{closure:{closure:Illuminate\\Pipeline\\Pipeline::carry():158}:159}(Object(Illuminate\\Http\\Request))
#38 C:\\wamp64\\www\\maasin_live_act\\vendor\\laravel\\framework\\src\\Illuminate\\Session\\Middleware\\StartSession.php(64): Illuminate\\Session\\Middleware\\StartSession->handleStatefulRequest(Object(Illuminate\\Http\\Request), Object(Illuminate\\Session\\Store), Object(Closure))
#39 C:\\wamp64\\www\\maasin_live_act\\vendor\\laravel\\framework\\src\\Illuminate\\Pipeline\\Pipeline.php(183): Illuminate\\Session\\Middleware\\StartSession->handle(Object(Illuminate\\Http\\Request), Object(Closure))
#40 C:\\wamp64\\www\\maasin_live_act\\vendor\\laravel\\framework\\src\\Illuminate\\Cookie\\Middleware\\AddQueuedCookiesToResponse.php(37): Illuminate\\Pipeline\\Pipeline->{closure:{closure:Illuminate\\Pipeline\\Pipeline::carry():158}:159}(Object(Illuminate\\Http\\Request))
#41 C:\\wamp64\\www\\maasin_live_act\\vendor\\laravel\\framework\\src\\Illuminate\\Pipeline\\Pipeline.php(183): Illuminate\\Cookie\\Middleware\\AddQueuedCookiesToResponse->handle(Object(Illuminate\\Http\\Request), Object(Closure))
#42 C:\\wamp64\\www\\maasin_live_act\\vendor\\laravel\\framework\\src\\Illuminate\\Cookie\\Middleware\\EncryptCookies.php(67): Illuminate\\Pipeline\\Pipeline->{closure:{closure:Illuminate\\Pipeline\\Pipeline::carry():158}:159}(Object(Illuminate\\Http\\Request))
#43 C:\\wamp64\\www\\maasin_live_act\\vendor\\laravel\\framework\\src\\Illuminate\\Pipeline\\Pipeline.php(183): Illuminate\\Cookie\\Middleware\\EncryptCookies->handle(Object(Illuminate\\Http\\Request), Object(Closure))
#44 C:\\wamp64\\www\\maasin_live_act\\vendor\\laravel\\framework\\src\\Illuminate\\Pipeline\\Pipeline.php(119): Illuminate\\Pipeline\\Pipeline->{closure:{closure:Illuminate\\Pipeline\\Pipeline::carry():158}:159}(Object(Illuminate\\Http\\Request))
#45 C:\\wamp64\\www\\maasin_live_act\\vendor\\laravel\\framework\\src\\Illuminate\\Routing\\Router.php(805): Illuminate\\Pipeline\\Pipeline->then(Object(Closure))
#46 C:\\wamp64\\www\\maasin_live_act\\vendor\\laravel\\framework\\src\\Illuminate\\Routing\\Router.php(784): Illuminate\\Routing\\Router->runRouteWithinStack(Object(Illuminate\\Routing\\Route), Object(Illuminate\\Http\\Request))
#47 C:\\wamp64\\www\\maasin_live_act\\vendor\\laravel\\framework\\src\\Illuminate\\Routing\\Router.php(748): Illuminate\\Routing\\Router->runRoute(Object(Illuminate\\Http\\Request), Object(Illuminate\\Routing\\Route))
#48 C:\\wamp64\\www\\maasin_live_act\\vendor\\laravel\\framework\\src\\Illuminate\\Routing\\Router.php(737): Illuminate\\Routing\\Router->dispatchToRoute(Object(Illuminate\\Http\\Request))
#49 C:\\wamp64\\www\\maasin_live_act\\vendor\\laravel\\framework\\src\\Illuminate\\Foundation\\Http\\Kernel.php(200): Illuminate\\Routing\\Router->dispatch(Object(Illuminate\\Http\\Request))
#50 C:\\wamp64\\www\\maasin_live_act\\vendor\\laravel\\framework\\src\\Illuminate\\Pipeline\\Pipeline.php(144): Illuminate\\Foundation\\Http\\Kernel->{closure:Illuminate\\Foundation\\Http\\Kernel::dispatchToRouter():197}(Object(Illuminate\\Http\\Request))
#51 C:\\wamp64\\www\\maasin_live_act\\vendor\\laravel\\framework\\src\\Illuminate\\Foundation\\Http\\Middleware\\TransformsRequest.php(21): Illuminate\\Pipeline\\Pipeline->{closure:Illuminate\\Pipeline\\Pipeline::prepareDestination():142}(Object(Illuminate\\Http\\Request))
#52 C:\\wamp64\\www\\maasin_live_act\\vendor\\laravel\\framework\\src\\Illuminate\\Foundation\\Http\\Middleware\\ConvertEmptyStringsToNull.php(31): Illuminate\\Foundation\\Http\\Middleware\\TransformsRequest->handle(Object(Illuminate\\Http\\Request), Object(Closure))
#53 C:\\wamp64\\www\\maasin_live_act\\vendor\\laravel\\framework\\src\\Illuminate\\Pipeline\\Pipeline.php(183): Illuminate\\Foundation\\Http\\Middleware\\ConvertEmptyStringsToNull->handle(Object(Illuminate\\Http\\Request), Object(Closure))
#54 C:\\wamp64\\www\\maasin_live_act\\vendor\\laravel\\framework\\src\\Illuminate\\Foundation\\Http\\Middleware\\TransformsRequest.php(21): Illuminate\\Pipeline\\Pipeline->{closure:{closure:Illuminate\\Pipeline\\Pipeline::carry():158}:159}(Object(Illuminate\\Http\\Request))
#55 C:\\wamp64\\www\\maasin_live_act\\vendor\\laravel\\framework\\src\\Illuminate\\Foundation\\Http\\Middleware\\TrimStrings.php(40): Illuminate\\Foundation\\Http\\Middleware\\TransformsRequest->handle(Object(Illuminate\\Http\\Request), Object(Closure))
#56 C:\\wamp64\\www\\maasin_live_act\\vendor\\laravel\\framework\\src\\Illuminate\\Pipeline\\Pipeline.php(183): Illuminate\\Foundation\\Http\\Middleware\\TrimStrings->handle(Object(Illuminate\\Http\\Request), Object(Closure))
#57 C:\\wamp64\\www\\maasin_live_act\\vendor\\laravel\\framework\\src\\Illuminate\\Foundation\\Http\\Middleware\\ValidatePostSize.php(27): Illuminate\\Pipeline\\Pipeline->{closure:{closure:Illuminate\\Pipeline\\Pipeline::carry():158}:159}(Object(Illuminate\\Http\\Request))
#58 C:\\wamp64\\www\\maasin_live_act\\vendor\\laravel\\framework\\src\\Illuminate\\Pipeline\\Pipeline.php(183): Illuminate\\Foundation\\Http\\Middleware\\ValidatePostSize->handle(Object(Illuminate\\Http\\Request), Object(Closure))
#59 C:\\wamp64\\www\\maasin_live_act\\vendor\\laravel\\framework\\src\\Illuminate\\Foundation\\Http\\Middleware\\PreventRequestsDuringMaintenance.php(99): Illuminate\\Pipeline\\Pipeline->{closure:{closure:Illuminate\\Pipeline\\Pipeline::carry():158}:159}(Object(Illuminate\\Http\\Request))
#60 C:\\wamp64\\www\\maasin_live_act\\vendor\\laravel\\framework\\src\\Illuminate\\Pipeline\\Pipeline.php(183): Illuminate\\Foundation\\Http\\Middleware\\PreventRequestsDuringMaintenance->handle(Object(Illuminate\\Http\\Request), Object(Closure))
#61 C:\\wamp64\\www\\maasin_live_act\\vendor\\laravel\\framework\\src\\Illuminate\\Http\\Middleware\\TrustProxies.php(39): Illuminate\\Pipeline\\Pipeline->{closure:{closure:Illuminate\\Pipeline\\Pipeline::carry():158}:159}(Object(Illuminate\\Http\\Request))
#62 C:\\wamp64\\www\\maasin_live_act\\vendor\\laravel\\framework\\src\\Illuminate\\Pipeline\\Pipeline.php(183): Illuminate\\Http\\Middleware\\TrustProxies->handle(Object(Illuminate\\Http\\Request), Object(Closure))
#63 C:\\wamp64\\www\\maasin_live_act\\vendor\\laravel\\framework\\src\\Illuminate\\Pipeline\\Pipeline.php(119): Illuminate\\Pipeline\\Pipeline->{closure:{closure:Illuminate\\Pipeline\\Pipeline::carry():158}:159}(Object(Illuminate\\Http\\Request))
#64 C:\\wamp64\\www\\maasin_live_act\\vendor\\laravel\\framework\\src\\Illuminate\\Foundation\\Http\\Kernel.php(175): Illuminate\\Pipeline\\Pipeline->then(Object(Closure))
#65 C:\\wamp64\\www\\maasin_live_act\\vendor\\laravel\\framework\\src\\Illuminate\\Foundation\\Http\\Kernel.php(144): Illuminate\\Foundation\\Http\\Kernel->sendRequestThroughRouter(Object(Illuminate\\Http\\Request))
#66 C:\\wamp64\\www\\maasin_live_act\\public\\index.php(54): Illuminate\\Foundation\\Http\\Kernel->handle(Object(Illuminate\\Http\\Request))
#67 {main}

[previous exception] [object] (ErrorException(code: 0): Attempt to read property \"principal_balance\" on string at C:\\wamp64\\www\\maasin_live_act\\storage\\framework\\views\\422c6115bf2f00a70f8a21ce48423398.php:107)
[stacktrace]
#0 C:\\wamp64\\www\\maasin_live_act\\vendor\\laravel\\framework\\src\\Illuminate\\Foundation\\Bootstrap\\HandleExceptions.php(255): Illuminate\\Foundation\\Bootstrap\\HandleExceptions->handleError(2, 'Attempt to read...', 'C:\\\\wamp64\\\\www\\\\m...', 107)
#1 C:\\wamp64\\www\\maasin_live_act\\storage\\framework\\views\\422c6115bf2f00a70f8a21ce48423398.php(107): Illuminate\\Foundation\\Bootstrap\\HandleExceptions->{closure:Illuminate\\Foundation\\Bootstrap\\HandleExceptions::forwardsTo():254}(2, 'Attempt to read...', 'C:\\\\wamp64\\\\www\\\\m...', 107)
#2 C:\\wamp64\\www\\maasin_live_act\\vendor\\laravel\\framework\\src\\Illuminate\\Filesystem\\Filesystem.php(123): require('C:\\\\wamp64\\\\www\\\\m...')
#3 C:\\wamp64\\www\\maasin_live_act\\vendor\\laravel\\framework\\src\\Illuminate\\Filesystem\\Filesystem.php(124): Illuminate\\Filesystem\\Filesystem::{closure:Illuminate\\Filesystem\\Filesystem::getRequire():120}()
#4 C:\\wamp64\\www\\maasin_live_act\\vendor\\laravel\\framework\\src\\Illuminate\\View\\Engines\\PhpEngine.php(58): Illuminate\\Filesystem\\Filesystem->getRequire('C:\\\\wamp64\\\\www\\\\m...', Array)
#5 C:\\wamp64\\www\\maasin_live_act\\vendor\\laravel\\framework\\src\\Illuminate\\View\\Engines\\CompilerEngine.php(72): Illuminate\\View\\Engines\\PhpEngine->evaluatePath('C:\\\\wamp64\\\\www\\\\m...', Array)
#6 C:\\wamp64\\www\\maasin_live_act\\vendor\\laravel\\framework\\src\\Illuminate\\View\\View.php(207): Illuminate\\View\\Engines\\CompilerEngine->get('C:\\\\wamp64\\\\www\\\\m...', Array)
#7 C:\\wamp64\\www\\maasin_live_act\\vendor\\laravel\\framework\\src\\Illuminate\\View\\View.php(190): Illuminate\\View\\View->getContents()
#8 C:\\wamp64\\www\\maasin_live_act\\vendor\\laravel\\framework\\src\\Illuminate\\View\\View.php(159): Illuminate\\View\\View->renderContents()
#9 C:\\wamp64\\www\\maasin_live_act\\storage\\framework\\views\\f411e370c677afec3477721a798e6b40.php(348): Illuminate\\View\\View->render()
#10 C:\\wamp64\\www\\maasin_live_act\\vendor\\laravel\\framework\\src\\Illuminate\\Filesystem\\Filesystem.php(123): require('C:\\\\wamp64\\\\www\\\\m...')
#11 C:\\wamp64\\www\\maasin_live_act\\vendor\\laravel\\framework\\src\\Illuminate\\Filesystem\\Filesystem.php(124): Illuminate\\Filesystem\\Filesystem::{closure:Illuminate\\Filesystem\\Filesystem::getRequire():120}()
#12 C:\\wamp64\\www\\maasin_live_act\\vendor\\laravel\\framework\\src\\Illuminate\\View\\Engines\\PhpEngine.php(58): Illuminate\\Filesystem\\Filesystem->getRequire('C:\\\\wamp64\\\\www\\\\m...', Array)
#13 C:\\wamp64\\www\\maasin_live_act\\vendor\\laravel\\framework\\src\\Illuminate\\View\\Engines\\CompilerEngine.php(72): Illuminate\\View\\Engines\\PhpEngine->evaluatePath('C:\\\\wamp64\\\\www\\\\m...', Array)
#14 C:\\wamp64\\www\\maasin_live_act\\vendor\\laravel\\framework\\src\\Illuminate\\View\\View.php(207): Illuminate\\View\\Engines\\CompilerEngine->get('C:\\\\wamp64\\\\www\\\\m...', Array)
#15 C:\\wamp64\\www\\maasin_live_act\\vendor\\laravel\\framework\\src\\Illuminate\\View\\View.php(190): Illuminate\\View\\View->getContents()
#16 C:\\wamp64\\www\\maasin_live_act\\vendor\\laravel\\framework\\src\\Illuminate\\View\\View.php(159): Illuminate\\View\\View->renderContents()
#17 C:\\wamp64\\www\\maasin_live_act\\storage\\framework\\views\\5c43925ac8c9fbd5725485ffea15e1c8.php(155): Illuminate\\View\\View->render()
#18 C:\\wamp64\\www\\maasin_live_act\\vendor\\laravel\\framework\\src\\Illuminate\\Filesystem\\Filesystem.php(123): require('C:\\\\wamp64\\\\www\\\\m...')
#19 C:\\wamp64\\www\\maasin_live_act\\vendor\\laravel\\framework\\src\\Illuminate\\Filesystem\\Filesystem.php(124): Illuminate\\Filesystem\\Filesystem::{closure:Illuminate\\Filesystem\\Filesystem::getRequire():120}()
#20 C:\\wamp64\\www\\maasin_live_act\\vendor\\laravel\\framework\\src\\Illuminate\\View\\Engines\\PhpEngine.php(58): Illuminate\\Filesystem\\Filesystem->getRequire('C:\\\\wamp64\\\\www\\\\m...', Array)
#21 C:\\wamp64\\www\\maasin_live_act\\vendor\\laravel\\framework\\src\\Illuminate\\View\\Engines\\CompilerEngine.php(72): Illuminate\\View\\Engines\\PhpEngine->evaluatePath('C:\\\\wamp64\\\\www\\\\m...', Array)
#22 C:\\wamp64\\www\\maasin_live_act\\vendor\\laravel\\framework\\src\\Illuminate\\View\\View.php(207): Illuminate\\View\\Engines\\CompilerEngine->get('C:\\\\wamp64\\\\www\\\\m...', Array)
#23 C:\\wamp64\\www\\maasin_live_act\\vendor\\laravel\\framework\\src\\Illuminate\\View\\View.php(190): Illuminate\\View\\View->getContents()
#24 C:\\wamp64\\www\\maasin_live_act\\vendor\\laravel\\framework\\src\\Illuminate\\View\\View.php(159): Illuminate\\View\\View->renderContents()
#25 C:\\wamp64\\www\\maasin_live_act\\vendor\\laravel\\framework\\src\\Illuminate\\Http\\Response.php(69): Illuminate\\View\\View->render()
#26 C:\\wamp64\\www\\maasin_live_act\\vendor\\laravel\\framework\\src\\Illuminate\\Http\\Response.php(35): Illuminate\\Http\\Response->setContent(Object(Illuminate\\View\\View))
#27 C:\\wamp64\\www\\maasin_live_act\\vendor\\laravel\\framework\\src\\Illuminate\\Routing\\Router.php(918): Illuminate\\Http\\Response->__construct(Object(Illuminate\\View\\View), 200, Array)
#28 C:\\wamp64\\www\\maasin_live_act\\vendor\\laravel\\framework\\src\\Illuminate\\Routing\\Router.php(885): Illuminate\\Routing\\Router::toResponse(Object(Illuminate\\Http\\Request), Object(Illuminate\\View\\View))
#29 C:\\wamp64\\www\\maasin_live_act\\vendor\\laravel\\framework\\src\\Illuminate\\Routing\\Router.php(805): Illuminate\\Routing\\Router->prepareResponse(Object(Illuminate\\Http\\Request), Object(Illuminate\\View\\View))
#30 C:\\wamp64\\www\\maasin_live_act\\vendor\\laravel\\framework\\src\\Illuminate\\Pipeline\\Pipeline.php(144): Illuminate\\Routing\\Router->{closure:Illuminate\\Routing\\Router::runRouteWithinStack():805}(Object(Illuminate\\Http\\Request))
#31 C:\\wamp64\\www\\maasin_live_act\\app\\Http\\Middleware\\SessionExpired.php(48): Illuminate\\Pipeline\\Pipeline->{closure:Illuminate\\Pipeline\\Pipeline::prepareDestination():142}(Object(Illuminate\\Http\\Request))
#32 C:\\wamp64\\www\\maasin_live_act\\vendor\\laravel\\framework\\src\\Illuminate\\Pipeline\\Pipeline.php(183): App\\Http\\Middleware\\SessionExpired->handle(Object(Illuminate\\Http\\Request), Object(Closure))
#33 C:\\wamp64\\www\\maasin_live_act\\vendor\\laravel\\framework\\src\\Illuminate\\Routing\\Middleware\\SubstituteBindings.php(50): Illuminate\\Pipeline\\Pipeline->{closure:{closure:Illuminate\\Pipeline\\Pipeline::carry():158}:159}(Object(Illuminate\\Http\\Request))
#34 C:\\wamp64\\www\\maasin_live_act\\vendor\\laravel\\framework\\src\\Illuminate\\Pipeline\\Pipeline.php(183): Illuminate\\Routing\\Middleware\\SubstituteBindings->handle(Object(Illuminate\\Http\\Request), Object(Closure))
#35 C:\\wamp64\\www\\maasin_live_act\\vendor\\laravel\\framework\\src\\Illuminate\\Foundation\\Http\\Middleware\\VerifyCsrfToken.php(78): Illuminate\\Pipeline\\Pipeline->{closure:{closure:Illuminate\\Pipeline\\Pipeline::carry():158}:159}(Object(Illuminate\\Http\\Request))
#36 C:\\wamp64\\www\\maasin_live_act\\vendor\\laravel\\framework\\src\\Illuminate\\Pipeline\\Pipeline.php(183): Illuminate\\Foundation\\Http\\Middleware\\VerifyCsrfToken->handle(Object(Illuminate\\Http\\Request), Object(Closure))
#37 C:\\wamp64\\www\\maasin_live_act\\vendor\\laravel\\framework\\src\\Illuminate\\View\\Middleware\\ShareErrorsFromSession.php(49): Illuminate\\Pipeline\\Pipeline->{closure:{closure:Illuminate\\Pipeline\\Pipeline::carry():158}:159}(Object(Illuminate\\Http\\Request))
#38 C:\\wamp64\\www\\maasin_live_act\\vendor\\laravel\\framework\\src\\Illuminate\\Pipeline\\Pipeline.php(183): Illuminate\\View\\Middleware\\ShareErrorsFromSession->handle(Object(Illuminate\\Http\\Request), Object(Closure))
#39 C:\\wamp64\\www\\maasin_live_act\\vendor\\laravel\\framework\\src\\Illuminate\\Session\\Middleware\\StartSession.php(121): Illuminate\\Pipeline\\Pipeline->{closure:{closure:Illuminate\\Pipeline\\Pipeline::carry():158}:159}(Object(Illuminate\\Http\\Request))
#40 C:\\wamp64\\www\\maasin_live_act\\vendor\\laravel\\framework\\src\\Illuminate\\Session\\Middleware\\StartSession.php(64): Illuminate\\Session\\Middleware\\StartSession->handleStatefulRequest(Object(Illuminate\\Http\\Request), Object(Illuminate\\Session\\Store), Object(Closure))
#41 C:\\wamp64\\www\\maasin_live_act\\vendor\\laravel\\framework\\src\\Illuminate\\Pipeline\\Pipeline.php(183): Illuminate\\Session\\Middleware\\StartSession->handle(Object(Illuminate\\Http\\Request), Object(Closure))
#42 C:\\wamp64\\www\\maasin_live_act\\vendor\\laravel\\framework\\src\\Illuminate\\Cookie\\Middleware\\AddQueuedCookiesToResponse.php(37): Illuminate\\Pipeline\\Pipeline->{closure:{closure:Illuminate\\Pipeline\\Pipeline::carry():158}:159}(Object(Illuminate\\Http\\Request))
#43 C:\\wamp64\\www\\maasin_live_act\\vendor\\laravel\\framework\\src\\Illuminate\\Pipeline\\Pipeline.php(183): Illuminate\\Cookie\\Middleware\\AddQueuedCookiesToResponse->handle(Object(Illuminate\\Http\\Request), Object(Closure))
#44 C:\\wamp64\\www\\maasin_live_act\\vendor\\laravel\\framework\\src\\Illuminate\\Cookie\\Middleware\\EncryptCookies.php(67): Illuminate\\Pipeline\\Pipeline->{closure:{closure:Illuminate\\Pipeline\\Pipeline::carry():158}:159}(Object(Illuminate\\Http\\Request))
#45 C:\\wamp64\\www\\maasin_live_act\\vendor\\laravel\\framework\\src\\Illuminate\\Pipeline\\Pipeline.php(183): Illuminate\\Cookie\\Middleware\\EncryptCookies->handle(Object(Illuminate\\Http\\Request), Object(Closure))
#46 C:\\wamp64\\www\\maasin_live_act\\vendor\\laravel\\framework\\src\\Illuminate\\Pipeline\\Pipeline.php(119): Illuminate\\Pipeline\\Pipeline->{closure:{closure:Illuminate\\Pipeline\\Pipeline::carry():158}:159}(Object(Illuminate\\Http\\Request))
#47 C:\\wamp64\\www\\maasin_live_act\\vendor\\laravel\\framework\\src\\Illuminate\\Routing\\Router.php(805): Illuminate\\Pipeline\\Pipeline->then(Object(Closure))
#48 C:\\wamp64\\www\\maasin_live_act\\vendor\\laravel\\framework\\src\\Illuminate\\Routing\\Router.php(784): Illuminate\\Routing\\Router->runRouteWithinStack(Object(Illuminate\\Routing\\Route), Object(Illuminate\\Http\\Request))
#49 C:\\wamp64\\www\\maasin_live_act\\vendor\\laravel\\framework\\src\\Illuminate\\Routing\\Router.php(748): Illuminate\\Routing\\Router->runRoute(Object(Illuminate\\Http\\Request), Object(Illuminate\\Routing\\Route))
#50 C:\\wamp64\\www\\maasin_live_act\\vendor\\laravel\\framework\\src\\Illuminate\\Routing\\Router.php(737): Illuminate\\Routing\\Router->dispatchToRoute(Object(Illuminate\\Http\\Request))
#51 C:\\wamp64\\www\\maasin_live_act\\vendor\\laravel\\framework\\src\\Illuminate\\Foundation\\Http\\Kernel.php(200): Illuminate\\Routing\\Router->dispatch(Object(Illuminate\\Http\\Request))
#52 C:\\wamp64\\www\\maasin_live_act\\vendor\\laravel\\framework\\src\\Illuminate\\Pipeline\\Pipeline.php(144): Illuminate\\Foundation\\Http\\Kernel->{closure:Illuminate\\Foundation\\Http\\Kernel::dispatchToRouter():197}(Object(Illuminate\\Http\\Request))
#53 C:\\wamp64\\www\\maasin_live_act\\vendor\\laravel\\framework\\src\\Illuminate\\Foundation\\Http\\Middleware\\TransformsRequest.php(21): Illuminate\\Pipeline\\Pipeline->{closure:Illuminate\\Pipeline\\Pipeline::prepareDestination():142}(Object(Illuminate\\Http\\Request))
#54 C:\\wamp64\\www\\maasin_live_act\\vendor\\laravel\\framework\\src\\Illuminate\\Foundation\\Http\\Middleware\\ConvertEmptyStringsToNull.php(31): Illuminate\\Foundation\\Http\\Middleware\\TransformsRequest->handle(Object(Illuminate\\Http\\Request), Object(Closure))
#55 C:\\wamp64\\www\\maasin_live_act\\vendor\\laravel\\framework\\src\\Illuminate\\Pipeline\\Pipeline.php(183): Illuminate\\Foundation\\Http\\Middleware\\ConvertEmptyStringsToNull->handle(Object(Illuminate\\Http\\Request), Object(Closure))
#56 C:\\wamp64\\www\\maasin_live_act\\vendor\\laravel\\framework\\src\\Illuminate\\Foundation\\Http\\Middleware\\TransformsRequest.php(21): Illuminate\\Pipeline\\Pipeline->{closure:{closure:Illuminate\\Pipeline\\Pipeline::carry():158}:159}(Object(Illuminate\\Http\\Request))
#57 C:\\wamp64\\www\\maasin_live_act\\vendor\\laravel\\framework\\src\\Illuminate\\Foundation\\Http\\Middleware\\TrimStrings.php(40): Illuminate\\Foundation\\Http\\Middleware\\TransformsRequest->handle(Object(Illuminate\\Http\\Request), Object(Closure))
#58 C:\\wamp64\\www\\maasin_live_act\\vendor\\laravel\\framework\\src\\Illuminate\\Pipeline\\Pipeline.php(183): Illuminate\\Foundation\\Http\\Middleware\\TrimStrings->handle(Object(Illuminate\\Http\\Request), Object(Closure))
#59 C:\\wamp64\\www\\maasin_live_act\\vendor\\laravel\\framework\\src\\Illuminate\\Foundation\\Http\\Middleware\\ValidatePostSize.php(27): Illuminate\\Pipeline\\Pipeline->{closure:{closure:Illuminate\\Pipeline\\Pipeline::carry():158}:159}(Object(Illuminate\\Http\\Request))
#60 C:\\wamp64\\www\\maasin_live_act\\vendor\\laravel\\framework\\src\\Illuminate\\Pipeline\\Pipeline.php(183): Illuminate\\Foundation\\Http\\Middleware\\ValidatePostSize->handle(Object(Illuminate\\Http\\Request), Object(Closure))
#61 C:\\wamp64\\www\\maasin_live_act\\vendor\\laravel\\framework\\src\\Illuminate\\Foundation\\Http\\Middleware\\PreventRequestsDuringMaintenance.php(99): Illuminate\\Pipeline\\Pipeline->{closure:{closure:Illuminate\\Pipeline\\Pipeline::carry():158}:159}(Object(Illuminate\\Http\\Request))
#62 C:\\wamp64\\www\\maasin_live_act\\vendor\\laravel\\framework\\src\\Illuminate\\Pipeline\\Pipeline.php(183): Illuminate\\Foundation\\Http\\Middleware\\PreventRequestsDuringMaintenance->handle(Object(Illuminate\\Http\\Request), Object(Closure))
#63 C:\\wamp64\\www\\maasin_live_act\\vendor\\laravel\\framework\\src\\Illuminate\\Http\\Middleware\\TrustProxies.php(39): Illuminate\\Pipeline\\Pipeline->{closure:{closure:Illuminate\\Pipeline\\Pipeline::carry():158}:159}(Object(Illuminate\\Http\\Request))
#64 C:\\wamp64\\www\\maasin_live_act\\vendor\\laravel\\framework\\src\\Illuminate\\Pipeline\\Pipeline.php(183): Illuminate\\Http\\Middleware\\TrustProxies->handle(Object(Illuminate\\Http\\Request), Object(Closure))
#65 C:\\wamp64\\www\\maasin_live_act\\vendor\\laravel\\framework\\src\\Illuminate\\Pipeline\\Pipeline.php(119): Illuminate\\Pipeline\\Pipeline->{closure:{closure:Illuminate\\Pipeline\\Pipeline::carry():158}:159}(Object(Illuminate\\Http\\Request))
#66 C:\\wamp64\\www\\maasin_live_act\\vendor\\laravel\\framework\\src\\Illuminate\\Foundation\\Http\\Kernel.php(175): Illuminate\\Pipeline\\Pipeline->then(Object(Closure))
#67 C:\\wamp64\\www\\maasin_live_act\\vendor\\laravel\\framework\\src\\Illuminate\\Foundation\\Http\\Kernel.php(144): Illuminate\\Foundation\\Http\\Kernel->sendRequestThroughRouter(Object(Illuminate\\Http\\Request))
#68 C:\\wamp64\\www\\maasin_live_act\\public\\index.php(54): Illuminate\\Foundation\\Http\\Kernel->handle(Object(Illuminate\\Http\\Request))
#69 {main}
"} 
[2025-12-09 14:57:20] local.ERROR: Attempt to read property "principal_balance" on string {"view":{"view":"C:\\wamp64\\www\\maasin_live_act\\resources\\views\\loan\\repayment_table.blade.php","data":{"errors":"<pre class=sf-dump id=sf-dump-1772970255 data-indent-pad=\"  \"><span class=sf-dump-note>Illuminate\\Support\\ViewErrorBag</span> {<a class=sf-dump-ref>#767</a><samp data-depth=1 class=sf-dump-expanded>
  #<span class=sf-dump-protected title=\"Protected property\">bags</span>: []
</samp>}
</pre><script>Sfdump(\"sf-dump-1772970255\", {\"maxDepth\":3,\"maxStringLength\":160})</script>
","service_details":"<pre class=sf-dump id=sf-dump-917509821 data-indent-pad=\"  \">{<a class=sf-dump-ref>#787</a><samp data-depth=1 class=sf-dump-expanded>
  +\"<span class=sf-dump-public title=\"Runtime added dynamic property\">id_loan</span>\": <span class=sf-dump-num>1510</span>
  +\"<span class=sf-dump-public title=\"Runtime added dynamic property\">loan_token</span>\": \"<span class=sf-dump-str title=\"23 characters\">11292024143240577301269</span>\"
  +\"<span class=sf-dump-public title=\"Runtime added dynamic property\">name</span>\": \"<span class=sf-dump-str title=\"32 characters\">Members-Regular Loan | 12 MONTHS</span>\"
  +\"<span class=sf-dump-public title=\"Runtime added dynamic property\">id_loan_service</span>\": <span class=sf-dump-num>11</span>
  +\"<span class=sf-dump-public title=\"Runtime added dynamic property\">interest_rate</span>\": \"<span class=sf-dump-str title=\"4 characters\">1.50</span>\"
  +\"<span class=sf-dump-public title=\"Runtime added dynamic property\">terms</span>\": <span class=sf-dump-num>12</span>
  +\"<span class=sf-dump-public title=\"Runtime added dynamic property\">period</span>\": <span class=sf-dump-const>null</span>
  +\"<span class=sf-dump-public title=\"Runtime added dynamic property\">cbu_amount</span>\": <span class=sf-dump-num>0.0</span>
  +\"<span class=sf-dump-public title=\"Runtime added dynamic property\">is_deduct_cbu</span>\": <span class=sf-dump-num>0</span>
  +\"<span class=sf-dump-public title=\"Runtime added dynamic property\">principal_amount</span>\": \"<span class=sf-dump-str title=\"8 characters\">10000.00</span>\"
  +\"<span class=sf-dump-public title=\"Runtime added dynamic property\">loan_protection_rate</span>\": \"<span class=sf-dump-str title=\"4 characters\">0.00</span>\"
  +\"<span class=sf-dump-public title=\"Runtime added dynamic property\">id_term_period</span>\": <span class=sf-dump-num>3</span>
  +\"<span class=sf-dump-public title=\"Runtime added dynamic property\">id_interest_period</span>\": <span class=sf-dump-num>3</span>
  +\"<span class=sf-dump-public title=\"Runtime added dynamic property\">id_interest_method</span>\": <span class=sf-dump-num>1</span>
  +\"<span class=sf-dump-public title=\"Runtime added dynamic property\">terms_desc</span>\": \"<span class=sf-dump-str title=\"9 characters\">12 Months</span>\"
  +\"<span class=sf-dump-public title=\"Runtime added dynamic property\">terms_token</span>\": \"<span class=sf-dump-str title=\"18 characters\">153813854066d865c9</span>\"
  +\"<span class=sf-dump-public title=\"Runtime added dynamic property\">min_amount</span>\": \"<span class=sf-dump-str title=\"7 characters\">1000.00</span>\"
  +\"<span class=sf-dump-public title=\"Runtime added dynamic property\">max_amount</span>\": \"<span class=sf-dump-str title=\"9 characters\">200000.00</span>\"
  +\"<span class=sf-dump-public title=\"Runtime added dynamic property\">id_loan_payment_type</span>\": <span class=sf-dump-num>1</span>
  +\"<span class=sf-dump-public title=\"Runtime added dynamic property\">due_date</span>\": <span class=sf-dump-const>null</span>
  +\"<span class=sf-dump-public title=\"Runtime added dynamic property\">id_member</span>\": <span class=sf-dump-num>6</span>
  +\"<span class=sf-dump-public title=\"Runtime added dynamic property\">id_charges_group</span>\": <span class=sf-dump-num>5</span>
  +\"<span class=sf-dump-public title=\"Runtime added dynamic property\">loan_protection_amount</span>\": \"<span class=sf-dump-str title=\"4 characters\">0.00</span>\"
  +\"<span class=sf-dump-public title=\"Runtime added dynamic property\">cbu_deficient</span>\": \"<span class=sf-dump-str title=\"4 characters\">0.00</span>\"
  +\"<span class=sf-dump-public title=\"Runtime added dynamic property\">total_deductions</span>\": \"<span class=sf-dump-str title=\"4 characters\">0.00</span>\"
  +\"<span class=sf-dump-public title=\"Runtime added dynamic property\">not_deducted_charges</span>\": \"<span class=sf-dump-str title=\"4 characters\">0.00</span>\"
  +\"<span class=sf-dump-public title=\"Runtime added dynamic property\">total_loan_proceeds</span>\": \"<span class=sf-dump-str title=\"8 characters\">10000.00</span>\"
  +\"<span class=sf-dump-public title=\"Runtime added dynamic property\">status</span>\": \"<span class=sf-dump-str>3</span>\"
  +\"<span class=sf-dump-public title=\"Runtime added dynamic property\">loan_remarks</span>\": \"\"
  +\"<span class=sf-dump-public title=\"Runtime added dynamic property\">loan_status</span>\": \"<span class=sf-dump-str title=\"6 characters\">Active</span>\"
  +\"<span class=sf-dump-public title=\"Runtime added dynamic property\">status_code</span>\": \"<span class=sf-dump-str>3</span>\"
  +\"<span class=sf-dump-public title=\"Runtime added dynamic property\">cancellation_reason</span>\": <span class=sf-dump-const>null</span>
  +\"<span class=sf-dump-public title=\"Runtime added dynamic property\">prev_loan_balance</span>\": \"<span class=sf-dump-str title=\"4 characters\">0.00</span>\"
  +\"<span class=sf-dump-public title=\"Runtime added dynamic property\">prev_loan_rebates</span>\": \"<span class=sf-dump-str title=\"4 characters\">0.00</span>\"
  +\"<span class=sf-dump-public title=\"Runtime added dynamic property\">lstatus</span>\": <span class=sf-dump-num>1</span>
  +\"<span class=sf-dump-public title=\"Runtime added dynamic property\">id_cash_disbursement</span>\": <span class=sf-dump-num>0</span>
  +\"<span class=sf-dump-public title=\"Runtime added dynamic property\">paid_principal</span>\": \"<span class=sf-dump-str title=\"4 characters\">0.00</span>\"
  +\"<span class=sf-dump-public title=\"Runtime added dynamic property\">paid_interest</span>\": \"<span class=sf-dump-str title=\"4 characters\">0.00</span>\"
  +\"<span class=sf-dump-public title=\"Runtime added dynamic property\">paid_fees</span>\": \"<span class=sf-dump-str title=\"4 characters\">0.00</span>\"
  +\"<span class=sf-dump-public title=\"Runtime added dynamic property\">date_released</span>\": \"<span class=sf-dump-str title=\"10 characters\">2024-07-23</span>\"
  +\"<span class=sf-dump-public title=\"Runtime added dynamic property\">date_granted</span>\": \"<span class=sf-dump-str title=\"10 characters\">07/23/2024</span>\"
  +\"<span class=sf-dump-public title=\"Runtime added dynamic property\">month_duration</span>\": <span class=sf-dump-num>1</span>
  +\"<span class=sf-dump-public title=\"Runtime added dynamic property\">interest_show</span>\": \"<span class=sf-dump-str title=\"4 characters\">0.00</span>\"
  +\"<span class=sf-dump-public title=\"Runtime added dynamic property\">id_one_time_type</span>\": <span class=sf-dump-num>0</span>
</samp>}
</pre><script>Sfdump(\"sf-dump-917509821\", {\"maxDepth\":3,\"maxStringLength\":160})</script>
","member_details":"<pre class=sf-dump id=sf-dump-53711158 data-indent-pad=\"  \">{<a class=sf-dump-ref>#778</a><samp data-depth=1 class=sf-dump-expanded>
  +\"<span class=sf-dump-public title=\"Runtime added dynamic property\">name</span>\": \"<span class=sf-dump-str title=\"16 characters\">LAGUNDAY, DELIA </span>\"
</samp>}
</pre><script>Sfdump(\"sf-dump-53711158\", {\"maxDepth\":3,\"maxStringLength\":160})</script>
","OTHER_DEDUCTIONS":"<pre class=sf-dump id=sf-dump-1976047126 data-indent-pad=\"  \">[]
</pre><script>Sfdump(\"sf-dump-1976047126\", {\"maxDepth\":3,\"maxStringLength\":160})</script>
","CBU_DEFICIENT_AMOUNT":"<pre class=sf-dump id=sf-dump-823856511 data-indent-pad=\"  \">\"<span class=sf-dump-str title=\"4 characters\">0.00</span>\"
</pre><script>Sfdump(\"sf-dump-823856511\", {\"maxDepth\":3,\"maxStringLength\":160})</script>
","DEDUCTED_CHARGES":"<pre class=sf-dump id=sf-dump-398440570 data-indent-pad=\"  \">[]
</pre><script>Sfdump(\"sf-dump-398440570\", {\"maxDepth\":3,\"maxStringLength\":160})</script>
","PREV_LOAN_OFFSET":"<pre class=sf-dump id=sf-dump-303519846 data-indent-pad=\"  \">[]
</pre><script>Sfdump(\"sf-dump-303519846\", {\"maxDepth\":3,\"maxStringLength\":160})</script>
","TOTAL_LOAN_OFFSET_REBATES":"<pre class=sf-dump id=sf-dump-1185395698 data-indent-pad=\"  \"><span class=sf-dump-num>0</span>
</pre><script>Sfdump(\"sf-dump-1185395698\", {\"maxDepth\":3,\"maxStringLength\":160})</script>
","TOTAL_LOAN_OFFSET":"<pre class=sf-dump id=sf-dump-1789678290 data-indent-pad=\"  \"><span class=sf-dump-num>0</span>
</pre><script>Sfdump(\"sf-dump-1789678290\", {\"maxDepth\":3,\"maxStringLength\":160})</script>
","LOAN_BALANCE":"<pre class=sf-dump id=sf-dump-1980567672 data-indent-pad=\"  \">\"<span class=sf-dump-str title=\"4 characters\">0.00</span>\"
</pre><script>Sfdump(\"sf-dump-1980567672\", {\"maxDepth\":3,\"maxStringLength\":160})</script>
","REBATES":"<pre class=sf-dump id=sf-dump-2020199439 data-indent-pad=\"  \">\"<span class=sf-dump-str title=\"4 characters\">0.00</span>\"
</pre><script>Sfdump(\"sf-dump-2020199439\", {\"maxDepth\":3,\"maxStringLength\":160})</script>
","TOTAL_LOAN_BALANCE":"<pre class=sf-dump id=sf-dump-1299559886 data-indent-pad=\"  \"><span class=sf-dump-num>0.0</span>
</pre><script>Sfdump(\"sf-dump-1299559886\", {\"maxDepth\":3,\"maxStringLength\":160})</script>
","TOTAL_DEDUCTED_CHARGES":"<pre class=sf-dump id=sf-dump-1876745550 data-indent-pad=\"  \">\"<span class=sf-dump-str title=\"4 characters\">0.00</span>\"
</pre><script>Sfdump(\"sf-dump-1876745550\", {\"maxDepth\":3,\"maxStringLength\":160})</script>
","PRINCIPAL_AMOUNT":"<pre class=sf-dump id=sf-dump-1476723484 data-indent-pad=\"  \">\"<span class=sf-dump-str title=\"8 characters\">10000.00</span>\"
</pre><script>Sfdump(\"sf-dump-1476723484\", {\"maxDepth\":3,\"maxStringLength\":160})</script>
","TOTAL_NOT_DEDUCTED_CHARGES":"<pre class=sf-dump id=sf-dump-677376540 data-indent-pad=\"  \">\"<span class=sf-dump-str title=\"4 characters\">0.00</span>\"
</pre><script>Sfdump(\"sf-dump-677376540\", {\"maxDepth\":3,\"maxStringLength\":160})</script>
","TOTAL_LOAN_PROCEED":"<pre class=sf-dump id=sf-dump-1792384489 data-indent-pad=\"  \">\"<span class=sf-dump-str title=\"8 characters\">10000.00</span>\"
</pre><script>Sfdump(\"sf-dump-1792384489\", {\"maxDepth\":3,\"maxStringLength\":160})</script>
","AMTZ_SCHED":"<pre class=sf-dump id=sf-dump-163708092 data-indent-pad=\"  \"><span class=sf-dump-note>array:12</span> [<samp data-depth=1 class=sf-dump-expanded>
  <span class=sf-dump-index>0</span> => {<a class=sf-dump-ref>#782</a><samp data-depth=2 class=sf-dump-compact>
    +\"<span class=sf-dump-public title=\"Runtime added dynamic property\">term_code</span>\": \"<span class=sf-dump-str title=\"2 characters\">P1</span>\"
    +\"<span class=sf-dump-public title=\"Runtime added dynamic property\">date</span>\": \"<span class=sf-dump-str title=\"10 characters\">08/30/2024</span>\"
    +\"<span class=sf-dump-public title=\"Runtime added dynamic property\">principal</span>\": \"<span class=sf-dump-str title=\"6 characters\">833.33</span>\"
    +\"<span class=sf-dump-public title=\"Runtime added dynamic property\">interest</span>\": \"<span class=sf-dump-str title=\"6 characters\">150.00</span>\"
    +\"<span class=sf-dump-public title=\"Runtime added dynamic property\">surcharge</span>\": \"<span class=sf-dump-str title=\"4 characters\">0.00</span>\"
    +\"<span class=sf-dump-public title=\"Runtime added dynamic property\">total</span>\": \"<span class=sf-dump-str title=\"6 characters\">983.33</span>\"
    +\"<span class=sf-dump-public title=\"Runtime added dynamic property\">accrued</span>\": <span class=sf-dump-num>0</span>
  </samp>}
  <span class=sf-dump-index>1</span> => {<a class=sf-dump-ref>#777</a><samp data-depth=2 class=sf-dump-compact>
    +\"<span class=sf-dump-public title=\"Runtime added dynamic property\">term_code</span>\": \"<span class=sf-dump-str title=\"2 characters\">P2</span>\"
    +\"<span class=sf-dump-public title=\"Runtime added dynamic property\">date</span>\": \"<span class=sf-dump-str title=\"10 characters\">09/30/2024</span>\"
    +\"<span class=sf-dump-public title=\"Runtime added dynamic property\">principal</span>\": \"<span class=sf-dump-str title=\"6 characters\">833.33</span>\"
    +\"<span class=sf-dump-public title=\"Runtime added dynamic property\">interest</span>\": \"<span class=sf-dump-str title=\"6 characters\">150.00</span>\"
    +\"<span class=sf-dump-public title=\"Runtime added dynamic property\">surcharge</span>\": \"<span class=sf-dump-str title=\"4 characters\">0.00</span>\"
    +\"<span class=sf-dump-public title=\"Runtime added dynamic property\">total</span>\": \"<span class=sf-dump-str title=\"6 characters\">983.33</span>\"
    +\"<span class=sf-dump-public title=\"Runtime added dynamic property\">accrued</span>\": <span class=sf-dump-num>0</span>
  </samp>}
  <span class=sf-dump-index>2</span> => {<a class=sf-dump-ref>#781</a><samp data-depth=2 class=sf-dump-compact>
    +\"<span class=sf-dump-public title=\"Runtime added dynamic property\">term_code</span>\": \"<span class=sf-dump-str title=\"2 characters\">P3</span>\"
    +\"<span class=sf-dump-public title=\"Runtime added dynamic property\">date</span>\": \"<span class=sf-dump-str title=\"10 characters\">10/30/2024</span>\"
    +\"<span class=sf-dump-public title=\"Runtime added dynamic property\">principal</span>\": \"<span class=sf-dump-str title=\"6 characters\">833.33</span>\"
    +\"<span class=sf-dump-public title=\"Runtime added dynamic property\">interest</span>\": \"<span class=sf-dump-str title=\"6 characters\">150.00</span>\"
    +\"<span class=sf-dump-public title=\"Runtime added dynamic property\">surcharge</span>\": \"<span class=sf-dump-str title=\"4 characters\">0.00</span>\"
    +\"<span class=sf-dump-public title=\"Runtime added dynamic property\">total</span>\": \"<span class=sf-dump-str title=\"6 characters\">983.33</span>\"
    +\"<span class=sf-dump-public title=\"Runtime added dynamic property\">accrued</span>\": <span class=sf-dump-num>0</span>
  </samp>}
  <span class=sf-dump-index>3</span> => {<a class=sf-dump-ref>#790</a><samp data-depth=2 class=sf-dump-compact>
    +\"<span class=sf-dump-public title=\"Runtime added dynamic property\">term_code</span>\": \"<span class=sf-dump-str title=\"2 characters\">P4</span>\"
    +\"<span class=sf-dump-public title=\"Runtime added dynamic property\">date</span>\": \"<span class=sf-dump-str title=\"10 characters\">11/30/2024</span>\"
    +\"<span class=sf-dump-public title=\"Runtime added dynamic property\">principal</span>\": \"<span class=sf-dump-str title=\"6 characters\">833.33</span>\"
    +\"<span class=sf-dump-public title=\"Runtime added dynamic property\">interest</span>\": \"<span class=sf-dump-str title=\"6 characters\">150.00</span>\"
    +\"<span class=sf-dump-public title=\"Runtime added dynamic property\">surcharge</span>\": \"<span class=sf-dump-str title=\"4 characters\">0.00</span>\"
    +\"<span class=sf-dump-public title=\"Runtime added dynamic property\">total</span>\": \"<span class=sf-dump-str title=\"6 characters\">983.33</span>\"
    +\"<span class=sf-dump-public title=\"Runtime added dynamic property\">accrued</span>\": <span class=sf-dump-num>0</span>
  </samp>}
  <span class=sf-dump-index>4</span> => {<a class=sf-dump-ref>#793</a><samp data-depth=2 class=sf-dump-compact>
    +\"<span class=sf-dump-public title=\"Runtime added dynamic property\">term_code</span>\": \"<span class=sf-dump-str title=\"2 characters\">P5</span>\"
    +\"<span class=sf-dump-public title=\"Runtime added dynamic property\">date</span>\": \"<span class=sf-dump-str title=\"10 characters\">12/30/2024</span>\"
    +\"<span class=sf-dump-public title=\"Runtime added dynamic property\">principal</span>\": \"<span class=sf-dump-str title=\"6 characters\">833.33</span>\"
    +\"<span class=sf-dump-public title=\"Runtime added dynamic property\">interest</span>\": \"<span class=sf-dump-str title=\"6 characters\">150.00</span>\"
    +\"<span class=sf-dump-public title=\"Runtime added dynamic property\">surcharge</span>\": \"<span class=sf-dump-str title=\"4 characters\">0.00</span>\"
    +\"<span class=sf-dump-public title=\"Runtime added dynamic property\">total</span>\": \"<span class=sf-dump-str title=\"6 characters\">983.33</span>\"
    +\"<span class=sf-dump-public title=\"Runtime added dynamic property\">accrued</span>\": <span class=sf-dump-num>0</span>
  </samp>}
  <span class=sf-dump-index>5</span> => {<a class=sf-dump-ref>#795</a><samp data-depth=2 class=sf-dump-compact>
    +\"<span class=sf-dump-public title=\"Runtime added dynamic property\">term_code</span>\": \"<span class=sf-dump-str title=\"2 characters\">P6</span>\"
    +\"<span class=sf-dump-public title=\"Runtime added dynamic property\">date</span>\": \"<span class=sf-dump-str title=\"10 characters\">01/30/2025</span>\"
    +\"<span class=sf-dump-public title=\"Runtime added dynamic property\">principal</span>\": \"<span class=sf-dump-str title=\"6 characters\">833.33</span>\"
    +\"<span class=sf-dump-public title=\"Runtime added dynamic property\">interest</span>\": \"<span class=sf-dump-str title=\"6 characters\">150.00</span>\"
    +\"<span class=sf-dump-public title=\"Runtime added dynamic property\">surcharge</span>\": \"<span class=sf-dump-str title=\"4 characters\">0.00</span>\"
    +\"<span class=sf-dump-public title=\"Runtime added dynamic property\">total</span>\": \"<span class=sf-dump-str title=\"6 characters\">983.33</span>\"
    +\"<span class=sf-dump-public title=\"Runtime added dynamic property\">accrued</span>\": <span class=sf-dump-num>0</span>
  </samp>}
  <span class=sf-dump-index>6</span> => {<a class=sf-dump-ref>#798</a><samp data-depth=2 class=sf-dump-compact>
    +\"<span class=sf-dump-public title=\"Runtime added dynamic property\">term_code</span>\": \"<span class=sf-dump-str title=\"2 characters\">P7</span>\"
    +\"<span class=sf-dump-public title=\"Runtime added dynamic property\">date</span>\": \"<span class=sf-dump-str title=\"10 characters\">02/28/2025</span>\"
    +\"<span class=sf-dump-public title=\"Runtime added dynamic property\">principal</span>\": \"<span class=sf-dump-str title=\"6 characters\">833.33</span>\"
    +\"<span class=sf-dump-public title=\"Runtime added dynamic property\">interest</span>\": \"<span class=sf-dump-str title=\"6 characters\">150.00</span>\"
    +\"<span class=sf-dump-public title=\"Runtime added dynamic property\">surcharge</span>\": \"<span class=sf-dump-str title=\"4 characters\">0.00</span>\"
    +\"<span class=sf-dump-public title=\"Runtime added dynamic property\">total</span>\": \"<span class=sf-dump-str title=\"6 characters\">983.33</span>\"
    +\"<span class=sf-dump-public title=\"Runtime added dynamic property\">accrued</span>\": <span class=sf-dump-num>0</span>
  </samp>}
  <span class=sf-dump-index>7</span> => {<a class=sf-dump-ref>#796</a><samp data-depth=2 class=sf-dump-compact>
    +\"<span class=sf-dump-public title=\"Runtime added dynamic property\">term_code</span>\": \"<span class=sf-dump-str title=\"2 characters\">P8</span>\"
    +\"<span class=sf-dump-public title=\"Runtime added dynamic property\">date</span>\": \"<span class=sf-dump-str title=\"10 characters\">03/30/2025</span>\"
    +\"<span class=sf-dump-public title=\"Runtime added dynamic property\">principal</span>\": \"<span class=sf-dump-str title=\"6 characters\">833.33</span>\"
    +\"<span class=sf-dump-public title=\"Runtime added dynamic property\">interest</span>\": \"<span class=sf-dump-str title=\"6 characters\">150.00</span>\"
    +\"<span class=sf-dump-public title=\"Runtime added dynamic property\">surcharge</span>\": \"<span class=sf-dump-str title=\"4 characters\">0.00</span>\"
    +\"<span class=sf-dump-public title=\"Runtime added dynamic property\">total</span>\": \"<span class=sf-dump-str title=\"6 characters\">983.33</span>\"
    +\"<span class=sf-dump-public title=\"Runtime added dynamic property\">accrued</span>\": <span class=sf-dump-num>0</span>
  </samp>}
  <span class=sf-dump-index>8</span> => {<a class=sf-dump-ref>#800</a><samp data-depth=2 class=sf-dump-compact>
    +\"<span class=sf-dump-public title=\"Runtime added dynamic property\">term_code</span>\": \"<span class=sf-dump-str title=\"2 characters\">P9</span>\"
    +\"<span class=sf-dump-public title=\"Runtime added dynamic property\">date</span>\": \"<span class=sf-dump-str title=\"10 characters\">04/30/2025</span>\"
    +\"<span class=sf-dump-public title=\"Runtime added dynamic property\">principal</span>\": \"<span class=sf-dump-str title=\"6 characters\">833.33</span>\"
    +\"<span class=sf-dump-public title=\"Runtime added dynamic property\">interest</span>\": \"<span class=sf-dump-str title=\"6 characters\">150.00</span>\"
    +\"<span class=sf-dump-public title=\"Runtime added dynamic property\">surcharge</span>\": \"<span class=sf-dump-str title=\"4 characters\">0.00</span>\"
    +\"<span class=sf-dump-public title=\"Runtime added dynamic property\">total</span>\": \"<span class=sf-dump-str title=\"6 characters\">983.33</span>\"
    +\"<span class=sf-dump-public title=\"Runtime added dynamic property\">accrued</span>\": <span class=sf-dump-num>0</span>
  </samp>}
  <span class=sf-dump-index>9</span> => {<a class=sf-dump-ref>#801</a><samp data-depth=2 class=sf-dump-compact>
    +\"<span class=sf-dump-public title=\"Runtime added dynamic property\">term_code</span>\": \"<span class=sf-dump-str title=\"3 characters\">P10</span>\"
    +\"<span class=sf-dump-public title=\"Runtime added dynamic property\">date</span>\": \"<span class=sf-dump-str title=\"10 characters\">05/30/2025</span>\"
    +\"<span class=sf-dump-public title=\"Runtime added dynamic property\">principal</span>\": \"<span class=sf-dump-str title=\"6 characters\">833.33</span>\"
    +\"<span class=sf-dump-public title=\"Runtime added dynamic property\">interest</span>\": \"<span class=sf-dump-str title=\"6 characters\">150.00</span>\"
    +\"<span class=sf-dump-public title=\"Runtime added dynamic property\">surcharge</span>\": \"<span class=sf-dump-str title=\"4 characters\">0.00</span>\"
    +\"<span class=sf-dump-public title=\"Runtime added dynamic property\">total</span>\": \"<span class=sf-dump-str title=\"6 characters\">983.33</span>\"
    +\"<span class=sf-dump-public title=\"Runtime added dynamic property\">accrued</span>\": <span class=sf-dump-num>0</span>
  </samp>}
  <span class=sf-dump-index>10</span> => {<a class=sf-dump-ref>#802</a><samp data-depth=2 class=sf-dump-compact>
    +\"<span class=sf-dump-public title=\"Runtime added dynamic property\">term_code</span>\": \"<span class=sf-dump-str title=\"3 characters\">P11</span>\"
    +\"<span class=sf-dump-public title=\"Runtime added dynamic property\">date</span>\": \"<span class=sf-dump-str title=\"10 characters\">06/30/2025</span>\"
    +\"<span class=sf-dump-public title=\"Runtime added dynamic property\">principal</span>\": \"<span class=sf-dump-str title=\"6 characters\">833.33</span>\"
    +\"<span class=sf-dump-public title=\"Runtime added dynamic property\">interest</span>\": \"<span class=sf-dump-str title=\"6 characters\">150.00</span>\"
    +\"<span class=sf-dump-public title=\"Runtime added dynamic property\">surcharge</span>\": \"<span class=sf-dump-str title=\"4 characters\">0.00</span>\"
    +\"<span class=sf-dump-public title=\"Runtime added dynamic property\">total</span>\": \"<span class=sf-dump-str title=\"6 characters\">983.33</span>\"
    +\"<span class=sf-dump-public title=\"Runtime added dynamic property\">accrued</span>\": <span class=sf-dump-num>0</span>
  </samp>}
  <span class=sf-dump-index>11</span> => {<a class=sf-dump-ref>#799</a><samp data-depth=2 class=sf-dump-compact>
    +\"<span class=sf-dump-public title=\"Runtime added dynamic property\">term_code</span>\": \"<span class=sf-dump-str title=\"3 characters\">P12</span>\"
    +\"<span class=sf-dump-public title=\"Runtime added dynamic property\">date</span>\": \"<span class=sf-dump-str title=\"10 characters\">07/30/2025</span>\"
    +\"<span class=sf-dump-public title=\"Runtime added dynamic property\">principal</span>\": \"<span class=sf-dump-str title=\"6 characters\">833.37</span>\"
    +\"<span class=sf-dump-public title=\"Runtime added dynamic property\">interest</span>\": \"<span class=sf-dump-str title=\"6 characters\">150.00</span>\"
    +\"<span class=sf-dump-public title=\"Runtime added dynamic property\">surcharge</span>\": \"<span class=sf-dump-str title=\"4 characters\">0.00</span>\"
    +\"<span class=sf-dump-public title=\"Runtime added dynamic property\">total</span>\": \"<span class=sf-dump-str title=\"6 characters\">983.37</span>\"
    +\"<span class=sf-dump-public title=\"Runtime added dynamic property\">accrued</span>\": <span class=sf-dump-num>0</span>
  </samp>}
</samp>]
</pre><script>Sfdump(\"sf-dump-163708092\", {\"maxDepth\":3,\"maxStringLength\":160})</script>
","AMTZ_PAYMENT":"<pre class=sf-dump id=sf-dump-870622492 data-indent-pad=\"  \">[]
</pre><script>Sfdump(\"sf-dump-870622492\", {\"maxDepth\":3,\"maxStringLength\":160})</script>
","REPAYMENT_TABLE":"<pre class=sf-dump id=sf-dump-786400456 data-indent-pad=\"  \">[]
</pre><script>Sfdump(\"sf-dump-786400456\", {\"maxDepth\":3,\"maxStringLength\":160})</script>
","CURRENT_DUE":"<pre class=sf-dump id=sf-dump-73605551 data-indent-pad=\"  \">{<a class=sf-dump-ref>#808</a><samp data-depth=1 class=sf-dump-expanded>
  +\"<span class=sf-dump-public title=\"Runtime added dynamic property\">cur_date</span>\": \"<span class=sf-dump-str title=\"17 characters\">December 09, 2025</span>\"
  +\"<span class=sf-dump-public title=\"Runtime added dynamic property\">prin</span>\": \"<span class=sf-dump-str title=\"8 characters\">10000.00</span>\"
  +\"<span class=sf-dump-public title=\"Runtime added dynamic property\">interest</span>\": \"<span class=sf-dump-str title=\"7 characters\">1800.00</span>\"
  +\"<span class=sf-dump-public title=\"Runtime added dynamic property\">fees</span>\": \"<span class=sf-dump-str title=\"4 characters\">0.00</span>\"
  +\"<span class=sf-dump-public title=\"Runtime added dynamic property\">surcharge</span>\": \"<span class=sf-dump-str title=\"4 characters\">0.00</span>\"
</samp>}
</pre><script>Sfdump(\"sf-dump-73605551\", {\"maxDepth\":3,\"maxStringLength\":160})</script>
","TOTAL_DUE":"<pre class=sf-dump id=sf-dump-1391154599 data-indent-pad=\"  \"><span class=sf-dump-num>11800.0</span>
</pre><script>Sfdump(\"sf-dump-1391154599\", {\"maxDepth\":3,\"maxStringLength\":160})</script>
","repaymentCount":"<pre class=sf-dump id=sf-dump-1735099098 data-indent-pad=\"  \"><span class=sf-dump-num>12</span>
</pre><script>Sfdump(\"sf-dump-1735099098\", {\"maxDepth\":3,\"maxStringLength\":160})</script>
","LOAN_TABLE":"<pre class=sf-dump id=sf-dump-1096774979 data-indent-pad=\"  \"><span class=sf-dump-note>array:12</span> [<samp data-depth=1 class=sf-dump-expanded>
  <span class=sf-dump-index>0</span> => <span class=sf-dump-note>array:12</span> [<samp data-depth=2 class=sf-dump-compact>
    \"<span class=sf-dump-key>count</span>\" => <span class=sf-dump-num>1</span>
    \"<span class=sf-dump-key>term_code</span>\" => \"<span class=sf-dump-str title=\"2 characters\">P1</span>\"
    \"<span class=sf-dump-key>repayment_amount</span>\" => \"<span class=sf-dump-str title=\"6 characters\">833.33</span>\"
    \"<span class=sf-dump-key>interest_amount</span>\" => \"<span class=sf-dump-str title=\"6 characters\">150.00</span>\"
    \"<span class=sf-dump-key>fees</span>\" => \"<span class=sf-dump-str title=\"4 characters\">0.00</span>\"
    \"<span class=sf-dump-key>total_due</span>\" => \"<span class=sf-dump-str title=\"6 characters\">983.33</span>\"
    \"<span class=sf-dump-key>due_date</span>\" => \"<span class=sf-dump-str title=\"10 characters\">08/30/2024</span>\"
    \"<span class=sf-dump-key>paid_amount</span>\" => \"<span class=sf-dump-str>0</span>\"
    \"<span class=sf-dump-key>is_paid</span>\" => <span class=sf-dump-num>0</span>
    \"<span class=sf-dump-key>status</span>\" => \"<span class=sf-dump-str>3</span>\"
    \"<span class=sf-dump-key>accrued</span>\" => <span class=sf-dump-num>0</span>
    \"<span class=sf-dump-key>remarks</span>\" => \"\"
  </samp>]
  <span class=sf-dump-index>1</span> => <span class=sf-dump-note>array:12</span> [<samp data-depth=2 class=sf-dump-compact>
    \"<span class=sf-dump-key>count</span>\" => <span class=sf-dump-num>2</span>
    \"<span class=sf-dump-key>term_code</span>\" => \"<span class=sf-dump-str title=\"2 characters\">P2</span>\"
    \"<span class=sf-dump-key>repayment_amount</span>\" => \"<span class=sf-dump-str title=\"6 characters\">833.33</span>\"
    \"<span class=sf-dump-key>interest_amount</span>\" => \"<span class=sf-dump-str title=\"6 characters\">150.00</span>\"
    \"<span class=sf-dump-key>fees</span>\" => \"<span class=sf-dump-str title=\"4 characters\">0.00</span>\"
    \"<span class=sf-dump-key>total_due</span>\" => \"<span class=sf-dump-str title=\"6 characters\">983.33</span>\"
    \"<span class=sf-dump-key>due_date</span>\" => \"<span class=sf-dump-str title=\"10 characters\">09/30/2024</span>\"
    \"<span class=sf-dump-key>paid_amount</span>\" => \"<span class=sf-dump-str>0</span>\"
    \"<span class=sf-dump-key>is_paid</span>\" => <span class=sf-dump-num>0</span>
    \"<span class=sf-dump-key>status</span>\" => \"<span class=sf-dump-str>3</span>\"
    \"<span class=sf-dump-key>accrued</span>\" => <span class=sf-dump-num>0</span>
    \"<span class=sf-dump-key>remarks</span>\" => \"\"
  </samp>]
  <span class=sf-dump-index>2</span> => <span class=sf-dump-note>array:12</span> [<samp data-depth=2 class=sf-dump-compact>
    \"<span class=sf-dump-key>count</span>\" => <span class=sf-dump-num>3</span>
    \"<span class=sf-dump-key>term_code</span>\" => \"<span class=sf-dump-str title=\"2 characters\">P3</span>\"
    \"<span class=sf-dump-key>repayment_amount</span>\" => \"<span class=sf-dump-str title=\"6 characters\">833.33</span>\"
    \"<span class=sf-dump-key>interest_amount</span>\" => \"<span class=sf-dump-str title=\"6 characters\">150.00</span>\"
    \"<span class=sf-dump-key>fees</span>\" => \"<span class=sf-dump-str title=\"4 characters\">0.00</span>\"
    \"<span class=sf-dump-key>total_due</span>\" => \"<span class=sf-dump-str title=\"6 characters\">983.33</span>\"
    \"<span class=sf-dump-key>due_date</span>\" => \"<span class=sf-dump-str title=\"10 characters\">10/30/2024</span>\"
    \"<span class=sf-dump-key>paid_amount</span>\" => \"<span class=sf-dump-str>0</span>\"
    \"<span class=sf-dump-key>is_paid</span>\" => <span class=sf-dump-num>0</span>
    \"<span class=sf-dump-key>status</span>\" => \"<span class=sf-dump-str>3</span>\"
    \"<span class=sf-dump-key>accrued</span>\" => <span class=sf-dump-num>0</span>
    \"<span class=sf-dump-key>remarks</span>\" => \"\"
  </samp>]
  <span class=sf-dump-index>3</span> => <span class=sf-dump-note>array:12</span> [<samp data-depth=2 class=sf-dump-compact>
    \"<span class=sf-dump-key>count</span>\" => <span class=sf-dump-num>4</span>
    \"<span class=sf-dump-key>term_code</span>\" => \"<span class=sf-dump-str title=\"2 characters\">P4</span>\"
    \"<span class=sf-dump-key>repayment_amount</span>\" => \"<span class=sf-dump-str title=\"6 characters\">833.33</span>\"
    \"<span class=sf-dump-key>interest_amount</span>\" => \"<span class=sf-dump-str title=\"6 characters\">150.00</span>\"
    \"<span class=sf-dump-key>fees</span>\" => \"<span class=sf-dump-str title=\"4 characters\">0.00</span>\"
    \"<span class=sf-dump-key>total_due</span>\" => \"<span class=sf-dump-str title=\"6 characters\">983.33</span>\"
    \"<span class=sf-dump-key>due_date</span>\" => \"<span class=sf-dump-str title=\"10 characters\">11/30/2024</span>\"
    \"<span class=sf-dump-key>paid_amount</span>\" => \"<span class=sf-dump-str>0</span>\"
    \"<span class=sf-dump-key>is_paid</span>\" => <span class=sf-dump-num>0</span>
    \"<span class=sf-dump-key>status</span>\" => \"<span class=sf-dump-str>3</span>\"
    \"<span class=sf-dump-key>accrued</span>\" => <span class=sf-dump-num>0</span>
    \"<span class=sf-dump-key>remarks</span>\" => \"\"
  </samp>]
  <span class=sf-dump-index>4</span> => <span class=sf-dump-note>array:12</span> [<samp data-depth=2 class=sf-dump-compact>
    \"<span class=sf-dump-key>count</span>\" => <span class=sf-dump-num>5</span>
    \"<span class=sf-dump-key>term_code</span>\" => \"<span class=sf-dump-str title=\"2 characters\">P5</span>\"
    \"<span class=sf-dump-key>repayment_amount</span>\" => \"<span class=sf-dump-str title=\"6 characters\">833.33</span>\"
    \"<span class=sf-dump-key>interest_amount</span>\" => \"<span class=sf-dump-str title=\"6 characters\">150.00</span>\"
    \"<span class=sf-dump-key>fees</span>\" => \"<span class=sf-dump-str title=\"4 characters\">0.00</span>\"
    \"<span class=sf-dump-key>total_due</span>\" => \"<span class=sf-dump-str title=\"6 characters\">983.33</span>\"
    \"<span class=sf-dump-key>due_date</span>\" => \"<span class=sf-dump-str title=\"10 characters\">12/30/2024</span>\"
    \"<span class=sf-dump-key>paid_amount</span>\" => \"<span class=sf-dump-str>0</span>\"
    \"<span class=sf-dump-key>is_paid</span>\" => <span class=sf-dump-num>0</span>
    \"<span class=sf-dump-key>status</span>\" => \"<span class=sf-dump-str>3</span>\"
    \"<span class=sf-dump-key>accrued</span>\" => <span class=sf-dump-num>0</span>
    \"<span class=sf-dump-key>remarks</span>\" => \"\"
  </samp>]
  <span class=sf-dump-index>5</span> => <span class=sf-dump-note>array:12</span> [<samp data-depth=2 class=sf-dump-compact>
    \"<span class=sf-dump-key>count</span>\" => <span class=sf-dump-num>6</span>
    \"<span class=sf-dump-key>term_code</span>\" => \"<span class=sf-dump-str title=\"2 characters\">P6</span>\"
    \"<span class=sf-dump-key>repayment_amount</span>\" => \"<span class=sf-dump-str title=\"6 characters\">833.33</span>\"
    \"<span class=sf-dump-key>interest_amount</span>\" => \"<span class=sf-dump-str title=\"6 characters\">150.00</span>\"
    \"<span class=sf-dump-key>fees</span>\" => \"<span class=sf-dump-str title=\"4 characters\">0.00</span>\"
    \"<span class=sf-dump-key>total_due</span>\" => \"<span class=sf-dump-str title=\"6 characters\">983.33</span>\"
    \"<span class=sf-dump-key>due_date</span>\" => \"<span class=sf-dump-str title=\"10 characters\">01/30/2025</span>\"
    \"<span class=sf-dump-key>paid_amount</span>\" => \"<span class=sf-dump-str>0</span>\"
    \"<span class=sf-dump-key>is_paid</span>\" => <span class=sf-dump-num>0</span>
    \"<span class=sf-dump-key>status</span>\" => \"<span class=sf-dump-str>3</span>\"
    \"<span class=sf-dump-key>accrued</span>\" => <span class=sf-dump-num>0</span>
    \"<span class=sf-dump-key>remarks</span>\" => \"\"
  </samp>]
  <span class=sf-dump-index>6</span> => <span class=sf-dump-note>array:12</span> [<samp data-depth=2 class=sf-dump-compact>
    \"<span class=sf-dump-key>count</span>\" => <span class=sf-dump-num>7</span>
    \"<span class=sf-dump-key>term_code</span>\" => \"<span class=sf-dump-str title=\"2 characters\">P7</span>\"
    \"<span class=sf-dump-key>repayment_amount</span>\" => \"<span class=sf-dump-str title=\"6 characters\">833.33</span>\"
    \"<span class=sf-dump-key>interest_amount</span>\" => \"<span class=sf-dump-str title=\"6 characters\">150.00</span>\"
    \"<span class=sf-dump-key>fees</span>\" => \"<span class=sf-dump-str title=\"4 characters\">0.00</span>\"
    \"<span class=sf-dump-key>total_due</span>\" => \"<span class=sf-dump-str title=\"6 characters\">983.33</span>\"
    \"<span class=sf-dump-key>due_date</span>\" => \"<span class=sf-dump-str title=\"10 characters\">02/28/2025</span>\"
    \"<span class=sf-dump-key>paid_amount</span>\" => \"<span class=sf-dump-str>0</span>\"
    \"<span class=sf-dump-key>is_paid</span>\" => <span class=sf-dump-num>0</span>
    \"<span class=sf-dump-key>status</span>\" => \"<span class=sf-dump-str>3</span>\"
    \"<span class=sf-dump-key>accrued</span>\" => <span class=sf-dump-num>0</span>
    \"<span class=sf-dump-key>remarks</span>\" => \"\"
  </samp>]
  <span class=sf-dump-index>7</span> => <span class=sf-dump-note>array:12</span> [<samp data-depth=2 class=sf-dump-compact>
    \"<span class=sf-dump-key>count</span>\" => <span class=sf-dump-num>8</span>
    \"<span class=sf-dump-key>term_code</span>\" => \"<span class=sf-dump-str title=\"2 characters\">P8</span>\"
    \"<span class=sf-dump-key>repayment_amount</span>\" => \"<span class=sf-dump-str title=\"6 characters\">833.33</span>\"
    \"<span class=sf-dump-key>interest_amount</span>\" => \"<span class=sf-dump-str title=\"6 characters\">150.00</span>\"
    \"<span class=sf-dump-key>fees</span>\" => \"<span class=sf-dump-str title=\"4 characters\">0.00</span>\"
    \"<span class=sf-dump-key>total_due</span>\" => \"<span class=sf-dump-str title=\"6 characters\">983.33</span>\"
    \"<span class=sf-dump-key>due_date</span>\" => \"<span class=sf-dump-str title=\"10 characters\">03/30/2025</span>\"
    \"<span class=sf-dump-key>paid_amount</span>\" => \"<span class=sf-dump-str>0</span>\"
    \"<span class=sf-dump-key>is_paid</span>\" => <span class=sf-dump-num>0</span>
    \"<span class=sf-dump-key>status</span>\" => \"<span class=sf-dump-str>3</span>\"
    \"<span class=sf-dump-key>accrued</span>\" => <span class=sf-dump-num>0</span>
    \"<span class=sf-dump-key>remarks</span>\" => \"\"
  </samp>]
  <span class=sf-dump-index>8</span> => <span class=sf-dump-note>array:12</span> [<samp data-depth=2 class=sf-dump-compact>
    \"<span class=sf-dump-key>count</span>\" => <span class=sf-dump-num>9</span>
    \"<span class=sf-dump-key>term_code</span>\" => \"<span class=sf-dump-str title=\"2 characters\">P9</span>\"
    \"<span class=sf-dump-key>repayment_amount</span>\" => \"<span class=sf-dump-str title=\"6 characters\">833.33</span>\"
    \"<span class=sf-dump-key>interest_amount</span>\" => \"<span class=sf-dump-str title=\"6 characters\">150.00</span>\"
    \"<span class=sf-dump-key>fees</span>\" => \"<span class=sf-dump-str title=\"4 characters\">0.00</span>\"
    \"<span class=sf-dump-key>total_due</span>\" => \"<span class=sf-dump-str title=\"6 characters\">983.33</span>\"
    \"<span class=sf-dump-key>due_date</span>\" => \"<span class=sf-dump-str title=\"10 characters\">04/30/2025</span>\"
    \"<span class=sf-dump-key>paid_amount</span>\" => \"<span class=sf-dump-str>0</span>\"
    \"<span class=sf-dump-key>is_paid</span>\" => <span class=sf-dump-num>0</span>
    \"<span class=sf-dump-key>status</span>\" => \"<span class=sf-dump-str>3</span>\"
    \"<span class=sf-dump-key>accrued</span>\" => <span class=sf-dump-num>0</span>
    \"<span class=sf-dump-key>remarks</span>\" => \"\"
  </samp>]
  <span class=sf-dump-index>9</span> => <span class=sf-dump-note>array:12</span> [<samp data-depth=2 class=sf-dump-compact>
    \"<span class=sf-dump-key>count</span>\" => <span class=sf-dump-num>10</span>
    \"<span class=sf-dump-key>term_code</span>\" => \"<span class=sf-dump-str title=\"3 characters\">P10</span>\"
    \"<span class=sf-dump-key>repayment_amount</span>\" => \"<span class=sf-dump-str title=\"6 characters\">833.33</span>\"
    \"<span class=sf-dump-key>interest_amount</span>\" => \"<span class=sf-dump-str title=\"6 characters\">150.00</span>\"
    \"<span class=sf-dump-key>fees</span>\" => \"<span class=sf-dump-str title=\"4 characters\">0.00</span>\"
    \"<span class=sf-dump-key>total_due</span>\" => \"<span class=sf-dump-str title=\"6 characters\">983.33</span>\"
    \"<span class=sf-dump-key>due_date</span>\" => \"<span class=sf-dump-str title=\"10 characters\">05/30/2025</span>\"
    \"<span class=sf-dump-key>paid_amount</span>\" => \"<span class=sf-dump-str>0</span>\"
    \"<span class=sf-dump-key>is_paid</span>\" => <span class=sf-dump-num>0</span>
    \"<span class=sf-dump-key>status</span>\" => \"<span class=sf-dump-str>3</span>\"
    \"<span class=sf-dump-key>accrued</span>\" => <span class=sf-dump-num>0</span>
    \"<span class=sf-dump-key>remarks</span>\" => \"\"
  </samp>]
  <span class=sf-dump-index>10</span> => <span class=sf-dump-note>array:12</span> [<samp data-depth=2 class=sf-dump-compact>
    \"<span class=sf-dump-key>count</span>\" => <span class=sf-dump-num>11</span>
    \"<span class=sf-dump-key>term_code</span>\" => \"<span class=sf-dump-str title=\"3 characters\">P11</span>\"
    \"<span class=sf-dump-key>repayment_amount</span>\" => \"<span class=sf-dump-str title=\"6 characters\">833.33</span>\"
    \"<span class=sf-dump-key>interest_amount</span>\" => \"<span class=sf-dump-str title=\"6 characters\">150.00</span>\"
    \"<span class=sf-dump-key>fees</span>\" => \"<span class=sf-dump-str title=\"4 characters\">0.00</span>\"
    \"<span class=sf-dump-key>total_due</span>\" => \"<span class=sf-dump-str title=\"6 characters\">983.33</span>\"
    \"<span class=sf-dump-key>due_date</span>\" => \"<span class=sf-dump-str title=\"10 characters\">06/30/2025</span>\"
    \"<span class=sf-dump-key>paid_amount</span>\" => \"<span class=sf-dump-str>0</span>\"
    \"<span class=sf-dump-key>is_paid</span>\" => <span class=sf-dump-num>0</span>
    \"<span class=sf-dump-key>status</span>\" => \"<span class=sf-dump-str>3</span>\"
    \"<span class=sf-dump-key>accrued</span>\" => <span class=sf-dump-num>0</span>
    \"<span class=sf-dump-key>remarks</span>\" => \"\"
  </samp>]
  <span class=sf-dump-index>11</span> => <span class=sf-dump-note>array:12</span> [<samp data-depth=2 class=sf-dump-compact>
    \"<span class=sf-dump-key>count</span>\" => <span class=sf-dump-num>12</span>
    \"<span class=sf-dump-key>term_code</span>\" => \"<span class=sf-dump-str title=\"3 characters\">P12</span>\"
    \"<span class=sf-dump-key>repayment_amount</span>\" => \"<span class=sf-dump-str title=\"6 characters\">833.37</span>\"
    \"<span class=sf-dump-key>interest_amount</span>\" => \"<span class=sf-dump-str title=\"6 characters\">150.00</span>\"
    \"<span class=sf-dump-key>fees</span>\" => \"<span class=sf-dump-str title=\"4 characters\">0.00</span>\"
    \"<span class=sf-dump-key>total_due</span>\" => \"<span class=sf-dump-str title=\"6 characters\">983.37</span>\"
    \"<span class=sf-dump-key>due_date</span>\" => \"<span class=sf-dump-str title=\"10 characters\">07/30/2025</span>\"
    \"<span class=sf-dump-key>paid_amount</span>\" => \"<span class=sf-dump-str>0</span>\"
    \"<span class=sf-dump-key>is_paid</span>\" => <span class=sf-dump-num>0</span>
    \"<span class=sf-dump-key>status</span>\" => \"<span class=sf-dump-str>3</span>\"
    \"<span class=sf-dump-key>accrued</span>\" => <span class=sf-dump-num>0</span>
    \"<span class=sf-dump-key>remarks</span>\" => \"\"
  </samp>]
</samp>]
</pre><script>Sfdump(\"sf-dump-1096774979\", {\"maxDepth\":3,\"maxStringLength\":160})</script>
","TOTAL_INTEREST":"<pre class=sf-dump id=sf-dump-1518059408 data-indent-pad=\"  \"><span class=sf-dump-num>1800.0</span>
</pre><script>Sfdump(\"sf-dump-1518059408\", {\"maxDepth\":3,\"maxStringLength\":160})</script>
","TOTAL_AMOUNT_DUE":"<pre class=sf-dump id=sf-dump-1875019760 data-indent-pad=\"  \"><span class=sf-dump-num>11800.0</span>
</pre><script>Sfdump(\"sf-dump-1875019760\", {\"maxDepth\":3,\"maxStringLength\":160})</script>
","TOTAL_PAID_AMOUNT":"<pre class=sf-dump id=sf-dump-1584668557 data-indent-pad=\"  \"><span class=sf-dump-num>0</span>
</pre><script>Sfdump(\"sf-dump-1584668557\", {\"maxDepth\":3,\"maxStringLength\":160})</script>
","CURRENT_LOAN_BALANCE":"<pre class=sf-dump id=sf-dump-805222630 data-indent-pad=\"  \"><span class=sf-dump-num>11800.0</span>
</pre><script>Sfdump(\"sf-dump-805222630\", {\"maxDepth\":3,\"maxStringLength\":160})</script>
","loan":"<pre class=sf-dump id=sf-dump-1477181372 data-indent-pad=\"  \"><span class=sf-dump-note>array:26</span> [<samp data-depth=1 class=sf-dump-expanded>
  \"<span class=sf-dump-key>service_details</span>\" => {<a class=sf-dump-ref>#787</a><samp data-depth=2 class=sf-dump-compact>
    +\"<span class=sf-dump-public title=\"Runtime added dynamic property\">id_loan</span>\": <span class=sf-dump-num>1510</span>
    +\"<span class=sf-dump-public title=\"Runtime added dynamic property\">loan_token</span>\": \"<span class=sf-dump-str title=\"23 characters\">11292024143240577301269</span>\"
    +\"<span class=sf-dump-public title=\"Runtime added dynamic property\">name</span>\": \"<span class=sf-dump-str title=\"32 characters\">Members-Regular Loan | 12 MONTHS</span>\"
    +\"<span class=sf-dump-public title=\"Runtime added dynamic property\">id_loan_service</span>\": <span class=sf-dump-num>11</span>
    +\"<span class=sf-dump-public title=\"Runtime added dynamic property\">interest_rate</span>\": \"<span class=sf-dump-str title=\"4 characters\">1.50</span>\"
    +\"<span class=sf-dump-public title=\"Runtime added dynamic property\">terms</span>\": <span class=sf-dump-num>12</span>
    +\"<span class=sf-dump-public title=\"Runtime added dynamic property\">period</span>\": <span class=sf-dump-const>null</span>
    +\"<span class=sf-dump-public title=\"Runtime added dynamic property\">cbu_amount</span>\": <span class=sf-dump-num>0.0</span>
    +\"<span class=sf-dump-public title=\"Runtime added dynamic property\">is_deduct_cbu</span>\": <span class=sf-dump-num>0</span>
    +\"<span class=sf-dump-public title=\"Runtime added dynamic property\">principal_amount</span>\": \"<span class=sf-dump-str title=\"8 characters\">10000.00</span>\"
    +\"<span class=sf-dump-public title=\"Runtime added dynamic property\">loan_protection_rate</span>\": \"<span class=sf-dump-str title=\"4 characters\">0.00</span>\"
    +\"<span class=sf-dump-public title=\"Runtime added dynamic property\">id_term_period</span>\": <span class=sf-dump-num>3</span>
    +\"<span class=sf-dump-public title=\"Runtime added dynamic property\">id_interest_period</span>\": <span class=sf-dump-num>3</span>
    +\"<span class=sf-dump-public title=\"Runtime added dynamic property\">id_interest_method</span>\": <span class=sf-dump-num>1</span>
    +\"<span class=sf-dump-public title=\"Runtime added dynamic property\">terms_desc</span>\": \"<span class=sf-dump-str title=\"9 characters\">12 Months</span>\"
    +\"<span class=sf-dump-public title=\"Runtime added dynamic property\">terms_token</span>\": \"<span class=sf-dump-str title=\"18 characters\">153813854066d865c9</span>\"
    +\"<span class=sf-dump-public title=\"Runtime added dynamic property\">min_amount</span>\": \"<span class=sf-dump-str title=\"7 characters\">1000.00</span>\"
    +\"<span class=sf-dump-public title=\"Runtime added dynamic property\">max_amount</span>\": \"<span class=sf-dump-str title=\"9 characters\">200000.00</span>\"
    +\"<span class=sf-dump-public title=\"Runtime added dynamic property\">id_loan_payment_type</span>\": <span class=sf-dump-num>1</span>
    +\"<span class=sf-dump-public title=\"Runtime added dynamic property\">due_date</span>\": <span class=sf-dump-const>null</span>
    +\"<span class=sf-dump-public title=\"Runtime added dynamic property\">id_member</span>\": <span class=sf-dump-num>6</span>
    +\"<span class=sf-dump-public title=\"Runtime added dynamic property\">id_charges_group</span>\": <span class=sf-dump-num>5</span>
    +\"<span class=sf-dump-public title=\"Runtime added dynamic property\">loan_protection_amount</span>\": \"<span class=sf-dump-str title=\"4 characters\">0.00</span>\"
    +\"<span class=sf-dump-public title=\"Runtime added dynamic property\">cbu_deficient</span>\": \"<span class=sf-dump-str title=\"4 characters\">0.00</span>\"
    +\"<span class=sf-dump-public title=\"Runtime added dynamic property\">total_deductions</span>\": \"<span class=sf-dump-str title=\"4 characters\">0.00</span>\"
    +\"<span class=sf-dump-public title=\"Runtime added dynamic property\">not_deducted_charges</span>\": \"<span class=sf-dump-str title=\"4 characters\">0.00</span>\"
    +\"<span class=sf-dump-public title=\"Runtime added dynamic property\">total_loan_proceeds</span>\": \"<span class=sf-dump-str title=\"8 characters\">10000.00</span>\"
    +\"<span class=sf-dump-public title=\"Runtime added dynamic property\">status</span>\": \"<span class=sf-dump-str>3</span>\"
    +\"<span class=sf-dump-public title=\"Runtime added dynamic property\">loan_remarks</span>\": \"\"
    +\"<span class=sf-dump-public title=\"Runtime added dynamic property\">loan_status</span>\": \"<span class=sf-dump-str title=\"6 characters\">Active</span>\"
    +\"<span class=sf-dump-public title=\"Runtime added dynamic property\">status_code</span>\": \"<span class=sf-dump-str>3</span>\"
    +\"<span class=sf-dump-public title=\"Runtime added dynamic property\">cancellation_reason</span>\": <span class=sf-dump-const>null</span>
    +\"<span class=sf-dump-public title=\"Runtime added dynamic property\">prev_loan_balance</span>\": \"<span class=sf-dump-str title=\"4 characters\">0.00</span>\"
    +\"<span class=sf-dump-public title=\"Runtime added dynamic property\">prev_loan_rebates</span>\": \"<span class=sf-dump-str title=\"4 characters\">0.00</span>\"
    +\"<span class=sf-dump-public title=\"Runtime added dynamic property\">lstatus</span>\": <span class=sf-dump-num>1</span>
    +\"<span class=sf-dump-public title=\"Runtime added dynamic property\">id_cash_disbursement</span>\": <span class=sf-dump-num>0</span>
    +\"<span class=sf-dump-public title=\"Runtime added dynamic property\">paid_principal</span>\": \"<span class=sf-dump-str title=\"4 characters\">0.00</span>\"
    +\"<span class=sf-dump-public title=\"Runtime added dynamic property\">paid_interest</span>\": \"<span class=sf-dump-str title=\"4 characters\">0.00</span>\"
    +\"<span class=sf-dump-public title=\"Runtime added dynamic property\">paid_fees</span>\": \"<span class=sf-dump-str title=\"4 characters\">0.00</span>\"
    +\"<span class=sf-dump-public title=\"Runtime added dynamic property\">date_released</span>\": \"<span class=sf-dump-str title=\"10 characters\">2024-07-23</span>\"
    +\"<span class=sf-dump-public title=\"Runtime added dynamic property\">date_granted</span>\": \"<span class=sf-dump-str title=\"10 characters\">07/23/2024</span>\"
    +\"<span class=sf-dump-public title=\"Runtime added dynamic property\">month_duration</span>\": <span class=sf-dump-num>1</span>
    +\"<span class=sf-dump-public title=\"Runtime added dynamic property\">interest_show</span>\": \"<span class=sf-dump-str title=\"4 characters\">0.00</span>\"
    +\"<span class=sf-dump-public title=\"Runtime added dynamic property\">id_one_time_type</span>\": <span class=sf-dump-num>0</span>
  </samp>}
  \"<span class=sf-dump-key>member_details</span>\" => {<a class=sf-dump-ref>#778</a><samp data-depth=2 class=sf-dump-compact>
    +\"<span class=sf-dump-public title=\"Runtime added dynamic property\">name</span>\": \"<span class=sf-dump-str title=\"16 characters\">LAGUNDAY, DELIA </span>\"
  </samp>}
  \"<span class=sf-dump-key>OTHER_DEDUCTIONS</span>\" => []
  \"<span class=sf-dump-key>CBU_DEFICIENT_AMOUNT</span>\" => \"<span class=sf-dump-str title=\"4 characters\">0.00</span>\"
  \"<span class=sf-dump-key>DEDUCTED_CHARGES</span>\" => []
  \"<span class=sf-dump-key>PREV_LOAN_OFFSET</span>\" => []
  \"<span class=sf-dump-key>TOTAL_LOAN_OFFSET_REBATES</span>\" => <span class=sf-dump-num>0</span>
  \"<span class=sf-dump-key>TOTAL_LOAN_OFFSET</span>\" => <span class=sf-dump-num>0</span>
  \"<span class=sf-dump-key>LOAN_BALANCE</span>\" => \"<span class=sf-dump-str title=\"4 characters\">0.00</span>\"
  \"<span class=sf-dump-key>REBATES</span>\" => \"<span class=sf-dump-str title=\"4 characters\">0.00</span>\"
  \"<span class=sf-dump-key>TOTAL_LOAN_BALANCE</span>\" => <span class=sf-dump-num>0.0</span>
  \"<span class=sf-dump-key>TOTAL_DEDUCTED_CHARGES</span>\" => \"<span class=sf-dump-str title=\"4 characters\">0.00</span>\"
  \"<span class=sf-dump-key>PRINCIPAL_AMOUNT</span>\" => \"<span class=sf-dump-str title=\"8 characters\">10000.00</span>\"
  \"<span class=sf-dump-key>TOTAL_NOT_DEDUCTED_CHARGES</span>\" => \"<span class=sf-dump-str title=\"4 characters\">0.00</span>\"
  \"<span class=sf-dump-key>TOTAL_LOAN_PROCEED</span>\" => \"<span class=sf-dump-str title=\"8 characters\">10000.00</span>\"
  \"<span class=sf-dump-key>AMTZ_SCHED</span>\" => <span class=sf-dump-note>array:12</span> [<samp data-depth=2 class=sf-dump-compact>
    <span class=sf-dump-index>0</span> => {<a class=sf-dump-ref>#782</a><samp data-depth=3 class=sf-dump-compact>
      +\"<span class=sf-dump-public title=\"Runtime added dynamic property\">term_code</span>\": \"<span class=sf-dump-str title=\"2 characters\">P1</span>\"
      +\"<span class=sf-dump-public title=\"Runtime added dynamic property\">date</span>\": \"<span class=sf-dump-str title=\"10 characters\">08/30/2024</span>\"
      +\"<span class=sf-dump-public title=\"Runtime added dynamic property\">principal</span>\": \"<span class=sf-dump-str title=\"6 characters\">833.33</span>\"
      +\"<span class=sf-dump-public title=\"Runtime added dynamic property\">interest</span>\": \"<span class=sf-dump-str title=\"6 characters\">150.00</span>\"
      +\"<span class=sf-dump-public title=\"Runtime added dynamic property\">surcharge</span>\": \"<span class=sf-dump-str title=\"4 characters\">0.00</span>\"
      +\"<span class=sf-dump-public title=\"Runtime added dynamic property\">total</span>\": \"<span class=sf-dump-str title=\"6 characters\">983.33</span>\"
      +\"<span class=sf-dump-public title=\"Runtime added dynamic property\">accrued</span>\": <span class=sf-dump-num>0</span>
    </samp>}
    <span class=sf-dump-index>1</span> => {<a class=sf-dump-ref>#777</a><samp data-depth=3 class=sf-dump-compact>
      +\"<span class=sf-dump-public title=\"Runtime added dynamic property\">term_code</span>\": \"<span class=sf-dump-str title=\"2 characters\">P2</span>\"
      +\"<span class=sf-dump-public title=\"Runtime added dynamic property\">date</span>\": \"<span class=sf-dump-str title=\"10 characters\">09/30/2024</span>\"
      +\"<span class=sf-dump-public title=\"Runtime added dynamic property\">principal</span>\": \"<span class=sf-dump-str title=\"6 characters\">833.33</span>\"
      +\"<span class=sf-dump-public title=\"Runtime added dynamic property\">interest</span>\": \"<span class=sf-dump-str title=\"6 characters\">150.00</span>\"
      +\"<span class=sf-dump-public title=\"Runtime added dynamic property\">surcharge</span>\": \"<span class=sf-dump-str title=\"4 characters\">0.00</span>\"
      +\"<span class=sf-dump-public title=\"Runtime added dynamic property\">total</span>\": \"<span class=sf-dump-str title=\"6 characters\">983.33</span>\"
      +\"<span class=sf-dump-public title=\"Runtime added dynamic property\">accrued</span>\": <span class=sf-dump-num>0</span>
    </samp>}
    <span class=sf-dump-index>2</span> => {<a class=sf-dump-ref>#781</a><samp data-depth=3 class=sf-dump-compact>
      +\"<span class=sf-dump-public title=\"Runtime added dynamic property\">term_code</span>\": \"<span class=sf-dump-str title=\"2 characters\">P3</span>\"
      +\"<span class=sf-dump-public title=\"Runtime added dynamic property\">date</span>\": \"<span class=sf-dump-str title=\"10 characters\">10/30/2024</span>\"
      +\"<span class=sf-dump-public title=\"Runtime added dynamic property\">principal</span>\": \"<span class=sf-dump-str title=\"6 characters\">833.33</span>\"
      +\"<span class=sf-dump-public title=\"Runtime added dynamic property\">interest</span>\": \"<span class=sf-dump-str title=\"6 characters\">150.00</span>\"
      +\"<span class=sf-dump-public title=\"Runtime added dynamic property\">surcharge</span>\": \"<span class=sf-dump-str title=\"4 characters\">0.00</span>\"
      +\"<span class=sf-dump-public title=\"Runtime added dynamic property\">total</span>\": \"<span class=sf-dump-str title=\"6 characters\">983.33</span>\"
      +\"<span class=sf-dump-public title=\"Runtime added dynamic property\">accrued</span>\": <span class=sf-dump-num>0</span>
    </samp>}
    <span class=sf-dump-index>3</span> => {<a class=sf-dump-ref>#790</a><samp data-depth=3 class=sf-dump-compact>
      +\"<span class=sf-dump-public title=\"Runtime added dynamic property\">term_code</span>\": \"<span class=sf-dump-str title=\"2 characters\">P4</span>\"
      +\"<span class=sf-dump-public title=\"Runtime added dynamic property\">date</span>\": \"<span class=sf-dump-str title=\"10 characters\">11/30/2024</span>\"
      +\"<span class=sf-dump-public title=\"Runtime added dynamic property\">principal</span>\": \"<span class=sf-dump-str title=\"6 characters\">833.33</span>\"
      +\"<span class=sf-dump-public title=\"Runtime added dynamic property\">interest</span>\": \"<span class=sf-dump-str title=\"6 characters\">150.00</span>\"
      +\"<span class=sf-dump-public title=\"Runtime added dynamic property\">surcharge</span>\": \"<span class=sf-dump-str title=\"4 characters\">0.00</span>\"
      +\"<span class=sf-dump-public title=\"Runtime added dynamic property\">total</span>\": \"<span class=sf-dump-str title=\"6 characters\">983.33</span>\"
      +\"<span class=sf-dump-public title=\"Runtime added dynamic property\">accrued</span>\": <span class=sf-dump-num>0</span>
    </samp>}
    <span class=sf-dump-index>4</span> => {<a class=sf-dump-ref>#793</a><samp data-depth=3 class=sf-dump-compact>
      +\"<span class=sf-dump-public title=\"Runtime added dynamic property\">term_code</span>\": \"<span class=sf-dump-str title=\"2 characters\">P5</span>\"
      +\"<span class=sf-dump-public title=\"Runtime added dynamic property\">date</span>\": \"<span class=sf-dump-str title=\"10 characters\">12/30/2024</span>\"
      +\"<span class=sf-dump-public title=\"Runtime added dynamic property\">principal</span>\": \"<span class=sf-dump-str title=\"6 characters\">833.33</span>\"
      +\"<span class=sf-dump-public title=\"Runtime added dynamic property\">interest</span>\": \"<span class=sf-dump-str title=\"6 characters\">150.00</span>\"
      +\"<span class=sf-dump-public title=\"Runtime added dynamic property\">surcharge</span>\": \"<span class=sf-dump-str title=\"4 characters\">0.00</span>\"
      +\"<span class=sf-dump-public title=\"Runtime added dynamic property\">total</span>\": \"<span class=sf-dump-str title=\"6 characters\">983.33</span>\"
      +\"<span class=sf-dump-public title=\"Runtime added dynamic property\">accrued</span>\": <span class=sf-dump-num>0</span>
    </samp>}
    <span class=sf-dump-index>5</span> => {<a class=sf-dump-ref>#795</a><samp data-depth=3 class=sf-dump-compact>
      +\"<span class=sf-dump-public title=\"Runtime added dynamic property\">term_code</span>\": \"<span class=sf-dump-str title=\"2 characters\">P6</span>\"
      +\"<span class=sf-dump-public title=\"Runtime added dynamic property\">date</span>\": \"<span class=sf-dump-str title=\"10 characters\">01/30/2025</span>\"
      +\"<span class=sf-dump-public title=\"Runtime added dynamic property\">principal</span>\": \"<span class=sf-dump-str title=\"6 characters\">833.33</span>\"
      +\"<span class=sf-dump-public title=\"Runtime added dynamic property\">interest</span>\": \"<span class=sf-dump-str title=\"6 characters\">150.00</span>\"
      +\"<span class=sf-dump-public title=\"Runtime added dynamic property\">surcharge</span>\": \"<span class=sf-dump-str title=\"4 characters\">0.00</span>\"
      +\"<span class=sf-dump-public title=\"Runtime added dynamic property\">total</span>\": \"<span class=sf-dump-str title=\"6 characters\">983.33</span>\"
      +\"<span class=sf-dump-public title=\"Runtime added dynamic property\">accrued</span>\": <span class=sf-dump-num>0</span>
    </samp>}
    <span class=sf-dump-index>6</span> => {<a class=sf-dump-ref>#798</a><samp data-depth=3 class=sf-dump-compact>
      +\"<span class=sf-dump-public title=\"Runtime added dynamic property\">term_code</span>\": \"<span class=sf-dump-str title=\"2 characters\">P7</span>\"
      +\"<span class=sf-dump-public title=\"Runtime added dynamic property\">date</span>\": \"<span class=sf-dump-str title=\"10 characters\">02/28/2025</span>\"
      +\"<span class=sf-dump-public title=\"Runtime added dynamic property\">principal</span>\": \"<span class=sf-dump-str title=\"6 characters\">833.33</span>\"
      +\"<span class=sf-dump-public title=\"Runtime added dynamic property\">interest</span>\": \"<span class=sf-dump-str title=\"6 characters\">150.00</span>\"
      +\"<span class=sf-dump-public title=\"Runtime added dynamic property\">surcharge</span>\": \"<span class=sf-dump-str title=\"4 characters\">0.00</span>\"
      +\"<span class=sf-dump-public title=\"Runtime added dynamic property\">total</span>\": \"<span class=sf-dump-str title=\"6 characters\">983.33</span>\"
      +\"<span class=sf-dump-public title=\"Runtime added dynamic property\">accrued</span>\": <span class=sf-dump-num>0</span>
    </samp>}
    <span class=sf-dump-index>7</span> => {<a class=sf-dump-ref>#796</a><samp data-depth=3 class=sf-dump-compact>
      +\"<span class=sf-dump-public title=\"Runtime added dynamic property\">term_code</span>\": \"<span class=sf-dump-str title=\"2 characters\">P8</span>\"
      +\"<span class=sf-dump-public title=\"Runtime added dynamic property\">date</span>\": \"<span class=sf-dump-str title=\"10 characters\">03/30/2025</span>\"
      +\"<span class=sf-dump-public title=\"Runtime added dynamic property\">principal</span>\": \"<span class=sf-dump-str title=\"6 characters\">833.33</span>\"
      +\"<span class=sf-dump-public title=\"Runtime added dynamic property\">interest</span>\": \"<span class=sf-dump-str title=\"6 characters\">150.00</span>\"
      +\"<span class=sf-dump-public title=\"Runtime added dynamic property\">surcharge</span>\": \"<span class=sf-dump-str title=\"4 characters\">0.00</span>\"
      +\"<span class=sf-dump-public title=\"Runtime added dynamic property\">total</span>\": \"<span class=sf-dump-str title=\"6 characters\">983.33</span>\"
      +\"<span class=sf-dump-public title=\"Runtime added dynamic property\">accrued</span>\": <span class=sf-dump-num>0</span>
    </samp>}
    <span class=sf-dump-index>8</span> => {<a class=sf-dump-ref>#800</a><samp data-depth=3 class=sf-dump-compact>
      +\"<span class=sf-dump-public title=\"Runtime added dynamic property\">term_code</span>\": \"<span class=sf-dump-str title=\"2 characters\">P9</span>\"
      +\"<span class=sf-dump-public title=\"Runtime added dynamic property\">date</span>\": \"<span class=sf-dump-str title=\"10 characters\">04/30/2025</span>\"
      +\"<span class=sf-dump-public title=\"Runtime added dynamic property\">principal</span>\": \"<span class=sf-dump-str title=\"6 characters\">833.33</span>\"
      +\"<span class=sf-dump-public title=\"Runtime added dynamic property\">interest</span>\": \"<span class=sf-dump-str title=\"6 characters\">150.00</span>\"
      +\"<span class=sf-dump-public title=\"Runtime added dynamic property\">surcharge</span>\": \"<span class=sf-dump-str title=\"4 characters\">0.00</span>\"
      +\"<span class=sf-dump-public title=\"Runtime added dynamic property\">total</span>\": \"<span class=sf-dump-str title=\"6 characters\">983.33</span>\"
      +\"<span class=sf-dump-public title=\"Runtime added dynamic property\">accrued</span>\": <span class=sf-dump-num>0</span>
    </samp>}
    <span class=sf-dump-index>9</span> => {<a class=sf-dump-ref>#801</a><samp data-depth=3 class=sf-dump-compact>
      +\"<span class=sf-dump-public title=\"Runtime added dynamic property\">term_code</span>\": \"<span class=sf-dump-str title=\"3 characters\">P10</span>\"
      +\"<span class=sf-dump-public title=\"Runtime added dynamic property\">date</span>\": \"<span class=sf-dump-str title=\"10 characters\">05/30/2025</span>\"
      +\"<span class=sf-dump-public title=\"Runtime added dynamic property\">principal</span>\": \"<span class=sf-dump-str title=\"6 characters\">833.33</span>\"
      +\"<span class=sf-dump-public title=\"Runtime added dynamic property\">interest</span>\": \"<span class=sf-dump-str title=\"6 characters\">150.00</span>\"
      +\"<span class=sf-dump-public title=\"Runtime added dynamic property\">surcharge</span>\": \"<span class=sf-dump-str title=\"4 characters\">0.00</span>\"
      +\"<span class=sf-dump-public title=\"Runtime added dynamic property\">total</span>\": \"<span class=sf-dump-str title=\"6 characters\">983.33</span>\"
      +\"<span class=sf-dump-public title=\"Runtime added dynamic property\">accrued</span>\": <span class=sf-dump-num>0</span>
    </samp>}
    <span class=sf-dump-index>10</span> => {<a class=sf-dump-ref>#802</a><samp data-depth=3 class=sf-dump-compact>
      +\"<span class=sf-dump-public title=\"Runtime added dynamic property\">term_code</span>\": \"<span class=sf-dump-str title=\"3 characters\">P11</span>\"
      +\"<span class=sf-dump-public title=\"Runtime added dynamic property\">date</span>\": \"<span class=sf-dump-str title=\"10 characters\">06/30/2025</span>\"
      +\"<span class=sf-dump-public title=\"Runtime added dynamic property\">principal</span>\": \"<span class=sf-dump-str title=\"6 characters\">833.33</span>\"
      +\"<span class=sf-dump-public title=\"Runtime added dynamic property\">interest</span>\": \"<span class=sf-dump-str title=\"6 characters\">150.00</span>\"
      +\"<span class=sf-dump-public title=\"Runtime added dynamic property\">surcharge</span>\": \"<span class=sf-dump-str title=\"4 characters\">0.00</span>\"
      +\"<span class=sf-dump-public title=\"Runtime added dynamic property\">total</span>\": \"<span class=sf-dump-str title=\"6 characters\">983.33</span>\"
      +\"<span class=sf-dump-public title=\"Runtime added dynamic property\">accrued</span>\": <span class=sf-dump-num>0</span>
    </samp>}
    <span class=sf-dump-index>11</span> => {<a class=sf-dump-ref>#799</a><samp data-depth=3 class=sf-dump-compact>
      +\"<span class=sf-dump-public title=\"Runtime added dynamic property\">term_code</span>\": \"<span class=sf-dump-str title=\"3 characters\">P12</span>\"
      +\"<span class=sf-dump-public title=\"Runtime added dynamic property\">date</span>\": \"<span class=sf-dump-str title=\"10 characters\">07/30/2025</span>\"
      +\"<span class=sf-dump-public title=\"Runtime added dynamic property\">principal</span>\": \"<span class=sf-dump-str title=\"6 characters\">833.37</span>\"
      +\"<span class=sf-dump-public title=\"Runtime added dynamic property\">interest</span>\": \"<span class=sf-dump-str title=\"6 characters\">150.00</span>\"
      +\"<span class=sf-dump-public title=\"Runtime added dynamic property\">surcharge</span>\": \"<span class=sf-dump-str title=\"4 characters\">0.00</span>\"
      +\"<span class=sf-dump-public title=\"Runtime added dynamic property\">total</span>\": \"<span class=sf-dump-str title=\"6 characters\">983.37</span>\"
      +\"<span class=sf-dump-public title=\"Runtime added dynamic property\">accrued</span>\": <span class=sf-dump-num>0</span>
    </samp>}
  </samp>]
  \"<span class=sf-dump-key>AMTZ_PAYMENT</span>\" => []
  \"<span class=sf-dump-key>REPAYMENT_TABLE</span>\" => []
  \"<span class=sf-dump-key>CURRENT_DUE</span>\" => {<a class=sf-dump-ref>#808</a><samp data-depth=2 class=sf-dump-compact>
    +\"<span class=sf-dump-public title=\"Runtime added dynamic property\">cur_date</span>\": \"<span class=sf-dump-str title=\"17 characters\">December 09, 2025</span>\"
    +\"<span class=sf-dump-public title=\"Runtime added dynamic property\">prin</span>\": \"<span class=sf-dump-str title=\"8 characters\">10000.00</span>\"
    +\"<span class=sf-dump-public title=\"Runtime added dynamic property\">interest</span>\": \"<span class=sf-dump-str title=\"7 characters\">1800.00</span>\"
    +\"<span class=sf-dump-public title=\"Runtime added dynamic property\">fees</span>\": \"<span class=sf-dump-str title=\"4 characters\">0.00</span>\"
    +\"<span class=sf-dump-public title=\"Runtime added dynamic property\">surcharge</span>\": \"<span class=sf-dump-str title=\"4 characters\">0.00</span>\"
  </samp>}
  \"<span class=sf-dump-key>TOTAL_DUE</span>\" => <span class=sf-dump-num>11800.0</span>
  \"<span class=sf-dump-key>repaymentCount</span>\" => <span class=sf-dump-num>12</span>
  \"<span class=sf-dump-key>LOAN_TABLE</span>\" => <span class=sf-dump-note>array:12</span> [<samp data-depth=2 class=sf-dump-compact>
    <span class=sf-dump-index>0</span> => <span class=sf-dump-note>array:12</span> [<samp data-depth=3 class=sf-dump-compact>
      \"<span class=sf-dump-key>count</span>\" => <span class=sf-dump-num>1</span>
      \"<span class=sf-dump-key>term_code</span>\" => \"<span class=sf-dump-str title=\"2 characters\">P1</span>\"
      \"<span class=sf-dump-key>repayment_amount</span>\" => \"<span class=sf-dump-str title=\"6 characters\">833.33</span>\"
      \"<span class=sf-dump-key>interest_amount</span>\" => \"<span class=sf-dump-str title=\"6 characters\">150.00</span>\"
      \"<span class=sf-dump-key>fees</span>\" => \"<span class=sf-dump-str title=\"4 characters\">0.00</span>\"
      \"<span class=sf-dump-key>total_due</span>\" => \"<span class=sf-dump-str title=\"6 characters\">983.33</span>\"
      \"<span class=sf-dump-key>due_date</span>\" => \"<span class=sf-dump-str title=\"10 characters\">08/30/2024</span>\"
      \"<span class=sf-dump-key>paid_amount</span>\" => \"<span class=sf-dump-str>0</span>\"
      \"<span class=sf-dump-key>is_paid</span>\" => <span class=sf-dump-num>0</span>
      \"<span class=sf-dump-key>status</span>\" => \"<span class=sf-dump-str>3</span>\"
      \"<span class=sf-dump-key>accrued</span>\" => <span class=sf-dump-num>0</span>
      \"<span class=sf-dump-key>remarks</span>\" => \"\"
    </samp>]
    <span class=sf-dump-index>1</span> => <span class=sf-dump-note>array:12</span> [<samp data-depth=3 class=sf-dump-compact>
      \"<span class=sf-dump-key>count</span>\" => <span class=sf-dump-num>2</span>
      \"<span class=sf-dump-key>term_code</span>\" => \"<span class=sf-dump-str title=\"2 characters\">P2</span>\"
      \"<span class=sf-dump-key>repayment_amount</span>\" => \"<span class=sf-dump-str title=\"6 characters\">833.33</span>\"
      \"<span class=sf-dump-key>interest_amount</span>\" => \"<span class=sf-dump-str title=\"6 characters\">150.00</span>\"
      \"<span class=sf-dump-key>fees</span>\" => \"<span class=sf-dump-str title=\"4 characters\">0.00</span>\"
      \"<span class=sf-dump-key>total_due</span>\" => \"<span class=sf-dump-str title=\"6 characters\">983.33</span>\"
      \"<span class=sf-dump-key>due_date</span>\" => \"<span class=sf-dump-str title=\"10 characters\">09/30/2024</span>\"
      \"<span class=sf-dump-key>paid_amount</span>\" => \"<span class=sf-dump-str>0</span>\"
      \"<span class=sf-dump-key>is_paid</span>\" => <span class=sf-dump-num>0</span>
      \"<span class=sf-dump-key>status</span>\" => \"<span class=sf-dump-str>3</span>\"
      \"<span class=sf-dump-key>accrued</span>\" => <span class=sf-dump-num>0</span>
      \"<span class=sf-dump-key>remarks</span>\" => \"\"
    </samp>]
    <span class=sf-dump-index>2</span> => <span class=sf-dump-note>array:12</span> [<samp data-depth=3 class=sf-dump-compact>
      \"<span class=sf-dump-key>count</span>\" => <span class=sf-dump-num>3</span>
      \"<span class=sf-dump-key>term_code</span>\" => \"<span class=sf-dump-str title=\"2 characters\">P3</span>\"
      \"<span class=sf-dump-key>repayment_amount</span>\" => \"<span class=sf-dump-str title=\"6 characters\">833.33</span>\"
      \"<span class=sf-dump-key>interest_amount</span>\" => \"<span class=sf-dump-str title=\"6 characters\">150.00</span>\"
      \"<span class=sf-dump-key>fees</span>\" => \"<span class=sf-dump-str title=\"4 characters\">0.00</span>\"
      \"<span class=sf-dump-key>total_due</span>\" => \"<span class=sf-dump-str title=\"6 characters\">983.33</span>\"
      \"<span class=sf-dump-key>due_date</span>\" => \"<span class=sf-dump-str title=\"10 characters\">10/30/2024</span>\"
      \"<span class=sf-dump-key>paid_amount</span>\" => \"<span class=sf-dump-str>0</span>\"
      \"<span class=sf-dump-key>is_paid</span>\" => <span class=sf-dump-num>0</span>
      \"<span class=sf-dump-key>status</span>\" => \"<span class=sf-dump-str>3</span>\"
      \"<span class=sf-dump-key>accrued</span>\" => <span class=sf-dump-num>0</span>
      \"<span class=sf-dump-key>remarks</span>\" => \"\"
    </samp>]
    <span class=sf-dump-index>3</span> => <span class=sf-dump-note>array:12</span> [<samp data-depth=3 class=sf-dump-compact>
      \"<span class=sf-dump-key>count</span>\" => <span class=sf-dump-num>4</span>
      \"<span class=sf-dump-key>term_code</span>\" => \"<span class=sf-dump-str title=\"2 characters\">P4</span>\"
      \"<span class=sf-dump-key>repayment_amount</span>\" => \"<span class=sf-dump-str title=\"6 characters\">833.33</span>\"
      \"<span class=sf-dump-key>interest_amount</span>\" => \"<span class=sf-dump-str title=\"6 characters\">150.00</span>\"
      \"<span class=sf-dump-key>fees</span>\" => \"<span class=sf-dump-str title=\"4 characters\">0.00</span>\"
      \"<span class=sf-dump-key>total_due</span>\" => \"<span class=sf-dump-str title=\"6 characters\">983.33</span>\"
      \"<span class=sf-dump-key>due_date</span>\" => \"<span class=sf-dump-str title=\"10 characters\">11/30/2024</span>\"
      \"<span class=sf-dump-key>paid_amount</span>\" => \"<span class=sf-dump-str>0</span>\"
      \"<span class=sf-dump-key>is_paid</span>\" => <span class=sf-dump-num>0</span>
      \"<span class=sf-dump-key>status</span>\" => \"<span class=sf-dump-str>3</span>\"
      \"<span class=sf-dump-key>accrued</span>\" => <span class=sf-dump-num>0</span>
      \"<span class=sf-dump-key>remarks</span>\" => \"\"
    </samp>]
    <span class=sf-dump-index>4</span> => <span class=sf-dump-note>array:12</span> [<samp data-depth=3 class=sf-dump-compact>
      \"<span class=sf-dump-key>count</span>\" => <span class=sf-dump-num>5</span>
      \"<span class=sf-dump-key>term_code</span>\" => \"<span class=sf-dump-str title=\"2 characters\">P5</span>\"
      \"<span class=sf-dump-key>repayment_amount</span>\" => \"<span class=sf-dump-str title=\"6 characters\">833.33</span>\"
      \"<span class=sf-dump-key>interest_amount</span>\" => \"<span class=sf-dump-str title=\"6 characters\">150.00</span>\"
      \"<span class=sf-dump-key>fees</span>\" => \"<span class=sf-dump-str title=\"4 characters\">0.00</span>\"
      \"<span class=sf-dump-key>total_due</span>\" => \"<span class=sf-dump-str title=\"6 characters\">983.33</span>\"
      \"<span class=sf-dump-key>due_date</span>\" => \"<span class=sf-dump-str title=\"10 characters\">12/30/2024</span>\"
      \"<span class=sf-dump-key>paid_amount</span>\" => \"<span class=sf-dump-str>0</span>\"
      \"<span class=sf-dump-key>is_paid</span>\" => <span class=sf-dump-num>0</span>
      \"<span class=sf-dump-key>status</span>\" => \"<span class=sf-dump-str>3</span>\"
      \"<span class=sf-dump-key>accrued</span>\" => <span class=sf-dump-num>0</span>
      \"<span class=sf-dump-key>remarks</span>\" => \"\"
    </samp>]
    <span class=sf-dump-index>5</span> => <span class=sf-dump-note>array:12</span> [<samp data-depth=3 class=sf-dump-compact>
      \"<span class=sf-dump-key>count</span>\" => <span class=sf-dump-num>6</span>
      \"<span class=sf-dump-key>term_code</span>\" => \"<span class=sf-dump-str title=\"2 characters\">P6</span>\"
      \"<span class=sf-dump-key>repayment_amount</span>\" => \"<span class=sf-dump-str title=\"6 characters\">833.33</span>\"
      \"<span class=sf-dump-key>interest_amount</span>\" => \"<span class=sf-dump-str title=\"6 characters\">150.00</span>\"
      \"<span class=sf-dump-key>fees</span>\" => \"<span class=sf-dump-str title=\"4 characters\">0.00</span>\"
      \"<span class=sf-dump-key>total_due</span>\" => \"<span class=sf-dump-str title=\"6 characters\">983.33</span>\"
      \"<span class=sf-dump-key>due_date</span>\" => \"<span class=sf-dump-str title=\"10 characters\">01/30/2025</span>\"
      \"<span class=sf-dump-key>paid_amount</span>\" => \"<span class=sf-dump-str>0</span>\"
      \"<span class=sf-dump-key>is_paid</span>\" => <span class=sf-dump-num>0</span>
      \"<span class=sf-dump-key>status</span>\" => \"<span class=sf-dump-str>3</span>\"
      \"<span class=sf-dump-key>accrued</span>\" => <span class=sf-dump-num>0</span>
      \"<span class=sf-dump-key>remarks</span>\" => \"\"
    </samp>]
    <span class=sf-dump-index>6</span> => <span class=sf-dump-note>array:12</span> [<samp data-depth=3 class=sf-dump-compact>
      \"<span class=sf-dump-key>count</span>\" => <span class=sf-dump-num>7</span>
      \"<span class=sf-dump-key>term_code</span>\" => \"<span class=sf-dump-str title=\"2 characters\">P7</span>\"
      \"<span class=sf-dump-key>repayment_amount</span>\" => \"<span class=sf-dump-str title=\"6 characters\">833.33</span>\"
      \"<span class=sf-dump-key>interest_amount</span>\" => \"<span class=sf-dump-str title=\"6 characters\">150.00</span>\"
      \"<span class=sf-dump-key>fees</span>\" => \"<span class=sf-dump-str title=\"4 characters\">0.00</span>\"
      \"<span class=sf-dump-key>total_due</span>\" => \"<span class=sf-dump-str title=\"6 characters\">983.33</span>\"
      \"<span class=sf-dump-key>due_date</span>\" => \"<span class=sf-dump-str title=\"10 characters\">02/28/2025</span>\"
      \"<span class=sf-dump-key>paid_amount</span>\" => \"<span class=sf-dump-str>0</span>\"
      \"<span class=sf-dump-key>is_paid</span>\" => <span class=sf-dump-num>0</span>
      \"<span class=sf-dump-key>status</span>\" => \"<span class=sf-dump-str>3</span>\"
      \"<span class=sf-dump-key>accrued</span>\" => <span class=sf-dump-num>0</span>
      \"<span class=sf-dump-key>remarks</span>\" => \"\"
    </samp>]
    <span class=sf-dump-index>7</span> => <span class=sf-dump-note>array:12</span> [<samp data-depth=3 class=sf-dump-compact>
      \"<span class=sf-dump-key>count</span>\" => <span class=sf-dump-num>8</span>
      \"<span class=sf-dump-key>term_code</span>\" => \"<span class=sf-dump-str title=\"2 characters\">P8</span>\"
      \"<span class=sf-dump-key>repayment_amount</span>\" => \"<span class=sf-dump-str title=\"6 characters\">833.33</span>\"
      \"<span class=sf-dump-key>interest_amount</span>\" => \"<span class=sf-dump-str title=\"6 characters\">150.00</span>\"
      \"<span class=sf-dump-key>fees</span>\" => \"<span class=sf-dump-str title=\"4 characters\">0.00</span>\"
      \"<span class=sf-dump-key>total_due</span>\" => \"<span class=sf-dump-str title=\"6 characters\">983.33</span>\"
      \"<span class=sf-dump-key>due_date</span>\" => \"<span class=sf-dump-str title=\"10 characters\">03/30/2025</span>\"
      \"<span class=sf-dump-key>paid_amount</span>\" => \"<span class=sf-dump-str>0</span>\"
      \"<span class=sf-dump-key>is_paid</span>\" => <span class=sf-dump-num>0</span>
      \"<span class=sf-dump-key>status</span>\" => \"<span class=sf-dump-str>3</span>\"
      \"<span class=sf-dump-key>accrued</span>\" => <span class=sf-dump-num>0</span>
      \"<span class=sf-dump-key>remarks</span>\" => \"\"
    </samp>]
    <span class=sf-dump-index>8</span> => <span class=sf-dump-note>array:12</span> [<samp data-depth=3 class=sf-dump-compact>
      \"<span class=sf-dump-key>count</span>\" => <span class=sf-dump-num>9</span>
      \"<span class=sf-dump-key>term_code</span>\" => \"<span class=sf-dump-str title=\"2 characters\">P9</span>\"
      \"<span class=sf-dump-key>repayment_amount</span>\" => \"<span class=sf-dump-str title=\"6 characters\">833.33</span>\"
      \"<span class=sf-dump-key>interest_amount</span>\" => \"<span class=sf-dump-str title=\"6 characters\">150.00</span>\"
      \"<span class=sf-dump-key>fees</span>\" => \"<span class=sf-dump-str title=\"4 characters\">0.00</span>\"
      \"<span class=sf-dump-key>total_due</span>\" => \"<span class=sf-dump-str title=\"6 characters\">983.33</span>\"
      \"<span class=sf-dump-key>due_date</span>\" => \"<span class=sf-dump-str title=\"10 characters\">04/30/2025</span>\"
      \"<span class=sf-dump-key>paid_amount</span>\" => \"<span class=sf-dump-str>0</span>\"
      \"<span class=sf-dump-key>is_paid</span>\" => <span class=sf-dump-num>0</span>
      \"<span class=sf-dump-key>status</span>\" => \"<span class=sf-dump-str>3</span>\"
      \"<span class=sf-dump-key>accrued</span>\" => <span class=sf-dump-num>0</span>
      \"<span class=sf-dump-key>remarks</span>\" => \"\"
    </samp>]
    <span class=sf-dump-index>9</span> => <span class=sf-dump-note>array:12</span> [<samp data-depth=3 class=sf-dump-compact>
      \"<span class=sf-dump-key>count</span>\" => <span class=sf-dump-num>10</span>
      \"<span class=sf-dump-key>term_code</span>\" => \"<span class=sf-dump-str title=\"3 characters\">P10</span>\"
      \"<span class=sf-dump-key>repayment_amount</span>\" => \"<span class=sf-dump-str title=\"6 characters\">833.33</span>\"
      \"<span class=sf-dump-key>interest_amount</span>\" => \"<span class=sf-dump-str title=\"6 characters\">150.00</span>\"
      \"<span class=sf-dump-key>fees</span>\" => \"<span class=sf-dump-str title=\"4 characters\">0.00</span>\"
      \"<span class=sf-dump-key>total_due</span>\" => \"<span class=sf-dump-str title=\"6 characters\">983.33</span>\"
      \"<span class=sf-dump-key>due_date</span>\" => \"<span class=sf-dump-str title=\"10 characters\">05/30/2025</span>\"
      \"<span class=sf-dump-key>paid_amount</span>\" => \"<span class=sf-dump-str>0</span>\"
      \"<span class=sf-dump-key>is_paid</span>\" => <span class=sf-dump-num>0</span>
      \"<span class=sf-dump-key>status</span>\" => \"<span class=sf-dump-str>3</span>\"
      \"<span class=sf-dump-key>accrued</span>\" => <span class=sf-dump-num>0</span>
      \"<span class=sf-dump-key>remarks</span>\" => \"\"
    </samp>]
    <span class=sf-dump-index>10</span> => <span class=sf-dump-note>array:12</span> [<samp data-depth=3 class=sf-dump-compact>
      \"<span class=sf-dump-key>count</span>\" => <span class=sf-dump-num>11</span>
      \"<span class=sf-dump-key>term_code</span>\" => \"<span class=sf-dump-str title=\"3 characters\">P11</span>\"
      \"<span class=sf-dump-key>repayment_amount</span>\" => \"<span class=sf-dump-str title=\"6 characters\">833.33</span>\"
      \"<span class=sf-dump-key>interest_amount</span>\" => \"<span class=sf-dump-str title=\"6 characters\">150.00</span>\"
      \"<span class=sf-dump-key>fees</span>\" => \"<span class=sf-dump-str title=\"4 characters\">0.00</span>\"
      \"<span class=sf-dump-key>total_due</span>\" => \"<span class=sf-dump-str title=\"6 characters\">983.33</span>\"
      \"<span class=sf-dump-key>due_date</span>\" => \"<span class=sf-dump-str title=\"10 characters\">06/30/2025</span>\"
      \"<span class=sf-dump-key>paid_amount</span>\" => \"<span class=sf-dump-str>0</span>\"
      \"<span class=sf-dump-key>is_paid</span>\" => <span class=sf-dump-num>0</span>
      \"<span class=sf-dump-key>status</span>\" => \"<span class=sf-dump-str>3</span>\"
      \"<span class=sf-dump-key>accrued</span>\" => <span class=sf-dump-num>0</span>
      \"<span class=sf-dump-key>remarks</span>\" => \"\"
    </samp>]
    <span class=sf-dump-index>11</span> => <span class=sf-dump-note>array:12</span> [<samp data-depth=3 class=sf-dump-compact>
      \"<span class=sf-dump-key>count</span>\" => <span class=sf-dump-num>12</span>
      \"<span class=sf-dump-key>term_code</span>\" => \"<span class=sf-dump-str title=\"3 characters\">P12</span>\"
      \"<span class=sf-dump-key>repayment_amount</span>\" => \"<span class=sf-dump-str title=\"6 characters\">833.37</span>\"
      \"<span class=sf-dump-key>interest_amount</span>\" => \"<span class=sf-dump-str title=\"6 characters\">150.00</span>\"
      \"<span class=sf-dump-key>fees</span>\" => \"<span class=sf-dump-str title=\"4 characters\">0.00</span>\"
      \"<span class=sf-dump-key>total_due</span>\" => \"<span class=sf-dump-str title=\"6 characters\">983.37</span>\"
      \"<span class=sf-dump-key>due_date</span>\" => \"<span class=sf-dump-str title=\"10 characters\">07/30/2025</span>\"
      \"<span class=sf-dump-key>paid_amount</span>\" => \"<span class=sf-dump-str>0</span>\"
      \"<span class=sf-dump-key>is_paid</span>\" => <span class=sf-dump-num>0</span>
      \"<span class=sf-dump-key>status</span>\" => \"<span class=sf-dump-str>3</span>\"
      \"<span class=sf-dump-key>accrued</span>\" => <span class=sf-dump-num>0</span>
      \"<span class=sf-dump-key>remarks</span>\" => \"\"
    </samp>]
  </samp>]
  \"<span class=sf-dump-key>TOTAL_INTEREST</span>\" => <span class=sf-dump-num>1800.0</span>
  \"<span class=sf-dump-key>TOTAL_AMOUNT_DUE</span>\" => <span class=sf-dump-num>11800.0</span>
  \"<span class=sf-dump-key>TOTAL_PAID_AMOUNT</span>\" => <span class=sf-dump-num>0</span>
  \"<span class=sf-dump-key>CURRENT_LOAN_BALANCE</span>\" => <span class=sf-dump-num>11800.0</span>
</samp>]
</pre><script>Sfdump(\"sf-dump-1477181372\", {\"maxDepth\":3,\"maxStringLength\":160})</script>
","for_approval":"<pre class=sf-dump id=sf-dump-791434845 data-indent-pad=\"  \"><span class=sf-dump-const>false</span>
</pre><script>Sfdump(\"sf-dump-791434845\", {\"maxDepth\":3,\"maxStringLength\":160})</script>
","show_repayment":"<pre class=sf-dump id=sf-dump-1304747085 data-indent-pad=\"  \"><span class=sf-dump-const>true</span>
</pre><script>Sfdump(\"sf-dump-1304747085\", {\"maxDepth\":3,\"maxStringLength\":160})</script>
","INVALID_APPLICATION":"<pre class=sf-dump id=sf-dump-967079148 data-indent-pad=\"  \"><span class=sf-dump-const>false</span>
</pre><script>Sfdump(\"sf-dump-967079148\", {\"maxDepth\":3,\"maxStringLength\":160})</script>
","ERROR_MESSAGE":"<pre class=sf-dump id=sf-dump-1162067502 data-indent-pad=\"  \">[]
</pre><script>Sfdump(\"sf-dump-1162067502\", {\"maxDepth\":3,\"maxStringLength\":160})</script>
","CBU":"<pre class=sf-dump id=sf-dump-1795078643 data-indent-pad=\"  \"><span class=sf-dump-note>array:2</span> [<samp data-depth=1 class=sf-dump-expanded>
  \"<span class=sf-dump-key>is_capital_buildup_valid</span>\" => <span class=sf-dump-const>true</span>
  \"<span class=sf-dump-key>difference</span>\" => <span class=sf-dump-num>0</span>
</samp>]
</pre><script>Sfdump(\"sf-dump-1795078643\", {\"maxDepth\":3,\"maxStringLength\":160})</script>
","ACCOUNT_CBU":"<pre class=sf-dump id=sf-dump-937418890 data-indent-pad=\"  \">\"<span class=sf-dump-str title=\"8 characters\">11762.96</span>\"
</pre><script>Sfdump(\"sf-dump-937418890\", {\"maxDepth\":3,\"maxStringLength\":160})</script>
","net_pays":"<pre class=sf-dump id=sf-dump-1502806521 data-indent-pad=\"  \"><span class=sf-dump-note>Illuminate\\Support\\Collection</span> {<a class=sf-dump-ref>#788</a><samp data-depth=1 class=sf-dump-expanded>
  #<span class=sf-dump-protected title=\"Protected property\">items</span>: []
  #<span class=sf-dump-protected title=\"Protected property\">escapeWhenCastingToString</span>: <span class=sf-dump-const>false</span>
</samp>}
</pre><script>Sfdump(\"sf-dump-1502806521\", {\"maxDepth\":3,\"maxStringLength\":160})</script>
","comakers":"<pre class=sf-dump id=sf-dump-1228703994 data-indent-pad=\"  \"><span class=sf-dump-note>Illuminate\\Support\\Collection</span> {<a class=sf-dump-ref>#803</a><samp data-depth=1 class=sf-dump-expanded>
  #<span class=sf-dump-protected title=\"Protected property\">items</span>: []
  #<span class=sf-dump-protected title=\"Protected property\">escapeWhenCastingToString</span>: <span class=sf-dump-const>false</span>
</samp>}
</pre><script>Sfdump(\"sf-dump-1228703994\", {\"maxDepth\":3,\"maxStringLength\":160})</script>
","other_lendings":"<pre class=sf-dump id=sf-dump-871094518 data-indent-pad=\"  \"><span class=sf-dump-note>Illuminate\\Support\\Collection</span> {<a class=sf-dump-ref>#820</a><samp data-depth=1 class=sf-dump-expanded>
  #<span class=sf-dump-protected title=\"Protected property\">items</span>: []
  #<span class=sf-dump-protected title=\"Protected property\">escapeWhenCastingToString</span>: <span class=sf-dump-const>false</span>
</samp>}
</pre><script>Sfdump(\"sf-dump-871094518\", {\"maxDepth\":3,\"maxStringLength\":160})</script>
","isAdmin":"<pre class=sf-dump id=sf-dump-846586204 data-indent-pad=\"  \"><span class=sf-dump-num>1</span>
</pre><script>Sfdump(\"sf-dump-846586204\", {\"maxDepth\":3,\"maxStringLength\":160})</script>
","loan_app_type":"<pre class=sf-dump id=sf-dump-1830452490 data-indent-pad=\"  \"><span class=sf-dump-note>array:2</span> [<samp data-depth=1 class=sf-dump-expanded>
  <span class=sf-dump-key>1</span> => \"<span class=sf-dump-str title=\"8 characters\">New Loan</span>\"
  <span class=sf-dump-key>2</span> => \"<span class=sf-dump-str title=\"7 characters\">Renewal</span>\"
</samp>]
</pre><script>Sfdump(\"sf-dump-1830452490\", {\"maxDepth\":3,\"maxStringLength\":160})</script>
","status_badge":"<pre class=sf-dump id=sf-dump-1417633346 data-indent-pad=\"  \"><span class=sf-dump-note>array:7</span> [<samp data-depth=1 class=sf-dump-expanded>
  <span class=sf-dump-index>0</span> => \"<span class=sf-dump-str title=\"4 characters\">info</span>\"
  <span class=sf-dump-index>1</span> => \"<span class=sf-dump-str title=\"7 characters\">primary</span>\"
  <span class=sf-dump-index>2</span> => \"<span class=sf-dump-str title=\"7 characters\">success</span>\"
  <span class=sf-dump-index>3</span> => \"<span class=sf-dump-str title=\"7 characters\">success</span>\"
  <span class=sf-dump-index>4</span> => \"<span class=sf-dump-str title=\"6 characters\">danger</span>\"
  <span class=sf-dump-index>5</span> => \"<span class=sf-dump-str title=\"6 characters\">danger</span>\"
  <span class=sf-dump-index>6</span> => \"<span class=sf-dump-str title=\"7 characters\">primary</span>\"
</samp>]
</pre><script>Sfdump(\"sf-dump-1417633346\", {\"maxDepth\":3,\"maxStringLength\":160})</script>
","back_link":"<pre class=sf-dump id=sf-dump-1147582657 data-indent-pad=\"  \">\"<span class=sf-dump-str title=\"5 characters\">/loan</span>\"
</pre><script>Sfdump(\"sf-dump-1147582657\", {\"maxDepth\":3,\"maxStringLength\":160})</script>
","lt_max_index":"<pre class=sf-dump id=sf-dump-1687420993 data-indent-pad=\"  \"><span class=sf-dump-num>11</span>
</pre><script>Sfdump(\"sf-dump-1687420993\", {\"maxDepth\":3,\"maxStringLength\":160})</script>
","month_duration":"<pre class=sf-dump id=sf-dump-344270763 data-indent-pad=\"  \"><span class=sf-dump-num>1</span>
</pre><script>Sfdump(\"sf-dump-344270763\", {\"maxDepth\":3,\"maxStringLength\":160})</script>
","__currentLoopData":"<pre class=sf-dump id=sf-dump-681487188 data-indent-pad=\"  \">[]
</pre><script>Sfdump(\"sf-dump-681487188\", {\"maxDepth\":3,\"maxStringLength\":160})</script>
","loop":"<pre class=sf-dump id=sf-dump-710566614 data-indent-pad=\"  \"><span class=sf-dump-const>null</span>
</pre><script>Sfdump(\"sf-dump-710566614\", {\"maxDepth\":3,\"maxStringLength\":160})</script>
"}},"exception":"[object] (Spatie\\LaravelIgnition\\Exceptions\\ViewException(code: 0): Attempt to read property \"principal_balance\" on string at C:\\wamp64\\www\\maasin_live_act\\resources\\views\\loan\\repayment_table.blade.php:107)
[stacktrace]
#0 C:\\wamp64\\www\\maasin_live_act\\vendor\\laravel\\framework\\src\\Illuminate\\Filesystem\\Filesystem.php(123): require('C:\\\\wamp64\\\\www\\\\m...')
#1 C:\\wamp64\\www\\maasin_live_act\\vendor\\laravel\\framework\\src\\Illuminate\\Filesystem\\Filesystem.php(124): Illuminate\\Filesystem\\Filesystem::{closure:Illuminate\\Filesystem\\Filesystem::getRequire():120}()
#2 C:\\wamp64\\www\\maasin_live_act\\vendor\\laravel\\framework\\src\\Illuminate\\View\\Engines\\PhpEngine.php(58): Illuminate\\Filesystem\\Filesystem->getRequire('C:\\\\wamp64\\\\www\\\\m...', Array)
#3 C:\\wamp64\\www\\maasin_live_act\\vendor\\laravel\\framework\\src\\Illuminate\\View\\Engines\\CompilerEngine.php(72): Illuminate\\View\\Engines\\PhpEngine->evaluatePath('C:\\\\wamp64\\\\www\\\\m...', Array)
#4 C:\\wamp64\\www\\maasin_live_act\\vendor\\laravel\\framework\\src\\Illuminate\\View\\View.php(207): Illuminate\\View\\Engines\\CompilerEngine->get('C:\\\\wamp64\\\\www\\\\m...', Array)
#5 C:\\wamp64\\www\\maasin_live_act\\vendor\\laravel\\framework\\src\\Illuminate\\View\\View.php(190): Illuminate\\View\\View->getContents()
#6 C:\\wamp64\\www\\maasin_live_act\\vendor\\laravel\\framework\\src\\Illuminate\\View\\View.php(159): Illuminate\\View\\View->renderContents()
#7 C:\\wamp64\\www\\maasin_live_act\\resources\\views\\loan\\loan_table.blade.php(346): Illuminate\\View\\View->render()
#8 C:\\wamp64\\www\\maasin_live_act\\vendor\\laravel\\framework\\src\\Illuminate\\Filesystem\\Filesystem.php(123): require('C:\\\\wamp64\\\\www\\\\m...')
#9 C:\\wamp64\\www\\maasin_live_act\\vendor\\laravel\\framework\\src\\Illuminate\\Filesystem\\Filesystem.php(124): Illuminate\\Filesystem\\Filesystem::{closure:Illuminate\\Filesystem\\Filesystem::getRequire():120}()
#10 C:\\wamp64\\www\\maasin_live_act\\vendor\\laravel\\framework\\src\\Illuminate\\View\\Engines\\PhpEngine.php(58): Illuminate\\Filesystem\\Filesystem->getRequire('C:\\\\wamp64\\\\www\\\\m...', Array)
#11 C:\\wamp64\\www\\maasin_live_act\\vendor\\laravel\\framework\\src\\Illuminate\\View\\Engines\\CompilerEngine.php(72): Illuminate\\View\\Engines\\PhpEngine->evaluatePath('C:\\\\wamp64\\\\www\\\\m...', Array)
#12 C:\\wamp64\\www\\maasin_live_act\\vendor\\laravel\\framework\\src\\Illuminate\\View\\View.php(207): Illuminate\\View\\Engines\\CompilerEngine->get('C:\\\\wamp64\\\\www\\\\m...', Array)
#13 C:\\wamp64\\www\\maasin_live_act\\vendor\\laravel\\framework\\src\\Illuminate\\View\\View.php(190): Illuminate\\View\\View->getContents()
#14 C:\\wamp64\\www\\maasin_live_act\\vendor\\laravel\\framework\\src\\Illuminate\\View\\View.php(159): Illuminate\\View\\View->renderContents()
#15 C:\\wamp64\\www\\maasin_live_act\\resources\\views\\loan\\loan_form_display.blade.php(155): Illuminate\\View\\View->render()
#16 C:\\wamp64\\www\\maasin_live_act\\vendor\\laravel\\framework\\src\\Illuminate\\Filesystem\\Filesystem.php(123): require('C:\\\\wamp64\\\\www\\\\m...')
#17 C:\\wamp64\\www\\maasin_live_act\\vendor\\laravel\\framework\\src\\Illuminate\\Filesystem\\Filesystem.php(124): Illuminate\\Filesystem\\Filesystem::{closure:Illuminate\\Filesystem\\Filesystem::getRequire():120}()
#18 C:\\wamp64\\www\\maasin_live_act\\vendor\\laravel\\framework\\src\\Illuminate\\View\\Engines\\PhpEngine.php(58): Illuminate\\Filesystem\\Filesystem->getRequire('C:\\\\wamp64\\\\www\\\\m...', Array)
#19 C:\\wamp64\\www\\maasin_live_act\\vendor\\laravel\\framework\\src\\Illuminate\\View\\Engines\\CompilerEngine.php(72): Illuminate\\View\\Engines\\PhpEngine->evaluatePath('C:\\\\wamp64\\\\www\\\\m...', Array)
#20 C:\\wamp64\\www\\maasin_live_act\\vendor\\laravel\\framework\\src\\Illuminate\\View\\View.php(207): Illuminate\\View\\Engines\\CompilerEngine->get('C:\\\\wamp64\\\\www\\\\m...', Array)
#21 C:\\wamp64\\www\\maasin_live_act\\vendor\\laravel\\framework\\src\\Illuminate\\View\\View.php(190): Illuminate\\View\\View->getContents()
#22 C:\\wamp64\\www\\maasin_live_act\\vendor\\laravel\\framework\\src\\Illuminate\\View\\View.php(159): Illuminate\\View\\View->renderContents()
#23 C:\\wamp64\\www\\maasin_live_act\\vendor\\laravel\\framework\\src\\Illuminate\\Http\\Response.php(69): Illuminate\\View\\View->render()
#24 C:\\wamp64\\www\\maasin_live_act\\vendor\\laravel\\framework\\src\\Illuminate\\Http\\Response.php(35): Illuminate\\Http\\Response->setContent(Object(Illuminate\\View\\View))
#25 C:\\wamp64\\www\\maasin_live_act\\vendor\\laravel\\framework\\src\\Illuminate\\Routing\\Router.php(918): Illuminate\\Http\\Response->__construct(Object(Illuminate\\View\\View), 200, Array)
#26 C:\\wamp64\\www\\maasin_live_act\\vendor\\laravel\\framework\\src\\Illuminate\\Routing\\Router.php(885): Illuminate\\Routing\\Router::toResponse(Object(Illuminate\\Http\\Request), Object(Illuminate\\View\\View))
#27 C:\\wamp64\\www\\maasin_live_act\\vendor\\laravel\\framework\\src\\Illuminate\\Routing\\Router.php(805): Illuminate\\Routing\\Router->prepareResponse(Object(Illuminate\\Http\\Request), Object(Illuminate\\View\\View))
#28 C:\\wamp64\\www\\maasin_live_act\\vendor\\laravel\\framework\\src\\Illuminate\\Pipeline\\Pipeline.php(144): Illuminate\\Routing\\Router->{closure:Illuminate\\Routing\\Router::runRouteWithinStack():805}(Object(Illuminate\\Http\\Request))
#29 C:\\wamp64\\www\\maasin_live_act\\app\\Http\\Middleware\\SessionExpired.php(48): Illuminate\\Pipeline\\Pipeline->{closure:Illuminate\\Pipeline\\Pipeline::prepareDestination():142}(Object(Illuminate\\Http\\Request))
#30 C:\\wamp64\\www\\maasin_live_act\\vendor\\laravel\\framework\\src\\Illuminate\\Pipeline\\Pipeline.php(183): App\\Http\\Middleware\\SessionExpired->handle(Object(Illuminate\\Http\\Request), Object(Closure))
#31 C:\\wamp64\\www\\maasin_live_act\\vendor\\laravel\\framework\\src\\Illuminate\\Routing\\Middleware\\SubstituteBindings.php(50): Illuminate\\Pipeline\\Pipeline->{closure:{closure:Illuminate\\Pipeline\\Pipeline::carry():158}:159}(Object(Illuminate\\Http\\Request))
#32 C:\\wamp64\\www\\maasin_live_act\\vendor\\laravel\\framework\\src\\Illuminate\\Pipeline\\Pipeline.php(183): Illuminate\\Routing\\Middleware\\SubstituteBindings->handle(Object(Illuminate\\Http\\Request), Object(Closure))
#33 C:\\wamp64\\www\\maasin_live_act\\vendor\\laravel\\framework\\src\\Illuminate\\Foundation\\Http\\Middleware\\VerifyCsrfToken.php(78): Illuminate\\Pipeline\\Pipeline->{closure:{closure:Illuminate\\Pipeline\\Pipeline::carry():158}:159}(Object(Illuminate\\Http\\Request))
#34 C:\\wamp64\\www\\maasin_live_act\\vendor\\laravel\\framework\\src\\Illuminate\\Pipeline\\Pipeline.php(183): Illuminate\\Foundation\\Http\\Middleware\\VerifyCsrfToken->handle(Object(Illuminate\\Http\\Request), Object(Closure))
#35 C:\\wamp64\\www\\maasin_live_act\\vendor\\laravel\\framework\\src\\Illuminate\\View\\Middleware\\ShareErrorsFromSession.php(49): Illuminate\\Pipeline\\Pipeline->{closure:{closure:Illuminate\\Pipeline\\Pipeline::carry():158}:159}(Object(Illuminate\\Http\\Request))
#36 C:\\wamp64\\www\\maasin_live_act\\vendor\\laravel\\framework\\src\\Illuminate\\Pipeline\\Pipeline.php(183): Illuminate\\View\\Middleware\\ShareErrorsFromSession->handle(Object(Illuminate\\Http\\Request), Object(Closure))
#37 C:\\wamp64\\www\\maasin_live_act\\vendor\\laravel\\framework\\src\\Illuminate\\Session\\Middleware\\StartSession.php(121): Illuminate\\Pipeline\\Pipeline->{closure:{closure:Illuminate\\Pipeline\\Pipeline::carry():158}:159}(Object(Illuminate\\Http\\Request))
#38 C:\\wamp64\\www\\maasin_live_act\\vendor\\laravel\\framework\\src\\Illuminate\\Session\\Middleware\\StartSession.php(64): Illuminate\\Session\\Middleware\\StartSession->handleStatefulRequest(Object(Illuminate\\Http\\Request), Object(Illuminate\\Session\\Store), Object(Closure))
#39 C:\\wamp64\\www\\maasin_live_act\\vendor\\laravel\\framework\\src\\Illuminate\\Pipeline\\Pipeline.php(183): Illuminate\\Session\\Middleware\\StartSession->handle(Object(Illuminate\\Http\\Request), Object(Closure))
#40 C:\\wamp64\\www\\maasin_live_act\\vendor\\laravel\\framework\\src\\Illuminate\\Cookie\\Middleware\\AddQueuedCookiesToResponse.php(37): Illuminate\\Pipeline\\Pipeline->{closure:{closure:Illuminate\\Pipeline\\Pipeline::carry():158}:159}(Object(Illuminate\\Http\\Request))
#41 C:\\wamp64\\www\\maasin_live_act\\vendor\\laravel\\framework\\src\\Illuminate\\Pipeline\\Pipeline.php(183): Illuminate\\Cookie\\Middleware\\AddQueuedCookiesToResponse->handle(Object(Illuminate\\Http\\Request), Object(Closure))
#42 C:\\wamp64\\www\\maasin_live_act\\vendor\\laravel\\framework\\src\\Illuminate\\Cookie\\Middleware\\EncryptCookies.php(67): Illuminate\\Pipeline\\Pipeline->{closure:{closure:Illuminate\\Pipeline\\Pipeline::carry():158}:159}(Object(Illuminate\\Http\\Request))
#43 C:\\wamp64\\www\\maasin_live_act\\vendor\\laravel\\framework\\src\\Illuminate\\Pipeline\\Pipeline.php(183): Illuminate\\Cookie\\Middleware\\EncryptCookies->handle(Object(Illuminate\\Http\\Request), Object(Closure))
#44 C:\\wamp64\\www\\maasin_live_act\\vendor\\laravel\\framework\\src\\Illuminate\\Pipeline\\Pipeline.php(119): Illuminate\\Pipeline\\Pipeline->{closure:{closure:Illuminate\\Pipeline\\Pipeline::carry():158}:159}(Object(Illuminate\\Http\\Request))
#45 C:\\wamp64\\www\\maasin_live_act\\vendor\\laravel\\framework\\src\\Illuminate\\Routing\\Router.php(805): Illuminate\\Pipeline\\Pipeline->then(Object(Closure))
#46 C:\\wamp64\\www\\maasin_live_act\\vendor\\laravel\\framework\\src\\Illuminate\\Routing\\Router.php(784): Illuminate\\Routing\\Router->runRouteWithinStack(Object(Illuminate\\Routing\\Route), Object(Illuminate\\Http\\Request))
#47 C:\\wamp64\\www\\maasin_live_act\\vendor\\laravel\\framework\\src\\Illuminate\\Routing\\Router.php(748): Illuminate\\Routing\\Router->runRoute(Object(Illuminate\\Http\\Request), Object(Illuminate\\Routing\\Route))
#48 C:\\wamp64\\www\\maasin_live_act\\vendor\\laravel\\framework\\src\\Illuminate\\Routing\\Router.php(737): Illuminate\\Routing\\Router->dispatchToRoute(Object(Illuminate\\Http\\Request))
#49 C:\\wamp64\\www\\maasin_live_act\\vendor\\laravel\\framework\\src\\Illuminate\\Foundation\\Http\\Kernel.php(200): Illuminate\\Routing\\Router->dispatch(Object(Illuminate\\Http\\Request))
#50 C:\\wamp64\\www\\maasin_live_act\\vendor\\laravel\\framework\\src\\Illuminate\\Pipeline\\Pipeline.php(144): Illuminate\\Foundation\\Http\\Kernel->{closure:Illuminate\\Foundation\\Http\\Kernel::dispatchToRouter():197}(Object(Illuminate\\Http\\Request))
#51 C:\\wamp64\\www\\maasin_live_act\\vendor\\laravel\\framework\\src\\Illuminate\\Foundation\\Http\\Middleware\\TransformsRequest.php(21): Illuminate\\Pipeline\\Pipeline->{closure:Illuminate\\Pipeline\\Pipeline::prepareDestination():142}(Object(Illuminate\\Http\\Request))
#52 C:\\wamp64\\www\\maasin_live_act\\vendor\\laravel\\framework\\src\\Illuminate\\Foundation\\Http\\Middleware\\ConvertEmptyStringsToNull.php(31): Illuminate\\Foundation\\Http\\Middleware\\TransformsRequest->handle(Object(Illuminate\\Http\\Request), Object(Closure))
#53 C:\\wamp64\\www\\maasin_live_act\\vendor\\laravel\\framework\\src\\Illuminate\\Pipeline\\Pipeline.php(183): Illuminate\\Foundation\\Http\\Middleware\\ConvertEmptyStringsToNull->handle(Object(Illuminate\\Http\\Request), Object(Closure))
#54 C:\\wamp64\\www\\maasin_live_act\\vendor\\laravel\\framework\\src\\Illuminate\\Foundation\\Http\\Middleware\\TransformsRequest.php(21): Illuminate\\Pipeline\\Pipeline->{closure:{closure:Illuminate\\Pipeline\\Pipeline::carry():158}:159}(Object(Illuminate\\Http\\Request))
#55 C:\\wamp64\\www\\maasin_live_act\\vendor\\laravel\\framework\\src\\Illuminate\\Foundation\\Http\\Middleware\\TrimStrings.php(40): Illuminate\\Foundation\\Http\\Middleware\\TransformsRequest->handle(Object(Illuminate\\Http\\Request), Object(Closure))
#56 C:\\wamp64\\www\\maasin_live_act\\vendor\\laravel\\framework\\src\\Illuminate\\Pipeline\\Pipeline.php(183): Illuminate\\Foundation\\Http\\Middleware\\TrimStrings->handle(Object(Illuminate\\Http\\Request), Object(Closure))
#57 C:\\wamp64\\www\\maasin_live_act\\vendor\\laravel\\framework\\src\\Illuminate\\Foundation\\Http\\Middleware\\ValidatePostSize.php(27): Illuminate\\Pipeline\\Pipeline->{closure:{closure:Illuminate\\Pipeline\\Pipeline::carry():158}:159}(Object(Illuminate\\Http\\Request))
#58 C:\\wamp64\\www\\maasin_live_act\\vendor\\laravel\\framework\\src\\Illuminate\\Pipeline\\Pipeline.php(183): Illuminate\\Foundation\\Http\\Middleware\\ValidatePostSize->handle(Object(Illuminate\\Http\\Request), Object(Closure))
#59 C:\\wamp64\\www\\maasin_live_act\\vendor\\laravel\\framework\\src\\Illuminate\\Foundation\\Http\\Middleware\\PreventRequestsDuringMaintenance.php(99): Illuminate\\Pipeline\\Pipeline->{closure:{closure:Illuminate\\Pipeline\\Pipeline::carry():158}:159}(Object(Illuminate\\Http\\Request))
#60 C:\\wamp64\\www\\maasin_live_act\\vendor\\laravel\\framework\\src\\Illuminate\\Pipeline\\Pipeline.php(183): Illuminate\\Foundation\\Http\\Middleware\\PreventRequestsDuringMaintenance->handle(Object(Illuminate\\Http\\Request), Object(Closure))
#61 C:\\wamp64\\www\\maasin_live_act\\vendor\\laravel\\framework\\src\\Illuminate\\Http\\Middleware\\TrustProxies.php(39): Illuminate\\Pipeline\\Pipeline->{closure:{closure:Illuminate\\Pipeline\\Pipeline::carry():158}:159}(Object(Illuminate\\Http\\Request))
#62 C:\\wamp64\\www\\maasin_live_act\\vendor\\laravel\\framework\\src\\Illuminate\\Pipeline\\Pipeline.php(183): Illuminate\\Http\\Middleware\\TrustProxies->handle(Object(Illuminate\\Http\\Request), Object(Closure))
#63 C:\\wamp64\\www\\maasin_live_act\\vendor\\laravel\\framework\\src\\Illuminate\\Pipeline\\Pipeline.php(119): Illuminate\\Pipeline\\Pipeline->{closure:{closure:Illuminate\\Pipeline\\Pipeline::carry():158}:159}(Object(Illuminate\\Http\\Request))
#64 C:\\wamp64\\www\\maasin_live_act\\vendor\\laravel\\framework\\src\\Illuminate\\Foundation\\Http\\Kernel.php(175): Illuminate\\Pipeline\\Pipeline->then(Object(Closure))
#65 C:\\wamp64\\www\\maasin_live_act\\vendor\\laravel\\framework\\src\\Illuminate\\Foundation\\Http\\Kernel.php(144): Illuminate\\Foundation\\Http\\Kernel->sendRequestThroughRouter(Object(Illuminate\\Http\\Request))
#66 C:\\wamp64\\www\\maasin_live_act\\public\\index.php(54): Illuminate\\Foundation\\Http\\Kernel->handle(Object(Illuminate\\Http\\Request))
#67 {main}

[previous exception] [object] (ErrorException(code: 0): Attempt to read property \"principal_balance\" on string at C:\\wamp64\\www\\maasin_live_act\\storage\\framework\\views\\422c6115bf2f00a70f8a21ce48423398.php:107)
[stacktrace]
#0 C:\\wamp64\\www\\maasin_live_act\\vendor\\laravel\\framework\\src\\Illuminate\\Foundation\\Bootstrap\\HandleExceptions.php(255): Illuminate\\Foundation\\Bootstrap\\HandleExceptions->handleError(2, 'Attempt to read...', 'C:\\\\wamp64\\\\www\\\\m...', 107)
#1 C:\\wamp64\\www\\maasin_live_act\\storage\\framework\\views\\422c6115bf2f00a70f8a21ce48423398.php(107): Illuminate\\Foundation\\Bootstrap\\HandleExceptions->{closure:Illuminate\\Foundation\\Bootstrap\\HandleExceptions::forwardsTo():254}(2, 'Attempt to read...', 'C:\\\\wamp64\\\\www\\\\m...', 107)
#2 C:\\wamp64\\www\\maasin_live_act\\vendor\\laravel\\framework\\src\\Illuminate\\Filesystem\\Filesystem.php(123): require('C:\\\\wamp64\\\\www\\\\m...')
#3 C:\\wamp64\\www\\maasin_live_act\\vendor\\laravel\\framework\\src\\Illuminate\\Filesystem\\Filesystem.php(124): Illuminate\\Filesystem\\Filesystem::{closure:Illuminate\\Filesystem\\Filesystem::getRequire():120}()
#4 C:\\wamp64\\www\\maasin_live_act\\vendor\\laravel\\framework\\src\\Illuminate\\View\\Engines\\PhpEngine.php(58): Illuminate\\Filesystem\\Filesystem->getRequire('C:\\\\wamp64\\\\www\\\\m...', Array)
#5 C:\\wamp64\\www\\maasin_live_act\\vendor\\laravel\\framework\\src\\Illuminate\\View\\Engines\\CompilerEngine.php(72): Illuminate\\View\\Engines\\PhpEngine->evaluatePath('C:\\\\wamp64\\\\www\\\\m...', Array)
#6 C:\\wamp64\\www\\maasin_live_act\\vendor\\laravel\\framework\\src\\Illuminate\\View\\View.php(207): Illuminate\\View\\Engines\\CompilerEngine->get('C:\\\\wamp64\\\\www\\\\m...', Array)
#7 C:\\wamp64\\www\\maasin_live_act\\vendor\\laravel\\framework\\src\\Illuminate\\View\\View.php(190): Illuminate\\View\\View->getContents()
#8 C:\\wamp64\\www\\maasin_live_act\\vendor\\laravel\\framework\\src\\Illuminate\\View\\View.php(159): Illuminate\\View\\View->renderContents()
#9 C:\\wamp64\\www\\maasin_live_act\\storage\\framework\\views\\f411e370c677afec3477721a798e6b40.php(348): Illuminate\\View\\View->render()
#10 C:\\wamp64\\www\\maasin_live_act\\vendor\\laravel\\framework\\src\\Illuminate\\Filesystem\\Filesystem.php(123): require('C:\\\\wamp64\\\\www\\\\m...')
#11 C:\\wamp64\\www\\maasin_live_act\\vendor\\laravel\\framework\\src\\Illuminate\\Filesystem\\Filesystem.php(124): Illuminate\\Filesystem\\Filesystem::{closure:Illuminate\\Filesystem\\Filesystem::getRequire():120}()
#12 C:\\wamp64\\www\\maasin_live_act\\vendor\\laravel\\framework\\src\\Illuminate\\View\\Engines\\PhpEngine.php(58): Illuminate\\Filesystem\\Filesystem->getRequire('C:\\\\wamp64\\\\www\\\\m...', Array)
#13 C:\\wamp64\\www\\maasin_live_act\\vendor\\laravel\\framework\\src\\Illuminate\\View\\Engines\\CompilerEngine.php(72): Illuminate\\View\\Engines\\PhpEngine->evaluatePath('C:\\\\wamp64\\\\www\\\\m...', Array)
#14 C:\\wamp64\\www\\maasin_live_act\\vendor\\laravel\\framework\\src\\Illuminate\\View\\View.php(207): Illuminate\\View\\Engines\\CompilerEngine->get('C:\\\\wamp64\\\\www\\\\m...', Array)
#15 C:\\wamp64\\www\\maasin_live_act\\vendor\\laravel\\framework\\src\\Illuminate\\View\\View.php(190): Illuminate\\View\\View->getContents()
#16 C:\\wamp64\\www\\maasin_live_act\\vendor\\laravel\\framework\\src\\Illuminate\\View\\View.php(159): Illuminate\\View\\View->renderContents()
#17 C:\\wamp64\\www\\maasin_live_act\\storage\\framework\\views\\5c43925ac8c9fbd5725485ffea15e1c8.php(155): Illuminate\\View\\View->render()
#18 C:\\wamp64\\www\\maasin_live_act\\vendor\\laravel\\framework\\src\\Illuminate\\Filesystem\\Filesystem.php(123): require('C:\\\\wamp64\\\\www\\\\m...')
#19 C:\\wamp64\\www\\maasin_live_act\\vendor\\laravel\\framework\\src\\Illuminate\\Filesystem\\Filesystem.php(124): Illuminate\\Filesystem\\Filesystem::{closure:Illuminate\\Filesystem\\Filesystem::getRequire():120}()
#20 C:\\wamp64\\www\\maasin_live_act\\vendor\\laravel\\framework\\src\\Illuminate\\View\\Engines\\PhpEngine.php(58): Illuminate\\Filesystem\\Filesystem->getRequire('C:\\\\wamp64\\\\www\\\\m...', Array)
#21 C:\\wamp64\\www\\maasin_live_act\\vendor\\laravel\\framework\\src\\Illuminate\\View\\Engines\\CompilerEngine.php(72): Illuminate\\View\\Engines\\PhpEngine->evaluatePath('C:\\\\wamp64\\\\www\\\\m...', Array)
#22 C:\\wamp64\\www\\maasin_live_act\\vendor\\laravel\\framework\\src\\Illuminate\\View\\View.php(207): Illuminate\\View\\Engines\\CompilerEngine->get('C:\\\\wamp64\\\\www\\\\m...', Array)
#23 C:\\wamp64\\www\\maasin_live_act\\vendor\\laravel\\framework\\src\\Illuminate\\View\\View.php(190): Illuminate\\View\\View->getContents()
#24 C:\\wamp64\\www\\maasin_live_act\\vendor\\laravel\\framework\\src\\Illuminate\\View\\View.php(159): Illuminate\\View\\View->renderContents()
#25 C:\\wamp64\\www\\maasin_live_act\\vendor\\laravel\\framework\\src\\Illuminate\\Http\\Response.php(69): Illuminate\\View\\View->render()
#26 C:\\wamp64\\www\\maasin_live_act\\vendor\\laravel\\framework\\src\\Illuminate\\Http\\Response.php(35): Illuminate\\Http\\Response->setContent(Object(Illuminate\\View\\View))
#27 C:\\wamp64\\www\\maasin_live_act\\vendor\\laravel\\framework\\src\\Illuminate\\Routing\\Router.php(918): Illuminate\\Http\\Response->__construct(Object(Illuminate\\View\\View), 200, Array)
#28 C:\\wamp64\\www\\maasin_live_act\\vendor\\laravel\\framework\\src\\Illuminate\\Routing\\Router.php(885): Illuminate\\Routing\\Router::toResponse(Object(Illuminate\\Http\\Request), Object(Illuminate\\View\\View))
#29 C:\\wamp64\\www\\maasin_live_act\\vendor\\laravel\\framework\\src\\Illuminate\\Routing\\Router.php(805): Illuminate\\Routing\\Router->prepareResponse(Object(Illuminate\\Http\\Request), Object(Illuminate\\View\\View))
#30 C:\\wamp64\\www\\maasin_live_act\\vendor\\laravel\\framework\\src\\Illuminate\\Pipeline\\Pipeline.php(144): Illuminate\\Routing\\Router->{closure:Illuminate\\Routing\\Router::runRouteWithinStack():805}(Object(Illuminate\\Http\\Request))
#31 C:\\wamp64\\www\\maasin_live_act\\app\\Http\\Middleware\\SessionExpired.php(48): Illuminate\\Pipeline\\Pipeline->{closure:Illuminate\\Pipeline\\Pipeline::prepareDestination():142}(Object(Illuminate\\Http\\Request))
#32 C:\\wamp64\\www\\maasin_live_act\\vendor\\laravel\\framework\\src\\Illuminate\\Pipeline\\Pipeline.php(183): App\\Http\\Middleware\\SessionExpired->handle(Object(Illuminate\\Http\\Request), Object(Closure))
#33 C:\\wamp64\\www\\maasin_live_act\\vendor\\laravel\\framework\\src\\Illuminate\\Routing\\Middleware\\SubstituteBindings.php(50): Illuminate\\Pipeline\\Pipeline->{closure:{closure:Illuminate\\Pipeline\\Pipeline::carry():158}:159}(Object(Illuminate\\Http\\Request))
#34 C:\\wamp64\\www\\maasin_live_act\\vendor\\laravel\\framework\\src\\Illuminate\\Pipeline\\Pipeline.php(183): Illuminate\\Routing\\Middleware\\SubstituteBindings->handle(Object(Illuminate\\Http\\Request), Object(Closure))
#35 C:\\wamp64\\www\\maasin_live_act\\vendor\\laravel\\framework\\src\\Illuminate\\Foundation\\Http\\Middleware\\VerifyCsrfToken.php(78): Illuminate\\Pipeline\\Pipeline->{closure:{closure:Illuminate\\Pipeline\\Pipeline::carry():158}:159}(Object(Illuminate\\Http\\Request))
#36 C:\\wamp64\\www\\maasin_live_act\\vendor\\laravel\\framework\\src\\Illuminate\\Pipeline\\Pipeline.php(183): Illuminate\\Foundation\\Http\\Middleware\\VerifyCsrfToken->handle(Object(Illuminate\\Http\\Request), Object(Closure))
#37 C:\\wamp64\\www\\maasin_live_act\\vendor\\laravel\\framework\\src\\Illuminate\\View\\Middleware\\ShareErrorsFromSession.php(49): Illuminate\\Pipeline\\Pipeline->{closure:{closure:Illuminate\\Pipeline\\Pipeline::carry():158}:159}(Object(Illuminate\\Http\\Request))
#38 C:\\wamp64\\www\\maasin_live_act\\vendor\\laravel\\framework\\src\\Illuminate\\Pipeline\\Pipeline.php(183): Illuminate\\View\\Middleware\\ShareErrorsFromSession->handle(Object(Illuminate\\Http\\Request), Object(Closure))
#39 C:\\wamp64\\www\\maasin_live_act\\vendor\\laravel\\framework\\src\\Illuminate\\Session\\Middleware\\StartSession.php(121): Illuminate\\Pipeline\\Pipeline->{closure:{closure:Illuminate\\Pipeline\\Pipeline::carry():158}:159}(Object(Illuminate\\Http\\Request))
#40 C:\\wamp64\\www\\maasin_live_act\\vendor\\laravel\\framework\\src\\Illuminate\\Session\\Middleware\\StartSession.php(64): Illuminate\\Session\\Middleware\\StartSession->handleStatefulRequest(Object(Illuminate\\Http\\Request), Object(Illuminate\\Session\\Store), Object(Closure))
#41 C:\\wamp64\\www\\maasin_live_act\\vendor\\laravel\\framework\\src\\Illuminate\\Pipeline\\Pipeline.php(183): Illuminate\\Session\\Middleware\\StartSession->handle(Object(Illuminate\\Http\\Request), Object(Closure))
#42 C:\\wamp64\\www\\maasin_live_act\\vendor\\laravel\\framework\\src\\Illuminate\\Cookie\\Middleware\\AddQueuedCookiesToResponse.php(37): Illuminate\\Pipeline\\Pipeline->{closure:{closure:Illuminate\\Pipeline\\Pipeline::carry():158}:159}(Object(Illuminate\\Http\\Request))
#43 C:\\wamp64\\www\\maasin_live_act\\vendor\\laravel\\framework\\src\\Illuminate\\Pipeline\\Pipeline.php(183): Illuminate\\Cookie\\Middleware\\AddQueuedCookiesToResponse->handle(Object(Illuminate\\Http\\Request), Object(Closure))
#44 C:\\wamp64\\www\\maasin_live_act\\vendor\\laravel\\framework\\src\\Illuminate\\Cookie\\Middleware\\EncryptCookies.php(67): Illuminate\\Pipeline\\Pipeline->{closure:{closure:Illuminate\\Pipeline\\Pipeline::carry():158}:159}(Object(Illuminate\\Http\\Request))
#45 C:\\wamp64\\www\\maasin_live_act\\vendor\\laravel\\framework\\src\\Illuminate\\Pipeline\\Pipeline.php(183): Illuminate\\Cookie\\Middleware\\EncryptCookies->handle(Object(Illuminate\\Http\\Request), Object(Closure))
#46 C:\\wamp64\\www\\maasin_live_act\\vendor\\laravel\\framework\\src\\Illuminate\\Pipeline\\Pipeline.php(119): Illuminate\\Pipeline\\Pipeline->{closure:{closure:Illuminate\\Pipeline\\Pipeline::carry():158}:159}(Object(Illuminate\\Http\\Request))
#47 C:\\wamp64\\www\\maasin_live_act\\vendor\\laravel\\framework\\src\\Illuminate\\Routing\\Router.php(805): Illuminate\\Pipeline\\Pipeline->then(Object(Closure))
#48 C:\\wamp64\\www\\maasin_live_act\\vendor\\laravel\\framework\\src\\Illuminate\\Routing\\Router.php(784): Illuminate\\Routing\\Router->runRouteWithinStack(Object(Illuminate\\Routing\\Route), Object(Illuminate\\Http\\Request))
#49 C:\\wamp64\\www\\maasin_live_act\\vendor\\laravel\\framework\\src\\Illuminate\\Routing\\Router.php(748): Illuminate\\Routing\\Router->runRoute(Object(Illuminate\\Http\\Request), Object(Illuminate\\Routing\\Route))
#50 C:\\wamp64\\www\\maasin_live_act\\vendor\\laravel\\framework\\src\\Illuminate\\Routing\\Router.php(737): Illuminate\\Routing\\Router->dispatchToRoute(Object(Illuminate\\Http\\Request))
#51 C:\\wamp64\\www\\maasin_live_act\\vendor\\laravel\\framework\\src\\Illuminate\\Foundation\\Http\\Kernel.php(200): Illuminate\\Routing\\Router->dispatch(Object(Illuminate\\Http\\Request))
#52 C:\\wamp64\\www\\maasin_live_act\\vendor\\laravel\\framework\\src\\Illuminate\\Pipeline\\Pipeline.php(144): Illuminate\\Foundation\\Http\\Kernel->{closure:Illuminate\\Foundation\\Http\\Kernel::dispatchToRouter():197}(Object(Illuminate\\Http\\Request))
#53 C:\\wamp64\\www\\maasin_live_act\\vendor\\laravel\\framework\\src\\Illuminate\\Foundation\\Http\\Middleware\\TransformsRequest.php(21): Illuminate\\Pipeline\\Pipeline->{closure:Illuminate\\Pipeline\\Pipeline::prepareDestination():142}(Object(Illuminate\\Http\\Request))
#54 C:\\wamp64\\www\\maasin_live_act\\vendor\\laravel\\framework\\src\\Illuminate\\Foundation\\Http\\Middleware\\ConvertEmptyStringsToNull.php(31): Illuminate\\Foundation\\Http\\Middleware\\TransformsRequest->handle(Object(Illuminate\\Http\\Request), Object(Closure))
#55 C:\\wamp64\\www\\maasin_live_act\\vendor\\laravel\\framework\\src\\Illuminate\\Pipeline\\Pipeline.php(183): Illuminate\\Foundation\\Http\\Middleware\\ConvertEmptyStringsToNull->handle(Object(Illuminate\\Http\\Request), Object(Closure))
#56 C:\\wamp64\\www\\maasin_live_act\\vendor\\laravel\\framework\\src\\Illuminate\\Foundation\\Http\\Middleware\\TransformsRequest.php(21): Illuminate\\Pipeline\\Pipeline->{closure:{closure:Illuminate\\Pipeline\\Pipeline::carry():158}:159}(Object(Illuminate\\Http\\Request))
#57 C:\\wamp64\\www\\maasin_live_act\\vendor\\laravel\\framework\\src\\Illuminate\\Foundation\\Http\\Middleware\\TrimStrings.php(40): Illuminate\\Foundation\\Http\\Middleware\\TransformsRequest->handle(Object(Illuminate\\Http\\Request), Object(Closure))
#58 C:\\wamp64\\www\\maasin_live_act\\vendor\\laravel\\framework\\src\\Illuminate\\Pipeline\\Pipeline.php(183): Illuminate\\Foundation\\Http\\Middleware\\TrimStrings->handle(Object(Illuminate\\Http\\Request), Object(Closure))
#59 C:\\wamp64\\www\\maasin_live_act\\vendor\\laravel\\framework\\src\\Illuminate\\Foundation\\Http\\Middleware\\ValidatePostSize.php(27): Illuminate\\Pipeline\\Pipeline->{closure:{closure:Illuminate\\Pipeline\\Pipeline::carry():158}:159}(Object(Illuminate\\Http\\Request))
#60 C:\\wamp64\\www\\maasin_live_act\\vendor\\laravel\\framework\\src\\Illuminate\\Pipeline\\Pipeline.php(183): Illuminate\\Foundation\\Http\\Middleware\\ValidatePostSize->handle(Object(Illuminate\\Http\\Request), Object(Closure))
#61 C:\\wamp64\\www\\maasin_live_act\\vendor\\laravel\\framework\\src\\Illuminate\\Foundation\\Http\\Middleware\\PreventRequestsDuringMaintenance.php(99): Illuminate\\Pipeline\\Pipeline->{closure:{closure:Illuminate\\Pipeline\\Pipeline::carry():158}:159}(Object(Illuminate\\Http\\Request))
#62 C:\\wamp64\\www\\maasin_live_act\\vendor\\laravel\\framework\\src\\Illuminate\\Pipeline\\Pipeline.php(183): Illuminate\\Foundation\\Http\\Middleware\\PreventRequestsDuringMaintenance->handle(Object(Illuminate\\Http\\Request), Object(Closure))
#63 C:\\wamp64\\www\\maasin_live_act\\vendor\\laravel\\framework\\src\\Illuminate\\Http\\Middleware\\TrustProxies.php(39): Illuminate\\Pipeline\\Pipeline->{closure:{closure:Illuminate\\Pipeline\\Pipeline::carry():158}:159}(Object(Illuminate\\Http\\Request))
#64 C:\\wamp64\\www\\maasin_live_act\\vendor\\laravel\\framework\\src\\Illuminate\\Pipeline\\Pipeline.php(183): Illuminate\\Http\\Middleware\\TrustProxies->handle(Object(Illuminate\\Http\\Request), Object(Closure))
#65 C:\\wamp64\\www\\maasin_live_act\\vendor\\laravel\\framework\\src\\Illuminate\\Pipeline\\Pipeline.php(119): Illuminate\\Pipeline\\Pipeline->{closure:{closure:Illuminate\\Pipeline\\Pipeline::carry():158}:159}(Object(Illuminate\\Http\\Request))
#66 C:\\wamp64\\www\\maasin_live_act\\vendor\\laravel\\framework\\src\\Illuminate\\Foundation\\Http\\Kernel.php(175): Illuminate\\Pipeline\\Pipeline->then(Object(Closure))
#67 C:\\wamp64\\www\\maasin_live_act\\vendor\\laravel\\framework\\src\\Illuminate\\Foundation\\Http\\Kernel.php(144): Illuminate\\Foundation\\Http\\Kernel->sendRequestThroughRouter(Object(Illuminate\\Http\\Request))
#68 C:\\wamp64\\www\\maasin_live_act\\public\\index.php(54): Illuminate\\Foundation\\Http\\Kernel->handle(Object(Illuminate\\Http\\Request))
#69 {main}
"} 
[2025-12-09 14:57:39] local.ERROR: Attempt to read property "principal_balance" on string {"view":{"view":"C:\\wamp64\\www\\maasin_live_act\\resources\\views\\loan\\repayment_table.blade.php","data":{"errors":"<pre class=sf-dump id=sf-dump-513756754 data-indent-pad=\"  \"><span class=sf-dump-note>Illuminate\\Support\\ViewErrorBag</span> {<a class=sf-dump-ref>#767</a><samp data-depth=1 class=sf-dump-expanded>
  #<span class=sf-dump-protected title=\"Protected property\">bags</span>: []
</samp>}
</pre><script>Sfdump(\"sf-dump-513756754\", {\"maxDepth\":3,\"maxStringLength\":160})</script>
","service_details":"<pre class=sf-dump id=sf-dump-259539013 data-indent-pad=\"  \">{<a class=sf-dump-ref>#787</a><samp data-depth=1 class=sf-dump-expanded>
  +\"<span class=sf-dump-public title=\"Runtime added dynamic property\">id_loan</span>\": <span class=sf-dump-num>1510</span>
  +\"<span class=sf-dump-public title=\"Runtime added dynamic property\">loan_token</span>\": \"<span class=sf-dump-str title=\"23 characters\">11292024143240577301269</span>\"
  +\"<span class=sf-dump-public title=\"Runtime added dynamic property\">name</span>\": \"<span class=sf-dump-str title=\"32 characters\">Members-Regular Loan | 12 MONTHS</span>\"
  +\"<span class=sf-dump-public title=\"Runtime added dynamic property\">id_loan_service</span>\": <span class=sf-dump-num>11</span>
  +\"<span class=sf-dump-public title=\"Runtime added dynamic property\">interest_rate</span>\": \"<span class=sf-dump-str title=\"4 characters\">1.50</span>\"
  +\"<span class=sf-dump-public title=\"Runtime added dynamic property\">terms</span>\": <span class=sf-dump-num>12</span>
  +\"<span class=sf-dump-public title=\"Runtime added dynamic property\">period</span>\": <span class=sf-dump-const>null</span>
  +\"<span class=sf-dump-public title=\"Runtime added dynamic property\">cbu_amount</span>\": <span class=sf-dump-num>0.0</span>
  +\"<span class=sf-dump-public title=\"Runtime added dynamic property\">is_deduct_cbu</span>\": <span class=sf-dump-num>0</span>
  +\"<span class=sf-dump-public title=\"Runtime added dynamic property\">principal_amount</span>\": \"<span class=sf-dump-str title=\"8 characters\">10000.00</span>\"
  +\"<span class=sf-dump-public title=\"Runtime added dynamic property\">loan_protection_rate</span>\": \"<span class=sf-dump-str title=\"4 characters\">0.00</span>\"
  +\"<span class=sf-dump-public title=\"Runtime added dynamic property\">id_term_period</span>\": <span class=sf-dump-num>3</span>
  +\"<span class=sf-dump-public title=\"Runtime added dynamic property\">id_interest_period</span>\": <span class=sf-dump-num>3</span>
  +\"<span class=sf-dump-public title=\"Runtime added dynamic property\">id_interest_method</span>\": <span class=sf-dump-num>1</span>
  +\"<span class=sf-dump-public title=\"Runtime added dynamic property\">terms_desc</span>\": \"<span class=sf-dump-str title=\"9 characters\">12 Months</span>\"
  +\"<span class=sf-dump-public title=\"Runtime added dynamic property\">terms_token</span>\": \"<span class=sf-dump-str title=\"18 characters\">153813854066d865c9</span>\"
  +\"<span class=sf-dump-public title=\"Runtime added dynamic property\">min_amount</span>\": \"<span class=sf-dump-str title=\"7 characters\">1000.00</span>\"
  +\"<span class=sf-dump-public title=\"Runtime added dynamic property\">max_amount</span>\": \"<span class=sf-dump-str title=\"9 characters\">200000.00</span>\"
  +\"<span class=sf-dump-public title=\"Runtime added dynamic property\">id_loan_payment_type</span>\": <span class=sf-dump-num>1</span>
  +\"<span class=sf-dump-public title=\"Runtime added dynamic property\">due_date</span>\": <span class=sf-dump-const>null</span>
  +\"<span class=sf-dump-public title=\"Runtime added dynamic property\">id_member</span>\": <span class=sf-dump-num>6</span>
  +\"<span class=sf-dump-public title=\"Runtime added dynamic property\">id_charges_group</span>\": <span class=sf-dump-num>5</span>
  +\"<span class=sf-dump-public title=\"Runtime added dynamic property\">loan_protection_amount</span>\": \"<span class=sf-dump-str title=\"4 characters\">0.00</span>\"
  +\"<span class=sf-dump-public title=\"Runtime added dynamic property\">cbu_deficient</span>\": \"<span class=sf-dump-str title=\"4 characters\">0.00</span>\"
  +\"<span class=sf-dump-public title=\"Runtime added dynamic property\">total_deductions</span>\": \"<span class=sf-dump-str title=\"4 characters\">0.00</span>\"
  +\"<span class=sf-dump-public title=\"Runtime added dynamic property\">not_deducted_charges</span>\": \"<span class=sf-dump-str title=\"4 characters\">0.00</span>\"
  +\"<span class=sf-dump-public title=\"Runtime added dynamic property\">total_loan_proceeds</span>\": \"<span class=sf-dump-str title=\"8 characters\">10000.00</span>\"
  +\"<span class=sf-dump-public title=\"Runtime added dynamic property\">status</span>\": \"<span class=sf-dump-str>3</span>\"
  +\"<span class=sf-dump-public title=\"Runtime added dynamic property\">loan_remarks</span>\": \"\"
  +\"<span class=sf-dump-public title=\"Runtime added dynamic property\">loan_status</span>\": \"<span class=sf-dump-str title=\"6 characters\">Active</span>\"
  +\"<span class=sf-dump-public title=\"Runtime added dynamic property\">status_code</span>\": \"<span class=sf-dump-str>3</span>\"
  +\"<span class=sf-dump-public title=\"Runtime added dynamic property\">cancellation_reason</span>\": <span class=sf-dump-const>null</span>
  +\"<span class=sf-dump-public title=\"Runtime added dynamic property\">prev_loan_balance</span>\": \"<span class=sf-dump-str title=\"4 characters\">0.00</span>\"
  +\"<span class=sf-dump-public title=\"Runtime added dynamic property\">prev_loan_rebates</span>\": \"<span class=sf-dump-str title=\"4 characters\">0.00</span>\"
  +\"<span class=sf-dump-public title=\"Runtime added dynamic property\">lstatus</span>\": <span class=sf-dump-num>1</span>
  +\"<span class=sf-dump-public title=\"Runtime added dynamic property\">id_cash_disbursement</span>\": <span class=sf-dump-num>0</span>
  +\"<span class=sf-dump-public title=\"Runtime added dynamic property\">paid_principal</span>\": \"<span class=sf-dump-str title=\"4 characters\">0.00</span>\"
  +\"<span class=sf-dump-public title=\"Runtime added dynamic property\">paid_interest</span>\": \"<span class=sf-dump-str title=\"4 characters\">0.00</span>\"
  +\"<span class=sf-dump-public title=\"Runtime added dynamic property\">paid_fees</span>\": \"<span class=sf-dump-str title=\"4 characters\">0.00</span>\"
  +\"<span class=sf-dump-public title=\"Runtime added dynamic property\">date_released</span>\": \"<span class=sf-dump-str title=\"10 characters\">2024-07-23</span>\"
  +\"<span class=sf-dump-public title=\"Runtime added dynamic property\">date_granted</span>\": \"<span class=sf-dump-str title=\"10 characters\">07/23/2024</span>\"
  +\"<span class=sf-dump-public title=\"Runtime added dynamic property\">month_duration</span>\": <span class=sf-dump-num>1</span>
  +\"<span class=sf-dump-public title=\"Runtime added dynamic property\">interest_show</span>\": \"<span class=sf-dump-str title=\"4 characters\">0.00</span>\"
  +\"<span class=sf-dump-public title=\"Runtime added dynamic property\">id_one_time_type</span>\": <span class=sf-dump-num>0</span>
</samp>}
</pre><script>Sfdump(\"sf-dump-259539013\", {\"maxDepth\":3,\"maxStringLength\":160})</script>
","member_details":"<pre class=sf-dump id=sf-dump-9405536 data-indent-pad=\"  \">{<a class=sf-dump-ref>#778</a><samp data-depth=1 class=sf-dump-expanded>
  +\"<span class=sf-dump-public title=\"Runtime added dynamic property\">name</span>\": \"<span class=sf-dump-str title=\"16 characters\">LAGUNDAY, DELIA </span>\"
</samp>}
</pre><script>Sfdump(\"sf-dump-9405536\", {\"maxDepth\":3,\"maxStringLength\":160})</script>
","OTHER_DEDUCTIONS":"<pre class=sf-dump id=sf-dump-768106303 data-indent-pad=\"  \">[]
</pre><script>Sfdump(\"sf-dump-768106303\", {\"maxDepth\":3,\"maxStringLength\":160})</script>
","CBU_DEFICIENT_AMOUNT":"<pre class=sf-dump id=sf-dump-437120315 data-indent-pad=\"  \">\"<span class=sf-dump-str title=\"4 characters\">0.00</span>\"
</pre><script>Sfdump(\"sf-dump-437120315\", {\"maxDepth\":3,\"maxStringLength\":160})</script>
","DEDUCTED_CHARGES":"<pre class=sf-dump id=sf-dump-153321261 data-indent-pad=\"  \">[]
</pre><script>Sfdump(\"sf-dump-153321261\", {\"maxDepth\":3,\"maxStringLength\":160})</script>
","PREV_LOAN_OFFSET":"<pre class=sf-dump id=sf-dump-1852269938 data-indent-pad=\"  \">[]
</pre><script>Sfdump(\"sf-dump-1852269938\", {\"maxDepth\":3,\"maxStringLength\":160})</script>
","TOTAL_LOAN_OFFSET_REBATES":"<pre class=sf-dump id=sf-dump-1427682896 data-indent-pad=\"  \"><span class=sf-dump-num>0</span>
</pre><script>Sfdump(\"sf-dump-1427682896\", {\"maxDepth\":3,\"maxStringLength\":160})</script>
","TOTAL_LOAN_OFFSET":"<pre class=sf-dump id=sf-dump-50511434 data-indent-pad=\"  \"><span class=sf-dump-num>0</span>
</pre><script>Sfdump(\"sf-dump-50511434\", {\"maxDepth\":3,\"maxStringLength\":160})</script>
","LOAN_BALANCE":"<pre class=sf-dump id=sf-dump-1874814617 data-indent-pad=\"  \">\"<span class=sf-dump-str title=\"4 characters\">0.00</span>\"
</pre><script>Sfdump(\"sf-dump-1874814617\", {\"maxDepth\":3,\"maxStringLength\":160})</script>
","REBATES":"<pre class=sf-dump id=sf-dump-351900236 data-indent-pad=\"  \">\"<span class=sf-dump-str title=\"4 characters\">0.00</span>\"
</pre><script>Sfdump(\"sf-dump-351900236\", {\"maxDepth\":3,\"maxStringLength\":160})</script>
","TOTAL_LOAN_BALANCE":"<pre class=sf-dump id=sf-dump-662075475 data-indent-pad=\"  \"><span class=sf-dump-num>0.0</span>
</pre><script>Sfdump(\"sf-dump-662075475\", {\"maxDepth\":3,\"maxStringLength\":160})</script>
","TOTAL_DEDUCTED_CHARGES":"<pre class=sf-dump id=sf-dump-338015892 data-indent-pad=\"  \">\"<span class=sf-dump-str title=\"4 characters\">0.00</span>\"
</pre><script>Sfdump(\"sf-dump-338015892\", {\"maxDepth\":3,\"maxStringLength\":160})</script>
","PRINCIPAL_AMOUNT":"<pre class=sf-dump id=sf-dump-107217895 data-indent-pad=\"  \">\"<span class=sf-dump-str title=\"8 characters\">10000.00</span>\"
</pre><script>Sfdump(\"sf-dump-107217895\", {\"maxDepth\":3,\"maxStringLength\":160})</script>
","TOTAL_NOT_DEDUCTED_CHARGES":"<pre class=sf-dump id=sf-dump-144820535 data-indent-pad=\"  \">\"<span class=sf-dump-str title=\"4 characters\">0.00</span>\"
</pre><script>Sfdump(\"sf-dump-144820535\", {\"maxDepth\":3,\"maxStringLength\":160})</script>
","TOTAL_LOAN_PROCEED":"<pre class=sf-dump id=sf-dump-870839419 data-indent-pad=\"  \">\"<span class=sf-dump-str title=\"8 characters\">10000.00</span>\"
</pre><script>Sfdump(\"sf-dump-870839419\", {\"maxDepth\":3,\"maxStringLength\":160})</script>
","AMTZ_SCHED":"<pre class=sf-dump id=sf-dump-738896508 data-indent-pad=\"  \"><span class=sf-dump-note>array:12</span> [<samp data-depth=1 class=sf-dump-expanded>
  <span class=sf-dump-index>0</span> => {<a class=sf-dump-ref>#782</a><samp data-depth=2 class=sf-dump-compact>
    +\"<span class=sf-dump-public title=\"Runtime added dynamic property\">term_code</span>\": \"<span class=sf-dump-str title=\"2 characters\">P1</span>\"
    +\"<span class=sf-dump-public title=\"Runtime added dynamic property\">date</span>\": \"<span class=sf-dump-str title=\"10 characters\">08/30/2024</span>\"
    +\"<span class=sf-dump-public title=\"Runtime added dynamic property\">principal</span>\": \"<span class=sf-dump-str title=\"6 characters\">833.33</span>\"
    +\"<span class=sf-dump-public title=\"Runtime added dynamic property\">interest</span>\": \"<span class=sf-dump-str title=\"6 characters\">150.00</span>\"
    +\"<span class=sf-dump-public title=\"Runtime added dynamic property\">surcharge</span>\": \"<span class=sf-dump-str title=\"4 characters\">0.00</span>\"
    +\"<span class=sf-dump-public title=\"Runtime added dynamic property\">total</span>\": \"<span class=sf-dump-str title=\"6 characters\">983.33</span>\"
    +\"<span class=sf-dump-public title=\"Runtime added dynamic property\">accrued</span>\": <span class=sf-dump-num>0</span>
  </samp>}
  <span class=sf-dump-index>1</span> => {<a class=sf-dump-ref>#777</a><samp data-depth=2 class=sf-dump-compact>
    +\"<span class=sf-dump-public title=\"Runtime added dynamic property\">term_code</span>\": \"<span class=sf-dump-str title=\"2 characters\">P2</span>\"
    +\"<span class=sf-dump-public title=\"Runtime added dynamic property\">date</span>\": \"<span class=sf-dump-str title=\"10 characters\">09/30/2024</span>\"
    +\"<span class=sf-dump-public title=\"Runtime added dynamic property\">principal</span>\": \"<span class=sf-dump-str title=\"6 characters\">833.33</span>\"
    +\"<span class=sf-dump-public title=\"Runtime added dynamic property\">interest</span>\": \"<span class=sf-dump-str title=\"6 characters\">150.00</span>\"
    +\"<span class=sf-dump-public title=\"Runtime added dynamic property\">surcharge</span>\": \"<span class=sf-dump-str title=\"4 characters\">0.00</span>\"
    +\"<span class=sf-dump-public title=\"Runtime added dynamic property\">total</span>\": \"<span class=sf-dump-str title=\"6 characters\">983.33</span>\"
    +\"<span class=sf-dump-public title=\"Runtime added dynamic property\">accrued</span>\": <span class=sf-dump-num>0</span>
  </samp>}
  <span class=sf-dump-index>2</span> => {<a class=sf-dump-ref>#781</a><samp data-depth=2 class=sf-dump-compact>
    +\"<span class=sf-dump-public title=\"Runtime added dynamic property\">term_code</span>\": \"<span class=sf-dump-str title=\"2 characters\">P3</span>\"
    +\"<span class=sf-dump-public title=\"Runtime added dynamic property\">date</span>\": \"<span class=sf-dump-str title=\"10 characters\">10/30/2024</span>\"
    +\"<span class=sf-dump-public title=\"Runtime added dynamic property\">principal</span>\": \"<span class=sf-dump-str title=\"6 characters\">833.33</span>\"
    +\"<span class=sf-dump-public title=\"Runtime added dynamic property\">interest</span>\": \"<span class=sf-dump-str title=\"6 characters\">150.00</span>\"
    +\"<span class=sf-dump-public title=\"Runtime added dynamic property\">surcharge</span>\": \"<span class=sf-dump-str title=\"4 characters\">0.00</span>\"
    +\"<span class=sf-dump-public title=\"Runtime added dynamic property\">total</span>\": \"<span class=sf-dump-str title=\"6 characters\">983.33</span>\"
    +\"<span class=sf-dump-public title=\"Runtime added dynamic property\">accrued</span>\": <span class=sf-dump-num>0</span>
  </samp>}
  <span class=sf-dump-index>3</span> => {<a class=sf-dump-ref>#790</a><samp data-depth=2 class=sf-dump-compact>
    +\"<span class=sf-dump-public title=\"Runtime added dynamic property\">term_code</span>\": \"<span class=sf-dump-str title=\"2 characters\">P4</span>\"
    +\"<span class=sf-dump-public title=\"Runtime added dynamic property\">date</span>\": \"<span class=sf-dump-str title=\"10 characters\">11/30/2024</span>\"
    +\"<span class=sf-dump-public title=\"Runtime added dynamic property\">principal</span>\": \"<span class=sf-dump-str title=\"6 characters\">833.33</span>\"
    +\"<span class=sf-dump-public title=\"Runtime added dynamic property\">interest</span>\": \"<span class=sf-dump-str title=\"6 characters\">150.00</span>\"
    +\"<span class=sf-dump-public title=\"Runtime added dynamic property\">surcharge</span>\": \"<span class=sf-dump-str title=\"4 characters\">0.00</span>\"
    +\"<span class=sf-dump-public title=\"Runtime added dynamic property\">total</span>\": \"<span class=sf-dump-str title=\"6 characters\">983.33</span>\"
    +\"<span class=sf-dump-public title=\"Runtime added dynamic property\">accrued</span>\": <span class=sf-dump-num>0</span>
  </samp>}
  <span class=sf-dump-index>4</span> => {<a class=sf-dump-ref>#793</a><samp data-depth=2 class=sf-dump-compact>
    +\"<span class=sf-dump-public title=\"Runtime added dynamic property\">term_code</span>\": \"<span class=sf-dump-str title=\"2 characters\">P5</span>\"
    +\"<span class=sf-dump-public title=\"Runtime added dynamic property\">date</span>\": \"<span class=sf-dump-str title=\"10 characters\">12/30/2024</span>\"
    +\"<span class=sf-dump-public title=\"Runtime added dynamic property\">principal</span>\": \"<span class=sf-dump-str title=\"6 characters\">833.33</span>\"
    +\"<span class=sf-dump-public title=\"Runtime added dynamic property\">interest</span>\": \"<span class=sf-dump-str title=\"6 characters\">150.00</span>\"
    +\"<span class=sf-dump-public title=\"Runtime added dynamic property\">surcharge</span>\": \"<span class=sf-dump-str title=\"4 characters\">0.00</span>\"
    +\"<span class=sf-dump-public title=\"Runtime added dynamic property\">total</span>\": \"<span class=sf-dump-str title=\"6 characters\">983.33</span>\"
    +\"<span class=sf-dump-public title=\"Runtime added dynamic property\">accrued</span>\": <span class=sf-dump-num>0</span>
  </samp>}
  <span class=sf-dump-index>5</span> => {<a class=sf-dump-ref>#795</a><samp data-depth=2 class=sf-dump-compact>
    +\"<span class=sf-dump-public title=\"Runtime added dynamic property\">term_code</span>\": \"<span class=sf-dump-str title=\"2 characters\">P6</span>\"
    +\"<span class=sf-dump-public title=\"Runtime added dynamic property\">date</span>\": \"<span class=sf-dump-str title=\"10 characters\">01/30/2025</span>\"
    +\"<span class=sf-dump-public title=\"Runtime added dynamic property\">principal</span>\": \"<span class=sf-dump-str title=\"6 characters\">833.33</span>\"
    +\"<span class=sf-dump-public title=\"Runtime added dynamic property\">interest</span>\": \"<span class=sf-dump-str title=\"6 characters\">150.00</span>\"
    +\"<span class=sf-dump-public title=\"Runtime added dynamic property\">surcharge</span>\": \"<span class=sf-dump-str title=\"4 characters\">0.00</span>\"
    +\"<span class=sf-dump-public title=\"Runtime added dynamic property\">total</span>\": \"<span class=sf-dump-str title=\"6 characters\">983.33</span>\"
    +\"<span class=sf-dump-public title=\"Runtime added dynamic property\">accrued</span>\": <span class=sf-dump-num>0</span>
  </samp>}
  <span class=sf-dump-index>6</span> => {<a class=sf-dump-ref>#798</a><samp data-depth=2 class=sf-dump-compact>
    +\"<span class=sf-dump-public title=\"Runtime added dynamic property\">term_code</span>\": \"<span class=sf-dump-str title=\"2 characters\">P7</span>\"
    +\"<span class=sf-dump-public title=\"Runtime added dynamic property\">date</span>\": \"<span class=sf-dump-str title=\"10 characters\">02/28/2025</span>\"
    +\"<span class=sf-dump-public title=\"Runtime added dynamic property\">principal</span>\": \"<span class=sf-dump-str title=\"6 characters\">833.33</span>\"
    +\"<span class=sf-dump-public title=\"Runtime added dynamic property\">interest</span>\": \"<span class=sf-dump-str title=\"6 characters\">150.00</span>\"
    +\"<span class=sf-dump-public title=\"Runtime added dynamic property\">surcharge</span>\": \"<span class=sf-dump-str title=\"4 characters\">0.00</span>\"
    +\"<span class=sf-dump-public title=\"Runtime added dynamic property\">total</span>\": \"<span class=sf-dump-str title=\"6 characters\">983.33</span>\"
    +\"<span class=sf-dump-public title=\"Runtime added dynamic property\">accrued</span>\": <span class=sf-dump-num>0</span>
  </samp>}
  <span class=sf-dump-index>7</span> => {<a class=sf-dump-ref>#796</a><samp data-depth=2 class=sf-dump-compact>
    +\"<span class=sf-dump-public title=\"Runtime added dynamic property\">term_code</span>\": \"<span class=sf-dump-str title=\"2 characters\">P8</span>\"
    +\"<span class=sf-dump-public title=\"Runtime added dynamic property\">date</span>\": \"<span class=sf-dump-str title=\"10 characters\">03/30/2025</span>\"
    +\"<span class=sf-dump-public title=\"Runtime added dynamic property\">principal</span>\": \"<span class=sf-dump-str title=\"6 characters\">833.33</span>\"
    +\"<span class=sf-dump-public title=\"Runtime added dynamic property\">interest</span>\": \"<span class=sf-dump-str title=\"6 characters\">150.00</span>\"
    +\"<span class=sf-dump-public title=\"Runtime added dynamic property\">surcharge</span>\": \"<span class=sf-dump-str title=\"4 characters\">0.00</span>\"
    +\"<span class=sf-dump-public title=\"Runtime added dynamic property\">total</span>\": \"<span class=sf-dump-str title=\"6 characters\">983.33</span>\"
    +\"<span class=sf-dump-public title=\"Runtime added dynamic property\">accrued</span>\": <span class=sf-dump-num>0</span>
  </samp>}
  <span class=sf-dump-index>8</span> => {<a class=sf-dump-ref>#800</a><samp data-depth=2 class=sf-dump-compact>
    +\"<span class=sf-dump-public title=\"Runtime added dynamic property\">term_code</span>\": \"<span class=sf-dump-str title=\"2 characters\">P9</span>\"
    +\"<span class=sf-dump-public title=\"Runtime added dynamic property\">date</span>\": \"<span class=sf-dump-str title=\"10 characters\">04/30/2025</span>\"
    +\"<span class=sf-dump-public title=\"Runtime added dynamic property\">principal</span>\": \"<span class=sf-dump-str title=\"6 characters\">833.33</span>\"
    +\"<span class=sf-dump-public title=\"Runtime added dynamic property\">interest</span>\": \"<span class=sf-dump-str title=\"6 characters\">150.00</span>\"
    +\"<span class=sf-dump-public title=\"Runtime added dynamic property\">surcharge</span>\": \"<span class=sf-dump-str title=\"4 characters\">0.00</span>\"
    +\"<span class=sf-dump-public title=\"Runtime added dynamic property\">total</span>\": \"<span class=sf-dump-str title=\"6 characters\">983.33</span>\"
    +\"<span class=sf-dump-public title=\"Runtime added dynamic property\">accrued</span>\": <span class=sf-dump-num>0</span>
  </samp>}
  <span class=sf-dump-index>9</span> => {<a class=sf-dump-ref>#801</a><samp data-depth=2 class=sf-dump-compact>
    +\"<span class=sf-dump-public title=\"Runtime added dynamic property\">term_code</span>\": \"<span class=sf-dump-str title=\"3 characters\">P10</span>\"
    +\"<span class=sf-dump-public title=\"Runtime added dynamic property\">date</span>\": \"<span class=sf-dump-str title=\"10 characters\">05/30/2025</span>\"
    +\"<span class=sf-dump-public title=\"Runtime added dynamic property\">principal</span>\": \"<span class=sf-dump-str title=\"6 characters\">833.33</span>\"
    +\"<span class=sf-dump-public title=\"Runtime added dynamic property\">interest</span>\": \"<span class=sf-dump-str title=\"6 characters\">150.00</span>\"
    +\"<span class=sf-dump-public title=\"Runtime added dynamic property\">surcharge</span>\": \"<span class=sf-dump-str title=\"4 characters\">0.00</span>\"
    +\"<span class=sf-dump-public title=\"Runtime added dynamic property\">total</span>\": \"<span class=sf-dump-str title=\"6 characters\">983.33</span>\"
    +\"<span class=sf-dump-public title=\"Runtime added dynamic property\">accrued</span>\": <span class=sf-dump-num>0</span>
  </samp>}
  <span class=sf-dump-index>10</span> => {<a class=sf-dump-ref>#802</a><samp data-depth=2 class=sf-dump-compact>
    +\"<span class=sf-dump-public title=\"Runtime added dynamic property\">term_code</span>\": \"<span class=sf-dump-str title=\"3 characters\">P11</span>\"
    +\"<span class=sf-dump-public title=\"Runtime added dynamic property\">date</span>\": \"<span class=sf-dump-str title=\"10 characters\">06/30/2025</span>\"
    +\"<span class=sf-dump-public title=\"Runtime added dynamic property\">principal</span>\": \"<span class=sf-dump-str title=\"6 characters\">833.33</span>\"
    +\"<span class=sf-dump-public title=\"Runtime added dynamic property\">interest</span>\": \"<span class=sf-dump-str title=\"6 characters\">150.00</span>\"
    +\"<span class=sf-dump-public title=\"Runtime added dynamic property\">surcharge</span>\": \"<span class=sf-dump-str title=\"4 characters\">0.00</span>\"
    +\"<span class=sf-dump-public title=\"Runtime added dynamic property\">total</span>\": \"<span class=sf-dump-str title=\"6 characters\">983.33</span>\"
    +\"<span class=sf-dump-public title=\"Runtime added dynamic property\">accrued</span>\": <span class=sf-dump-num>0</span>
  </samp>}
  <span class=sf-dump-index>11</span> => {<a class=sf-dump-ref>#799</a><samp data-depth=2 class=sf-dump-compact>
    +\"<span class=sf-dump-public title=\"Runtime added dynamic property\">term_code</span>\": \"<span class=sf-dump-str title=\"3 characters\">P12</span>\"
    +\"<span class=sf-dump-public title=\"Runtime added dynamic property\">date</span>\": \"<span class=sf-dump-str title=\"10 characters\">07/30/2025</span>\"
    +\"<span class=sf-dump-public title=\"Runtime added dynamic property\">principal</span>\": \"<span class=sf-dump-str title=\"6 characters\">833.37</span>\"
    +\"<span class=sf-dump-public title=\"Runtime added dynamic property\">interest</span>\": \"<span class=sf-dump-str title=\"6 characters\">150.00</span>\"
    +\"<span class=sf-dump-public title=\"Runtime added dynamic property\">surcharge</span>\": \"<span class=sf-dump-str title=\"4 characters\">0.00</span>\"
    +\"<span class=sf-dump-public title=\"Runtime added dynamic property\">total</span>\": \"<span class=sf-dump-str title=\"6 characters\">983.37</span>\"
    +\"<span class=sf-dump-public title=\"Runtime added dynamic property\">accrued</span>\": <span class=sf-dump-num>0</span>
  </samp>}
</samp>]
</pre><script>Sfdump(\"sf-dump-738896508\", {\"maxDepth\":3,\"maxStringLength\":160})</script>
","AMTZ_PAYMENT":"<pre class=sf-dump id=sf-dump-90527650 data-indent-pad=\"  \">[]
</pre><script>Sfdump(\"sf-dump-90527650\", {\"maxDepth\":3,\"maxStringLength\":160})</script>
","REPAYMENT_TABLE":"<pre class=sf-dump id=sf-dump-1359447986 data-indent-pad=\"  \">[]
</pre><script>Sfdump(\"sf-dump-1359447986\", {\"maxDepth\":3,\"maxStringLength\":160})</script>
","CURRENT_DUE":"<pre class=sf-dump id=sf-dump-940337021 data-indent-pad=\"  \">{<a class=sf-dump-ref>#808</a><samp data-depth=1 class=sf-dump-expanded>
  +\"<span class=sf-dump-public title=\"Runtime added dynamic property\">cur_date</span>\": \"<span class=sf-dump-str title=\"17 characters\">December 09, 2025</span>\"
  +\"<span class=sf-dump-public title=\"Runtime added dynamic property\">prin</span>\": \"<span class=sf-dump-str title=\"8 characters\">10000.00</span>\"
  +\"<span class=sf-dump-public title=\"Runtime added dynamic property\">interest</span>\": \"<span class=sf-dump-str title=\"7 characters\">1800.00</span>\"
  +\"<span class=sf-dump-public title=\"Runtime added dynamic property\">fees</span>\": \"<span class=sf-dump-str title=\"4 characters\">0.00</span>\"
  +\"<span class=sf-dump-public title=\"Runtime added dynamic property\">surcharge</span>\": \"<span class=sf-dump-str title=\"4 characters\">0.00</span>\"
</samp>}
</pre><script>Sfdump(\"sf-dump-940337021\", {\"maxDepth\":3,\"maxStringLength\":160})</script>
","TOTAL_DUE":"<pre class=sf-dump id=sf-dump-1308168325 data-indent-pad=\"  \"><span class=sf-dump-num>11800.0</span>
</pre><script>Sfdump(\"sf-dump-1308168325\", {\"maxDepth\":3,\"maxStringLength\":160})</script>
","repaymentCount":"<pre class=sf-dump id=sf-dump-87606109 data-indent-pad=\"  \"><span class=sf-dump-num>12</span>
</pre><script>Sfdump(\"sf-dump-87606109\", {\"maxDepth\":3,\"maxStringLength\":160})</script>
","LOAN_TABLE":"<pre class=sf-dump id=sf-dump-833457545 data-indent-pad=\"  \"><span class=sf-dump-note>array:12</span> [<samp data-depth=1 class=sf-dump-expanded>
  <span class=sf-dump-index>0</span> => <span class=sf-dump-note>array:12</span> [<samp data-depth=2 class=sf-dump-compact>
    \"<span class=sf-dump-key>count</span>\" => <span class=sf-dump-num>1</span>
    \"<span class=sf-dump-key>term_code</span>\" => \"<span class=sf-dump-str title=\"2 characters\">P1</span>\"
    \"<span class=sf-dump-key>repayment_amount</span>\" => \"<span class=sf-dump-str title=\"6 characters\">833.33</span>\"
    \"<span class=sf-dump-key>interest_amount</span>\" => \"<span class=sf-dump-str title=\"6 characters\">150.00</span>\"
    \"<span class=sf-dump-key>fees</span>\" => \"<span class=sf-dump-str title=\"4 characters\">0.00</span>\"
    \"<span class=sf-dump-key>total_due</span>\" => \"<span class=sf-dump-str title=\"6 characters\">983.33</span>\"
    \"<span class=sf-dump-key>due_date</span>\" => \"<span class=sf-dump-str title=\"10 characters\">08/30/2024</span>\"
    \"<span class=sf-dump-key>paid_amount</span>\" => \"<span class=sf-dump-str>0</span>\"
    \"<span class=sf-dump-key>is_paid</span>\" => <span class=sf-dump-num>0</span>
    \"<span class=sf-dump-key>status</span>\" => \"<span class=sf-dump-str>3</span>\"
    \"<span class=sf-dump-key>accrued</span>\" => <span class=sf-dump-num>0</span>
    \"<span class=sf-dump-key>remarks</span>\" => \"\"
  </samp>]
  <span class=sf-dump-index>1</span> => <span class=sf-dump-note>array:12</span> [<samp data-depth=2 class=sf-dump-compact>
    \"<span class=sf-dump-key>count</span>\" => <span class=sf-dump-num>2</span>
    \"<span class=sf-dump-key>term_code</span>\" => \"<span class=sf-dump-str title=\"2 characters\">P2</span>\"
    \"<span class=sf-dump-key>repayment_amount</span>\" => \"<span class=sf-dump-str title=\"6 characters\">833.33</span>\"
    \"<span class=sf-dump-key>interest_amount</span>\" => \"<span class=sf-dump-str title=\"6 characters\">150.00</span>\"
    \"<span class=sf-dump-key>fees</span>\" => \"<span class=sf-dump-str title=\"4 characters\">0.00</span>\"
    \"<span class=sf-dump-key>total_due</span>\" => \"<span class=sf-dump-str title=\"6 characters\">983.33</span>\"
    \"<span class=sf-dump-key>due_date</span>\" => \"<span class=sf-dump-str title=\"10 characters\">09/30/2024</span>\"
    \"<span class=sf-dump-key>paid_amount</span>\" => \"<span class=sf-dump-str>0</span>\"
    \"<span class=sf-dump-key>is_paid</span>\" => <span class=sf-dump-num>0</span>
    \"<span class=sf-dump-key>status</span>\" => \"<span class=sf-dump-str>3</span>\"
    \"<span class=sf-dump-key>accrued</span>\" => <span class=sf-dump-num>0</span>
    \"<span class=sf-dump-key>remarks</span>\" => \"\"
  </samp>]
  <span class=sf-dump-index>2</span> => <span class=sf-dump-note>array:12</span> [<samp data-depth=2 class=sf-dump-compact>
    \"<span class=sf-dump-key>count</span>\" => <span class=sf-dump-num>3</span>
    \"<span class=sf-dump-key>term_code</span>\" => \"<span class=sf-dump-str title=\"2 characters\">P3</span>\"
    \"<span class=sf-dump-key>repayment_amount</span>\" => \"<span class=sf-dump-str title=\"6 characters\">833.33</span>\"
    \"<span class=sf-dump-key>interest_amount</span>\" => \"<span class=sf-dump-str title=\"6 characters\">150.00</span>\"
    \"<span class=sf-dump-key>fees</span>\" => \"<span class=sf-dump-str title=\"4 characters\">0.00</span>\"
    \"<span class=sf-dump-key>total_due</span>\" => \"<span class=sf-dump-str title=\"6 characters\">983.33</span>\"
    \"<span class=sf-dump-key>due_date</span>\" => \"<span class=sf-dump-str title=\"10 characters\">10/30/2024</span>\"
    \"<span class=sf-dump-key>paid_amount</span>\" => \"<span class=sf-dump-str>0</span>\"
    \"<span class=sf-dump-key>is_paid</span>\" => <span class=sf-dump-num>0</span>
    \"<span class=sf-dump-key>status</span>\" => \"<span class=sf-dump-str>3</span>\"
    \"<span class=sf-dump-key>accrued</span>\" => <span class=sf-dump-num>0</span>
    \"<span class=sf-dump-key>remarks</span>\" => \"\"
  </samp>]
  <span class=sf-dump-index>3</span> => <span class=sf-dump-note>array:12</span> [<samp data-depth=2 class=sf-dump-compact>
    \"<span class=sf-dump-key>count</span>\" => <span class=sf-dump-num>4</span>
    \"<span class=sf-dump-key>term_code</span>\" => \"<span class=sf-dump-str title=\"2 characters\">P4</span>\"
    \"<span class=sf-dump-key>repayment_amount</span>\" => \"<span class=sf-dump-str title=\"6 characters\">833.33</span>\"
    \"<span class=sf-dump-key>interest_amount</span>\" => \"<span class=sf-dump-str title=\"6 characters\">150.00</span>\"
    \"<span class=sf-dump-key>fees</span>\" => \"<span class=sf-dump-str title=\"4 characters\">0.00</span>\"
    \"<span class=sf-dump-key>total_due</span>\" => \"<span class=sf-dump-str title=\"6 characters\">983.33</span>\"
    \"<span class=sf-dump-key>due_date</span>\" => \"<span class=sf-dump-str title=\"10 characters\">11/30/2024</span>\"
    \"<span class=sf-dump-key>paid_amount</span>\" => \"<span class=sf-dump-str>0</span>\"
    \"<span class=sf-dump-key>is_paid</span>\" => <span class=sf-dump-num>0</span>
    \"<span class=sf-dump-key>status</span>\" => \"<span class=sf-dump-str>3</span>\"
    \"<span class=sf-dump-key>accrued</span>\" => <span class=sf-dump-num>0</span>
    \"<span class=sf-dump-key>remarks</span>\" => \"\"
  </samp>]
  <span class=sf-dump-index>4</span> => <span class=sf-dump-note>array:12</span> [<samp data-depth=2 class=sf-dump-compact>
    \"<span class=sf-dump-key>count</span>\" => <span class=sf-dump-num>5</span>
    \"<span class=sf-dump-key>term_code</span>\" => \"<span class=sf-dump-str title=\"2 characters\">P5</span>\"
    \"<span class=sf-dump-key>repayment_amount</span>\" => \"<span class=sf-dump-str title=\"6 characters\">833.33</span>\"
    \"<span class=sf-dump-key>interest_amount</span>\" => \"<span class=sf-dump-str title=\"6 characters\">150.00</span>\"
    \"<span class=sf-dump-key>fees</span>\" => \"<span class=sf-dump-str title=\"4 characters\">0.00</span>\"
    \"<span class=sf-dump-key>total_due</span>\" => \"<span class=sf-dump-str title=\"6 characters\">983.33</span>\"
    \"<span class=sf-dump-key>due_date</span>\" => \"<span class=sf-dump-str title=\"10 characters\">12/30/2024</span>\"
    \"<span class=sf-dump-key>paid_amount</span>\" => \"<span class=sf-dump-str>0</span>\"
    \"<span class=sf-dump-key>is_paid</span>\" => <span class=sf-dump-num>0</span>
    \"<span class=sf-dump-key>status</span>\" => \"<span class=sf-dump-str>3</span>\"
    \"<span class=sf-dump-key>accrued</span>\" => <span class=sf-dump-num>0</span>
    \"<span class=sf-dump-key>remarks</span>\" => \"\"
  </samp>]
  <span class=sf-dump-index>5</span> => <span class=sf-dump-note>array:12</span> [<samp data-depth=2 class=sf-dump-compact>
    \"<span class=sf-dump-key>count</span>\" => <span class=sf-dump-num>6</span>
    \"<span class=sf-dump-key>term_code</span>\" => \"<span class=sf-dump-str title=\"2 characters\">P6</span>\"
    \"<span class=sf-dump-key>repayment_amount</span>\" => \"<span class=sf-dump-str title=\"6 characters\">833.33</span>\"
    \"<span class=sf-dump-key>interest_amount</span>\" => \"<span class=sf-dump-str title=\"6 characters\">150.00</span>\"
    \"<span class=sf-dump-key>fees</span>\" => \"<span class=sf-dump-str title=\"4 characters\">0.00</span>\"
    \"<span class=sf-dump-key>total_due</span>\" => \"<span class=sf-dump-str title=\"6 characters\">983.33</span>\"
    \"<span class=sf-dump-key>due_date</span>\" => \"<span class=sf-dump-str title=\"10 characters\">01/30/2025</span>\"
    \"<span class=sf-dump-key>paid_amount</span>\" => \"<span class=sf-dump-str>0</span>\"
    \"<span class=sf-dump-key>is_paid</span>\" => <span class=sf-dump-num>0</span>
    \"<span class=sf-dump-key>status</span>\" => \"<span class=sf-dump-str>3</span>\"
    \"<span class=sf-dump-key>accrued</span>\" => <span class=sf-dump-num>0</span>
    \"<span class=sf-dump-key>remarks</span>\" => \"\"
  </samp>]
  <span class=sf-dump-index>6</span> => <span class=sf-dump-note>array:12</span> [<samp data-depth=2 class=sf-dump-compact>
    \"<span class=sf-dump-key>count</span>\" => <span class=sf-dump-num>7</span>
    \"<span class=sf-dump-key>term_code</span>\" => \"<span class=sf-dump-str title=\"2 characters\">P7</span>\"
    \"<span class=sf-dump-key>repayment_amount</span>\" => \"<span class=sf-dump-str title=\"6 characters\">833.33</span>\"
    \"<span class=sf-dump-key>interest_amount</span>\" => \"<span class=sf-dump-str title=\"6 characters\">150.00</span>\"
    \"<span class=sf-dump-key>fees</span>\" => \"<span class=sf-dump-str title=\"4 characters\">0.00</span>\"
    \"<span class=sf-dump-key>total_due</span>\" => \"<span class=sf-dump-str title=\"6 characters\">983.33</span>\"
    \"<span class=sf-dump-key>due_date</span>\" => \"<span class=sf-dump-str title=\"10 characters\">02/28/2025</span>\"
    \"<span class=sf-dump-key>paid_amount</span>\" => \"<span class=sf-dump-str>0</span>\"
    \"<span class=sf-dump-key>is_paid</span>\" => <span class=sf-dump-num>0</span>
    \"<span class=sf-dump-key>status</span>\" => \"<span class=sf-dump-str>3</span>\"
    \"<span class=sf-dump-key>accrued</span>\" => <span class=sf-dump-num>0</span>
    \"<span class=sf-dump-key>remarks</span>\" => \"\"
  </samp>]
  <span class=sf-dump-index>7</span> => <span class=sf-dump-note>array:12</span> [<samp data-depth=2 class=sf-dump-compact>
    \"<span class=sf-dump-key>count</span>\" => <span class=sf-dump-num>8</span>
    \"<span class=sf-dump-key>term_code</span>\" => \"<span class=sf-dump-str title=\"2 characters\">P8</span>\"
    \"<span class=sf-dump-key>repayment_amount</span>\" => \"<span class=sf-dump-str title=\"6 characters\">833.33</span>\"
    \"<span class=sf-dump-key>interest_amount</span>\" => \"<span class=sf-dump-str title=\"6 characters\">150.00</span>\"
    \"<span class=sf-dump-key>fees</span>\" => \"<span class=sf-dump-str title=\"4 characters\">0.00</span>\"
    \"<span class=sf-dump-key>total_due</span>\" => \"<span class=sf-dump-str title=\"6 characters\">983.33</span>\"
    \"<span class=sf-dump-key>due_date</span>\" => \"<span class=sf-dump-str title=\"10 characters\">03/30/2025</span>\"
    \"<span class=sf-dump-key>paid_amount</span>\" => \"<span class=sf-dump-str>0</span>\"
    \"<span class=sf-dump-key>is_paid</span>\" => <span class=sf-dump-num>0</span>
    \"<span class=sf-dump-key>status</span>\" => \"<span class=sf-dump-str>3</span>\"
    \"<span class=sf-dump-key>accrued</span>\" => <span class=sf-dump-num>0</span>
    \"<span class=sf-dump-key>remarks</span>\" => \"\"
  </samp>]
  <span class=sf-dump-index>8</span> => <span class=sf-dump-note>array:12</span> [<samp data-depth=2 class=sf-dump-compact>
    \"<span class=sf-dump-key>count</span>\" => <span class=sf-dump-num>9</span>
    \"<span class=sf-dump-key>term_code</span>\" => \"<span class=sf-dump-str title=\"2 characters\">P9</span>\"
    \"<span class=sf-dump-key>repayment_amount</span>\" => \"<span class=sf-dump-str title=\"6 characters\">833.33</span>\"
    \"<span class=sf-dump-key>interest_amount</span>\" => \"<span class=sf-dump-str title=\"6 characters\">150.00</span>\"
    \"<span class=sf-dump-key>fees</span>\" => \"<span class=sf-dump-str title=\"4 characters\">0.00</span>\"
    \"<span class=sf-dump-key>total_due</span>\" => \"<span class=sf-dump-str title=\"6 characters\">983.33</span>\"
    \"<span class=sf-dump-key>due_date</span>\" => \"<span class=sf-dump-str title=\"10 characters\">04/30/2025</span>\"
    \"<span class=sf-dump-key>paid_amount</span>\" => \"<span class=sf-dump-str>0</span>\"
    \"<span class=sf-dump-key>is_paid</span>\" => <span class=sf-dump-num>0</span>
    \"<span class=sf-dump-key>status</span>\" => \"<span class=sf-dump-str>3</span>\"
    \"<span class=sf-dump-key>accrued</span>\" => <span class=sf-dump-num>0</span>
    \"<span class=sf-dump-key>remarks</span>\" => \"\"
  </samp>]
  <span class=sf-dump-index>9</span> => <span class=sf-dump-note>array:12</span> [<samp data-depth=2 class=sf-dump-compact>
    \"<span class=sf-dump-key>count</span>\" => <span class=sf-dump-num>10</span>
    \"<span class=sf-dump-key>term_code</span>\" => \"<span class=sf-dump-str title=\"3 characters\">P10</span>\"
    \"<span class=sf-dump-key>repayment_amount</span>\" => \"<span class=sf-dump-str title=\"6 characters\">833.33</span>\"
    \"<span class=sf-dump-key>interest_amount</span>\" => \"<span class=sf-dump-str title=\"6 characters\">150.00</span>\"
    \"<span class=sf-dump-key>fees</span>\" => \"<span class=sf-dump-str title=\"4 characters\">0.00</span>\"
    \"<span class=sf-dump-key>total_due</span>\" => \"<span class=sf-dump-str title=\"6 characters\">983.33</span>\"
    \"<span class=sf-dump-key>due_date</span>\" => \"<span class=sf-dump-str title=\"10 characters\">05/30/2025</span>\"
    \"<span class=sf-dump-key>paid_amount</span>\" => \"<span class=sf-dump-str>0</span>\"
    \"<span class=sf-dump-key>is_paid</span>\" => <span class=sf-dump-num>0</span>
    \"<span class=sf-dump-key>status</span>\" => \"<span class=sf-dump-str>3</span>\"
    \"<span class=sf-dump-key>accrued</span>\" => <span class=sf-dump-num>0</span>
    \"<span class=sf-dump-key>remarks</span>\" => \"\"
  </samp>]
  <span class=sf-dump-index>10</span> => <span class=sf-dump-note>array:12</span> [<samp data-depth=2 class=sf-dump-compact>
    \"<span class=sf-dump-key>count</span>\" => <span class=sf-dump-num>11</span>
    \"<span class=sf-dump-key>term_code</span>\" => \"<span class=sf-dump-str title=\"3 characters\">P11</span>\"
    \"<span class=sf-dump-key>repayment_amount</span>\" => \"<span class=sf-dump-str title=\"6 characters\">833.33</span>\"
    \"<span class=sf-dump-key>interest_amount</span>\" => \"<span class=sf-dump-str title=\"6 characters\">150.00</span>\"
    \"<span class=sf-dump-key>fees</span>\" => \"<span class=sf-dump-str title=\"4 characters\">0.00</span>\"
    \"<span class=sf-dump-key>total_due</span>\" => \"<span class=sf-dump-str title=\"6 characters\">983.33</span>\"
    \"<span class=sf-dump-key>due_date</span>\" => \"<span class=sf-dump-str title=\"10 characters\">06/30/2025</span>\"
    \"<span class=sf-dump-key>paid_amount</span>\" => \"<span class=sf-dump-str>0</span>\"
    \"<span class=sf-dump-key>is_paid</span>\" => <span class=sf-dump-num>0</span>
    \"<span class=sf-dump-key>status</span>\" => \"<span class=sf-dump-str>3</span>\"
    \"<span class=sf-dump-key>accrued</span>\" => <span class=sf-dump-num>0</span>
    \"<span class=sf-dump-key>remarks</span>\" => \"\"
  </samp>]
  <span class=sf-dump-index>11</span> => <span class=sf-dump-note>array:12</span> [<samp data-depth=2 class=sf-dump-compact>
    \"<span class=sf-dump-key>count</span>\" => <span class=sf-dump-num>12</span>
    \"<span class=sf-dump-key>term_code</span>\" => \"<span class=sf-dump-str title=\"3 characters\">P12</span>\"
    \"<span class=sf-dump-key>repayment_amount</span>\" => \"<span class=sf-dump-str title=\"6 characters\">833.37</span>\"
    \"<span class=sf-dump-key>interest_amount</span>\" => \"<span class=sf-dump-str title=\"6 characters\">150.00</span>\"
    \"<span class=sf-dump-key>fees</span>\" => \"<span class=sf-dump-str title=\"4 characters\">0.00</span>\"
    \"<span class=sf-dump-key>total_due</span>\" => \"<span class=sf-dump-str title=\"6 characters\">983.37</span>\"
    \"<span class=sf-dump-key>due_date</span>\" => \"<span class=sf-dump-str title=\"10 characters\">07/30/2025</span>\"
    \"<span class=sf-dump-key>paid_amount</span>\" => \"<span class=sf-dump-str>0</span>\"
    \"<span class=sf-dump-key>is_paid</span>\" => <span class=sf-dump-num>0</span>
    \"<span class=sf-dump-key>status</span>\" => \"<span class=sf-dump-str>3</span>\"
    \"<span class=sf-dump-key>accrued</span>\" => <span class=sf-dump-num>0</span>
    \"<span class=sf-dump-key>remarks</span>\" => \"\"
  </samp>]
</samp>]
</pre><script>Sfdump(\"sf-dump-833457545\", {\"maxDepth\":3,\"maxStringLength\":160})</script>
","TOTAL_INTEREST":"<pre class=sf-dump id=sf-dump-1935863852 data-indent-pad=\"  \"><span class=sf-dump-num>1800.0</span>
</pre><script>Sfdump(\"sf-dump-1935863852\", {\"maxDepth\":3,\"maxStringLength\":160})</script>
","TOTAL_AMOUNT_DUE":"<pre class=sf-dump id=sf-dump-1563916780 data-indent-pad=\"  \"><span class=sf-dump-num>11800.0</span>
</pre><script>Sfdump(\"sf-dump-1563916780\", {\"maxDepth\":3,\"maxStringLength\":160})</script>
","TOTAL_PAID_AMOUNT":"<pre class=sf-dump id=sf-dump-384780604 data-indent-pad=\"  \"><span class=sf-dump-num>0</span>
</pre><script>Sfdump(\"sf-dump-384780604\", {\"maxDepth\":3,\"maxStringLength\":160})</script>
","CURRENT_LOAN_BALANCE":"<pre class=sf-dump id=sf-dump-1457135371 data-indent-pad=\"  \"><span class=sf-dump-num>11800.0</span>
</pre><script>Sfdump(\"sf-dump-1457135371\", {\"maxDepth\":3,\"maxStringLength\":160})</script>
","loan":"<pre class=sf-dump id=sf-dump-1881470315 data-indent-pad=\"  \"><span class=sf-dump-note>array:26</span> [<samp data-depth=1 class=sf-dump-expanded>
  \"<span class=sf-dump-key>service_details</span>\" => {<a class=sf-dump-ref>#787</a><samp data-depth=2 class=sf-dump-compact>
    +\"<span class=sf-dump-public title=\"Runtime added dynamic property\">id_loan</span>\": <span class=sf-dump-num>1510</span>
    +\"<span class=sf-dump-public title=\"Runtime added dynamic property\">loan_token</span>\": \"<span class=sf-dump-str title=\"23 characters\">11292024143240577301269</span>\"
    +\"<span class=sf-dump-public title=\"Runtime added dynamic property\">name</span>\": \"<span class=sf-dump-str title=\"32 characters\">Members-Regular Loan | 12 MONTHS</span>\"
    +\"<span class=sf-dump-public title=\"Runtime added dynamic property\">id_loan_service</span>\": <span class=sf-dump-num>11</span>
    +\"<span class=sf-dump-public title=\"Runtime added dynamic property\">interest_rate</span>\": \"<span class=sf-dump-str title=\"4 characters\">1.50</span>\"
    +\"<span class=sf-dump-public title=\"Runtime added dynamic property\">terms</span>\": <span class=sf-dump-num>12</span>
    +\"<span class=sf-dump-public title=\"Runtime added dynamic property\">period</span>\": <span class=sf-dump-const>null</span>
    +\"<span class=sf-dump-public title=\"Runtime added dynamic property\">cbu_amount</span>\": <span class=sf-dump-num>0.0</span>
    +\"<span class=sf-dump-public title=\"Runtime added dynamic property\">is_deduct_cbu</span>\": <span class=sf-dump-num>0</span>
    +\"<span class=sf-dump-public title=\"Runtime added dynamic property\">principal_amount</span>\": \"<span class=sf-dump-str title=\"8 characters\">10000.00</span>\"
    +\"<span class=sf-dump-public title=\"Runtime added dynamic property\">loan_protection_rate</span>\": \"<span class=sf-dump-str title=\"4 characters\">0.00</span>\"
    +\"<span class=sf-dump-public title=\"Runtime added dynamic property\">id_term_period</span>\": <span class=sf-dump-num>3</span>
    +\"<span class=sf-dump-public title=\"Runtime added dynamic property\">id_interest_period</span>\": <span class=sf-dump-num>3</span>
    +\"<span class=sf-dump-public title=\"Runtime added dynamic property\">id_interest_method</span>\": <span class=sf-dump-num>1</span>
    +\"<span class=sf-dump-public title=\"Runtime added dynamic property\">terms_desc</span>\": \"<span class=sf-dump-str title=\"9 characters\">12 Months</span>\"
    +\"<span class=sf-dump-public title=\"Runtime added dynamic property\">terms_token</span>\": \"<span class=sf-dump-str title=\"18 characters\">153813854066d865c9</span>\"
    +\"<span class=sf-dump-public title=\"Runtime added dynamic property\">min_amount</span>\": \"<span class=sf-dump-str title=\"7 characters\">1000.00</span>\"
    +\"<span class=sf-dump-public title=\"Runtime added dynamic property\">max_amount</span>\": \"<span class=sf-dump-str title=\"9 characters\">200000.00</span>\"
    +\"<span class=sf-dump-public title=\"Runtime added dynamic property\">id_loan_payment_type</span>\": <span class=sf-dump-num>1</span>
    +\"<span class=sf-dump-public title=\"Runtime added dynamic property\">due_date</span>\": <span class=sf-dump-const>null</span>
    +\"<span class=sf-dump-public title=\"Runtime added dynamic property\">id_member</span>\": <span class=sf-dump-num>6</span>
    +\"<span class=sf-dump-public title=\"Runtime added dynamic property\">id_charges_group</span>\": <span class=sf-dump-num>5</span>
    +\"<span class=sf-dump-public title=\"Runtime added dynamic property\">loan_protection_amount</span>\": \"<span class=sf-dump-str title=\"4 characters\">0.00</span>\"
    +\"<span class=sf-dump-public title=\"Runtime added dynamic property\">cbu_deficient</span>\": \"<span class=sf-dump-str title=\"4 characters\">0.00</span>\"
    +\"<span class=sf-dump-public title=\"Runtime added dynamic property\">total_deductions</span>\": \"<span class=sf-dump-str title=\"4 characters\">0.00</span>\"
    +\"<span class=sf-dump-public title=\"Runtime added dynamic property\">not_deducted_charges</span>\": \"<span class=sf-dump-str title=\"4 characters\">0.00</span>\"
    +\"<span class=sf-dump-public title=\"Runtime added dynamic property\">total_loan_proceeds</span>\": \"<span class=sf-dump-str title=\"8 characters\">10000.00</span>\"
    +\"<span class=sf-dump-public title=\"Runtime added dynamic property\">status</span>\": \"<span class=sf-dump-str>3</span>\"
    +\"<span class=sf-dump-public title=\"Runtime added dynamic property\">loan_remarks</span>\": \"\"
    +\"<span class=sf-dump-public title=\"Runtime added dynamic property\">loan_status</span>\": \"<span class=sf-dump-str title=\"6 characters\">Active</span>\"
    +\"<span class=sf-dump-public title=\"Runtime added dynamic property\">status_code</span>\": \"<span class=sf-dump-str>3</span>\"
    +\"<span class=sf-dump-public title=\"Runtime added dynamic property\">cancellation_reason</span>\": <span class=sf-dump-const>null</span>
    +\"<span class=sf-dump-public title=\"Runtime added dynamic property\">prev_loan_balance</span>\": \"<span class=sf-dump-str title=\"4 characters\">0.00</span>\"
    +\"<span class=sf-dump-public title=\"Runtime added dynamic property\">prev_loan_rebates</span>\": \"<span class=sf-dump-str title=\"4 characters\">0.00</span>\"
    +\"<span class=sf-dump-public title=\"Runtime added dynamic property\">lstatus</span>\": <span class=sf-dump-num>1</span>
    +\"<span class=sf-dump-public title=\"Runtime added dynamic property\">id_cash_disbursement</span>\": <span class=sf-dump-num>0</span>
    +\"<span class=sf-dump-public title=\"Runtime added dynamic property\">paid_principal</span>\": \"<span class=sf-dump-str title=\"4 characters\">0.00</span>\"
    +\"<span class=sf-dump-public title=\"Runtime added dynamic property\">paid_interest</span>\": \"<span class=sf-dump-str title=\"4 characters\">0.00</span>\"
    +\"<span class=sf-dump-public title=\"Runtime added dynamic property\">paid_fees</span>\": \"<span class=sf-dump-str title=\"4 characters\">0.00</span>\"
    +\"<span class=sf-dump-public title=\"Runtime added dynamic property\">date_released</span>\": \"<span class=sf-dump-str title=\"10 characters\">2024-07-23</span>\"
    +\"<span class=sf-dump-public title=\"Runtime added dynamic property\">date_granted</span>\": \"<span class=sf-dump-str title=\"10 characters\">07/23/2024</span>\"
    +\"<span class=sf-dump-public title=\"Runtime added dynamic property\">month_duration</span>\": <span class=sf-dump-num>1</span>
    +\"<span class=sf-dump-public title=\"Runtime added dynamic property\">interest_show</span>\": \"<span class=sf-dump-str title=\"4 characters\">0.00</span>\"
    +\"<span class=sf-dump-public title=\"Runtime added dynamic property\">id_one_time_type</span>\": <span class=sf-dump-num>0</span>
  </samp>}
  \"<span class=sf-dump-key>member_details</span>\" => {<a class=sf-dump-ref>#778</a><samp data-depth=2 class=sf-dump-compact>
    +\"<span class=sf-dump-public title=\"Runtime added dynamic property\">name</span>\": \"<span class=sf-dump-str title=\"16 characters\">LAGUNDAY, DELIA </span>\"
  </samp>}
  \"<span class=sf-dump-key>OTHER_DEDUCTIONS</span>\" => []
  \"<span class=sf-dump-key>CBU_DEFICIENT_AMOUNT</span>\" => \"<span class=sf-dump-str title=\"4 characters\">0.00</span>\"
  \"<span class=sf-dump-key>DEDUCTED_CHARGES</span>\" => []
  \"<span class=sf-dump-key>PREV_LOAN_OFFSET</span>\" => []
  \"<span class=sf-dump-key>TOTAL_LOAN_OFFSET_REBATES</span>\" => <span class=sf-dump-num>0</span>
  \"<span class=sf-dump-key>TOTAL_LOAN_OFFSET</span>\" => <span class=sf-dump-num>0</span>
  \"<span class=sf-dump-key>LOAN_BALANCE</span>\" => \"<span class=sf-dump-str title=\"4 characters\">0.00</span>\"
  \"<span class=sf-dump-key>REBATES</span>\" => \"<span class=sf-dump-str title=\"4 characters\">0.00</span>\"
  \"<span class=sf-dump-key>TOTAL_LOAN_BALANCE</span>\" => <span class=sf-dump-num>0.0</span>
  \"<span class=sf-dump-key>TOTAL_DEDUCTED_CHARGES</span>\" => \"<span class=sf-dump-str title=\"4 characters\">0.00</span>\"
  \"<span class=sf-dump-key>PRINCIPAL_AMOUNT</span>\" => \"<span class=sf-dump-str title=\"8 characters\">10000.00</span>\"
  \"<span class=sf-dump-key>TOTAL_NOT_DEDUCTED_CHARGES</span>\" => \"<span class=sf-dump-str title=\"4 characters\">0.00</span>\"
  \"<span class=sf-dump-key>TOTAL_LOAN_PROCEED</span>\" => \"<span class=sf-dump-str title=\"8 characters\">10000.00</span>\"
  \"<span class=sf-dump-key>AMTZ_SCHED</span>\" => <span class=sf-dump-note>array:12</span> [<samp data-depth=2 class=sf-dump-compact>
    <span class=sf-dump-index>0</span> => {<a class=sf-dump-ref>#782</a><samp data-depth=3 class=sf-dump-compact>
      +\"<span class=sf-dump-public title=\"Runtime added dynamic property\">term_code</span>\": \"<span class=sf-dump-str title=\"2 characters\">P1</span>\"
      +\"<span class=sf-dump-public title=\"Runtime added dynamic property\">date</span>\": \"<span class=sf-dump-str title=\"10 characters\">08/30/2024</span>\"
      +\"<span class=sf-dump-public title=\"Runtime added dynamic property\">principal</span>\": \"<span class=sf-dump-str title=\"6 characters\">833.33</span>\"
      +\"<span class=sf-dump-public title=\"Runtime added dynamic property\">interest</span>\": \"<span class=sf-dump-str title=\"6 characters\">150.00</span>\"
      +\"<span class=sf-dump-public title=\"Runtime added dynamic property\">surcharge</span>\": \"<span class=sf-dump-str title=\"4 characters\">0.00</span>\"
      +\"<span class=sf-dump-public title=\"Runtime added dynamic property\">total</span>\": \"<span class=sf-dump-str title=\"6 characters\">983.33</span>\"
      +\"<span class=sf-dump-public title=\"Runtime added dynamic property\">accrued</span>\": <span class=sf-dump-num>0</span>
    </samp>}
    <span class=sf-dump-index>1</span> => {<a class=sf-dump-ref>#777</a><samp data-depth=3 class=sf-dump-compact>
      +\"<span class=sf-dump-public title=\"Runtime added dynamic property\">term_code</span>\": \"<span class=sf-dump-str title=\"2 characters\">P2</span>\"
      +\"<span class=sf-dump-public title=\"Runtime added dynamic property\">date</span>\": \"<span class=sf-dump-str title=\"10 characters\">09/30/2024</span>\"
      +\"<span class=sf-dump-public title=\"Runtime added dynamic property\">principal</span>\": \"<span class=sf-dump-str title=\"6 characters\">833.33</span>\"
      +\"<span class=sf-dump-public title=\"Runtime added dynamic property\">interest</span>\": \"<span class=sf-dump-str title=\"6 characters\">150.00</span>\"
      +\"<span class=sf-dump-public title=\"Runtime added dynamic property\">surcharge</span>\": \"<span class=sf-dump-str title=\"4 characters\">0.00</span>\"
      +\"<span class=sf-dump-public title=\"Runtime added dynamic property\">total</span>\": \"<span class=sf-dump-str title=\"6 characters\">983.33</span>\"
      +\"<span class=sf-dump-public title=\"Runtime added dynamic property\">accrued</span>\": <span class=sf-dump-num>0</span>
    </samp>}
    <span class=sf-dump-index>2</span> => {<a class=sf-dump-ref>#781</a><samp data-depth=3 class=sf-dump-compact>
      +\"<span class=sf-dump-public title=\"Runtime added dynamic property\">term_code</span>\": \"<span class=sf-dump-str title=\"2 characters\">P3</span>\"
      +\"<span class=sf-dump-public title=\"Runtime added dynamic property\">date</span>\": \"<span class=sf-dump-str title=\"10 characters\">10/30/2024</span>\"
      +\"<span class=sf-dump-public title=\"Runtime added dynamic property\">principal</span>\": \"<span class=sf-dump-str title=\"6 characters\">833.33</span>\"
      +\"<span class=sf-dump-public title=\"Runtime added dynamic property\">interest</span>\": \"<span class=sf-dump-str title=\"6 characters\">150.00</span>\"
      +\"<span class=sf-dump-public title=\"Runtime added dynamic property\">surcharge</span>\": \"<span class=sf-dump-str title=\"4 characters\">0.00</span>\"
      +\"<span class=sf-dump-public title=\"Runtime added dynamic property\">total</span>\": \"<span class=sf-dump-str title=\"6 characters\">983.33</span>\"
      +\"<span class=sf-dump-public title=\"Runtime added dynamic property\">accrued</span>\": <span class=sf-dump-num>0</span>
    </samp>}
    <span class=sf-dump-index>3</span> => {<a class=sf-dump-ref>#790</a><samp data-depth=3 class=sf-dump-compact>
      +\"<span class=sf-dump-public title=\"Runtime added dynamic property\">term_code</span>\": \"<span class=sf-dump-str title=\"2 characters\">P4</span>\"
      +\"<span class=sf-dump-public title=\"Runtime added dynamic property\">date</span>\": \"<span class=sf-dump-str title=\"10 characters\">11/30/2024</span>\"
      +\"<span class=sf-dump-public title=\"Runtime added dynamic property\">principal</span>\": \"<span class=sf-dump-str title=\"6 characters\">833.33</span>\"
      +\"<span class=sf-dump-public title=\"Runtime added dynamic property\">interest</span>\": \"<span class=sf-dump-str title=\"6 characters\">150.00</span>\"
      +\"<span class=sf-dump-public title=\"Runtime added dynamic property\">surcharge</span>\": \"<span class=sf-dump-str title=\"4 characters\">0.00</span>\"
      +\"<span class=sf-dump-public title=\"Runtime added dynamic property\">total</span>\": \"<span class=sf-dump-str title=\"6 characters\">983.33</span>\"
      +\"<span class=sf-dump-public title=\"Runtime added dynamic property\">accrued</span>\": <span class=sf-dump-num>0</span>
    </samp>}
    <span class=sf-dump-index>4</span> => {<a class=sf-dump-ref>#793</a><samp data-depth=3 class=sf-dump-compact>
      +\"<span class=sf-dump-public title=\"Runtime added dynamic property\">term_code</span>\": \"<span class=sf-dump-str title=\"2 characters\">P5</span>\"
      +\"<span class=sf-dump-public title=\"Runtime added dynamic property\">date</span>\": \"<span class=sf-dump-str title=\"10 characters\">12/30/2024</span>\"
      +\"<span class=sf-dump-public title=\"Runtime added dynamic property\">principal</span>\": \"<span class=sf-dump-str title=\"6 characters\">833.33</span>\"
      +\"<span class=sf-dump-public title=\"Runtime added dynamic property\">interest</span>\": \"<span class=sf-dump-str title=\"6 characters\">150.00</span>\"
      +\"<span class=sf-dump-public title=\"Runtime added dynamic property\">surcharge</span>\": \"<span class=sf-dump-str title=\"4 characters\">0.00</span>\"
      +\"<span class=sf-dump-public title=\"Runtime added dynamic property\">total</span>\": \"<span class=sf-dump-str title=\"6 characters\">983.33</span>\"
      +\"<span class=sf-dump-public title=\"Runtime added dynamic property\">accrued</span>\": <span class=sf-dump-num>0</span>
    </samp>}
    <span class=sf-dump-index>5</span> => {<a class=sf-dump-ref>#795</a><samp data-depth=3 class=sf-dump-compact>
      +\"<span class=sf-dump-public title=\"Runtime added dynamic property\">term_code</span>\": \"<span class=sf-dump-str title=\"2 characters\">P6</span>\"
      +\"<span class=sf-dump-public title=\"Runtime added dynamic property\">date</span>\": \"<span class=sf-dump-str title=\"10 characters\">01/30/2025</span>\"
      +\"<span class=sf-dump-public title=\"Runtime added dynamic property\">principal</span>\": \"<span class=sf-dump-str title=\"6 characters\">833.33</span>\"
      +\"<span class=sf-dump-public title=\"Runtime added dynamic property\">interest</span>\": \"<span class=sf-dump-str title=\"6 characters\">150.00</span>\"
      +\"<span class=sf-dump-public title=\"Runtime added dynamic property\">surcharge</span>\": \"<span class=sf-dump-str title=\"4 characters\">0.00</span>\"
      +\"<span class=sf-dump-public title=\"Runtime added dynamic property\">total</span>\": \"<span class=sf-dump-str title=\"6 characters\">983.33</span>\"
      +\"<span class=sf-dump-public title=\"Runtime added dynamic property\">accrued</span>\": <span class=sf-dump-num>0</span>
    </samp>}
    <span class=sf-dump-index>6</span> => {<a class=sf-dump-ref>#798</a><samp data-depth=3 class=sf-dump-compact>
      +\"<span class=sf-dump-public title=\"Runtime added dynamic property\">term_code</span>\": \"<span class=sf-dump-str title=\"2 characters\">P7</span>\"
      +\"<span class=sf-dump-public title=\"Runtime added dynamic property\">date</span>\": \"<span class=sf-dump-str title=\"10 characters\">02/28/2025</span>\"
      +\"<span class=sf-dump-public title=\"Runtime added dynamic property\">principal</span>\": \"<span class=sf-dump-str title=\"6 characters\">833.33</span>\"
      +\"<span class=sf-dump-public title=\"Runtime added dynamic property\">interest</span>\": \"<span class=sf-dump-str title=\"6 characters\">150.00</span>\"
      +\"<span class=sf-dump-public title=\"Runtime added dynamic property\">surcharge</span>\": \"<span class=sf-dump-str title=\"4 characters\">0.00</span>\"
      +\"<span class=sf-dump-public title=\"Runtime added dynamic property\">total</span>\": \"<span class=sf-dump-str title=\"6 characters\">983.33</span>\"
      +\"<span class=sf-dump-public title=\"Runtime added dynamic property\">accrued</span>\": <span class=sf-dump-num>0</span>
    </samp>}
    <span class=sf-dump-index>7</span> => {<a class=sf-dump-ref>#796</a><samp data-depth=3 class=sf-dump-compact>
      +\"<span class=sf-dump-public title=\"Runtime added dynamic property\">term_code</span>\": \"<span class=sf-dump-str title=\"2 characters\">P8</span>\"
      +\"<span class=sf-dump-public title=\"Runtime added dynamic property\">date</span>\": \"<span class=sf-dump-str title=\"10 characters\">03/30/2025</span>\"
      +\"<span class=sf-dump-public title=\"Runtime added dynamic property\">principal</span>\": \"<span class=sf-dump-str title=\"6 characters\">833.33</span>\"
      +\"<span class=sf-dump-public title=\"Runtime added dynamic property\">interest</span>\": \"<span class=sf-dump-str title=\"6 characters\">150.00</span>\"
      +\"<span class=sf-dump-public title=\"Runtime added dynamic property\">surcharge</span>\": \"<span class=sf-dump-str title=\"4 characters\">0.00</span>\"
      +\"<span class=sf-dump-public title=\"Runtime added dynamic property\">total</span>\": \"<span class=sf-dump-str title=\"6 characters\">983.33</span>\"
      +\"<span class=sf-dump-public title=\"Runtime added dynamic property\">accrued</span>\": <span class=sf-dump-num>0</span>
    </samp>}
    <span class=sf-dump-index>8</span> => {<a class=sf-dump-ref>#800</a><samp data-depth=3 class=sf-dump-compact>
      +\"<span class=sf-dump-public title=\"Runtime added dynamic property\">term_code</span>\": \"<span class=sf-dump-str title=\"2 characters\">P9</span>\"
      +\"<span class=sf-dump-public title=\"Runtime added dynamic property\">date</span>\": \"<span class=sf-dump-str title=\"10 characters\">04/30/2025</span>\"
      +\"<span class=sf-dump-public title=\"Runtime added dynamic property\">principal</span>\": \"<span class=sf-dump-str title=\"6 characters\">833.33</span>\"
      +\"<span class=sf-dump-public title=\"Runtime added dynamic property\">interest</span>\": \"<span class=sf-dump-str title=\"6 characters\">150.00</span>\"
      +\"<span class=sf-dump-public title=\"Runtime added dynamic property\">surcharge</span>\": \"<span class=sf-dump-str title=\"4 characters\">0.00</span>\"
      +\"<span class=sf-dump-public title=\"Runtime added dynamic property\">total</span>\": \"<span class=sf-dump-str title=\"6 characters\">983.33</span>\"
      +\"<span class=sf-dump-public title=\"Runtime added dynamic property\">accrued</span>\": <span class=sf-dump-num>0</span>
    </samp>}
    <span class=sf-dump-index>9</span> => {<a class=sf-dump-ref>#801</a><samp data-depth=3 class=sf-dump-compact>
      +\"<span class=sf-dump-public title=\"Runtime added dynamic property\">term_code</span>\": \"<span class=sf-dump-str title=\"3 characters\">P10</span>\"
      +\"<span class=sf-dump-public title=\"Runtime added dynamic property\">date</span>\": \"<span class=sf-dump-str title=\"10 characters\">05/30/2025</span>\"
      +\"<span class=sf-dump-public title=\"Runtime added dynamic property\">principal</span>\": \"<span class=sf-dump-str title=\"6 characters\">833.33</span>\"
      +\"<span class=sf-dump-public title=\"Runtime added dynamic property\">interest</span>\": \"<span class=sf-dump-str title=\"6 characters\">150.00</span>\"
      +\"<span class=sf-dump-public title=\"Runtime added dynamic property\">surcharge</span>\": \"<span class=sf-dump-str title=\"4 characters\">0.00</span>\"
      +\"<span class=sf-dump-public title=\"Runtime added dynamic property\">total</span>\": \"<span class=sf-dump-str title=\"6 characters\">983.33</span>\"
      +\"<span class=sf-dump-public title=\"Runtime added dynamic property\">accrued</span>\": <span class=sf-dump-num>0</span>
    </samp>}
    <span class=sf-dump-index>10</span> => {<a class=sf-dump-ref>#802</a><samp data-depth=3 class=sf-dump-compact>
      +\"<span class=sf-dump-public title=\"Runtime added dynamic property\">term_code</span>\": \"<span class=sf-dump-str title=\"3 characters\">P11</span>\"
      +\"<span class=sf-dump-public title=\"Runtime added dynamic property\">date</span>\": \"<span class=sf-dump-str title=\"10 characters\">06/30/2025</span>\"
      +\"<span class=sf-dump-public title=\"Runtime added dynamic property\">principal</span>\": \"<span class=sf-dump-str title=\"6 characters\">833.33</span>\"
      +\"<span class=sf-dump-public title=\"Runtime added dynamic property\">interest</span>\": \"<span class=sf-dump-str title=\"6 characters\">150.00</span>\"
      +\"<span class=sf-dump-public title=\"Runtime added dynamic property\">surcharge</span>\": \"<span class=sf-dump-str title=\"4 characters\">0.00</span>\"
      +\"<span class=sf-dump-public title=\"Runtime added dynamic property\">total</span>\": \"<span class=sf-dump-str title=\"6 characters\">983.33</span>\"
      +\"<span class=sf-dump-public title=\"Runtime added dynamic property\">accrued</span>\": <span class=sf-dump-num>0</span>
    </samp>}
    <span class=sf-dump-index>11</span> => {<a class=sf-dump-ref>#799</a><samp data-depth=3 class=sf-dump-compact>
      +\"<span class=sf-dump-public title=\"Runtime added dynamic property\">term_code</span>\": \"<span class=sf-dump-str title=\"3 characters\">P12</span>\"
      +\"<span class=sf-dump-public title=\"Runtime added dynamic property\">date</span>\": \"<span class=sf-dump-str title=\"10 characters\">07/30/2025</span>\"
      +\"<span class=sf-dump-public title=\"Runtime added dynamic property\">principal</span>\": \"<span class=sf-dump-str title=\"6 characters\">833.37</span>\"
      +\"<span class=sf-dump-public title=\"Runtime added dynamic property\">interest</span>\": \"<span class=sf-dump-str title=\"6 characters\">150.00</span>\"
      +\"<span class=sf-dump-public title=\"Runtime added dynamic property\">surcharge</span>\": \"<span class=sf-dump-str title=\"4 characters\">0.00</span>\"
      +\"<span class=sf-dump-public title=\"Runtime added dynamic property\">total</span>\": \"<span class=sf-dump-str title=\"6 characters\">983.37</span>\"
      +\"<span class=sf-dump-public title=\"Runtime added dynamic property\">accrued</span>\": <span class=sf-dump-num>0</span>
    </samp>}
  </samp>]
  \"<span class=sf-dump-key>AMTZ_PAYMENT</span>\" => []
  \"<span class=sf-dump-key>REPAYMENT_TABLE</span>\" => []
  \"<span class=sf-dump-key>CURRENT_DUE</span>\" => {<a class=sf-dump-ref>#808</a><samp data-depth=2 class=sf-dump-compact>
    +\"<span class=sf-dump-public title=\"Runtime added dynamic property\">cur_date</span>\": \"<span class=sf-dump-str title=\"17 characters\">December 09, 2025</span>\"
    +\"<span class=sf-dump-public title=\"Runtime added dynamic property\">prin</span>\": \"<span class=sf-dump-str title=\"8 characters\">10000.00</span>\"
    +\"<span class=sf-dump-public title=\"Runtime added dynamic property\">interest</span>\": \"<span class=sf-dump-str title=\"7 characters\">1800.00</span>\"
    +\"<span class=sf-dump-public title=\"Runtime added dynamic property\">fees</span>\": \"<span class=sf-dump-str title=\"4 characters\">0.00</span>\"
    +\"<span class=sf-dump-public title=\"Runtime added dynamic property\">surcharge</span>\": \"<span class=sf-dump-str title=\"4 characters\">0.00</span>\"
  </samp>}
  \"<span class=sf-dump-key>TOTAL_DUE</span>\" => <span class=sf-dump-num>11800.0</span>
  \"<span class=sf-dump-key>repaymentCount</span>\" => <span class=sf-dump-num>12</span>
  \"<span class=sf-dump-key>LOAN_TABLE</span>\" => <span class=sf-dump-note>array:12</span> [<samp data-depth=2 class=sf-dump-compact>
    <span class=sf-dump-index>0</span> => <span class=sf-dump-note>array:12</span> [<samp data-depth=3 class=sf-dump-compact>
      \"<span class=sf-dump-key>count</span>\" => <span class=sf-dump-num>1</span>
      \"<span class=sf-dump-key>term_code</span>\" => \"<span class=sf-dump-str title=\"2 characters\">P1</span>\"
      \"<span class=sf-dump-key>repayment_amount</span>\" => \"<span class=sf-dump-str title=\"6 characters\">833.33</span>\"
      \"<span class=sf-dump-key>interest_amount</span>\" => \"<span class=sf-dump-str title=\"6 characters\">150.00</span>\"
      \"<span class=sf-dump-key>fees</span>\" => \"<span class=sf-dump-str title=\"4 characters\">0.00</span>\"
      \"<span class=sf-dump-key>total_due</span>\" => \"<span class=sf-dump-str title=\"6 characters\">983.33</span>\"
      \"<span class=sf-dump-key>due_date</span>\" => \"<span class=sf-dump-str title=\"10 characters\">08/30/2024</span>\"
      \"<span class=sf-dump-key>paid_amount</span>\" => \"<span class=sf-dump-str>0</span>\"
      \"<span class=sf-dump-key>is_paid</span>\" => <span class=sf-dump-num>0</span>
      \"<span class=sf-dump-key>status</span>\" => \"<span class=sf-dump-str>3</span>\"
      \"<span class=sf-dump-key>accrued</span>\" => <span class=sf-dump-num>0</span>
      \"<span class=sf-dump-key>remarks</span>\" => \"\"
    </samp>]
    <span class=sf-dump-index>1</span> => <span class=sf-dump-note>array:12</span> [<samp data-depth=3 class=sf-dump-compact>
      \"<span class=sf-dump-key>count</span>\" => <span class=sf-dump-num>2</span>
      \"<span class=sf-dump-key>term_code</span>\" => \"<span class=sf-dump-str title=\"2 characters\">P2</span>\"
      \"<span class=sf-dump-key>repayment_amount</span>\" => \"<span class=sf-dump-str title=\"6 characters\">833.33</span>\"
      \"<span class=sf-dump-key>interest_amount</span>\" => \"<span class=sf-dump-str title=\"6 characters\">150.00</span>\"
      \"<span class=sf-dump-key>fees</span>\" => \"<span class=sf-dump-str title=\"4 characters\">0.00</span>\"
      \"<span class=sf-dump-key>total_due</span>\" => \"<span class=sf-dump-str title=\"6 characters\">983.33</span>\"
      \"<span class=sf-dump-key>due_date</span>\" => \"<span class=sf-dump-str title=\"10 characters\">09/30/2024</span>\"
      \"<span class=sf-dump-key>paid_amount</span>\" => \"<span class=sf-dump-str>0</span>\"
      \"<span class=sf-dump-key>is_paid</span>\" => <span class=sf-dump-num>0</span>
      \"<span class=sf-dump-key>status</span>\" => \"<span class=sf-dump-str>3</span>\"
      \"<span class=sf-dump-key>accrued</span>\" => <span class=sf-dump-num>0</span>
      \"<span class=sf-dump-key>remarks</span>\" => \"\"
    </samp>]
    <span class=sf-dump-index>2</span> => <span class=sf-dump-note>array:12</span> [<samp data-depth=3 class=sf-dump-compact>
      \"<span class=sf-dump-key>count</span>\" => <span class=sf-dump-num>3</span>
      \"<span class=sf-dump-key>term_code</span>\" => \"<span class=sf-dump-str title=\"2 characters\">P3</span>\"
      \"<span class=sf-dump-key>repayment_amount</span>\" => \"<span class=sf-dump-str title=\"6 characters\">833.33</span>\"
      \"<span class=sf-dump-key>interest_amount</span>\" => \"<span class=sf-dump-str title=\"6 characters\">150.00</span>\"
      \"<span class=sf-dump-key>fees</span>\" => \"<span class=sf-dump-str title=\"4 characters\">0.00</span>\"
      \"<span class=sf-dump-key>total_due</span>\" => \"<span class=sf-dump-str title=\"6 characters\">983.33</span>\"
      \"<span class=sf-dump-key>due_date</span>\" => \"<span class=sf-dump-str title=\"10 characters\">10/30/2024</span>\"
      \"<span class=sf-dump-key>paid_amount</span>\" => \"<span class=sf-dump-str>0</span>\"
      \"<span class=sf-dump-key>is_paid</span>\" => <span class=sf-dump-num>0</span>
      \"<span class=sf-dump-key>status</span>\" => \"<span class=sf-dump-str>3</span>\"
      \"<span class=sf-dump-key>accrued</span>\" => <span class=sf-dump-num>0</span>
      \"<span class=sf-dump-key>remarks</span>\" => \"\"
    </samp>]
    <span class=sf-dump-index>3</span> => <span class=sf-dump-note>array:12</span> [<samp data-depth=3 class=sf-dump-compact>
      \"<span class=sf-dump-key>count</span>\" => <span class=sf-dump-num>4</span>
      \"<span class=sf-dump-key>term_code</span>\" => \"<span class=sf-dump-str title=\"2 characters\">P4</span>\"
      \"<span class=sf-dump-key>repayment_amount</span>\" => \"<span class=sf-dump-str title=\"6 characters\">833.33</span>\"
      \"<span class=sf-dump-key>interest_amount</span>\" => \"<span class=sf-dump-str title=\"6 characters\">150.00</span>\"
      \"<span class=sf-dump-key>fees</span>\" => \"<span class=sf-dump-str title=\"4 characters\">0.00</span>\"
      \"<span class=sf-dump-key>total_due</span>\" => \"<span class=sf-dump-str title=\"6 characters\">983.33</span>\"
      \"<span class=sf-dump-key>due_date</span>\" => \"<span class=sf-dump-str title=\"10 characters\">11/30/2024</span>\"
      \"<span class=sf-dump-key>paid_amount</span>\" => \"<span class=sf-dump-str>0</span>\"
      \"<span class=sf-dump-key>is_paid</span>\" => <span class=sf-dump-num>0</span>
      \"<span class=sf-dump-key>status</span>\" => \"<span class=sf-dump-str>3</span>\"
      \"<span class=sf-dump-key>accrued</span>\" => <span class=sf-dump-num>0</span>
      \"<span class=sf-dump-key>remarks</span>\" => \"\"
    </samp>]
    <span class=sf-dump-index>4</span> => <span class=sf-dump-note>array:12</span> [<samp data-depth=3 class=sf-dump-compact>
      \"<span class=sf-dump-key>count</span>\" => <span class=sf-dump-num>5</span>
      \"<span class=sf-dump-key>term_code</span>\" => \"<span class=sf-dump-str title=\"2 characters\">P5</span>\"
      \"<span class=sf-dump-key>repayment_amount</span>\" => \"<span class=sf-dump-str title=\"6 characters\">833.33</span>\"
      \"<span class=sf-dump-key>interest_amount</span>\" => \"<span class=sf-dump-str title=\"6 characters\">150.00</span>\"
      \"<span class=sf-dump-key>fees</span>\" => \"<span class=sf-dump-str title=\"4 characters\">0.00</span>\"
      \"<span class=sf-dump-key>total_due</span>\" => \"<span class=sf-dump-str title=\"6 characters\">983.33</span>\"
      \"<span class=sf-dump-key>due_date</span>\" => \"<span class=sf-dump-str title=\"10 characters\">12/30/2024</span>\"
      \"<span class=sf-dump-key>paid_amount</span>\" => \"<span class=sf-dump-str>0</span>\"
      \"<span class=sf-dump-key>is_paid</span>\" => <span class=sf-dump-num>0</span>
      \"<span class=sf-dump-key>status</span>\" => \"<span class=sf-dump-str>3</span>\"
      \"<span class=sf-dump-key>accrued</span>\" => <span class=sf-dump-num>0</span>
      \"<span class=sf-dump-key>remarks</span>\" => \"\"
    </samp>]
    <span class=sf-dump-index>5</span> => <span class=sf-dump-note>array:12</span> [<samp data-depth=3 class=sf-dump-compact>
      \"<span class=sf-dump-key>count</span>\" => <span class=sf-dump-num>6</span>
      \"<span class=sf-dump-key>term_code</span>\" => \"<span class=sf-dump-str title=\"2 characters\">P6</span>\"
      \"<span class=sf-dump-key>repayment_amount</span>\" => \"<span class=sf-dump-str title=\"6 characters\">833.33</span>\"
      \"<span class=sf-dump-key>interest_amount</span>\" => \"<span class=sf-dump-str title=\"6 characters\">150.00</span>\"
      \"<span class=sf-dump-key>fees</span>\" => \"<span class=sf-dump-str title=\"4 characters\">0.00</span>\"
      \"<span class=sf-dump-key>total_due</span>\" => \"<span class=sf-dump-str title=\"6 characters\">983.33</span>\"
      \"<span class=sf-dump-key>due_date</span>\" => \"<span class=sf-dump-str title=\"10 characters\">01/30/2025</span>\"
      \"<span class=sf-dump-key>paid_amount</span>\" => \"<span class=sf-dump-str>0</span>\"
      \"<span class=sf-dump-key>is_paid</span>\" => <span class=sf-dump-num>0</span>
      \"<span class=sf-dump-key>status</span>\" => \"<span class=sf-dump-str>3</span>\"
      \"<span class=sf-dump-key>accrued</span>\" => <span class=sf-dump-num>0</span>
      \"<span class=sf-dump-key>remarks</span>\" => \"\"
    </samp>]
    <span class=sf-dump-index>6</span> => <span class=sf-dump-note>array:12</span> [<samp data-depth=3 class=sf-dump-compact>
      \"<span class=sf-dump-key>count</span>\" => <span class=sf-dump-num>7</span>
      \"<span class=sf-dump-key>term_code</span>\" => \"<span class=sf-dump-str title=\"2 characters\">P7</span>\"
      \"<span class=sf-dump-key>repayment_amount</span>\" => \"<span class=sf-dump-str title=\"6 characters\">833.33</span>\"
      \"<span class=sf-dump-key>interest_amount</span>\" => \"<span class=sf-dump-str title=\"6 characters\">150.00</span>\"
      \"<span class=sf-dump-key>fees</span>\" => \"<span class=sf-dump-str title=\"4 characters\">0.00</span>\"
      \"<span class=sf-dump-key>total_due</span>\" => \"<span class=sf-dump-str title=\"6 characters\">983.33</span>\"
      \"<span class=sf-dump-key>due_date</span>\" => \"<span class=sf-dump-str title=\"10 characters\">02/28/2025</span>\"
      \"<span class=sf-dump-key>paid_amount</span>\" => \"<span class=sf-dump-str>0</span>\"
      \"<span class=sf-dump-key>is_paid</span>\" => <span class=sf-dump-num>0</span>
      \"<span class=sf-dump-key>status</span>\" => \"<span class=sf-dump-str>3</span>\"
      \"<span class=sf-dump-key>accrued</span>\" => <span class=sf-dump-num>0</span>
      \"<span class=sf-dump-key>remarks</span>\" => \"\"
    </samp>]
    <span class=sf-dump-index>7</span> => <span class=sf-dump-note>array:12</span> [<samp data-depth=3 class=sf-dump-compact>
      \"<span class=sf-dump-key>count</span>\" => <span class=sf-dump-num>8</span>
      \"<span class=sf-dump-key>term_code</span>\" => \"<span class=sf-dump-str title=\"2 characters\">P8</span>\"
      \"<span class=sf-dump-key>repayment_amount</span>\" => \"<span class=sf-dump-str title=\"6 characters\">833.33</span>\"
      \"<span class=sf-dump-key>interest_amount</span>\" => \"<span class=sf-dump-str title=\"6 characters\">150.00</span>\"
      \"<span class=sf-dump-key>fees</span>\" => \"<span class=sf-dump-str title=\"4 characters\">0.00</span>\"
      \"<span class=sf-dump-key>total_due</span>\" => \"<span class=sf-dump-str title=\"6 characters\">983.33</span>\"
      \"<span class=sf-dump-key>due_date</span>\" => \"<span class=sf-dump-str title=\"10 characters\">03/30/2025</span>\"
      \"<span class=sf-dump-key>paid_amount</span>\" => \"<span class=sf-dump-str>0</span>\"
      \"<span class=sf-dump-key>is_paid</span>\" => <span class=sf-dump-num>0</span>
      \"<span class=sf-dump-key>status</span>\" => \"<span class=sf-dump-str>3</span>\"
      \"<span class=sf-dump-key>accrued</span>\" => <span class=sf-dump-num>0</span>
      \"<span class=sf-dump-key>remarks</span>\" => \"\"
    </samp>]
    <span class=sf-dump-index>8</span> => <span class=sf-dump-note>array:12</span> [<samp data-depth=3 class=sf-dump-compact>
      \"<span class=sf-dump-key>count</span>\" => <span class=sf-dump-num>9</span>
      \"<span class=sf-dump-key>term_code</span>\" => \"<span class=sf-dump-str title=\"2 characters\">P9</span>\"
      \"<span class=sf-dump-key>repayment_amount</span>\" => \"<span class=sf-dump-str title=\"6 characters\">833.33</span>\"
      \"<span class=sf-dump-key>interest_amount</span>\" => \"<span class=sf-dump-str title=\"6 characters\">150.00</span>\"
      \"<span class=sf-dump-key>fees</span>\" => \"<span class=sf-dump-str title=\"4 characters\">0.00</span>\"
      \"<span class=sf-dump-key>total_due</span>\" => \"<span class=sf-dump-str title=\"6 characters\">983.33</span>\"
      \"<span class=sf-dump-key>due_date</span>\" => \"<span class=sf-dump-str title=\"10 characters\">04/30/2025</span>\"
      \"<span class=sf-dump-key>paid_amount</span>\" => \"<span class=sf-dump-str>0</span>\"
      \"<span class=sf-dump-key>is_paid</span>\" => <span class=sf-dump-num>0</span>
      \"<span class=sf-dump-key>status</span>\" => \"<span class=sf-dump-str>3</span>\"
      \"<span class=sf-dump-key>accrued</span>\" => <span class=sf-dump-num>0</span>
      \"<span class=sf-dump-key>remarks</span>\" => \"\"
    </samp>]
    <span class=sf-dump-index>9</span> => <span class=sf-dump-note>array:12</span> [<samp data-depth=3 class=sf-dump-compact>
      \"<span class=sf-dump-key>count</span>\" => <span class=sf-dump-num>10</span>
      \"<span class=sf-dump-key>term_code</span>\" => \"<span class=sf-dump-str title=\"3 characters\">P10</span>\"
      \"<span class=sf-dump-key>repayment_amount</span>\" => \"<span class=sf-dump-str title=\"6 characters\">833.33</span>\"
      \"<span class=sf-dump-key>interest_amount</span>\" => \"<span class=sf-dump-str title=\"6 characters\">150.00</span>\"
      \"<span class=sf-dump-key>fees</span>\" => \"<span class=sf-dump-str title=\"4 characters\">0.00</span>\"
      \"<span class=sf-dump-key>total_due</span>\" => \"<span class=sf-dump-str title=\"6 characters\">983.33</span>\"
      \"<span class=sf-dump-key>due_date</span>\" => \"<span class=sf-dump-str title=\"10 characters\">05/30/2025</span>\"
      \"<span class=sf-dump-key>paid_amount</span>\" => \"<span class=sf-dump-str>0</span>\"
      \"<span class=sf-dump-key>is_paid</span>\" => <span class=sf-dump-num>0</span>
      \"<span class=sf-dump-key>status</span>\" => \"<span class=sf-dump-str>3</span>\"
      \"<span class=sf-dump-key>accrued</span>\" => <span class=sf-dump-num>0</span>
      \"<span class=sf-dump-key>remarks</span>\" => \"\"
    </samp>]
    <span class=sf-dump-index>10</span> => <span class=sf-dump-note>array:12</span> [<samp data-depth=3 class=sf-dump-compact>
      \"<span class=sf-dump-key>count</span>\" => <span class=sf-dump-num>11</span>
      \"<span class=sf-dump-key>term_code</span>\" => \"<span class=sf-dump-str title=\"3 characters\">P11</span>\"
      \"<span class=sf-dump-key>repayment_amount</span>\" => \"<span class=sf-dump-str title=\"6 characters\">833.33</span>\"
      \"<span class=sf-dump-key>interest_amount</span>\" => \"<span class=sf-dump-str title=\"6 characters\">150.00</span>\"
      \"<span class=sf-dump-key>fees</span>\" => \"<span class=sf-dump-str title=\"4 characters\">0.00</span>\"
      \"<span class=sf-dump-key>total_due</span>\" => \"<span class=sf-dump-str title=\"6 characters\">983.33</span>\"
      \"<span class=sf-dump-key>due_date</span>\" => \"<span class=sf-dump-str title=\"10 characters\">06/30/2025</span>\"
      \"<span class=sf-dump-key>paid_amount</span>\" => \"<span class=sf-dump-str>0</span>\"
      \"<span class=sf-dump-key>is_paid</span>\" => <span class=sf-dump-num>0</span>
      \"<span class=sf-dump-key>status</span>\" => \"<span class=sf-dump-str>3</span>\"
      \"<span class=sf-dump-key>accrued</span>\" => <span class=sf-dump-num>0</span>
      \"<span class=sf-dump-key>remarks</span>\" => \"\"
    </samp>]
    <span class=sf-dump-index>11</span> => <span class=sf-dump-note>array:12</span> [<samp data-depth=3 class=sf-dump-compact>
      \"<span class=sf-dump-key>count</span>\" => <span class=sf-dump-num>12</span>
      \"<span class=sf-dump-key>term_code</span>\" => \"<span class=sf-dump-str title=\"3 characters\">P12</span>\"
      \"<span class=sf-dump-key>repayment_amount</span>\" => \"<span class=sf-dump-str title=\"6 characters\">833.37</span>\"
      \"<span class=sf-dump-key>interest_amount</span>\" => \"<span class=sf-dump-str title=\"6 characters\">150.00</span>\"
      \"<span class=sf-dump-key>fees</span>\" => \"<span class=sf-dump-str title=\"4 characters\">0.00</span>\"
      \"<span class=sf-dump-key>total_due</span>\" => \"<span class=sf-dump-str title=\"6 characters\">983.37</span>\"
      \"<span class=sf-dump-key>due_date</span>\" => \"<span class=sf-dump-str title=\"10 characters\">07/30/2025</span>\"
      \"<span class=sf-dump-key>paid_amount</span>\" => \"<span class=sf-dump-str>0</span>\"
      \"<span class=sf-dump-key>is_paid</span>\" => <span class=sf-dump-num>0</span>
      \"<span class=sf-dump-key>status</span>\" => \"<span class=sf-dump-str>3</span>\"
      \"<span class=sf-dump-key>accrued</span>\" => <span class=sf-dump-num>0</span>
      \"<span class=sf-dump-key>remarks</span>\" => \"\"
    </samp>]
  </samp>]
  \"<span class=sf-dump-key>TOTAL_INTEREST</span>\" => <span class=sf-dump-num>1800.0</span>
  \"<span class=sf-dump-key>TOTAL_AMOUNT_DUE</span>\" => <span class=sf-dump-num>11800.0</span>
  \"<span class=sf-dump-key>TOTAL_PAID_AMOUNT</span>\" => <span class=sf-dump-num>0</span>
  \"<span class=sf-dump-key>CURRENT_LOAN_BALANCE</span>\" => <span class=sf-dump-num>11800.0</span>
</samp>]
</pre><script>Sfdump(\"sf-dump-1881470315\", {\"maxDepth\":3,\"maxStringLength\":160})</script>
","for_approval":"<pre class=sf-dump id=sf-dump-2104284763 data-indent-pad=\"  \"><span class=sf-dump-const>false</span>
</pre><script>Sfdump(\"sf-dump-2104284763\", {\"maxDepth\":3,\"maxStringLength\":160})</script>
","show_repayment":"<pre class=sf-dump id=sf-dump-809870244 data-indent-pad=\"  \"><span class=sf-dump-const>true</span>
</pre><script>Sfdump(\"sf-dump-809870244\", {\"maxDepth\":3,\"maxStringLength\":160})</script>
","INVALID_APPLICATION":"<pre class=sf-dump id=sf-dump-2001201214 data-indent-pad=\"  \"><span class=sf-dump-const>false</span>
</pre><script>Sfdump(\"sf-dump-2001201214\", {\"maxDepth\":3,\"maxStringLength\":160})</script>
","ERROR_MESSAGE":"<pre class=sf-dump id=sf-dump-1225948635 data-indent-pad=\"  \">[]
</pre><script>Sfdump(\"sf-dump-1225948635\", {\"maxDepth\":3,\"maxStringLength\":160})</script>
","CBU":"<pre class=sf-dump id=sf-dump-522181248 data-indent-pad=\"  \"><span class=sf-dump-note>array:2</span> [<samp data-depth=1 class=sf-dump-expanded>
  \"<span class=sf-dump-key>is_capital_buildup_valid</span>\" => <span class=sf-dump-const>true</span>
  \"<span class=sf-dump-key>difference</span>\" => <span class=sf-dump-num>0</span>
</samp>]
</pre><script>Sfdump(\"sf-dump-522181248\", {\"maxDepth\":3,\"maxStringLength\":160})</script>
","ACCOUNT_CBU":"<pre class=sf-dump id=sf-dump-242340050 data-indent-pad=\"  \">\"<span class=sf-dump-str title=\"8 characters\">11762.96</span>\"
</pre><script>Sfdump(\"sf-dump-242340050\", {\"maxDepth\":3,\"maxStringLength\":160})</script>
","net_pays":"<pre class=sf-dump id=sf-dump-2101970105 data-indent-pad=\"  \"><span class=sf-dump-note>Illuminate\\Support\\Collection</span> {<a class=sf-dump-ref>#788</a><samp data-depth=1 class=sf-dump-expanded>
  #<span class=sf-dump-protected title=\"Protected property\">items</span>: []
  #<span class=sf-dump-protected title=\"Protected property\">escapeWhenCastingToString</span>: <span class=sf-dump-const>false</span>
</samp>}
</pre><script>Sfdump(\"sf-dump-2101970105\", {\"maxDepth\":3,\"maxStringLength\":160})</script>
","comakers":"<pre class=sf-dump id=sf-dump-1550164881 data-indent-pad=\"  \"><span class=sf-dump-note>Illuminate\\Support\\Collection</span> {<a class=sf-dump-ref>#803</a><samp data-depth=1 class=sf-dump-expanded>
  #<span class=sf-dump-protected title=\"Protected property\">items</span>: []
  #<span class=sf-dump-protected title=\"Protected property\">escapeWhenCastingToString</span>: <span class=sf-dump-const>false</span>
</samp>}
</pre><script>Sfdump(\"sf-dump-1550164881\", {\"maxDepth\":3,\"maxStringLength\":160})</script>
","other_lendings":"<pre class=sf-dump id=sf-dump-521247741 data-indent-pad=\"  \"><span class=sf-dump-note>Illuminate\\Support\\Collection</span> {<a class=sf-dump-ref>#820</a><samp data-depth=1 class=sf-dump-expanded>
  #<span class=sf-dump-protected title=\"Protected property\">items</span>: []
  #<span class=sf-dump-protected title=\"Protected property\">escapeWhenCastingToString</span>: <span class=sf-dump-const>false</span>
</samp>}
</pre><script>Sfdump(\"sf-dump-521247741\", {\"maxDepth\":3,\"maxStringLength\":160})</script>
","isAdmin":"<pre class=sf-dump id=sf-dump-1870532042 data-indent-pad=\"  \"><span class=sf-dump-num>1</span>
</pre><script>Sfdump(\"sf-dump-1870532042\", {\"maxDepth\":3,\"maxStringLength\":160})</script>
","loan_app_type":"<pre class=sf-dump id=sf-dump-1174308939 data-indent-pad=\"  \"><span class=sf-dump-note>array:2</span> [<samp data-depth=1 class=sf-dump-expanded>
  <span class=sf-dump-key>1</span> => \"<span class=sf-dump-str title=\"8 characters\">New Loan</span>\"
  <span class=sf-dump-key>2</span> => \"<span class=sf-dump-str title=\"7 characters\">Renewal</span>\"
</samp>]
</pre><script>Sfdump(\"sf-dump-1174308939\", {\"maxDepth\":3,\"maxStringLength\":160})</script>
","status_badge":"<pre class=sf-dump id=sf-dump-2051884154 data-indent-pad=\"  \"><span class=sf-dump-note>array:7</span> [<samp data-depth=1 class=sf-dump-expanded>
  <span class=sf-dump-index>0</span> => \"<span class=sf-dump-str title=\"4 characters\">info</span>\"
  <span class=sf-dump-index>1</span> => \"<span class=sf-dump-str title=\"7 characters\">primary</span>\"
  <span class=sf-dump-index>2</span> => \"<span class=sf-dump-str title=\"7 characters\">success</span>\"
  <span class=sf-dump-index>3</span> => \"<span class=sf-dump-str title=\"7 characters\">success</span>\"
  <span class=sf-dump-index>4</span> => \"<span class=sf-dump-str title=\"6 characters\">danger</span>\"
  <span class=sf-dump-index>5</span> => \"<span class=sf-dump-str title=\"6 characters\">danger</span>\"
  <span class=sf-dump-index>6</span> => \"<span class=sf-dump-str title=\"7 characters\">primary</span>\"
</samp>]
</pre><script>Sfdump(\"sf-dump-2051884154\", {\"maxDepth\":3,\"maxStringLength\":160})</script>
","back_link":"<pre class=sf-dump id=sf-dump-1141153923 data-indent-pad=\"  \">\"<span class=sf-dump-str title=\"5 characters\">/loan</span>\"
</pre><script>Sfdump(\"sf-dump-1141153923\", {\"maxDepth\":3,\"maxStringLength\":160})</script>
","lt_max_index":"<pre class=sf-dump id=sf-dump-316647709 data-indent-pad=\"  \"><span class=sf-dump-num>11</span>
</pre><script>Sfdump(\"sf-dump-316647709\", {\"maxDepth\":3,\"maxStringLength\":160})</script>
","month_duration":"<pre class=sf-dump id=sf-dump-1842504187 data-indent-pad=\"  \"><span class=sf-dump-num>1</span>
</pre><script>Sfdump(\"sf-dump-1842504187\", {\"maxDepth\":3,\"maxStringLength\":160})</script>
","__currentLoopData":"<pre class=sf-dump id=sf-dump-1130334325 data-indent-pad=\"  \">[]
</pre><script>Sfdump(\"sf-dump-1130334325\", {\"maxDepth\":3,\"maxStringLength\":160})</script>
","loop":"<pre class=sf-dump id=sf-dump-1180006371 data-indent-pad=\"  \"><span class=sf-dump-const>null</span>
</pre><script>Sfdump(\"sf-dump-1180006371\", {\"maxDepth\":3,\"maxStringLength\":160})</script>
"}},"exception":"[object] (Spatie\\LaravelIgnition\\Exceptions\\ViewException(code: 0): Attempt to read property \"principal_balance\" on string at C:\\wamp64\\www\\maasin_live_act\\resources\\views\\loan\\repayment_table.blade.php:107)
[stacktrace]
#0 C:\\wamp64\\www\\maasin_live_act\\vendor\\laravel\\framework\\src\\Illuminate\\Filesystem\\Filesystem.php(123): require('C:\\\\wamp64\\\\www\\\\m...')
#1 C:\\wamp64\\www\\maasin_live_act\\vendor\\laravel\\framework\\src\\Illuminate\\Filesystem\\Filesystem.php(124): Illuminate\\Filesystem\\Filesystem::{closure:Illuminate\\Filesystem\\Filesystem::getRequire():120}()
#2 C:\\wamp64\\www\\maasin_live_act\\vendor\\laravel\\framework\\src\\Illuminate\\View\\Engines\\PhpEngine.php(58): Illuminate\\Filesystem\\Filesystem->getRequire('C:\\\\wamp64\\\\www\\\\m...', Array)
#3 C:\\wamp64\\www\\maasin_live_act\\vendor\\laravel\\framework\\src\\Illuminate\\View\\Engines\\CompilerEngine.php(72): Illuminate\\View\\Engines\\PhpEngine->evaluatePath('C:\\\\wamp64\\\\www\\\\m...', Array)
#4 C:\\wamp64\\www\\maasin_live_act\\vendor\\laravel\\framework\\src\\Illuminate\\View\\View.php(207): Illuminate\\View\\Engines\\CompilerEngine->get('C:\\\\wamp64\\\\www\\\\m...', Array)
#5 C:\\wamp64\\www\\maasin_live_act\\vendor\\laravel\\framework\\src\\Illuminate\\View\\View.php(190): Illuminate\\View\\View->getContents()
#6 C:\\wamp64\\www\\maasin_live_act\\vendor\\laravel\\framework\\src\\Illuminate\\View\\View.php(159): Illuminate\\View\\View->renderContents()
#7 C:\\wamp64\\www\\maasin_live_act\\resources\\views\\loan\\loan_table.blade.php(346): Illuminate\\View\\View->render()
#8 C:\\wamp64\\www\\maasin_live_act\\vendor\\laravel\\framework\\src\\Illuminate\\Filesystem\\Filesystem.php(123): require('C:\\\\wamp64\\\\www\\\\m...')
#9 C:\\wamp64\\www\\maasin_live_act\\vendor\\laravel\\framework\\src\\Illuminate\\Filesystem\\Filesystem.php(124): Illuminate\\Filesystem\\Filesystem::{closure:Illuminate\\Filesystem\\Filesystem::getRequire():120}()
#10 C:\\wamp64\\www\\maasin_live_act\\vendor\\laravel\\framework\\src\\Illuminate\\View\\Engines\\PhpEngine.php(58): Illuminate\\Filesystem\\Filesystem->getRequire('C:\\\\wamp64\\\\www\\\\m...', Array)
#11 C:\\wamp64\\www\\maasin_live_act\\vendor\\laravel\\framework\\src\\Illuminate\\View\\Engines\\CompilerEngine.php(72): Illuminate\\View\\Engines\\PhpEngine->evaluatePath('C:\\\\wamp64\\\\www\\\\m...', Array)
#12 C:\\wamp64\\www\\maasin_live_act\\vendor\\laravel\\framework\\src\\Illuminate\\View\\View.php(207): Illuminate\\View\\Engines\\CompilerEngine->get('C:\\\\wamp64\\\\www\\\\m...', Array)
#13 C:\\wamp64\\www\\maasin_live_act\\vendor\\laravel\\framework\\src\\Illuminate\\View\\View.php(190): Illuminate\\View\\View->getContents()
#14 C:\\wamp64\\www\\maasin_live_act\\vendor\\laravel\\framework\\src\\Illuminate\\View\\View.php(159): Illuminate\\View\\View->renderContents()
#15 C:\\wamp64\\www\\maasin_live_act\\resources\\views\\loan\\loan_form_display.blade.php(155): Illuminate\\View\\View->render()
#16 C:\\wamp64\\www\\maasin_live_act\\vendor\\laravel\\framework\\src\\Illuminate\\Filesystem\\Filesystem.php(123): require('C:\\\\wamp64\\\\www\\\\m...')
#17 C:\\wamp64\\www\\maasin_live_act\\vendor\\laravel\\framework\\src\\Illuminate\\Filesystem\\Filesystem.php(124): Illuminate\\Filesystem\\Filesystem::{closure:Illuminate\\Filesystem\\Filesystem::getRequire():120}()
#18 C:\\wamp64\\www\\maasin_live_act\\vendor\\laravel\\framework\\src\\Illuminate\\View\\Engines\\PhpEngine.php(58): Illuminate\\Filesystem\\Filesystem->getRequire('C:\\\\wamp64\\\\www\\\\m...', Array)
#19 C:\\wamp64\\www\\maasin_live_act\\vendor\\laravel\\framework\\src\\Illuminate\\View\\Engines\\CompilerEngine.php(72): Illuminate\\View\\Engines\\PhpEngine->evaluatePath('C:\\\\wamp64\\\\www\\\\m...', Array)
#20 C:\\wamp64\\www\\maasin_live_act\\vendor\\laravel\\framework\\src\\Illuminate\\View\\View.php(207): Illuminate\\View\\Engines\\CompilerEngine->get('C:\\\\wamp64\\\\www\\\\m...', Array)
#21 C:\\wamp64\\www\\maasin_live_act\\vendor\\laravel\\framework\\src\\Illuminate\\View\\View.php(190): Illuminate\\View\\View->getContents()
#22 C:\\wamp64\\www\\maasin_live_act\\vendor\\laravel\\framework\\src\\Illuminate\\View\\View.php(159): Illuminate\\View\\View->renderContents()
#23 C:\\wamp64\\www\\maasin_live_act\\vendor\\laravel\\framework\\src\\Illuminate\\Http\\Response.php(69): Illuminate\\View\\View->render()
#24 C:\\wamp64\\www\\maasin_live_act\\vendor\\laravel\\framework\\src\\Illuminate\\Http\\Response.php(35): Illuminate\\Http\\Response->setContent(Object(Illuminate\\View\\View))
#25 C:\\wamp64\\www\\maasin_live_act\\vendor\\laravel\\framework\\src\\Illuminate\\Routing\\Router.php(918): Illuminate\\Http\\Response->__construct(Object(Illuminate\\View\\View), 200, Array)
#26 C:\\wamp64\\www\\maasin_live_act\\vendor\\laravel\\framework\\src\\Illuminate\\Routing\\Router.php(885): Illuminate\\Routing\\Router::toResponse(Object(Illuminate\\Http\\Request), Object(Illuminate\\View\\View))
#27 C:\\wamp64\\www\\maasin_live_act\\vendor\\laravel\\framework\\src\\Illuminate\\Routing\\Router.php(805): Illuminate\\Routing\\Router->prepareResponse(Object(Illuminate\\Http\\Request), Object(Illuminate\\View\\View))
#28 C:\\wamp64\\www\\maasin_live_act\\vendor\\laravel\\framework\\src\\Illuminate\\Pipeline\\Pipeline.php(144): Illuminate\\Routing\\Router->{closure:Illuminate\\Routing\\Router::runRouteWithinStack():805}(Object(Illuminate\\Http\\Request))
#29 C:\\wamp64\\www\\maasin_live_act\\app\\Http\\Middleware\\SessionExpired.php(48): Illuminate\\Pipeline\\Pipeline->{closure:Illuminate\\Pipeline\\Pipeline::prepareDestination():142}(Object(Illuminate\\Http\\Request))
#30 C:\\wamp64\\www\\maasin_live_act\\vendor\\laravel\\framework\\src\\Illuminate\\Pipeline\\Pipeline.php(183): App\\Http\\Middleware\\SessionExpired->handle(Object(Illuminate\\Http\\Request), Object(Closure))
#31 C:\\wamp64\\www\\maasin_live_act\\vendor\\laravel\\framework\\src\\Illuminate\\Routing\\Middleware\\SubstituteBindings.php(50): Illuminate\\Pipeline\\Pipeline->{closure:{closure:Illuminate\\Pipeline\\Pipeline::carry():158}:159}(Object(Illuminate\\Http\\Request))
#32 C:\\wamp64\\www\\maasin_live_act\\vendor\\laravel\\framework\\src\\Illuminate\\Pipeline\\Pipeline.php(183): Illuminate\\Routing\\Middleware\\SubstituteBindings->handle(Object(Illuminate\\Http\\Request), Object(Closure))
#33 C:\\wamp64\\www\\maasin_live_act\\vendor\\laravel\\framework\\src\\Illuminate\\Foundation\\Http\\Middleware\\VerifyCsrfToken.php(78): Illuminate\\Pipeline\\Pipeline->{closure:{closure:Illuminate\\Pipeline\\Pipeline::carry():158}:159}(Object(Illuminate\\Http\\Request))
#34 C:\\wamp64\\www\\maasin_live_act\\vendor\\laravel\\framework\\src\\Illuminate\\Pipeline\\Pipeline.php(183): Illuminate\\Foundation\\Http\\Middleware\\VerifyCsrfToken->handle(Object(Illuminate\\Http\\Request), Object(Closure))
#35 C:\\wamp64\\www\\maasin_live_act\\vendor\\laravel\\framework\\src\\Illuminate\\View\\Middleware\\ShareErrorsFromSession.php(49): Illuminate\\Pipeline\\Pipeline->{closure:{closure:Illuminate\\Pipeline\\Pipeline::carry():158}:159}(Object(Illuminate\\Http\\Request))
#36 C:\\wamp64\\www\\maasin_live_act\\vendor\\laravel\\framework\\src\\Illuminate\\Pipeline\\Pipeline.php(183): Illuminate\\View\\Middleware\\ShareErrorsFromSession->handle(Object(Illuminate\\Http\\Request), Object(Closure))
#37 C:\\wamp64\\www\\maasin_live_act\\vendor\\laravel\\framework\\src\\Illuminate\\Session\\Middleware\\StartSession.php(121): Illuminate\\Pipeline\\Pipeline->{closure:{closure:Illuminate\\Pipeline\\Pipeline::carry():158}:159}(Object(Illuminate\\Http\\Request))
#38 C:\\wamp64\\www\\maasin_live_act\\vendor\\laravel\\framework\\src\\Illuminate\\Session\\Middleware\\StartSession.php(64): Illuminate\\Session\\Middleware\\StartSession->handleStatefulRequest(Object(Illuminate\\Http\\Request), Object(Illuminate\\Session\\Store), Object(Closure))
#39 C:\\wamp64\\www\\maasin_live_act\\vendor\\laravel\\framework\\src\\Illuminate\\Pipeline\\Pipeline.php(183): Illuminate\\Session\\Middleware\\StartSession->handle(Object(Illuminate\\Http\\Request), Object(Closure))
#40 C:\\wamp64\\www\\maasin_live_act\\vendor\\laravel\\framework\\src\\Illuminate\\Cookie\\Middleware\\AddQueuedCookiesToResponse.php(37): Illuminate\\Pipeline\\Pipeline->{closure:{closure:Illuminate\\Pipeline\\Pipeline::carry():158}:159}(Object(Illuminate\\Http\\Request))
#41 C:\\wamp64\\www\\maasin_live_act\\vendor\\laravel\\framework\\src\\Illuminate\\Pipeline\\Pipeline.php(183): Illuminate\\Cookie\\Middleware\\AddQueuedCookiesToResponse->handle(Object(Illuminate\\Http\\Request), Object(Closure))
#42 C:\\wamp64\\www\\maasin_live_act\\vendor\\laravel\\framework\\src\\Illuminate\\Cookie\\Middleware\\EncryptCookies.php(67): Illuminate\\Pipeline\\Pipeline->{closure:{closure:Illuminate\\Pipeline\\Pipeline::carry():158}:159}(Object(Illuminate\\Http\\Request))
#43 C:\\wamp64\\www\\maasin_live_act\\vendor\\laravel\\framework\\src\\Illuminate\\Pipeline\\Pipeline.php(183): Illuminate\\Cookie\\Middleware\\EncryptCookies->handle(Object(Illuminate\\Http\\Request), Object(Closure))
#44 C:\\wamp64\\www\\maasin_live_act\\vendor\\laravel\\framework\\src\\Illuminate\\Pipeline\\Pipeline.php(119): Illuminate\\Pipeline\\Pipeline->{closure:{closure:Illuminate\\Pipeline\\Pipeline::carry():158}:159}(Object(Illuminate\\Http\\Request))
#45 C:\\wamp64\\www\\maasin_live_act\\vendor\\laravel\\framework\\src\\Illuminate\\Routing\\Router.php(805): Illuminate\\Pipeline\\Pipeline->then(Object(Closure))
#46 C:\\wamp64\\www\\maasin_live_act\\vendor\\laravel\\framework\\src\\Illuminate\\Routing\\Router.php(784): Illuminate\\Routing\\Router->runRouteWithinStack(Object(Illuminate\\Routing\\Route), Object(Illuminate\\Http\\Request))
#47 C:\\wamp64\\www\\maasin_live_act\\vendor\\laravel\\framework\\src\\Illuminate\\Routing\\Router.php(748): Illuminate\\Routing\\Router->runRoute(Object(Illuminate\\Http\\Request), Object(Illuminate\\Routing\\Route))
#48 C:\\wamp64\\www\\maasin_live_act\\vendor\\laravel\\framework\\src\\Illuminate\\Routing\\Router.php(737): Illuminate\\Routing\\Router->dispatchToRoute(Object(Illuminate\\Http\\Request))
#49 C:\\wamp64\\www\\maasin_live_act\\vendor\\laravel\\framework\\src\\Illuminate\\Foundation\\Http\\Kernel.php(200): Illuminate\\Routing\\Router->dispatch(Object(Illuminate\\Http\\Request))
#50 C:\\wamp64\\www\\maasin_live_act\\vendor\\laravel\\framework\\src\\Illuminate\\Pipeline\\Pipeline.php(144): Illuminate\\Foundation\\Http\\Kernel->{closure:Illuminate\\Foundation\\Http\\Kernel::dispatchToRouter():197}(Object(Illuminate\\Http\\Request))
#51 C:\\wamp64\\www\\maasin_live_act\\vendor\\laravel\\framework\\src\\Illuminate\\Foundation\\Http\\Middleware\\TransformsRequest.php(21): Illuminate\\Pipeline\\Pipeline->{closure:Illuminate\\Pipeline\\Pipeline::prepareDestination():142}(Object(Illuminate\\Http\\Request))
#52 C:\\wamp64\\www\\maasin_live_act\\vendor\\laravel\\framework\\src\\Illuminate\\Foundation\\Http\\Middleware\\ConvertEmptyStringsToNull.php(31): Illuminate\\Foundation\\Http\\Middleware\\TransformsRequest->handle(Object(Illuminate\\Http\\Request), Object(Closure))
#53 C:\\wamp64\\www\\maasin_live_act\\vendor\\laravel\\framework\\src\\Illuminate\\Pipeline\\Pipeline.php(183): Illuminate\\Foundation\\Http\\Middleware\\ConvertEmptyStringsToNull->handle(Object(Illuminate\\Http\\Request), Object(Closure))
#54 C:\\wamp64\\www\\maasin_live_act\\vendor\\laravel\\framework\\src\\Illuminate\\Foundation\\Http\\Middleware\\TransformsRequest.php(21): Illuminate\\Pipeline\\Pipeline->{closure:{closure:Illuminate\\Pipeline\\Pipeline::carry():158}:159}(Object(Illuminate\\Http\\Request))
#55 C:\\wamp64\\www\\maasin_live_act\\vendor\\laravel\\framework\\src\\Illuminate\\Foundation\\Http\\Middleware\\TrimStrings.php(40): Illuminate\\Foundation\\Http\\Middleware\\TransformsRequest->handle(Object(Illuminate\\Http\\Request), Object(Closure))
#56 C:\\wamp64\\www\\maasin_live_act\\vendor\\laravel\\framework\\src\\Illuminate\\Pipeline\\Pipeline.php(183): Illuminate\\Foundation\\Http\\Middleware\\TrimStrings->handle(Object(Illuminate\\Http\\Request), Object(Closure))
#57 C:\\wamp64\\www\\maasin_live_act\\vendor\\laravel\\framework\\src\\Illuminate\\Foundation\\Http\\Middleware\\ValidatePostSize.php(27): Illuminate\\Pipeline\\Pipeline->{closure:{closure:Illuminate\\Pipeline\\Pipeline::carry():158}:159}(Object(Illuminate\\Http\\Request))
#58 C:\\wamp64\\www\\maasin_live_act\\vendor\\laravel\\framework\\src\\Illuminate\\Pipeline\\Pipeline.php(183): Illuminate\\Foundation\\Http\\Middleware\\ValidatePostSize->handle(Object(Illuminate\\Http\\Request), Object(Closure))
#59 C:\\wamp64\\www\\maasin_live_act\\vendor\\laravel\\framework\\src\\Illuminate\\Foundation\\Http\\Middleware\\PreventRequestsDuringMaintenance.php(99): Illuminate\\Pipeline\\Pipeline->{closure:{closure:Illuminate\\Pipeline\\Pipeline::carry():158}:159}(Object(Illuminate\\Http\\Request))
#60 C:\\wamp64\\www\\maasin_live_act\\vendor\\laravel\\framework\\src\\Illuminate\\Pipeline\\Pipeline.php(183): Illuminate\\Foundation\\Http\\Middleware\\PreventRequestsDuringMaintenance->handle(Object(Illuminate\\Http\\Request), Object(Closure))
#61 C:\\wamp64\\www\\maasin_live_act\\vendor\\laravel\\framework\\src\\Illuminate\\Http\\Middleware\\TrustProxies.php(39): Illuminate\\Pipeline\\Pipeline->{closure:{closure:Illuminate\\Pipeline\\Pipeline::carry():158}:159}(Object(Illuminate\\Http\\Request))
#62 C:\\wamp64\\www\\maasin_live_act\\vendor\\laravel\\framework\\src\\Illuminate\\Pipeline\\Pipeline.php(183): Illuminate\\Http\\Middleware\\TrustProxies->handle(Object(Illuminate\\Http\\Request), Object(Closure))
#63 C:\\wamp64\\www\\maasin_live_act\\vendor\\laravel\\framework\\src\\Illuminate\\Pipeline\\Pipeline.php(119): Illuminate\\Pipeline\\Pipeline->{closure:{closure:Illuminate\\Pipeline\\Pipeline::carry():158}:159}(Object(Illuminate\\Http\\Request))
#64 C:\\wamp64\\www\\maasin_live_act\\vendor\\laravel\\framework\\src\\Illuminate\\Foundation\\Http\\Kernel.php(175): Illuminate\\Pipeline\\Pipeline->then(Object(Closure))
#65 C:\\wamp64\\www\\maasin_live_act\\vendor\\laravel\\framework\\src\\Illuminate\\Foundation\\Http\\Kernel.php(144): Illuminate\\Foundation\\Http\\Kernel->sendRequestThroughRouter(Object(Illuminate\\Http\\Request))
#66 C:\\wamp64\\www\\maasin_live_act\\public\\index.php(54): Illuminate\\Foundation\\Http\\Kernel->handle(Object(Illuminate\\Http\\Request))
#67 {main}

[previous exception] [object] (ErrorException(code: 0): Attempt to read property \"principal_balance\" on string at C:\\wamp64\\www\\maasin_live_act\\storage\\framework\\views\\422c6115bf2f00a70f8a21ce48423398.php:107)
[stacktrace]
#0 C:\\wamp64\\www\\maasin_live_act\\vendor\\laravel\\framework\\src\\Illuminate\\Foundation\\Bootstrap\\HandleExceptions.php(255): Illuminate\\Foundation\\Bootstrap\\HandleExceptions->handleError(2, 'Attempt to read...', 'C:\\\\wamp64\\\\www\\\\m...', 107)
#1 C:\\wamp64\\www\\maasin_live_act\\storage\\framework\\views\\422c6115bf2f00a70f8a21ce48423398.php(107): Illuminate\\Foundation\\Bootstrap\\HandleExceptions->{closure:Illuminate\\Foundation\\Bootstrap\\HandleExceptions::forwardsTo():254}(2, 'Attempt to read...', 'C:\\\\wamp64\\\\www\\\\m...', 107)
#2 C:\\wamp64\\www\\maasin_live_act\\vendor\\laravel\\framework\\src\\Illuminate\\Filesystem\\Filesystem.php(123): require('C:\\\\wamp64\\\\www\\\\m...')
#3 C:\\wamp64\\www\\maasin_live_act\\vendor\\laravel\\framework\\src\\Illuminate\\Filesystem\\Filesystem.php(124): Illuminate\\Filesystem\\Filesystem::{closure:Illuminate\\Filesystem\\Filesystem::getRequire():120}()
#4 C:\\wamp64\\www\\maasin_live_act\\vendor\\laravel\\framework\\src\\Illuminate\\View\\Engines\\PhpEngine.php(58): Illuminate\\Filesystem\\Filesystem->getRequire('C:\\\\wamp64\\\\www\\\\m...', Array)
#5 C:\\wamp64\\www\\maasin_live_act\\vendor\\laravel\\framework\\src\\Illuminate\\View\\Engines\\CompilerEngine.php(72): Illuminate\\View\\Engines\\PhpEngine->evaluatePath('C:\\\\wamp64\\\\www\\\\m...', Array)
#6 C:\\wamp64\\www\\maasin_live_act\\vendor\\laravel\\framework\\src\\Illuminate\\View\\View.php(207): Illuminate\\View\\Engines\\CompilerEngine->get('C:\\\\wamp64\\\\www\\\\m...', Array)
#7 C:\\wamp64\\www\\maasin_live_act\\vendor\\laravel\\framework\\src\\Illuminate\\View\\View.php(190): Illuminate\\View\\View->getContents()
#8 C:\\wamp64\\www\\maasin_live_act\\vendor\\laravel\\framework\\src\\Illuminate\\View\\View.php(159): Illuminate\\View\\View->renderContents()
#9 C:\\wamp64\\www\\maasin_live_act\\storage\\framework\\views\\f411e370c677afec3477721a798e6b40.php(348): Illuminate\\View\\View->render()
#10 C:\\wamp64\\www\\maasin_live_act\\vendor\\laravel\\framework\\src\\Illuminate\\Filesystem\\Filesystem.php(123): require('C:\\\\wamp64\\\\www\\\\m...')
#11 C:\\wamp64\\www\\maasin_live_act\\vendor\\laravel\\framework\\src\\Illuminate\\Filesystem\\Filesystem.php(124): Illuminate\\Filesystem\\Filesystem::{closure:Illuminate\\Filesystem\\Filesystem::getRequire():120}()
#12 C:\\wamp64\\www\\maasin_live_act\\vendor\\laravel\\framework\\src\\Illuminate\\View\\Engines\\PhpEngine.php(58): Illuminate\\Filesystem\\Filesystem->getRequire('C:\\\\wamp64\\\\www\\\\m...', Array)
#13 C:\\wamp64\\www\\maasin_live_act\\vendor\\laravel\\framework\\src\\Illuminate\\View\\Engines\\CompilerEngine.php(72): Illuminate\\View\\Engines\\PhpEngine->evaluatePath('C:\\\\wamp64\\\\www\\\\m...', Array)
#14 C:\\wamp64\\www\\maasin_live_act\\vendor\\laravel\\framework\\src\\Illuminate\\View\\View.php(207): Illuminate\\View\\Engines\\CompilerEngine->get('C:\\\\wamp64\\\\www\\\\m...', Array)
#15 C:\\wamp64\\www\\maasin_live_act\\vendor\\laravel\\framework\\src\\Illuminate\\View\\View.php(190): Illuminate\\View\\View->getContents()
#16 C:\\wamp64\\www\\maasin_live_act\\vendor\\laravel\\framework\\src\\Illuminate\\View\\View.php(159): Illuminate\\View\\View->renderContents()
#17 C:\\wamp64\\www\\maasin_live_act\\storage\\framework\\views\\5c43925ac8c9fbd5725485ffea15e1c8.php(155): Illuminate\\View\\View->render()
#18 C:\\wamp64\\www\\maasin_live_act\\vendor\\laravel\\framework\\src\\Illuminate\\Filesystem\\Filesystem.php(123): require('C:\\\\wamp64\\\\www\\\\m...')
#19 C:\\wamp64\\www\\maasin_live_act\\vendor\\laravel\\framework\\src\\Illuminate\\Filesystem\\Filesystem.php(124): Illuminate\\Filesystem\\Filesystem::{closure:Illuminate\\Filesystem\\Filesystem::getRequire():120}()
#20 C:\\wamp64\\www\\maasin_live_act\\vendor\\laravel\\framework\\src\\Illuminate\\View\\Engines\\PhpEngine.php(58): Illuminate\\Filesystem\\Filesystem->getRequire('C:\\\\wamp64\\\\www\\\\m...', Array)
#21 C:\\wamp64\\www\\maasin_live_act\\vendor\\laravel\\framework\\src\\Illuminate\\View\\Engines\\CompilerEngine.php(72): Illuminate\\View\\Engines\\PhpEngine->evaluatePath('C:\\\\wamp64\\\\www\\\\m...', Array)
#22 C:\\wamp64\\www\\maasin_live_act\\vendor\\laravel\\framework\\src\\Illuminate\\View\\View.php(207): Illuminate\\View\\Engines\\CompilerEngine->get('C:\\\\wamp64\\\\www\\\\m...', Array)
#23 C:\\wamp64\\www\\maasin_live_act\\vendor\\laravel\\framework\\src\\Illuminate\\View\\View.php(190): Illuminate\\View\\View->getContents()
#24 C:\\wamp64\\www\\maasin_live_act\\vendor\\laravel\\framework\\src\\Illuminate\\View\\View.php(159): Illuminate\\View\\View->renderContents()
#25 C:\\wamp64\\www\\maasin_live_act\\vendor\\laravel\\framework\\src\\Illuminate\\Http\\Response.php(69): Illuminate\\View\\View->render()
#26 C:\\wamp64\\www\\maasin_live_act\\vendor\\laravel\\framework\\src\\Illuminate\\Http\\Response.php(35): Illuminate\\Http\\Response->setContent(Object(Illuminate\\View\\View))
#27 C:\\wamp64\\www\\maasin_live_act\\vendor\\laravel\\framework\\src\\Illuminate\\Routing\\Router.php(918): Illuminate\\Http\\Response->__construct(Object(Illuminate\\View\\View), 200, Array)
#28 C:\\wamp64\\www\\maasin_live_act\\vendor\\laravel\\framework\\src\\Illuminate\\Routing\\Router.php(885): Illuminate\\Routing\\Router::toResponse(Object(Illuminate\\Http\\Request), Object(Illuminate\\View\\View))
#29 C:\\wamp64\\www\\maasin_live_act\\vendor\\laravel\\framework\\src\\Illuminate\\Routing\\Router.php(805): Illuminate\\Routing\\Router->prepareResponse(Object(Illuminate\\Http\\Request), Object(Illuminate\\View\\View))
#30 C:\\wamp64\\www\\maasin_live_act\\vendor\\laravel\\framework\\src\\Illuminate\\Pipeline\\Pipeline.php(144): Illuminate\\Routing\\Router->{closure:Illuminate\\Routing\\Router::runRouteWithinStack():805}(Object(Illuminate\\Http\\Request))
#31 C:\\wamp64\\www\\maasin_live_act\\app\\Http\\Middleware\\SessionExpired.php(48): Illuminate\\Pipeline\\Pipeline->{closure:Illuminate\\Pipeline\\Pipeline::prepareDestination():142}(Object(Illuminate\\Http\\Request))
#32 C:\\wamp64\\www\\maasin_live_act\\vendor\\laravel\\framework\\src\\Illuminate\\Pipeline\\Pipeline.php(183): App\\Http\\Middleware\\SessionExpired->handle(Object(Illuminate\\Http\\Request), Object(Closure))
#33 C:\\wamp64\\www\\maasin_live_act\\vendor\\laravel\\framework\\src\\Illuminate\\Routing\\Middleware\\SubstituteBindings.php(50): Illuminate\\Pipeline\\Pipeline->{closure:{closure:Illuminate\\Pipeline\\Pipeline::carry():158}:159}(Object(Illuminate\\Http\\Request))
#34 C:\\wamp64\\www\\maasin_live_act\\vendor\\laravel\\framework\\src\\Illuminate\\Pipeline\\Pipeline.php(183): Illuminate\\Routing\\Middleware\\SubstituteBindings->handle(Object(Illuminate\\Http\\Request), Object(Closure))
#35 C:\\wamp64\\www\\maasin_live_act\\vendor\\laravel\\framework\\src\\Illuminate\\Foundation\\Http\\Middleware\\VerifyCsrfToken.php(78): Illuminate\\Pipeline\\Pipeline->{closure:{closure:Illuminate\\Pipeline\\Pipeline::carry():158}:159}(Object(Illuminate\\Http\\Request))
#36 C:\\wamp64\\www\\maasin_live_act\\vendor\\laravel\\framework\\src\\Illuminate\\Pipeline\\Pipeline.php(183): Illuminate\\Foundation\\Http\\Middleware\\VerifyCsrfToken->handle(Object(Illuminate\\Http\\Request), Object(Closure))
#37 C:\\wamp64\\www\\maasin_live_act\\vendor\\laravel\\framework\\src\\Illuminate\\View\\Middleware\\ShareErrorsFromSession.php(49): Illuminate\\Pipeline\\Pipeline->{closure:{closure:Illuminate\\Pipeline\\Pipeline::carry():158}:159}(Object(Illuminate\\Http\\Request))
#38 C:\\wamp64\\www\\maasin_live_act\\vendor\\laravel\\framework\\src\\Illuminate\\Pipeline\\Pipeline.php(183): Illuminate\\View\\Middleware\\ShareErrorsFromSession->handle(Object(Illuminate\\Http\\Request), Object(Closure))
#39 C:\\wamp64\\www\\maasin_live_act\\vendor\\laravel\\framework\\src\\Illuminate\\Session\\Middleware\\StartSession.php(121): Illuminate\\Pipeline\\Pipeline->{closure:{closure:Illuminate\\Pipeline\\Pipeline::carry():158}:159}(Object(Illuminate\\Http\\Request))
#40 C:\\wamp64\\www\\maasin_live_act\\vendor\\laravel\\framework\\src\\Illuminate\\Session\\Middleware\\StartSession.php(64): Illuminate\\Session\\Middleware\\StartSession->handleStatefulRequest(Object(Illuminate\\Http\\Request), Object(Illuminate\\Session\\Store), Object(Closure))
#41 C:\\wamp64\\www\\maasin_live_act\\vendor\\laravel\\framework\\src\\Illuminate\\Pipeline\\Pipeline.php(183): Illuminate\\Session\\Middleware\\StartSession->handle(Object(Illuminate\\Http\\Request), Object(Closure))
#42 C:\\wamp64\\www\\maasin_live_act\\vendor\\laravel\\framework\\src\\Illuminate\\Cookie\\Middleware\\AddQueuedCookiesToResponse.php(37): Illuminate\\Pipeline\\Pipeline->{closure:{closure:Illuminate\\Pipeline\\Pipeline::carry():158}:159}(Object(Illuminate\\Http\\Request))
#43 C:\\wamp64\\www\\maasin_live_act\\vendor\\laravel\\framework\\src\\Illuminate\\Pipeline\\Pipeline.php(183): Illuminate\\Cookie\\Middleware\\AddQueuedCookiesToResponse->handle(Object(Illuminate\\Http\\Request), Object(Closure))
#44 C:\\wamp64\\www\\maasin_live_act\\vendor\\laravel\\framework\\src\\Illuminate\\Cookie\\Middleware\\EncryptCookies.php(67): Illuminate\\Pipeline\\Pipeline->{closure:{closure:Illuminate\\Pipeline\\Pipeline::carry():158}:159}(Object(Illuminate\\Http\\Request))
#45 C:\\wamp64\\www\\maasin_live_act\\vendor\\laravel\\framework\\src\\Illuminate\\Pipeline\\Pipeline.php(183): Illuminate\\Cookie\\Middleware\\EncryptCookies->handle(Object(Illuminate\\Http\\Request), Object(Closure))
#46 C:\\wamp64\\www\\maasin_live_act\\vendor\\laravel\\framework\\src\\Illuminate\\Pipeline\\Pipeline.php(119): Illuminate\\Pipeline\\Pipeline->{closure:{closure:Illuminate\\Pipeline\\Pipeline::carry():158}:159}(Object(Illuminate\\Http\\Request))
#47 C:\\wamp64\\www\\maasin_live_act\\vendor\\laravel\\framework\\src\\Illuminate\\Routing\\Router.php(805): Illuminate\\Pipeline\\Pipeline->then(Object(Closure))
#48 C:\\wamp64\\www\\maasin_live_act\\vendor\\laravel\\framework\\src\\Illuminate\\Routing\\Router.php(784): Illuminate\\Routing\\Router->runRouteWithinStack(Object(Illuminate\\Routing\\Route), Object(Illuminate\\Http\\Request))
#49 C:\\wamp64\\www\\maasin_live_act\\vendor\\laravel\\framework\\src\\Illuminate\\Routing\\Router.php(748): Illuminate\\Routing\\Router->runRoute(Object(Illuminate\\Http\\Request), Object(Illuminate\\Routing\\Route))
#50 C:\\wamp64\\www\\maasin_live_act\\vendor\\laravel\\framework\\src\\Illuminate\\Routing\\Router.php(737): Illuminate\\Routing\\Router->dispatchToRoute(Object(Illuminate\\Http\\Request))
#51 C:\\wamp64\\www\\maasin_live_act\\vendor\\laravel\\framework\\src\\Illuminate\\Foundation\\Http\\Kernel.php(200): Illuminate\\Routing\\Router->dispatch(Object(Illuminate\\Http\\Request))
#52 C:\\wamp64\\www\\maasin_live_act\\vendor\\laravel\\framework\\src\\Illuminate\\Pipeline\\Pipeline.php(144): Illuminate\\Foundation\\Http\\Kernel->{closure:Illuminate\\Foundation\\Http\\Kernel::dispatchToRouter():197}(Object(Illuminate\\Http\\Request))
#53 C:\\wamp64\\www\\maasin_live_act\\vendor\\laravel\\framework\\src\\Illuminate\\Foundation\\Http\\Middleware\\TransformsRequest.php(21): Illuminate\\Pipeline\\Pipeline->{closure:Illuminate\\Pipeline\\Pipeline::prepareDestination():142}(Object(Illuminate\\Http\\Request))
#54 C:\\wamp64\\www\\maasin_live_act\\vendor\\laravel\\framework\\src\\Illuminate\\Foundation\\Http\\Middleware\\ConvertEmptyStringsToNull.php(31): Illuminate\\Foundation\\Http\\Middleware\\TransformsRequest->handle(Object(Illuminate\\Http\\Request), Object(Closure))
#55 C:\\wamp64\\www\\maasin_live_act\\vendor\\laravel\\framework\\src\\Illuminate\\Pipeline\\Pipeline.php(183): Illuminate\\Foundation\\Http\\Middleware\\ConvertEmptyStringsToNull->handle(Object(Illuminate\\Http\\Request), Object(Closure))
#56 C:\\wamp64\\www\\maasin_live_act\\vendor\\laravel\\framework\\src\\Illuminate\\Foundation\\Http\\Middleware\\TransformsRequest.php(21): Illuminate\\Pipeline\\Pipeline->{closure:{closure:Illuminate\\Pipeline\\Pipeline::carry():158}:159}(Object(Illuminate\\Http\\Request))
#57 C:\\wamp64\\www\\maasin_live_act\\vendor\\laravel\\framework\\src\\Illuminate\\Foundation\\Http\\Middleware\\TrimStrings.php(40): Illuminate\\Foundation\\Http\\Middleware\\TransformsRequest->handle(Object(Illuminate\\Http\\Request), Object(Closure))
#58 C:\\wamp64\\www\\maasin_live_act\\vendor\\laravel\\framework\\src\\Illuminate\\Pipeline\\Pipeline.php(183): Illuminate\\Foundation\\Http\\Middleware\\TrimStrings->handle(Object(Illuminate\\Http\\Request), Object(Closure))
#59 C:\\wamp64\\www\\maasin_live_act\\vendor\\laravel\\framework\\src\\Illuminate\\Foundation\\Http\\Middleware\\ValidatePostSize.php(27): Illuminate\\Pipeline\\Pipeline->{closure:{closure:Illuminate\\Pipeline\\Pipeline::carry():158}:159}(Object(Illuminate\\Http\\Request))
#60 C:\\wamp64\\www\\maasin_live_act\\vendor\\laravel\\framework\\src\\Illuminate\\Pipeline\\Pipeline.php(183): Illuminate\\Foundation\\Http\\Middleware\\ValidatePostSize->handle(Object(Illuminate\\Http\\Request), Object(Closure))
#61 C:\\wamp64\\www\\maasin_live_act\\vendor\\laravel\\framework\\src\\Illuminate\\Foundation\\Http\\Middleware\\PreventRequestsDuringMaintenance.php(99): Illuminate\\Pipeline\\Pipeline->{closure:{closure:Illuminate\\Pipeline\\Pipeline::carry():158}:159}(Object(Illuminate\\Http\\Request))
#62 C:\\wamp64\\www\\maasin_live_act\\vendor\\laravel\\framework\\src\\Illuminate\\Pipeline\\Pipeline.php(183): Illuminate\\Foundation\\Http\\Middleware\\PreventRequestsDuringMaintenance->handle(Object(Illuminate\\Http\\Request), Object(Closure))
#63 C:\\wamp64\\www\\maasin_live_act\\vendor\\laravel\\framework\\src\\Illuminate\\Http\\Middleware\\TrustProxies.php(39): Illuminate\\Pipeline\\Pipeline->{closure:{closure:Illuminate\\Pipeline\\Pipeline::carry():158}:159}(Object(Illuminate\\Http\\Request))
#64 C:\\wamp64\\www\\maasin_live_act\\vendor\\laravel\\framework\\src\\Illuminate\\Pipeline\\Pipeline.php(183): Illuminate\\Http\\Middleware\\TrustProxies->handle(Object(Illuminate\\Http\\Request), Object(Closure))
#65 C:\\wamp64\\www\\maasin_live_act\\vendor\\laravel\\framework\\src\\Illuminate\\Pipeline\\Pipeline.php(119): Illuminate\\Pipeline\\Pipeline->{closure:{closure:Illuminate\\Pipeline\\Pipeline::carry():158}:159}(Object(Illuminate\\Http\\Request))
#66 C:\\wamp64\\www\\maasin_live_act\\vendor\\laravel\\framework\\src\\Illuminate\\Foundation\\Http\\Kernel.php(175): Illuminate\\Pipeline\\Pipeline->then(Object(Closure))
#67 C:\\wamp64\\www\\maasin_live_act\\vendor\\laravel\\framework\\src\\Illuminate\\Foundation\\Http\\Kernel.php(144): Illuminate\\Foundation\\Http\\Kernel->sendRequestThroughRouter(Object(Illuminate\\Http\\Request))
#68 C:\\wamp64\\www\\maasin_live_act\\public\\index.php(54): Illuminate\\Foundation\\Http\\Kernel->handle(Object(Illuminate\\Http\\Request))
#69 {main}
"} 
[2025-12-09 14:57:46] local.ERROR: Attempt to read property "principal_balance" on string {"view":{"view":"C:\\wamp64\\www\\maasin_live_act\\resources\\views\\loan\\repayment_table.blade.php","data":{"errors":"<pre class=sf-dump id=sf-dump-91711101 data-indent-pad=\"  \"><span class=sf-dump-note>Illuminate\\Support\\ViewErrorBag</span> {<a class=sf-dump-ref>#767</a><samp data-depth=1 class=sf-dump-expanded>
  #<span class=sf-dump-protected title=\"Protected property\">bags</span>: []
</samp>}
</pre><script>Sfdump(\"sf-dump-91711101\", {\"maxDepth\":3,\"maxStringLength\":160})</script>
","service_details":"<pre class=sf-dump id=sf-dump-80131062 data-indent-pad=\"  \">{<a class=sf-dump-ref>#787</a><samp data-depth=1 class=sf-dump-expanded>
  +\"<span class=sf-dump-public title=\"Runtime added dynamic property\">id_loan</span>\": <span class=sf-dump-num>1510</span>
  +\"<span class=sf-dump-public title=\"Runtime added dynamic property\">loan_token</span>\": \"<span class=sf-dump-str title=\"23 characters\">11292024143240577301269</span>\"
  +\"<span class=sf-dump-public title=\"Runtime added dynamic property\">name</span>\": \"<span class=sf-dump-str title=\"32 characters\">Members-Regular Loan | 12 MONTHS</span>\"
  +\"<span class=sf-dump-public title=\"Runtime added dynamic property\">id_loan_service</span>\": <span class=sf-dump-num>11</span>
  +\"<span class=sf-dump-public title=\"Runtime added dynamic property\">interest_rate</span>\": \"<span class=sf-dump-str title=\"4 characters\">1.50</span>\"
  +\"<span class=sf-dump-public title=\"Runtime added dynamic property\">terms</span>\": <span class=sf-dump-num>12</span>
  +\"<span class=sf-dump-public title=\"Runtime added dynamic property\">period</span>\": <span class=sf-dump-const>null</span>
  +\"<span class=sf-dump-public title=\"Runtime added dynamic property\">cbu_amount</span>\": <span class=sf-dump-num>0.0</span>
  +\"<span class=sf-dump-public title=\"Runtime added dynamic property\">is_deduct_cbu</span>\": <span class=sf-dump-num>0</span>
  +\"<span class=sf-dump-public title=\"Runtime added dynamic property\">principal_amount</span>\": \"<span class=sf-dump-str title=\"8 characters\">10000.00</span>\"
  +\"<span class=sf-dump-public title=\"Runtime added dynamic property\">loan_protection_rate</span>\": \"<span class=sf-dump-str title=\"4 characters\">0.00</span>\"
  +\"<span class=sf-dump-public title=\"Runtime added dynamic property\">id_term_period</span>\": <span class=sf-dump-num>3</span>
  +\"<span class=sf-dump-public title=\"Runtime added dynamic property\">id_interest_period</span>\": <span class=sf-dump-num>3</span>
  +\"<span class=sf-dump-public title=\"Runtime added dynamic property\">id_interest_method</span>\": <span class=sf-dump-num>1</span>
  +\"<span class=sf-dump-public title=\"Runtime added dynamic property\">terms_desc</span>\": \"<span class=sf-dump-str title=\"9 characters\">12 Months</span>\"
  +\"<span class=sf-dump-public title=\"Runtime added dynamic property\">terms_token</span>\": \"<span class=sf-dump-str title=\"18 characters\">153813854066d865c9</span>\"
  +\"<span class=sf-dump-public title=\"Runtime added dynamic property\">min_amount</span>\": \"<span class=sf-dump-str title=\"7 characters\">1000.00</span>\"
  +\"<span class=sf-dump-public title=\"Runtime added dynamic property\">max_amount</span>\": \"<span class=sf-dump-str title=\"9 characters\">200000.00</span>\"
  +\"<span class=sf-dump-public title=\"Runtime added dynamic property\">id_loan_payment_type</span>\": <span class=sf-dump-num>1</span>
  +\"<span class=sf-dump-public title=\"Runtime added dynamic property\">due_date</span>\": <span class=sf-dump-const>null</span>
  +\"<span class=sf-dump-public title=\"Runtime added dynamic property\">id_member</span>\": <span class=sf-dump-num>6</span>
  +\"<span class=sf-dump-public title=\"Runtime added dynamic property\">id_charges_group</span>\": <span class=sf-dump-num>5</span>
  +\"<span class=sf-dump-public title=\"Runtime added dynamic property\">loan_protection_amount</span>\": \"<span class=sf-dump-str title=\"4 characters\">0.00</span>\"
  +\"<span class=sf-dump-public title=\"Runtime added dynamic property\">cbu_deficient</span>\": \"<span class=sf-dump-str title=\"4 characters\">0.00</span>\"
  +\"<span class=sf-dump-public title=\"Runtime added dynamic property\">total_deductions</span>\": \"<span class=sf-dump-str title=\"4 characters\">0.00</span>\"
  +\"<span class=sf-dump-public title=\"Runtime added dynamic property\">not_deducted_charges</span>\": \"<span class=sf-dump-str title=\"4 characters\">0.00</span>\"
  +\"<span class=sf-dump-public title=\"Runtime added dynamic property\">total_loan_proceeds</span>\": \"<span class=sf-dump-str title=\"8 characters\">10000.00</span>\"
  +\"<span class=sf-dump-public title=\"Runtime added dynamic property\">status</span>\": \"<span class=sf-dump-str>3</span>\"
  +\"<span class=sf-dump-public title=\"Runtime added dynamic property\">loan_remarks</span>\": \"\"
  +\"<span class=sf-dump-public title=\"Runtime added dynamic property\">loan_status</span>\": \"<span class=sf-dump-str title=\"6 characters\">Active</span>\"
  +\"<span class=sf-dump-public title=\"Runtime added dynamic property\">status_code</span>\": \"<span class=sf-dump-str>3</span>\"
  +\"<span class=sf-dump-public title=\"Runtime added dynamic property\">cancellation_reason</span>\": <span class=sf-dump-const>null</span>
  +\"<span class=sf-dump-public title=\"Runtime added dynamic property\">prev_loan_balance</span>\": \"<span class=sf-dump-str title=\"4 characters\">0.00</span>\"
  +\"<span class=sf-dump-public title=\"Runtime added dynamic property\">prev_loan_rebates</span>\": \"<span class=sf-dump-str title=\"4 characters\">0.00</span>\"
  +\"<span class=sf-dump-public title=\"Runtime added dynamic property\">lstatus</span>\": <span class=sf-dump-num>1</span>
  +\"<span class=sf-dump-public title=\"Runtime added dynamic property\">id_cash_disbursement</span>\": <span class=sf-dump-num>0</span>
  +\"<span class=sf-dump-public title=\"Runtime added dynamic property\">paid_principal</span>\": \"<span class=sf-dump-str title=\"4 characters\">0.00</span>\"
  +\"<span class=sf-dump-public title=\"Runtime added dynamic property\">paid_interest</span>\": \"<span class=sf-dump-str title=\"4 characters\">0.00</span>\"
  +\"<span class=sf-dump-public title=\"Runtime added dynamic property\">paid_fees</span>\": \"<span class=sf-dump-str title=\"4 characters\">0.00</span>\"
  +\"<span class=sf-dump-public title=\"Runtime added dynamic property\">date_released</span>\": \"<span class=sf-dump-str title=\"10 characters\">2024-07-23</span>\"
  +\"<span class=sf-dump-public title=\"Runtime added dynamic property\">date_granted</span>\": \"<span class=sf-dump-str title=\"10 characters\">07/23/2024</span>\"
  +\"<span class=sf-dump-public title=\"Runtime added dynamic property\">month_duration</span>\": <span class=sf-dump-num>1</span>
  +\"<span class=sf-dump-public title=\"Runtime added dynamic property\">interest_show</span>\": \"<span class=sf-dump-str title=\"4 characters\">0.00</span>\"
  +\"<span class=sf-dump-public title=\"Runtime added dynamic property\">id_one_time_type</span>\": <span class=sf-dump-num>0</span>
</samp>}
</pre><script>Sfdump(\"sf-dump-80131062\", {\"maxDepth\":3,\"maxStringLength\":160})</script>
","member_details":"<pre class=sf-dump id=sf-dump-1069110437 data-indent-pad=\"  \">{<a class=sf-dump-ref>#778</a><samp data-depth=1 class=sf-dump-expanded>
  +\"<span class=sf-dump-public title=\"Runtime added dynamic property\">name</span>\": \"<span class=sf-dump-str title=\"16 characters\">LAGUNDAY, DELIA </span>\"
</samp>}
</pre><script>Sfdump(\"sf-dump-1069110437\", {\"maxDepth\":3,\"maxStringLength\":160})</script>
","OTHER_DEDUCTIONS":"<pre class=sf-dump id=sf-dump-1796969329 data-indent-pad=\"  \">[]
</pre><script>Sfdump(\"sf-dump-1796969329\", {\"maxDepth\":3,\"maxStringLength\":160})</script>
","CBU_DEFICIENT_AMOUNT":"<pre class=sf-dump id=sf-dump-2009049893 data-indent-pad=\"  \">\"<span class=sf-dump-str title=\"4 characters\">0.00</span>\"
</pre><script>Sfdump(\"sf-dump-2009049893\", {\"maxDepth\":3,\"maxStringLength\":160})</script>
","DEDUCTED_CHARGES":"<pre class=sf-dump id=sf-dump-1558315852 data-indent-pad=\"  \">[]
</pre><script>Sfdump(\"sf-dump-1558315852\", {\"maxDepth\":3,\"maxStringLength\":160})</script>
","PREV_LOAN_OFFSET":"<pre class=sf-dump id=sf-dump-248289966 data-indent-pad=\"  \">[]
</pre><script>Sfdump(\"sf-dump-248289966\", {\"maxDepth\":3,\"maxStringLength\":160})</script>
","TOTAL_LOAN_OFFSET_REBATES":"<pre class=sf-dump id=sf-dump-1890407602 data-indent-pad=\"  \"><span class=sf-dump-num>0</span>
</pre><script>Sfdump(\"sf-dump-1890407602\", {\"maxDepth\":3,\"maxStringLength\":160})</script>
","TOTAL_LOAN_OFFSET":"<pre class=sf-dump id=sf-dump-1536553747 data-indent-pad=\"  \"><span class=sf-dump-num>0</span>
</pre><script>Sfdump(\"sf-dump-1536553747\", {\"maxDepth\":3,\"maxStringLength\":160})</script>
","LOAN_BALANCE":"<pre class=sf-dump id=sf-dump-178382891 data-indent-pad=\"  \">\"<span class=sf-dump-str title=\"4 characters\">0.00</span>\"
</pre><script>Sfdump(\"sf-dump-178382891\", {\"maxDepth\":3,\"maxStringLength\":160})</script>
","REBATES":"<pre class=sf-dump id=sf-dump-1555434823 data-indent-pad=\"  \">\"<span class=sf-dump-str title=\"4 characters\">0.00</span>\"
</pre><script>Sfdump(\"sf-dump-1555434823\", {\"maxDepth\":3,\"maxStringLength\":160})</script>
","TOTAL_LOAN_BALANCE":"<pre class=sf-dump id=sf-dump-986214221 data-indent-pad=\"  \"><span class=sf-dump-num>0.0</span>
</pre><script>Sfdump(\"sf-dump-986214221\", {\"maxDepth\":3,\"maxStringLength\":160})</script>
","TOTAL_DEDUCTED_CHARGES":"<pre class=sf-dump id=sf-dump-1727745203 data-indent-pad=\"  \">\"<span class=sf-dump-str title=\"4 characters\">0.00</span>\"
</pre><script>Sfdump(\"sf-dump-1727745203\", {\"maxDepth\":3,\"maxStringLength\":160})</script>
","PRINCIPAL_AMOUNT":"<pre class=sf-dump id=sf-dump-1048796974 data-indent-pad=\"  \">\"<span class=sf-dump-str title=\"8 characters\">10000.00</span>\"
</pre><script>Sfdump(\"sf-dump-1048796974\", {\"maxDepth\":3,\"maxStringLength\":160})</script>
","TOTAL_NOT_DEDUCTED_CHARGES":"<pre class=sf-dump id=sf-dump-1338893251 data-indent-pad=\"  \">\"<span class=sf-dump-str title=\"4 characters\">0.00</span>\"
</pre><script>Sfdump(\"sf-dump-1338893251\", {\"maxDepth\":3,\"maxStringLength\":160})</script>
","TOTAL_LOAN_PROCEED":"<pre class=sf-dump id=sf-dump-215009195 data-indent-pad=\"  \">\"<span class=sf-dump-str title=\"8 characters\">10000.00</span>\"
</pre><script>Sfdump(\"sf-dump-215009195\", {\"maxDepth\":3,\"maxStringLength\":160})</script>
","AMTZ_SCHED":"<pre class=sf-dump id=sf-dump-2026940835 data-indent-pad=\"  \"><span class=sf-dump-note>array:12</span> [<samp data-depth=1 class=sf-dump-expanded>
  <span class=sf-dump-index>0</span> => {<a class=sf-dump-ref>#782</a><samp data-depth=2 class=sf-dump-compact>
    +\"<span class=sf-dump-public title=\"Runtime added dynamic property\">term_code</span>\": \"<span class=sf-dump-str title=\"2 characters\">P1</span>\"
    +\"<span class=sf-dump-public title=\"Runtime added dynamic property\">date</span>\": \"<span class=sf-dump-str title=\"10 characters\">08/30/2024</span>\"
    +\"<span class=sf-dump-public title=\"Runtime added dynamic property\">principal</span>\": \"<span class=sf-dump-str title=\"6 characters\">833.33</span>\"
    +\"<span class=sf-dump-public title=\"Runtime added dynamic property\">interest</span>\": \"<span class=sf-dump-str title=\"6 characters\">150.00</span>\"
    +\"<span class=sf-dump-public title=\"Runtime added dynamic property\">surcharge</span>\": \"<span class=sf-dump-str title=\"4 characters\">0.00</span>\"
    +\"<span class=sf-dump-public title=\"Runtime added dynamic property\">total</span>\": \"<span class=sf-dump-str title=\"6 characters\">983.33</span>\"
    +\"<span class=sf-dump-public title=\"Runtime added dynamic property\">accrued</span>\": <span class=sf-dump-num>0</span>
  </samp>}
  <span class=sf-dump-index>1</span> => {<a class=sf-dump-ref>#777</a><samp data-depth=2 class=sf-dump-compact>
    +\"<span class=sf-dump-public title=\"Runtime added dynamic property\">term_code</span>\": \"<span class=sf-dump-str title=\"2 characters\">P2</span>\"
    +\"<span class=sf-dump-public title=\"Runtime added dynamic property\">date</span>\": \"<span class=sf-dump-str title=\"10 characters\">09/30/2024</span>\"
    +\"<span class=sf-dump-public title=\"Runtime added dynamic property\">principal</span>\": \"<span class=sf-dump-str title=\"6 characters\">833.33</span>\"
    +\"<span class=sf-dump-public title=\"Runtime added dynamic property\">interest</span>\": \"<span class=sf-dump-str title=\"6 characters\">150.00</span>\"
    +\"<span class=sf-dump-public title=\"Runtime added dynamic property\">surcharge</span>\": \"<span class=sf-dump-str title=\"4 characters\">0.00</span>\"
    +\"<span class=sf-dump-public title=\"Runtime added dynamic property\">total</span>\": \"<span class=sf-dump-str title=\"6 characters\">983.33</span>\"
    +\"<span class=sf-dump-public title=\"Runtime added dynamic property\">accrued</span>\": <span class=sf-dump-num>0</span>
  </samp>}
  <span class=sf-dump-index>2</span> => {<a class=sf-dump-ref>#781</a><samp data-depth=2 class=sf-dump-compact>
    +\"<span class=sf-dump-public title=\"Runtime added dynamic property\">term_code</span>\": \"<span class=sf-dump-str title=\"2 characters\">P3</span>\"
    +\"<span class=sf-dump-public title=\"Runtime added dynamic property\">date</span>\": \"<span class=sf-dump-str title=\"10 characters\">10/30/2024</span>\"
    +\"<span class=sf-dump-public title=\"Runtime added dynamic property\">principal</span>\": \"<span class=sf-dump-str title=\"6 characters\">833.33</span>\"
    +\"<span class=sf-dump-public title=\"Runtime added dynamic property\">interest</span>\": \"<span class=sf-dump-str title=\"6 characters\">150.00</span>\"
    +\"<span class=sf-dump-public title=\"Runtime added dynamic property\">surcharge</span>\": \"<span class=sf-dump-str title=\"4 characters\">0.00</span>\"
    +\"<span class=sf-dump-public title=\"Runtime added dynamic property\">total</span>\": \"<span class=sf-dump-str title=\"6 characters\">983.33</span>\"
    +\"<span class=sf-dump-public title=\"Runtime added dynamic property\">accrued</span>\": <span class=sf-dump-num>0</span>
  </samp>}
  <span class=sf-dump-index>3</span> => {<a class=sf-dump-ref>#790</a><samp data-depth=2 class=sf-dump-compact>
    +\"<span class=sf-dump-public title=\"Runtime added dynamic property\">term_code</span>\": \"<span class=sf-dump-str title=\"2 characters\">P4</span>\"
    +\"<span class=sf-dump-public title=\"Runtime added dynamic property\">date</span>\": \"<span class=sf-dump-str title=\"10 characters\">11/30/2024</span>\"
    +\"<span class=sf-dump-public title=\"Runtime added dynamic property\">principal</span>\": \"<span class=sf-dump-str title=\"6 characters\">833.33</span>\"
    +\"<span class=sf-dump-public title=\"Runtime added dynamic property\">interest</span>\": \"<span class=sf-dump-str title=\"6 characters\">150.00</span>\"
    +\"<span class=sf-dump-public title=\"Runtime added dynamic property\">surcharge</span>\": \"<span class=sf-dump-str title=\"4 characters\">0.00</span>\"
    +\"<span class=sf-dump-public title=\"Runtime added dynamic property\">total</span>\": \"<span class=sf-dump-str title=\"6 characters\">983.33</span>\"
    +\"<span class=sf-dump-public title=\"Runtime added dynamic property\">accrued</span>\": <span class=sf-dump-num>0</span>
  </samp>}
  <span class=sf-dump-index>4</span> => {<a class=sf-dump-ref>#793</a><samp data-depth=2 class=sf-dump-compact>
    +\"<span class=sf-dump-public title=\"Runtime added dynamic property\">term_code</span>\": \"<span class=sf-dump-str title=\"2 characters\">P5</span>\"
    +\"<span class=sf-dump-public title=\"Runtime added dynamic property\">date</span>\": \"<span class=sf-dump-str title=\"10 characters\">12/30/2024</span>\"
    +\"<span class=sf-dump-public title=\"Runtime added dynamic property\">principal</span>\": \"<span class=sf-dump-str title=\"6 characters\">833.33</span>\"
    +\"<span class=sf-dump-public title=\"Runtime added dynamic property\">interest</span>\": \"<span class=sf-dump-str title=\"6 characters\">150.00</span>\"
    +\"<span class=sf-dump-public title=\"Runtime added dynamic property\">surcharge</span>\": \"<span class=sf-dump-str title=\"4 characters\">0.00</span>\"
    +\"<span class=sf-dump-public title=\"Runtime added dynamic property\">total</span>\": \"<span class=sf-dump-str title=\"6 characters\">983.33</span>\"
    +\"<span class=sf-dump-public title=\"Runtime added dynamic property\">accrued</span>\": <span class=sf-dump-num>0</span>
  </samp>}
  <span class=sf-dump-index>5</span> => {<a class=sf-dump-ref>#795</a><samp data-depth=2 class=sf-dump-compact>
    +\"<span class=sf-dump-public title=\"Runtime added dynamic property\">term_code</span>\": \"<span class=sf-dump-str title=\"2 characters\">P6</span>\"
    +\"<span class=sf-dump-public title=\"Runtime added dynamic property\">date</span>\": \"<span class=sf-dump-str title=\"10 characters\">01/30/2025</span>\"
    +\"<span class=sf-dump-public title=\"Runtime added dynamic property\">principal</span>\": \"<span class=sf-dump-str title=\"6 characters\">833.33</span>\"
    +\"<span class=sf-dump-public title=\"Runtime added dynamic property\">interest</span>\": \"<span class=sf-dump-str title=\"6 characters\">150.00</span>\"
    +\"<span class=sf-dump-public title=\"Runtime added dynamic property\">surcharge</span>\": \"<span class=sf-dump-str title=\"4 characters\">0.00</span>\"
    +\"<span class=sf-dump-public title=\"Runtime added dynamic property\">total</span>\": \"<span class=sf-dump-str title=\"6 characters\">983.33</span>\"
    +\"<span class=sf-dump-public title=\"Runtime added dynamic property\">accrued</span>\": <span class=sf-dump-num>0</span>
  </samp>}
  <span class=sf-dump-index>6</span> => {<a class=sf-dump-ref>#798</a><samp data-depth=2 class=sf-dump-compact>
    +\"<span class=sf-dump-public title=\"Runtime added dynamic property\">term_code</span>\": \"<span class=sf-dump-str title=\"2 characters\">P7</span>\"
    +\"<span class=sf-dump-public title=\"Runtime added dynamic property\">date</span>\": \"<span class=sf-dump-str title=\"10 characters\">02/28/2025</span>\"
    +\"<span class=sf-dump-public title=\"Runtime added dynamic property\">principal</span>\": \"<span class=sf-dump-str title=\"6 characters\">833.33</span>\"
    +\"<span class=sf-dump-public title=\"Runtime added dynamic property\">interest</span>\": \"<span class=sf-dump-str title=\"6 characters\">150.00</span>\"
    +\"<span class=sf-dump-public title=\"Runtime added dynamic property\">surcharge</span>\": \"<span class=sf-dump-str title=\"4 characters\">0.00</span>\"
    +\"<span class=sf-dump-public title=\"Runtime added dynamic property\">total</span>\": \"<span class=sf-dump-str title=\"6 characters\">983.33</span>\"
    +\"<span class=sf-dump-public title=\"Runtime added dynamic property\">accrued</span>\": <span class=sf-dump-num>0</span>
  </samp>}
  <span class=sf-dump-index>7</span> => {<a class=sf-dump-ref>#796</a><samp data-depth=2 class=sf-dump-compact>
    +\"<span class=sf-dump-public title=\"Runtime added dynamic property\">term_code</span>\": \"<span class=sf-dump-str title=\"2 characters\">P8</span>\"
    +\"<span class=sf-dump-public title=\"Runtime added dynamic property\">date</span>\": \"<span class=sf-dump-str title=\"10 characters\">03/30/2025</span>\"
    +\"<span class=sf-dump-public title=\"Runtime added dynamic property\">principal</span>\": \"<span class=sf-dump-str title=\"6 characters\">833.33</span>\"
    +\"<span class=sf-dump-public title=\"Runtime added dynamic property\">interest</span>\": \"<span class=sf-dump-str title=\"6 characters\">150.00</span>\"
    +\"<span class=sf-dump-public title=\"Runtime added dynamic property\">surcharge</span>\": \"<span class=sf-dump-str title=\"4 characters\">0.00</span>\"
    +\"<span class=sf-dump-public title=\"Runtime added dynamic property\">total</span>\": \"<span class=sf-dump-str title=\"6 characters\">983.33</span>\"
    +\"<span class=sf-dump-public title=\"Runtime added dynamic property\">accrued</span>\": <span class=sf-dump-num>0</span>
  </samp>}
  <span class=sf-dump-index>8</span> => {<a class=sf-dump-ref>#800</a><samp data-depth=2 class=sf-dump-compact>
    +\"<span class=sf-dump-public title=\"Runtime added dynamic property\">term_code</span>\": \"<span class=sf-dump-str title=\"2 characters\">P9</span>\"
    +\"<span class=sf-dump-public title=\"Runtime added dynamic property\">date</span>\": \"<span class=sf-dump-str title=\"10 characters\">04/30/2025</span>\"
    +\"<span class=sf-dump-public title=\"Runtime added dynamic property\">principal</span>\": \"<span class=sf-dump-str title=\"6 characters\">833.33</span>\"
    +\"<span class=sf-dump-public title=\"Runtime added dynamic property\">interest</span>\": \"<span class=sf-dump-str title=\"6 characters\">150.00</span>\"
    +\"<span class=sf-dump-public title=\"Runtime added dynamic property\">surcharge</span>\": \"<span class=sf-dump-str title=\"4 characters\">0.00</span>\"
    +\"<span class=sf-dump-public title=\"Runtime added dynamic property\">total</span>\": \"<span class=sf-dump-str title=\"6 characters\">983.33</span>\"
    +\"<span class=sf-dump-public title=\"Runtime added dynamic property\">accrued</span>\": <span class=sf-dump-num>0</span>
  </samp>}
  <span class=sf-dump-index>9</span> => {<a class=sf-dump-ref>#801</a><samp data-depth=2 class=sf-dump-compact>
    +\"<span class=sf-dump-public title=\"Runtime added dynamic property\">term_code</span>\": \"<span class=sf-dump-str title=\"3 characters\">P10</span>\"
    +\"<span class=sf-dump-public title=\"Runtime added dynamic property\">date</span>\": \"<span class=sf-dump-str title=\"10 characters\">05/30/2025</span>\"
    +\"<span class=sf-dump-public title=\"Runtime added dynamic property\">principal</span>\": \"<span class=sf-dump-str title=\"6 characters\">833.33</span>\"
    +\"<span class=sf-dump-public title=\"Runtime added dynamic property\">interest</span>\": \"<span class=sf-dump-str title=\"6 characters\">150.00</span>\"
    +\"<span class=sf-dump-public title=\"Runtime added dynamic property\">surcharge</span>\": \"<span class=sf-dump-str title=\"4 characters\">0.00</span>\"
    +\"<span class=sf-dump-public title=\"Runtime added dynamic property\">total</span>\": \"<span class=sf-dump-str title=\"6 characters\">983.33</span>\"
    +\"<span class=sf-dump-public title=\"Runtime added dynamic property\">accrued</span>\": <span class=sf-dump-num>0</span>
  </samp>}
  <span class=sf-dump-index>10</span> => {<a class=sf-dump-ref>#802</a><samp data-depth=2 class=sf-dump-compact>
    +\"<span class=sf-dump-public title=\"Runtime added dynamic property\">term_code</span>\": \"<span class=sf-dump-str title=\"3 characters\">P11</span>\"
    +\"<span class=sf-dump-public title=\"Runtime added dynamic property\">date</span>\": \"<span class=sf-dump-str title=\"10 characters\">06/30/2025</span>\"
    +\"<span class=sf-dump-public title=\"Runtime added dynamic property\">principal</span>\": \"<span class=sf-dump-str title=\"6 characters\">833.33</span>\"
    +\"<span class=sf-dump-public title=\"Runtime added dynamic property\">interest</span>\": \"<span class=sf-dump-str title=\"6 characters\">150.00</span>\"
    +\"<span class=sf-dump-public title=\"Runtime added dynamic property\">surcharge</span>\": \"<span class=sf-dump-str title=\"4 characters\">0.00</span>\"
    +\"<span class=sf-dump-public title=\"Runtime added dynamic property\">total</span>\": \"<span class=sf-dump-str title=\"6 characters\">983.33</span>\"
    +\"<span class=sf-dump-public title=\"Runtime added dynamic property\">accrued</span>\": <span class=sf-dump-num>0</span>
  </samp>}
  <span class=sf-dump-index>11</span> => {<a class=sf-dump-ref>#799</a><samp data-depth=2 class=sf-dump-compact>
    +\"<span class=sf-dump-public title=\"Runtime added dynamic property\">term_code</span>\": \"<span class=sf-dump-str title=\"3 characters\">P12</span>\"
    +\"<span class=sf-dump-public title=\"Runtime added dynamic property\">date</span>\": \"<span class=sf-dump-str title=\"10 characters\">07/30/2025</span>\"
    +\"<span class=sf-dump-public title=\"Runtime added dynamic property\">principal</span>\": \"<span class=sf-dump-str title=\"6 characters\">833.37</span>\"
    +\"<span class=sf-dump-public title=\"Runtime added dynamic property\">interest</span>\": \"<span class=sf-dump-str title=\"6 characters\">150.00</span>\"
    +\"<span class=sf-dump-public title=\"Runtime added dynamic property\">surcharge</span>\": \"<span class=sf-dump-str title=\"4 characters\">0.00</span>\"
    +\"<span class=sf-dump-public title=\"Runtime added dynamic property\">total</span>\": \"<span class=sf-dump-str title=\"6 characters\">983.37</span>\"
    +\"<span class=sf-dump-public title=\"Runtime added dynamic property\">accrued</span>\": <span class=sf-dump-num>0</span>
  </samp>}
</samp>]
</pre><script>Sfdump(\"sf-dump-2026940835\", {\"maxDepth\":3,\"maxStringLength\":160})</script>
","AMTZ_PAYMENT":"<pre class=sf-dump id=sf-dump-62288059 data-indent-pad=\"  \">[]
</pre><script>Sfdump(\"sf-dump-62288059\", {\"maxDepth\":3,\"maxStringLength\":160})</script>
","REPAYMENT_TABLE":"<pre class=sf-dump id=sf-dump-1328851388 data-indent-pad=\"  \">[]
</pre><script>Sfdump(\"sf-dump-1328851388\", {\"maxDepth\":3,\"maxStringLength\":160})</script>
","CURRENT_DUE":"<pre class=sf-dump id=sf-dump-1903656363 data-indent-pad=\"  \">{<a class=sf-dump-ref>#808</a><samp data-depth=1 class=sf-dump-expanded>
  +\"<span class=sf-dump-public title=\"Runtime added dynamic property\">cur_date</span>\": \"<span class=sf-dump-str title=\"17 characters\">December 09, 2025</span>\"
  +\"<span class=sf-dump-public title=\"Runtime added dynamic property\">prin</span>\": \"<span class=sf-dump-str title=\"8 characters\">10000.00</span>\"
  +\"<span class=sf-dump-public title=\"Runtime added dynamic property\">interest</span>\": \"<span class=sf-dump-str title=\"7 characters\">1800.00</span>\"
  +\"<span class=sf-dump-public title=\"Runtime added dynamic property\">fees</span>\": \"<span class=sf-dump-str title=\"4 characters\">0.00</span>\"
  +\"<span class=sf-dump-public title=\"Runtime added dynamic property\">surcharge</span>\": \"<span class=sf-dump-str title=\"4 characters\">0.00</span>\"
</samp>}
</pre><script>Sfdump(\"sf-dump-1903656363\", {\"maxDepth\":3,\"maxStringLength\":160})</script>
","TOTAL_DUE":"<pre class=sf-dump id=sf-dump-40090216 data-indent-pad=\"  \"><span class=sf-dump-num>11800.0</span>
</pre><script>Sfdump(\"sf-dump-40090216\", {\"maxDepth\":3,\"maxStringLength\":160})</script>
","repaymentCount":"<pre class=sf-dump id=sf-dump-420558941 data-indent-pad=\"  \"><span class=sf-dump-num>12</span>
</pre><script>Sfdump(\"sf-dump-420558941\", {\"maxDepth\":3,\"maxStringLength\":160})</script>
","LOAN_TABLE":"<pre class=sf-dump id=sf-dump-399863310 data-indent-pad=\"  \"><span class=sf-dump-note>array:12</span> [<samp data-depth=1 class=sf-dump-expanded>
  <span class=sf-dump-index>0</span> => <span class=sf-dump-note>array:12</span> [<samp data-depth=2 class=sf-dump-compact>
    \"<span class=sf-dump-key>count</span>\" => <span class=sf-dump-num>1</span>
    \"<span class=sf-dump-key>term_code</span>\" => \"<span class=sf-dump-str title=\"2 characters\">P1</span>\"
    \"<span class=sf-dump-key>repayment_amount</span>\" => \"<span class=sf-dump-str title=\"6 characters\">833.33</span>\"
    \"<span class=sf-dump-key>interest_amount</span>\" => \"<span class=sf-dump-str title=\"6 characters\">150.00</span>\"
    \"<span class=sf-dump-key>fees</span>\" => \"<span class=sf-dump-str title=\"4 characters\">0.00</span>\"
    \"<span class=sf-dump-key>total_due</span>\" => \"<span class=sf-dump-str title=\"6 characters\">983.33</span>\"
    \"<span class=sf-dump-key>due_date</span>\" => \"<span class=sf-dump-str title=\"10 characters\">08/30/2024</span>\"
    \"<span class=sf-dump-key>paid_amount</span>\" => \"<span class=sf-dump-str>0</span>\"
    \"<span class=sf-dump-key>is_paid</span>\" => <span class=sf-dump-num>0</span>
    \"<span class=sf-dump-key>status</span>\" => \"<span class=sf-dump-str>3</span>\"
    \"<span class=sf-dump-key>accrued</span>\" => <span class=sf-dump-num>0</span>
    \"<span class=sf-dump-key>remarks</span>\" => \"\"
  </samp>]
  <span class=sf-dump-index>1</span> => <span class=sf-dump-note>array:12</span> [<samp data-depth=2 class=sf-dump-compact>
    \"<span class=sf-dump-key>count</span>\" => <span class=sf-dump-num>2</span>
    \"<span class=sf-dump-key>term_code</span>\" => \"<span class=sf-dump-str title=\"2 characters\">P2</span>\"
    \"<span class=sf-dump-key>repayment_amount</span>\" => \"<span class=sf-dump-str title=\"6 characters\">833.33</span>\"
    \"<span class=sf-dump-key>interest_amount</span>\" => \"<span class=sf-dump-str title=\"6 characters\">150.00</span>\"
    \"<span class=sf-dump-key>fees</span>\" => \"<span class=sf-dump-str title=\"4 characters\">0.00</span>\"
    \"<span class=sf-dump-key>total_due</span>\" => \"<span class=sf-dump-str title=\"6 characters\">983.33</span>\"
    \"<span class=sf-dump-key>due_date</span>\" => \"<span class=sf-dump-str title=\"10 characters\">09/30/2024</span>\"
    \"<span class=sf-dump-key>paid_amount</span>\" => \"<span class=sf-dump-str>0</span>\"
    \"<span class=sf-dump-key>is_paid</span>\" => <span class=sf-dump-num>0</span>
    \"<span class=sf-dump-key>status</span>\" => \"<span class=sf-dump-str>3</span>\"
    \"<span class=sf-dump-key>accrued</span>\" => <span class=sf-dump-num>0</span>
    \"<span class=sf-dump-key>remarks</span>\" => \"\"
  </samp>]
  <span class=sf-dump-index>2</span> => <span class=sf-dump-note>array:12</span> [<samp data-depth=2 class=sf-dump-compact>
    \"<span class=sf-dump-key>count</span>\" => <span class=sf-dump-num>3</span>
    \"<span class=sf-dump-key>term_code</span>\" => \"<span class=sf-dump-str title=\"2 characters\">P3</span>\"
    \"<span class=sf-dump-key>repayment_amount</span>\" => \"<span class=sf-dump-str title=\"6 characters\">833.33</span>\"
    \"<span class=sf-dump-key>interest_amount</span>\" => \"<span class=sf-dump-str title=\"6 characters\">150.00</span>\"
    \"<span class=sf-dump-key>fees</span>\" => \"<span class=sf-dump-str title=\"4 characters\">0.00</span>\"
    \"<span class=sf-dump-key>total_due</span>\" => \"<span class=sf-dump-str title=\"6 characters\">983.33</span>\"
    \"<span class=sf-dump-key>due_date</span>\" => \"<span class=sf-dump-str title=\"10 characters\">10/30/2024</span>\"
    \"<span class=sf-dump-key>paid_amount</span>\" => \"<span class=sf-dump-str>0</span>\"
    \"<span class=sf-dump-key>is_paid</span>\" => <span class=sf-dump-num>0</span>
    \"<span class=sf-dump-key>status</span>\" => \"<span class=sf-dump-str>3</span>\"
    \"<span class=sf-dump-key>accrued</span>\" => <span class=sf-dump-num>0</span>
    \"<span class=sf-dump-key>remarks</span>\" => \"\"
  </samp>]
  <span class=sf-dump-index>3</span> => <span class=sf-dump-note>array:12</span> [<samp data-depth=2 class=sf-dump-compact>
    \"<span class=sf-dump-key>count</span>\" => <span class=sf-dump-num>4</span>
    \"<span class=sf-dump-key>term_code</span>\" => \"<span class=sf-dump-str title=\"2 characters\">P4</span>\"
    \"<span class=sf-dump-key>repayment_amount</span>\" => \"<span class=sf-dump-str title=\"6 characters\">833.33</span>\"
    \"<span class=sf-dump-key>interest_amount</span>\" => \"<span class=sf-dump-str title=\"6 characters\">150.00</span>\"
    \"<span class=sf-dump-key>fees</span>\" => \"<span class=sf-dump-str title=\"4 characters\">0.00</span>\"
    \"<span class=sf-dump-key>total_due</span>\" => \"<span class=sf-dump-str title=\"6 characters\">983.33</span>\"
    \"<span class=sf-dump-key>due_date</span>\" => \"<span class=sf-dump-str title=\"10 characters\">11/30/2024</span>\"
    \"<span class=sf-dump-key>paid_amount</span>\" => \"<span class=sf-dump-str>0</span>\"
    \"<span class=sf-dump-key>is_paid</span>\" => <span class=sf-dump-num>0</span>
    \"<span class=sf-dump-key>status</span>\" => \"<span class=sf-dump-str>3</span>\"
    \"<span class=sf-dump-key>accrued</span>\" => <span class=sf-dump-num>0</span>
    \"<span class=sf-dump-key>remarks</span>\" => \"\"
  </samp>]
  <span class=sf-dump-index>4</span> => <span class=sf-dump-note>array:12</span> [<samp data-depth=2 class=sf-dump-compact>
    \"<span class=sf-dump-key>count</span>\" => <span class=sf-dump-num>5</span>
    \"<span class=sf-dump-key>term_code</span>\" => \"<span class=sf-dump-str title=\"2 characters\">P5</span>\"
    \"<span class=sf-dump-key>repayment_amount</span>\" => \"<span class=sf-dump-str title=\"6 characters\">833.33</span>\"
    \"<span class=sf-dump-key>interest_amount</span>\" => \"<span class=sf-dump-str title=\"6 characters\">150.00</span>\"
    \"<span class=sf-dump-key>fees</span>\" => \"<span class=sf-dump-str title=\"4 characters\">0.00</span>\"
    \"<span class=sf-dump-key>total_due</span>\" => \"<span class=sf-dump-str title=\"6 characters\">983.33</span>\"
    \"<span class=sf-dump-key>due_date</span>\" => \"<span class=sf-dump-str title=\"10 characters\">12/30/2024</span>\"
    \"<span class=sf-dump-key>paid_amount</span>\" => \"<span class=sf-dump-str>0</span>\"
    \"<span class=sf-dump-key>is_paid</span>\" => <span class=sf-dump-num>0</span>
    \"<span class=sf-dump-key>status</span>\" => \"<span class=sf-dump-str>3</span>\"
    \"<span class=sf-dump-key>accrued</span>\" => <span class=sf-dump-num>0</span>
    \"<span class=sf-dump-key>remarks</span>\" => \"\"
  </samp>]
  <span class=sf-dump-index>5</span> => <span class=sf-dump-note>array:12</span> [<samp data-depth=2 class=sf-dump-compact>
    \"<span class=sf-dump-key>count</span>\" => <span class=sf-dump-num>6</span>
    \"<span class=sf-dump-key>term_code</span>\" => \"<span class=sf-dump-str title=\"2 characters\">P6</span>\"
    \"<span class=sf-dump-key>repayment_amount</span>\" => \"<span class=sf-dump-str title=\"6 characters\">833.33</span>\"
    \"<span class=sf-dump-key>interest_amount</span>\" => \"<span class=sf-dump-str title=\"6 characters\">150.00</span>\"
    \"<span class=sf-dump-key>fees</span>\" => \"<span class=sf-dump-str title=\"4 characters\">0.00</span>\"
    \"<span class=sf-dump-key>total_due</span>\" => \"<span class=sf-dump-str title=\"6 characters\">983.33</span>\"
    \"<span class=sf-dump-key>due_date</span>\" => \"<span class=sf-dump-str title=\"10 characters\">01/30/2025</span>\"
    \"<span class=sf-dump-key>paid_amount</span>\" => \"<span class=sf-dump-str>0</span>\"
    \"<span class=sf-dump-key>is_paid</span>\" => <span class=sf-dump-num>0</span>
    \"<span class=sf-dump-key>status</span>\" => \"<span class=sf-dump-str>3</span>\"
    \"<span class=sf-dump-key>accrued</span>\" => <span class=sf-dump-num>0</span>
    \"<span class=sf-dump-key>remarks</span>\" => \"\"
  </samp>]
  <span class=sf-dump-index>6</span> => <span class=sf-dump-note>array:12</span> [<samp data-depth=2 class=sf-dump-compact>
    \"<span class=sf-dump-key>count</span>\" => <span class=sf-dump-num>7</span>
    \"<span class=sf-dump-key>term_code</span>\" => \"<span class=sf-dump-str title=\"2 characters\">P7</span>\"
    \"<span class=sf-dump-key>repayment_amount</span>\" => \"<span class=sf-dump-str title=\"6 characters\">833.33</span>\"
    \"<span class=sf-dump-key>interest_amount</span>\" => \"<span class=sf-dump-str title=\"6 characters\">150.00</span>\"
    \"<span class=sf-dump-key>fees</span>\" => \"<span class=sf-dump-str title=\"4 characters\">0.00</span>\"
    \"<span class=sf-dump-key>total_due</span>\" => \"<span class=sf-dump-str title=\"6 characters\">983.33</span>\"
    \"<span class=sf-dump-key>due_date</span>\" => \"<span class=sf-dump-str title=\"10 characters\">02/28/2025</span>\"
    \"<span class=sf-dump-key>paid_amount</span>\" => \"<span class=sf-dump-str>0</span>\"
    \"<span class=sf-dump-key>is_paid</span>\" => <span class=sf-dump-num>0</span>
    \"<span class=sf-dump-key>status</span>\" => \"<span class=sf-dump-str>3</span>\"
    \"<span class=sf-dump-key>accrued</span>\" => <span class=sf-dump-num>0</span>
    \"<span class=sf-dump-key>remarks</span>\" => \"\"
  </samp>]
  <span class=sf-dump-index>7</span> => <span class=sf-dump-note>array:12</span> [<samp data-depth=2 class=sf-dump-compact>
    \"<span class=sf-dump-key>count</span>\" => <span class=sf-dump-num>8</span>
    \"<span class=sf-dump-key>term_code</span>\" => \"<span class=sf-dump-str title=\"2 characters\">P8</span>\"
    \"<span class=sf-dump-key>repayment_amount</span>\" => \"<span class=sf-dump-str title=\"6 characters\">833.33</span>\"
    \"<span class=sf-dump-key>interest_amount</span>\" => \"<span class=sf-dump-str title=\"6 characters\">150.00</span>\"
    \"<span class=sf-dump-key>fees</span>\" => \"<span class=sf-dump-str title=\"4 characters\">0.00</span>\"
    \"<span class=sf-dump-key>total_due</span>\" => \"<span class=sf-dump-str title=\"6 characters\">983.33</span>\"
    \"<span class=sf-dump-key>due_date</span>\" => \"<span class=sf-dump-str title=\"10 characters\">03/30/2025</span>\"
    \"<span class=sf-dump-key>paid_amount</span>\" => \"<span class=sf-dump-str>0</span>\"
    \"<span class=sf-dump-key>is_paid</span>\" => <span class=sf-dump-num>0</span>
    \"<span class=sf-dump-key>status</span>\" => \"<span class=sf-dump-str>3</span>\"
    \"<span class=sf-dump-key>accrued</span>\" => <span class=sf-dump-num>0</span>
    \"<span class=sf-dump-key>remarks</span>\" => \"\"
  </samp>]
  <span class=sf-dump-index>8</span> => <span class=sf-dump-note>array:12</span> [<samp data-depth=2 class=sf-dump-compact>
    \"<span class=sf-dump-key>count</span>\" => <span class=sf-dump-num>9</span>
    \"<span class=sf-dump-key>term_code</span>\" => \"<span class=sf-dump-str title=\"2 characters\">P9</span>\"
    \"<span class=sf-dump-key>repayment_amount</span>\" => \"<span class=sf-dump-str title=\"6 characters\">833.33</span>\"
    \"<span class=sf-dump-key>interest_amount</span>\" => \"<span class=sf-dump-str title=\"6 characters\">150.00</span>\"
    \"<span class=sf-dump-key>fees</span>\" => \"<span class=sf-dump-str title=\"4 characters\">0.00</span>\"
    \"<span class=sf-dump-key>total_due</span>\" => \"<span class=sf-dump-str title=\"6 characters\">983.33</span>\"
    \"<span class=sf-dump-key>due_date</span>\" => \"<span class=sf-dump-str title=\"10 characters\">04/30/2025</span>\"
    \"<span class=sf-dump-key>paid_amount</span>\" => \"<span class=sf-dump-str>0</span>\"
    \"<span class=sf-dump-key>is_paid</span>\" => <span class=sf-dump-num>0</span>
    \"<span class=sf-dump-key>status</span>\" => \"<span class=sf-dump-str>3</span>\"
    \"<span class=sf-dump-key>accrued</span>\" => <span class=sf-dump-num>0</span>
    \"<span class=sf-dump-key>remarks</span>\" => \"\"
  </samp>]
  <span class=sf-dump-index>9</span> => <span class=sf-dump-note>array:12</span> [<samp data-depth=2 class=sf-dump-compact>
    \"<span class=sf-dump-key>count</span>\" => <span class=sf-dump-num>10</span>
    \"<span class=sf-dump-key>term_code</span>\" => \"<span class=sf-dump-str title=\"3 characters\">P10</span>\"
    \"<span class=sf-dump-key>repayment_amount</span>\" => \"<span class=sf-dump-str title=\"6 characters\">833.33</span>\"
    \"<span class=sf-dump-key>interest_amount</span>\" => \"<span class=sf-dump-str title=\"6 characters\">150.00</span>\"
    \"<span class=sf-dump-key>fees</span>\" => \"<span class=sf-dump-str title=\"4 characters\">0.00</span>\"
    \"<span class=sf-dump-key>total_due</span>\" => \"<span class=sf-dump-str title=\"6 characters\">983.33</span>\"
    \"<span class=sf-dump-key>due_date</span>\" => \"<span class=sf-dump-str title=\"10 characters\">05/30/2025</span>\"
    \"<span class=sf-dump-key>paid_amount</span>\" => \"<span class=sf-dump-str>0</span>\"
    \"<span class=sf-dump-key>is_paid</span>\" => <span class=sf-dump-num>0</span>
    \"<span class=sf-dump-key>status</span>\" => \"<span class=sf-dump-str>3</span>\"
    \"<span class=sf-dump-key>accrued</span>\" => <span class=sf-dump-num>0</span>
    \"<span class=sf-dump-key>remarks</span>\" => \"\"
  </samp>]
  <span class=sf-dump-index>10</span> => <span class=sf-dump-note>array:12</span> [<samp data-depth=2 class=sf-dump-compact>
    \"<span class=sf-dump-key>count</span>\" => <span class=sf-dump-num>11</span>
    \"<span class=sf-dump-key>term_code</span>\" => \"<span class=sf-dump-str title=\"3 characters\">P11</span>\"
    \"<span class=sf-dump-key>repayment_amount</span>\" => \"<span class=sf-dump-str title=\"6 characters\">833.33</span>\"
    \"<span class=sf-dump-key>interest_amount</span>\" => \"<span class=sf-dump-str title=\"6 characters\">150.00</span>\"
    \"<span class=sf-dump-key>fees</span>\" => \"<span class=sf-dump-str title=\"4 characters\">0.00</span>\"
    \"<span class=sf-dump-key>total_due</span>\" => \"<span class=sf-dump-str title=\"6 characters\">983.33</span>\"
    \"<span class=sf-dump-key>due_date</span>\" => \"<span class=sf-dump-str title=\"10 characters\">06/30/2025</span>\"
    \"<span class=sf-dump-key>paid_amount</span>\" => \"<span class=sf-dump-str>0</span>\"
    \"<span class=sf-dump-key>is_paid</span>\" => <span class=sf-dump-num>0</span>
    \"<span class=sf-dump-key>status</span>\" => \"<span class=sf-dump-str>3</span>\"
    \"<span class=sf-dump-key>accrued</span>\" => <span class=sf-dump-num>0</span>
    \"<span class=sf-dump-key>remarks</span>\" => \"\"
  </samp>]
  <span class=sf-dump-index>11</span> => <span class=sf-dump-note>array:12</span> [<samp data-depth=2 class=sf-dump-compact>
    \"<span class=sf-dump-key>count</span>\" => <span class=sf-dump-num>12</span>
    \"<span class=sf-dump-key>term_code</span>\" => \"<span class=sf-dump-str title=\"3 characters\">P12</span>\"
    \"<span class=sf-dump-key>repayment_amount</span>\" => \"<span class=sf-dump-str title=\"6 characters\">833.37</span>\"
    \"<span class=sf-dump-key>interest_amount</span>\" => \"<span class=sf-dump-str title=\"6 characters\">150.00</span>\"
    \"<span class=sf-dump-key>fees</span>\" => \"<span class=sf-dump-str title=\"4 characters\">0.00</span>\"
    \"<span class=sf-dump-key>total_due</span>\" => \"<span class=sf-dump-str title=\"6 characters\">983.37</span>\"
    \"<span class=sf-dump-key>due_date</span>\" => \"<span class=sf-dump-str title=\"10 characters\">07/30/2025</span>\"
    \"<span class=sf-dump-key>paid_amount</span>\" => \"<span class=sf-dump-str>0</span>\"
    \"<span class=sf-dump-key>is_paid</span>\" => <span class=sf-dump-num>0</span>
    \"<span class=sf-dump-key>status</span>\" => \"<span class=sf-dump-str>3</span>\"
    \"<span class=sf-dump-key>accrued</span>\" => <span class=sf-dump-num>0</span>
    \"<span class=sf-dump-key>remarks</span>\" => \"\"
  </samp>]
</samp>]
</pre><script>Sfdump(\"sf-dump-399863310\", {\"maxDepth\":3,\"maxStringLength\":160})</script>
","TOTAL_INTEREST":"<pre class=sf-dump id=sf-dump-2014273963 data-indent-pad=\"  \"><span class=sf-dump-num>1800.0</span>
</pre><script>Sfdump(\"sf-dump-2014273963\", {\"maxDepth\":3,\"maxStringLength\":160})</script>
","TOTAL_AMOUNT_DUE":"<pre class=sf-dump id=sf-dump-1752782716 data-indent-pad=\"  \"><span class=sf-dump-num>11800.0</span>
</pre><script>Sfdump(\"sf-dump-1752782716\", {\"maxDepth\":3,\"maxStringLength\":160})</script>
","TOTAL_PAID_AMOUNT":"<pre class=sf-dump id=sf-dump-1804269942 data-indent-pad=\"  \"><span class=sf-dump-num>0</span>
</pre><script>Sfdump(\"sf-dump-1804269942\", {\"maxDepth\":3,\"maxStringLength\":160})</script>
","CURRENT_LOAN_BALANCE":"<pre class=sf-dump id=sf-dump-1360193090 data-indent-pad=\"  \"><span class=sf-dump-num>11800.0</span>
</pre><script>Sfdump(\"sf-dump-1360193090\", {\"maxDepth\":3,\"maxStringLength\":160})</script>
","loan":"<pre class=sf-dump id=sf-dump-357325076 data-indent-pad=\"  \"><span class=sf-dump-note>array:26</span> [<samp data-depth=1 class=sf-dump-expanded>
  \"<span class=sf-dump-key>service_details</span>\" => {<a class=sf-dump-ref>#787</a><samp data-depth=2 class=sf-dump-compact>
    +\"<span class=sf-dump-public title=\"Runtime added dynamic property\">id_loan</span>\": <span class=sf-dump-num>1510</span>
    +\"<span class=sf-dump-public title=\"Runtime added dynamic property\">loan_token</span>\": \"<span class=sf-dump-str title=\"23 characters\">11292024143240577301269</span>\"
    +\"<span class=sf-dump-public title=\"Runtime added dynamic property\">name</span>\": \"<span class=sf-dump-str title=\"32 characters\">Members-Regular Loan | 12 MONTHS</span>\"
    +\"<span class=sf-dump-public title=\"Runtime added dynamic property\">id_loan_service</span>\": <span class=sf-dump-num>11</span>
    +\"<span class=sf-dump-public title=\"Runtime added dynamic property\">interest_rate</span>\": \"<span class=sf-dump-str title=\"4 characters\">1.50</span>\"
    +\"<span class=sf-dump-public title=\"Runtime added dynamic property\">terms</span>\": <span class=sf-dump-num>12</span>
    +\"<span class=sf-dump-public title=\"Runtime added dynamic property\">period</span>\": <span class=sf-dump-const>null</span>
    +\"<span class=sf-dump-public title=\"Runtime added dynamic property\">cbu_amount</span>\": <span class=sf-dump-num>0.0</span>
    +\"<span class=sf-dump-public title=\"Runtime added dynamic property\">is_deduct_cbu</span>\": <span class=sf-dump-num>0</span>
    +\"<span class=sf-dump-public title=\"Runtime added dynamic property\">principal_amount</span>\": \"<span class=sf-dump-str title=\"8 characters\">10000.00</span>\"
    +\"<span class=sf-dump-public title=\"Runtime added dynamic property\">loan_protection_rate</span>\": \"<span class=sf-dump-str title=\"4 characters\">0.00</span>\"
    +\"<span class=sf-dump-public title=\"Runtime added dynamic property\">id_term_period</span>\": <span class=sf-dump-num>3</span>
    +\"<span class=sf-dump-public title=\"Runtime added dynamic property\">id_interest_period</span>\": <span class=sf-dump-num>3</span>
    +\"<span class=sf-dump-public title=\"Runtime added dynamic property\">id_interest_method</span>\": <span class=sf-dump-num>1</span>
    +\"<span class=sf-dump-public title=\"Runtime added dynamic property\">terms_desc</span>\": \"<span class=sf-dump-str title=\"9 characters\">12 Months</span>\"
    +\"<span class=sf-dump-public title=\"Runtime added dynamic property\">terms_token</span>\": \"<span class=sf-dump-str title=\"18 characters\">153813854066d865c9</span>\"
    +\"<span class=sf-dump-public title=\"Runtime added dynamic property\">min_amount</span>\": \"<span class=sf-dump-str title=\"7 characters\">1000.00</span>\"
    +\"<span class=sf-dump-public title=\"Runtime added dynamic property\">max_amount</span>\": \"<span class=sf-dump-str title=\"9 characters\">200000.00</span>\"
    +\"<span class=sf-dump-public title=\"Runtime added dynamic property\">id_loan_payment_type</span>\": <span class=sf-dump-num>1</span>
    +\"<span class=sf-dump-public title=\"Runtime added dynamic property\">due_date</span>\": <span class=sf-dump-const>null</span>
    +\"<span class=sf-dump-public title=\"Runtime added dynamic property\">id_member</span>\": <span class=sf-dump-num>6</span>
    +\"<span class=sf-dump-public title=\"Runtime added dynamic property\">id_charges_group</span>\": <span class=sf-dump-num>5</span>
    +\"<span class=sf-dump-public title=\"Runtime added dynamic property\">loan_protection_amount</span>\": \"<span class=sf-dump-str title=\"4 characters\">0.00</span>\"
    +\"<span class=sf-dump-public title=\"Runtime added dynamic property\">cbu_deficient</span>\": \"<span class=sf-dump-str title=\"4 characters\">0.00</span>\"
    +\"<span class=sf-dump-public title=\"Runtime added dynamic property\">total_deductions</span>\": \"<span class=sf-dump-str title=\"4 characters\">0.00</span>\"
    +\"<span class=sf-dump-public title=\"Runtime added dynamic property\">not_deducted_charges</span>\": \"<span class=sf-dump-str title=\"4 characters\">0.00</span>\"
    +\"<span class=sf-dump-public title=\"Runtime added dynamic property\">total_loan_proceeds</span>\": \"<span class=sf-dump-str title=\"8 characters\">10000.00</span>\"
    +\"<span class=sf-dump-public title=\"Runtime added dynamic property\">status</span>\": \"<span class=sf-dump-str>3</span>\"
    +\"<span class=sf-dump-public title=\"Runtime added dynamic property\">loan_remarks</span>\": \"\"
    +\"<span class=sf-dump-public title=\"Runtime added dynamic property\">loan_status</span>\": \"<span class=sf-dump-str title=\"6 characters\">Active</span>\"
    +\"<span class=sf-dump-public title=\"Runtime added dynamic property\">status_code</span>\": \"<span class=sf-dump-str>3</span>\"
    +\"<span class=sf-dump-public title=\"Runtime added dynamic property\">cancellation_reason</span>\": <span class=sf-dump-const>null</span>
    +\"<span class=sf-dump-public title=\"Runtime added dynamic property\">prev_loan_balance</span>\": \"<span class=sf-dump-str title=\"4 characters\">0.00</span>\"
    +\"<span class=sf-dump-public title=\"Runtime added dynamic property\">prev_loan_rebates</span>\": \"<span class=sf-dump-str title=\"4 characters\">0.00</span>\"
    +\"<span class=sf-dump-public title=\"Runtime added dynamic property\">lstatus</span>\": <span class=sf-dump-num>1</span>
    +\"<span class=sf-dump-public title=\"Runtime added dynamic property\">id_cash_disbursement</span>\": <span class=sf-dump-num>0</span>
    +\"<span class=sf-dump-public title=\"Runtime added dynamic property\">paid_principal</span>\": \"<span class=sf-dump-str title=\"4 characters\">0.00</span>\"
    +\"<span class=sf-dump-public title=\"Runtime added dynamic property\">paid_interest</span>\": \"<span class=sf-dump-str title=\"4 characters\">0.00</span>\"
    +\"<span class=sf-dump-public title=\"Runtime added dynamic property\">paid_fees</span>\": \"<span class=sf-dump-str title=\"4 characters\">0.00</span>\"
    +\"<span class=sf-dump-public title=\"Runtime added dynamic property\">date_released</span>\": \"<span class=sf-dump-str title=\"10 characters\">2024-07-23</span>\"
    +\"<span class=sf-dump-public title=\"Runtime added dynamic property\">date_granted</span>\": \"<span class=sf-dump-str title=\"10 characters\">07/23/2024</span>\"
    +\"<span class=sf-dump-public title=\"Runtime added dynamic property\">month_duration</span>\": <span class=sf-dump-num>1</span>
    +\"<span class=sf-dump-public title=\"Runtime added dynamic property\">interest_show</span>\": \"<span class=sf-dump-str title=\"4 characters\">0.00</span>\"
    +\"<span class=sf-dump-public title=\"Runtime added dynamic property\">id_one_time_type</span>\": <span class=sf-dump-num>0</span>
  </samp>}
  \"<span class=sf-dump-key>member_details</span>\" => {<a class=sf-dump-ref>#778</a><samp data-depth=2 class=sf-dump-compact>
    +\"<span class=sf-dump-public title=\"Runtime added dynamic property\">name</span>\": \"<span class=sf-dump-str title=\"16 characters\">LAGUNDAY, DELIA </span>\"
  </samp>}
  \"<span class=sf-dump-key>OTHER_DEDUCTIONS</span>\" => []
  \"<span class=sf-dump-key>CBU_DEFICIENT_AMOUNT</span>\" => \"<span class=sf-dump-str title=\"4 characters\">0.00</span>\"
  \"<span class=sf-dump-key>DEDUCTED_CHARGES</span>\" => []
  \"<span class=sf-dump-key>PREV_LOAN_OFFSET</span>\" => []
  \"<span class=sf-dump-key>TOTAL_LOAN_OFFSET_REBATES</span>\" => <span class=sf-dump-num>0</span>
  \"<span class=sf-dump-key>TOTAL_LOAN_OFFSET</span>\" => <span class=sf-dump-num>0</span>
  \"<span class=sf-dump-key>LOAN_BALANCE</span>\" => \"<span class=sf-dump-str title=\"4 characters\">0.00</span>\"
  \"<span class=sf-dump-key>REBATES</span>\" => \"<span class=sf-dump-str title=\"4 characters\">0.00</span>\"
  \"<span class=sf-dump-key>TOTAL_LOAN_BALANCE</span>\" => <span class=sf-dump-num>0.0</span>
  \"<span class=sf-dump-key>TOTAL_DEDUCTED_CHARGES</span>\" => \"<span class=sf-dump-str title=\"4 characters\">0.00</span>\"
  \"<span class=sf-dump-key>PRINCIPAL_AMOUNT</span>\" => \"<span class=sf-dump-str title=\"8 characters\">10000.00</span>\"
  \"<span class=sf-dump-key>TOTAL_NOT_DEDUCTED_CHARGES</span>\" => \"<span class=sf-dump-str title=\"4 characters\">0.00</span>\"
  \"<span class=sf-dump-key>TOTAL_LOAN_PROCEED</span>\" => \"<span class=sf-dump-str title=\"8 characters\">10000.00</span>\"
  \"<span class=sf-dump-key>AMTZ_SCHED</span>\" => <span class=sf-dump-note>array:12</span> [<samp data-depth=2 class=sf-dump-compact>
    <span class=sf-dump-index>0</span> => {<a class=sf-dump-ref>#782</a><samp data-depth=3 class=sf-dump-compact>
      +\"<span class=sf-dump-public title=\"Runtime added dynamic property\">term_code</span>\": \"<span class=sf-dump-str title=\"2 characters\">P1</span>\"
      +\"<span class=sf-dump-public title=\"Runtime added dynamic property\">date</span>\": \"<span class=sf-dump-str title=\"10 characters\">08/30/2024</span>\"
      +\"<span class=sf-dump-public title=\"Runtime added dynamic property\">principal</span>\": \"<span class=sf-dump-str title=\"6 characters\">833.33</span>\"
      +\"<span class=sf-dump-public title=\"Runtime added dynamic property\">interest</span>\": \"<span class=sf-dump-str title=\"6 characters\">150.00</span>\"
      +\"<span class=sf-dump-public title=\"Runtime added dynamic property\">surcharge</span>\": \"<span class=sf-dump-str title=\"4 characters\">0.00</span>\"
      +\"<span class=sf-dump-public title=\"Runtime added dynamic property\">total</span>\": \"<span class=sf-dump-str title=\"6 characters\">983.33</span>\"
      +\"<span class=sf-dump-public title=\"Runtime added dynamic property\">accrued</span>\": <span class=sf-dump-num>0</span>
    </samp>}
    <span class=sf-dump-index>1</span> => {<a class=sf-dump-ref>#777</a><samp data-depth=3 class=sf-dump-compact>
      +\"<span class=sf-dump-public title=\"Runtime added dynamic property\">term_code</span>\": \"<span class=sf-dump-str title=\"2 characters\">P2</span>\"
      +\"<span class=sf-dump-public title=\"Runtime added dynamic property\">date</span>\": \"<span class=sf-dump-str title=\"10 characters\">09/30/2024</span>\"
      +\"<span class=sf-dump-public title=\"Runtime added dynamic property\">principal</span>\": \"<span class=sf-dump-str title=\"6 characters\">833.33</span>\"
      +\"<span class=sf-dump-public title=\"Runtime added dynamic property\">interest</span>\": \"<span class=sf-dump-str title=\"6 characters\">150.00</span>\"
      +\"<span class=sf-dump-public title=\"Runtime added dynamic property\">surcharge</span>\": \"<span class=sf-dump-str title=\"4 characters\">0.00</span>\"
      +\"<span class=sf-dump-public title=\"Runtime added dynamic property\">total</span>\": \"<span class=sf-dump-str title=\"6 characters\">983.33</span>\"
      +\"<span class=sf-dump-public title=\"Runtime added dynamic property\">accrued</span>\": <span class=sf-dump-num>0</span>
    </samp>}
    <span class=sf-dump-index>2</span> => {<a class=sf-dump-ref>#781</a><samp data-depth=3 class=sf-dump-compact>
      +\"<span class=sf-dump-public title=\"Runtime added dynamic property\">term_code</span>\": \"<span class=sf-dump-str title=\"2 characters\">P3</span>\"
      +\"<span class=sf-dump-public title=\"Runtime added dynamic property\">date</span>\": \"<span class=sf-dump-str title=\"10 characters\">10/30/2024</span>\"
      +\"<span class=sf-dump-public title=\"Runtime added dynamic property\">principal</span>\": \"<span class=sf-dump-str title=\"6 characters\">833.33</span>\"
      +\"<span class=sf-dump-public title=\"Runtime added dynamic property\">interest</span>\": \"<span class=sf-dump-str title=\"6 characters\">150.00</span>\"
      +\"<span class=sf-dump-public title=\"Runtime added dynamic property\">surcharge</span>\": \"<span class=sf-dump-str title=\"4 characters\">0.00</span>\"
      +\"<span class=sf-dump-public title=\"Runtime added dynamic property\">total</span>\": \"<span class=sf-dump-str title=\"6 characters\">983.33</span>\"
      +\"<span class=sf-dump-public title=\"Runtime added dynamic property\">accrued</span>\": <span class=sf-dump-num>0</span>
    </samp>}
    <span class=sf-dump-index>3</span> => {<a class=sf-dump-ref>#790</a><samp data-depth=3 class=sf-dump-compact>
      +\"<span class=sf-dump-public title=\"Runtime added dynamic property\">term_code</span>\": \"<span class=sf-dump-str title=\"2 characters\">P4</span>\"
      +\"<span class=sf-dump-public title=\"Runtime added dynamic property\">date</span>\": \"<span class=sf-dump-str title=\"10 characters\">11/30/2024</span>\"
      +\"<span class=sf-dump-public title=\"Runtime added dynamic property\">principal</span>\": \"<span class=sf-dump-str title=\"6 characters\">833.33</span>\"
      +\"<span class=sf-dump-public title=\"Runtime added dynamic property\">interest</span>\": \"<span class=sf-dump-str title=\"6 characters\">150.00</span>\"
      +\"<span class=sf-dump-public title=\"Runtime added dynamic property\">surcharge</span>\": \"<span class=sf-dump-str title=\"4 characters\">0.00</span>\"
      +\"<span class=sf-dump-public title=\"Runtime added dynamic property\">total</span>\": \"<span class=sf-dump-str title=\"6 characters\">983.33</span>\"
      +\"<span class=sf-dump-public title=\"Runtime added dynamic property\">accrued</span>\": <span class=sf-dump-num>0</span>
    </samp>}
    <span class=sf-dump-index>4</span> => {<a class=sf-dump-ref>#793</a><samp data-depth=3 class=sf-dump-compact>
      +\"<span class=sf-dump-public title=\"Runtime added dynamic property\">term_code</span>\": \"<span class=sf-dump-str title=\"2 characters\">P5</span>\"
      +\"<span class=sf-dump-public title=\"Runtime added dynamic property\">date</span>\": \"<span class=sf-dump-str title=\"10 characters\">12/30/2024</span>\"
      +\"<span class=sf-dump-public title=\"Runtime added dynamic property\">principal</span>\": \"<span class=sf-dump-str title=\"6 characters\">833.33</span>\"
      +\"<span class=sf-dump-public title=\"Runtime added dynamic property\">interest</span>\": \"<span class=sf-dump-str title=\"6 characters\">150.00</span>\"
      +\"<span class=sf-dump-public title=\"Runtime added dynamic property\">surcharge</span>\": \"<span class=sf-dump-str title=\"4 characters\">0.00</span>\"
      +\"<span class=sf-dump-public title=\"Runtime added dynamic property\">total</span>\": \"<span class=sf-dump-str title=\"6 characters\">983.33</span>\"
      +\"<span class=sf-dump-public title=\"Runtime added dynamic property\">accrued</span>\": <span class=sf-dump-num>0</span>
    </samp>}
    <span class=sf-dump-index>5</span> => {<a class=sf-dump-ref>#795</a><samp data-depth=3 class=sf-dump-compact>
      +\"<span class=sf-dump-public title=\"Runtime added dynamic property\">term_code</span>\": \"<span class=sf-dump-str title=\"2 characters\">P6</span>\"
      +\"<span class=sf-dump-public title=\"Runtime added dynamic property\">date</span>\": \"<span class=sf-dump-str title=\"10 characters\">01/30/2025</span>\"
      +\"<span class=sf-dump-public title=\"Runtime added dynamic property\">principal</span>\": \"<span class=sf-dump-str title=\"6 characters\">833.33</span>\"
      +\"<span class=sf-dump-public title=\"Runtime added dynamic property\">interest</span>\": \"<span class=sf-dump-str title=\"6 characters\">150.00</span>\"
      +\"<span class=sf-dump-public title=\"Runtime added dynamic property\">surcharge</span>\": \"<span class=sf-dump-str title=\"4 characters\">0.00</span>\"
      +\"<span class=sf-dump-public title=\"Runtime added dynamic property\">total</span>\": \"<span class=sf-dump-str title=\"6 characters\">983.33</span>\"
      +\"<span class=sf-dump-public title=\"Runtime added dynamic property\">accrued</span>\": <span class=sf-dump-num>0</span>
    </samp>}
    <span class=sf-dump-index>6</span> => {<a class=sf-dump-ref>#798</a><samp data-depth=3 class=sf-dump-compact>
      +\"<span class=sf-dump-public title=\"Runtime added dynamic property\">term_code</span>\": \"<span class=sf-dump-str title=\"2 characters\">P7</span>\"
      +\"<span class=sf-dump-public title=\"Runtime added dynamic property\">date</span>\": \"<span class=sf-dump-str title=\"10 characters\">02/28/2025</span>\"
      +\"<span class=sf-dump-public title=\"Runtime added dynamic property\">principal</span>\": \"<span class=sf-dump-str title=\"6 characters\">833.33</span>\"
      +\"<span class=sf-dump-public title=\"Runtime added dynamic property\">interest</span>\": \"<span class=sf-dump-str title=\"6 characters\">150.00</span>\"
      +\"<span class=sf-dump-public title=\"Runtime added dynamic property\">surcharge</span>\": \"<span class=sf-dump-str title=\"4 characters\">0.00</span>\"
      +\"<span class=sf-dump-public title=\"Runtime added dynamic property\">total</span>\": \"<span class=sf-dump-str title=\"6 characters\">983.33</span>\"
      +\"<span class=sf-dump-public title=\"Runtime added dynamic property\">accrued</span>\": <span class=sf-dump-num>0</span>
    </samp>}
    <span class=sf-dump-index>7</span> => {<a class=sf-dump-ref>#796</a><samp data-depth=3 class=sf-dump-compact>
      +\"<span class=sf-dump-public title=\"Runtime added dynamic property\">term_code</span>\": \"<span class=sf-dump-str title=\"2 characters\">P8</span>\"
      +\"<span class=sf-dump-public title=\"Runtime added dynamic property\">date</span>\": \"<span class=sf-dump-str title=\"10 characters\">03/30/2025</span>\"
      +\"<span class=sf-dump-public title=\"Runtime added dynamic property\">principal</span>\": \"<span class=sf-dump-str title=\"6 characters\">833.33</span>\"
      +\"<span class=sf-dump-public title=\"Runtime added dynamic property\">interest</span>\": \"<span class=sf-dump-str title=\"6 characters\">150.00</span>\"
      +\"<span class=sf-dump-public title=\"Runtime added dynamic property\">surcharge</span>\": \"<span class=sf-dump-str title=\"4 characters\">0.00</span>\"
      +\"<span class=sf-dump-public title=\"Runtime added dynamic property\">total</span>\": \"<span class=sf-dump-str title=\"6 characters\">983.33</span>\"
      +\"<span class=sf-dump-public title=\"Runtime added dynamic property\">accrued</span>\": <span class=sf-dump-num>0</span>
    </samp>}
    <span class=sf-dump-index>8</span> => {<a class=sf-dump-ref>#800</a><samp data-depth=3 class=sf-dump-compact>
      +\"<span class=sf-dump-public title=\"Runtime added dynamic property\">term_code</span>\": \"<span class=sf-dump-str title=\"2 characters\">P9</span>\"
      +\"<span class=sf-dump-public title=\"Runtime added dynamic property\">date</span>\": \"<span class=sf-dump-str title=\"10 characters\">04/30/2025</span>\"
      +\"<span class=sf-dump-public title=\"Runtime added dynamic property\">principal</span>\": \"<span class=sf-dump-str title=\"6 characters\">833.33</span>\"
      +\"<span class=sf-dump-public title=\"Runtime added dynamic property\">interest</span>\": \"<span class=sf-dump-str title=\"6 characters\">150.00</span>\"
      +\"<span class=sf-dump-public title=\"Runtime added dynamic property\">surcharge</span>\": \"<span class=sf-dump-str title=\"4 characters\">0.00</span>\"
      +\"<span class=sf-dump-public title=\"Runtime added dynamic property\">total</span>\": \"<span class=sf-dump-str title=\"6 characters\">983.33</span>\"
      +\"<span class=sf-dump-public title=\"Runtime added dynamic property\">accrued</span>\": <span class=sf-dump-num>0</span>
    </samp>}
    <span class=sf-dump-index>9</span> => {<a class=sf-dump-ref>#801</a><samp data-depth=3 class=sf-dump-compact>
      +\"<span class=sf-dump-public title=\"Runtime added dynamic property\">term_code</span>\": \"<span class=sf-dump-str title=\"3 characters\">P10</span>\"
      +\"<span class=sf-dump-public title=\"Runtime added dynamic property\">date</span>\": \"<span class=sf-dump-str title=\"10 characters\">05/30/2025</span>\"
      +\"<span class=sf-dump-public title=\"Runtime added dynamic property\">principal</span>\": \"<span class=sf-dump-str title=\"6 characters\">833.33</span>\"
      +\"<span class=sf-dump-public title=\"Runtime added dynamic property\">interest</span>\": \"<span class=sf-dump-str title=\"6 characters\">150.00</span>\"
      +\"<span class=sf-dump-public title=\"Runtime added dynamic property\">surcharge</span>\": \"<span class=sf-dump-str title=\"4 characters\">0.00</span>\"
      +\"<span class=sf-dump-public title=\"Runtime added dynamic property\">total</span>\": \"<span class=sf-dump-str title=\"6 characters\">983.33</span>\"
      +\"<span class=sf-dump-public title=\"Runtime added dynamic property\">accrued</span>\": <span class=sf-dump-num>0</span>
    </samp>}
    <span class=sf-dump-index>10</span> => {<a class=sf-dump-ref>#802</a><samp data-depth=3 class=sf-dump-compact>
      +\"<span class=sf-dump-public title=\"Runtime added dynamic property\">term_code</span>\": \"<span class=sf-dump-str title=\"3 characters\">P11</span>\"
      +\"<span class=sf-dump-public title=\"Runtime added dynamic property\">date</span>\": \"<span class=sf-dump-str title=\"10 characters\">06/30/2025</span>\"
      +\"<span class=sf-dump-public title=\"Runtime added dynamic property\">principal</span>\": \"<span class=sf-dump-str title=\"6 characters\">833.33</span>\"
      +\"<span class=sf-dump-public title=\"Runtime added dynamic property\">interest</span>\": \"<span class=sf-dump-str title=\"6 characters\">150.00</span>\"
      +\"<span class=sf-dump-public title=\"Runtime added dynamic property\">surcharge</span>\": \"<span class=sf-dump-str title=\"4 characters\">0.00</span>\"
      +\"<span class=sf-dump-public title=\"Runtime added dynamic property\">total</span>\": \"<span class=sf-dump-str title=\"6 characters\">983.33</span>\"
      +\"<span class=sf-dump-public title=\"Runtime added dynamic property\">accrued</span>\": <span class=sf-dump-num>0</span>
    </samp>}
    <span class=sf-dump-index>11</span> => {<a class=sf-dump-ref>#799</a><samp data-depth=3 class=sf-dump-compact>
      +\"<span class=sf-dump-public title=\"Runtime added dynamic property\">term_code</span>\": \"<span class=sf-dump-str title=\"3 characters\">P12</span>\"
      +\"<span class=sf-dump-public title=\"Runtime added dynamic property\">date</span>\": \"<span class=sf-dump-str title=\"10 characters\">07/30/2025</span>\"
      +\"<span class=sf-dump-public title=\"Runtime added dynamic property\">principal</span>\": \"<span class=sf-dump-str title=\"6 characters\">833.37</span>\"
      +\"<span class=sf-dump-public title=\"Runtime added dynamic property\">interest</span>\": \"<span class=sf-dump-str title=\"6 characters\">150.00</span>\"
      +\"<span class=sf-dump-public title=\"Runtime added dynamic property\">surcharge</span>\": \"<span class=sf-dump-str title=\"4 characters\">0.00</span>\"
      +\"<span class=sf-dump-public title=\"Runtime added dynamic property\">total</span>\": \"<span class=sf-dump-str title=\"6 characters\">983.37</span>\"
      +\"<span class=sf-dump-public title=\"Runtime added dynamic property\">accrued</span>\": <span class=sf-dump-num>0</span>
    </samp>}
  </samp>]
  \"<span class=sf-dump-key>AMTZ_PAYMENT</span>\" => []
  \"<span class=sf-dump-key>REPAYMENT_TABLE</span>\" => []
  \"<span class=sf-dump-key>CURRENT_DUE</span>\" => {<a class=sf-dump-ref>#808</a><samp data-depth=2 class=sf-dump-compact>
    +\"<span class=sf-dump-public title=\"Runtime added dynamic property\">cur_date</span>\": \"<span class=sf-dump-str title=\"17 characters\">December 09, 2025</span>\"
    +\"<span class=sf-dump-public title=\"Runtime added dynamic property\">prin</span>\": \"<span class=sf-dump-str title=\"8 characters\">10000.00</span>\"
    +\"<span class=sf-dump-public title=\"Runtime added dynamic property\">interest</span>\": \"<span class=sf-dump-str title=\"7 characters\">1800.00</span>\"
    +\"<span class=sf-dump-public title=\"Runtime added dynamic property\">fees</span>\": \"<span class=sf-dump-str title=\"4 characters\">0.00</span>\"
    +\"<span class=sf-dump-public title=\"Runtime added dynamic property\">surcharge</span>\": \"<span class=sf-dump-str title=\"4 characters\">0.00</span>\"
  </samp>}
  \"<span class=sf-dump-key>TOTAL_DUE</span>\" => <span class=sf-dump-num>11800.0</span>
  \"<span class=sf-dump-key>repaymentCount</span>\" => <span class=sf-dump-num>12</span>
  \"<span class=sf-dump-key>LOAN_TABLE</span>\" => <span class=sf-dump-note>array:12</span> [<samp data-depth=2 class=sf-dump-compact>
    <span class=sf-dump-index>0</span> => <span class=sf-dump-note>array:12</span> [<samp data-depth=3 class=sf-dump-compact>
      \"<span class=sf-dump-key>count</span>\" => <span class=sf-dump-num>1</span>
      \"<span class=sf-dump-key>term_code</span>\" => \"<span class=sf-dump-str title=\"2 characters\">P1</span>\"
      \"<span class=sf-dump-key>repayment_amount</span>\" => \"<span class=sf-dump-str title=\"6 characters\">833.33</span>\"
      \"<span class=sf-dump-key>interest_amount</span>\" => \"<span class=sf-dump-str title=\"6 characters\">150.00</span>\"
      \"<span class=sf-dump-key>fees</span>\" => \"<span class=sf-dump-str title=\"4 characters\">0.00</span>\"
      \"<span class=sf-dump-key>total_due</span>\" => \"<span class=sf-dump-str title=\"6 characters\">983.33</span>\"
      \"<span class=sf-dump-key>due_date</span>\" => \"<span class=sf-dump-str title=\"10 characters\">08/30/2024</span>\"
      \"<span class=sf-dump-key>paid_amount</span>\" => \"<span class=sf-dump-str>0</span>\"
      \"<span class=sf-dump-key>is_paid</span>\" => <span class=sf-dump-num>0</span>
      \"<span class=sf-dump-key>status</span>\" => \"<span class=sf-dump-str>3</span>\"
      \"<span class=sf-dump-key>accrued</span>\" => <span class=sf-dump-num>0</span>
      \"<span class=sf-dump-key>remarks</span>\" => \"\"
    </samp>]
    <span class=sf-dump-index>1</span> => <span class=sf-dump-note>array:12</span> [<samp data-depth=3 class=sf-dump-compact>
      \"<span class=sf-dump-key>count</span>\" => <span class=sf-dump-num>2</span>
      \"<span class=sf-dump-key>term_code</span>\" => \"<span class=sf-dump-str title=\"2 characters\">P2</span>\"
      \"<span class=sf-dump-key>repayment_amount</span>\" => \"<span class=sf-dump-str title=\"6 characters\">833.33</span>\"
      \"<span class=sf-dump-key>interest_amount</span>\" => \"<span class=sf-dump-str title=\"6 characters\">150.00</span>\"
      \"<span class=sf-dump-key>fees</span>\" => \"<span class=sf-dump-str title=\"4 characters\">0.00</span>\"
      \"<span class=sf-dump-key>total_due</span>\" => \"<span class=sf-dump-str title=\"6 characters\">983.33</span>\"
      \"<span class=sf-dump-key>due_date</span>\" => \"<span class=sf-dump-str title=\"10 characters\">09/30/2024</span>\"
      \"<span class=sf-dump-key>paid_amount</span>\" => \"<span class=sf-dump-str>0</span>\"
      \"<span class=sf-dump-key>is_paid</span>\" => <span class=sf-dump-num>0</span>
      \"<span class=sf-dump-key>status</span>\" => \"<span class=sf-dump-str>3</span>\"
      \"<span class=sf-dump-key>accrued</span>\" => <span class=sf-dump-num>0</span>
      \"<span class=sf-dump-key>remarks</span>\" => \"\"
    </samp>]
    <span class=sf-dump-index>2</span> => <span class=sf-dump-note>array:12</span> [<samp data-depth=3 class=sf-dump-compact>
      \"<span class=sf-dump-key>count</span>\" => <span class=sf-dump-num>3</span>
      \"<span class=sf-dump-key>term_code</span>\" => \"<span class=sf-dump-str title=\"2 characters\">P3</span>\"
      \"<span class=sf-dump-key>repayment_amount</span>\" => \"<span class=sf-dump-str title=\"6 characters\">833.33</span>\"
      \"<span class=sf-dump-key>interest_amount</span>\" => \"<span class=sf-dump-str title=\"6 characters\">150.00</span>\"
      \"<span class=sf-dump-key>fees</span>\" => \"<span class=sf-dump-str title=\"4 characters\">0.00</span>\"
      \"<span class=sf-dump-key>total_due</span>\" => \"<span class=sf-dump-str title=\"6 characters\">983.33</span>\"
      \"<span class=sf-dump-key>due_date</span>\" => \"<span class=sf-dump-str title=\"10 characters\">10/30/2024</span>\"
      \"<span class=sf-dump-key>paid_amount</span>\" => \"<span class=sf-dump-str>0</span>\"
      \"<span class=sf-dump-key>is_paid</span>\" => <span class=sf-dump-num>0</span>
      \"<span class=sf-dump-key>status</span>\" => \"<span class=sf-dump-str>3</span>\"
      \"<span class=sf-dump-key>accrued</span>\" => <span class=sf-dump-num>0</span>
      \"<span class=sf-dump-key>remarks</span>\" => \"\"
    </samp>]
    <span class=sf-dump-index>3</span> => <span class=sf-dump-note>array:12</span> [<samp data-depth=3 class=sf-dump-compact>
      \"<span class=sf-dump-key>count</span>\" => <span class=sf-dump-num>4</span>
      \"<span class=sf-dump-key>term_code</span>\" => \"<span class=sf-dump-str title=\"2 characters\">P4</span>\"
      \"<span class=sf-dump-key>repayment_amount</span>\" => \"<span class=sf-dump-str title=\"6 characters\">833.33</span>\"
      \"<span class=sf-dump-key>interest_amount</span>\" => \"<span class=sf-dump-str title=\"6 characters\">150.00</span>\"
      \"<span class=sf-dump-key>fees</span>\" => \"<span class=sf-dump-str title=\"4 characters\">0.00</span>\"
      \"<span class=sf-dump-key>total_due</span>\" => \"<span class=sf-dump-str title=\"6 characters\">983.33</span>\"
      \"<span class=sf-dump-key>due_date</span>\" => \"<span class=sf-dump-str title=\"10 characters\">11/30/2024</span>\"
      \"<span class=sf-dump-key>paid_amount</span>\" => \"<span class=sf-dump-str>0</span>\"
      \"<span class=sf-dump-key>is_paid</span>\" => <span class=sf-dump-num>0</span>
      \"<span class=sf-dump-key>status</span>\" => \"<span class=sf-dump-str>3</span>\"
      \"<span class=sf-dump-key>accrued</span>\" => <span class=sf-dump-num>0</span>
      \"<span class=sf-dump-key>remarks</span>\" => \"\"
    </samp>]
    <span class=sf-dump-index>4</span> => <span class=sf-dump-note>array:12</span> [<samp data-depth=3 class=sf-dump-compact>
      \"<span class=sf-dump-key>count</span>\" => <span class=sf-dump-num>5</span>
      \"<span class=sf-dump-key>term_code</span>\" => \"<span class=sf-dump-str title=\"2 characters\">P5</span>\"
      \"<span class=sf-dump-key>repayment_amount</span>\" => \"<span class=sf-dump-str title=\"6 characters\">833.33</span>\"
      \"<span class=sf-dump-key>interest_amount</span>\" => \"<span class=sf-dump-str title=\"6 characters\">150.00</span>\"
      \"<span class=sf-dump-key>fees</span>\" => \"<span class=sf-dump-str title=\"4 characters\">0.00</span>\"
      \"<span class=sf-dump-key>total_due</span>\" => \"<span class=sf-dump-str title=\"6 characters\">983.33</span>\"
      \"<span class=sf-dump-key>due_date</span>\" => \"<span class=sf-dump-str title=\"10 characters\">12/30/2024</span>\"
      \"<span class=sf-dump-key>paid_amount</span>\" => \"<span class=sf-dump-str>0</span>\"
      \"<span class=sf-dump-key>is_paid</span>\" => <span class=sf-dump-num>0</span>
      \"<span class=sf-dump-key>status</span>\" => \"<span class=sf-dump-str>3</span>\"
      \"<span class=sf-dump-key>accrued</span>\" => <span class=sf-dump-num>0</span>
      \"<span class=sf-dump-key>remarks</span>\" => \"\"
    </samp>]
    <span class=sf-dump-index>5</span> => <span class=sf-dump-note>array:12</span> [<samp data-depth=3 class=sf-dump-compact>
      \"<span class=sf-dump-key>count</span>\" => <span class=sf-dump-num>6</span>
      \"<span class=sf-dump-key>term_code</span>\" => \"<span class=sf-dump-str title=\"2 characters\">P6</span>\"
      \"<span class=sf-dump-key>repayment_amount</span>\" => \"<span class=sf-dump-str title=\"6 characters\">833.33</span>\"
      \"<span class=sf-dump-key>interest_amount</span>\" => \"<span class=sf-dump-str title=\"6 characters\">150.00</span>\"
      \"<span class=sf-dump-key>fees</span>\" => \"<span class=sf-dump-str title=\"4 characters\">0.00</span>\"
      \"<span class=sf-dump-key>total_due</span>\" => \"<span class=sf-dump-str title=\"6 characters\">983.33</span>\"
      \"<span class=sf-dump-key>due_date</span>\" => \"<span class=sf-dump-str title=\"10 characters\">01/30/2025</span>\"
      \"<span class=sf-dump-key>paid_amount</span>\" => \"<span class=sf-dump-str>0</span>\"
      \"<span class=sf-dump-key>is_paid</span>\" => <span class=sf-dump-num>0</span>
      \"<span class=sf-dump-key>status</span>\" => \"<span class=sf-dump-str>3</span>\"
      \"<span class=sf-dump-key>accrued</span>\" => <span class=sf-dump-num>0</span>
      \"<span class=sf-dump-key>remarks</span>\" => \"\"
    </samp>]
    <span class=sf-dump-index>6</span> => <span class=sf-dump-note>array:12</span> [<samp data-depth=3 class=sf-dump-compact>
      \"<span class=sf-dump-key>count</span>\" => <span class=sf-dump-num>7</span>
      \"<span class=sf-dump-key>term_code</span>\" => \"<span class=sf-dump-str title=\"2 characters\">P7</span>\"
      \"<span class=sf-dump-key>repayment_amount</span>\" => \"<span class=sf-dump-str title=\"6 characters\">833.33</span>\"
      \"<span class=sf-dump-key>interest_amount</span>\" => \"<span class=sf-dump-str title=\"6 characters\">150.00</span>\"
      \"<span class=sf-dump-key>fees</span>\" => \"<span class=sf-dump-str title=\"4 characters\">0.00</span>\"
      \"<span class=sf-dump-key>total_due</span>\" => \"<span class=sf-dump-str title=\"6 characters\">983.33</span>\"
      \"<span class=sf-dump-key>due_date</span>\" => \"<span class=sf-dump-str title=\"10 characters\">02/28/2025</span>\"
      \"<span class=sf-dump-key>paid_amount</span>\" => \"<span class=sf-dump-str>0</span>\"
      \"<span class=sf-dump-key>is_paid</span>\" => <span class=sf-dump-num>0</span>
      \"<span class=sf-dump-key>status</span>\" => \"<span class=sf-dump-str>3</span>\"
      \"<span class=sf-dump-key>accrued</span>\" => <span class=sf-dump-num>0</span>
      \"<span class=sf-dump-key>remarks</span>\" => \"\"
    </samp>]
    <span class=sf-dump-index>7</span> => <span class=sf-dump-note>array:12</span> [<samp data-depth=3 class=sf-dump-compact>
      \"<span class=sf-dump-key>count</span>\" => <span class=sf-dump-num>8</span>
      \"<span class=sf-dump-key>term_code</span>\" => \"<span class=sf-dump-str title=\"2 characters\">P8</span>\"
      \"<span class=sf-dump-key>repayment_amount</span>\" => \"<span class=sf-dump-str title=\"6 characters\">833.33</span>\"
      \"<span class=sf-dump-key>interest_amount</span>\" => \"<span class=sf-dump-str title=\"6 characters\">150.00</span>\"
      \"<span class=sf-dump-key>fees</span>\" => \"<span class=sf-dump-str title=\"4 characters\">0.00</span>\"
      \"<span class=sf-dump-key>total_due</span>\" => \"<span class=sf-dump-str title=\"6 characters\">983.33</span>\"
      \"<span class=sf-dump-key>due_date</span>\" => \"<span class=sf-dump-str title=\"10 characters\">03/30/2025</span>\"
      \"<span class=sf-dump-key>paid_amount</span>\" => \"<span class=sf-dump-str>0</span>\"
      \"<span class=sf-dump-key>is_paid</span>\" => <span class=sf-dump-num>0</span>
      \"<span class=sf-dump-key>status</span>\" => \"<span class=sf-dump-str>3</span>\"
      \"<span class=sf-dump-key>accrued</span>\" => <span class=sf-dump-num>0</span>
      \"<span class=sf-dump-key>remarks</span>\" => \"\"
    </samp>]
    <span class=sf-dump-index>8</span> => <span class=sf-dump-note>array:12</span> [<samp data-depth=3 class=sf-dump-compact>
      \"<span class=sf-dump-key>count</span>\" => <span class=sf-dump-num>9</span>
      \"<span class=sf-dump-key>term_code</span>\" => \"<span class=sf-dump-str title=\"2 characters\">P9</span>\"
      \"<span class=sf-dump-key>repayment_amount</span>\" => \"<span class=sf-dump-str title=\"6 characters\">833.33</span>\"
      \"<span class=sf-dump-key>interest_amount</span>\" => \"<span class=sf-dump-str title=\"6 characters\">150.00</span>\"
      \"<span class=sf-dump-key>fees</span>\" => \"<span class=sf-dump-str title=\"4 characters\">0.00</span>\"
      \"<span class=sf-dump-key>total_due</span>\" => \"<span class=sf-dump-str title=\"6 characters\">983.33</span>\"
      \"<span class=sf-dump-key>due_date</span>\" => \"<span class=sf-dump-str title=\"10 characters\">04/30/2025</span>\"
      \"<span class=sf-dump-key>paid_amount</span>\" => \"<span class=sf-dump-str>0</span>\"
      \"<span class=sf-dump-key>is_paid</span>\" => <span class=sf-dump-num>0</span>
      \"<span class=sf-dump-key>status</span>\" => \"<span class=sf-dump-str>3</span>\"
      \"<span class=sf-dump-key>accrued</span>\" => <span class=sf-dump-num>0</span>
      \"<span class=sf-dump-key>remarks</span>\" => \"\"
    </samp>]
    <span class=sf-dump-index>9</span> => <span class=sf-dump-note>array:12</span> [<samp data-depth=3 class=sf-dump-compact>
      \"<span class=sf-dump-key>count</span>\" => <span class=sf-dump-num>10</span>
      \"<span class=sf-dump-key>term_code</span>\" => \"<span class=sf-dump-str title=\"3 characters\">P10</span>\"
      \"<span class=sf-dump-key>repayment_amount</span>\" => \"<span class=sf-dump-str title=\"6 characters\">833.33</span>\"
      \"<span class=sf-dump-key>interest_amount</span>\" => \"<span class=sf-dump-str title=\"6 characters\">150.00</span>\"
      \"<span class=sf-dump-key>fees</span>\" => \"<span class=sf-dump-str title=\"4 characters\">0.00</span>\"
      \"<span class=sf-dump-key>total_due</span>\" => \"<span class=sf-dump-str title=\"6 characters\">983.33</span>\"
      \"<span class=sf-dump-key>due_date</span>\" => \"<span class=sf-dump-str title=\"10 characters\">05/30/2025</span>\"
      \"<span class=sf-dump-key>paid_amount</span>\" => \"<span class=sf-dump-str>0</span>\"
      \"<span class=sf-dump-key>is_paid</span>\" => <span class=sf-dump-num>0</span>
      \"<span class=sf-dump-key>status</span>\" => \"<span class=sf-dump-str>3</span>\"
      \"<span class=sf-dump-key>accrued</span>\" => <span class=sf-dump-num>0</span>
      \"<span class=sf-dump-key>remarks</span>\" => \"\"
    </samp>]
    <span class=sf-dump-index>10</span> => <span class=sf-dump-note>array:12</span> [<samp data-depth=3 class=sf-dump-compact>
      \"<span class=sf-dump-key>count</span>\" => <span class=sf-dump-num>11</span>
      \"<span class=sf-dump-key>term_code</span>\" => \"<span class=sf-dump-str title=\"3 characters\">P11</span>\"
      \"<span class=sf-dump-key>repayment_amount</span>\" => \"<span class=sf-dump-str title=\"6 characters\">833.33</span>\"
      \"<span class=sf-dump-key>interest_amount</span>\" => \"<span class=sf-dump-str title=\"6 characters\">150.00</span>\"
      \"<span class=sf-dump-key>fees</span>\" => \"<span class=sf-dump-str title=\"4 characters\">0.00</span>\"
      \"<span class=sf-dump-key>total_due</span>\" => \"<span class=sf-dump-str title=\"6 characters\">983.33</span>\"
      \"<span class=sf-dump-key>due_date</span>\" => \"<span class=sf-dump-str title=\"10 characters\">06/30/2025</span>\"
      \"<span class=sf-dump-key>paid_amount</span>\" => \"<span class=sf-dump-str>0</span>\"
      \"<span class=sf-dump-key>is_paid</span>\" => <span class=sf-dump-num>0</span>
      \"<span class=sf-dump-key>status</span>\" => \"<span class=sf-dump-str>3</span>\"
      \"<span class=sf-dump-key>accrued</span>\" => <span class=sf-dump-num>0</span>
      \"<span class=sf-dump-key>remarks</span>\" => \"\"
    </samp>]
    <span class=sf-dump-index>11</span> => <span class=sf-dump-note>array:12</span> [<samp data-depth=3 class=sf-dump-compact>
      \"<span class=sf-dump-key>count</span>\" => <span class=sf-dump-num>12</span>
      \"<span class=sf-dump-key>term_code</span>\" => \"<span class=sf-dump-str title=\"3 characters\">P12</span>\"
      \"<span class=sf-dump-key>repayment_amount</span>\" => \"<span class=sf-dump-str title=\"6 characters\">833.37</span>\"
      \"<span class=sf-dump-key>interest_amount</span>\" => \"<span class=sf-dump-str title=\"6 characters\">150.00</span>\"
      \"<span class=sf-dump-key>fees</span>\" => \"<span class=sf-dump-str title=\"4 characters\">0.00</span>\"
      \"<span class=sf-dump-key>total_due</span>\" => \"<span class=sf-dump-str title=\"6 characters\">983.37</span>\"
      \"<span class=sf-dump-key>due_date</span>\" => \"<span class=sf-dump-str title=\"10 characters\">07/30/2025</span>\"
      \"<span class=sf-dump-key>paid_amount</span>\" => \"<span class=sf-dump-str>0</span>\"
      \"<span class=sf-dump-key>is_paid</span>\" => <span class=sf-dump-num>0</span>
      \"<span class=sf-dump-key>status</span>\" => \"<span class=sf-dump-str>3</span>\"
      \"<span class=sf-dump-key>accrued</span>\" => <span class=sf-dump-num>0</span>
      \"<span class=sf-dump-key>remarks</span>\" => \"\"
    </samp>]
  </samp>]
  \"<span class=sf-dump-key>TOTAL_INTEREST</span>\" => <span class=sf-dump-num>1800.0</span>
  \"<span class=sf-dump-key>TOTAL_AMOUNT_DUE</span>\" => <span class=sf-dump-num>11800.0</span>
  \"<span class=sf-dump-key>TOTAL_PAID_AMOUNT</span>\" => <span class=sf-dump-num>0</span>
  \"<span class=sf-dump-key>CURRENT_LOAN_BALANCE</span>\" => <span class=sf-dump-num>11800.0</span>
</samp>]
</pre><script>Sfdump(\"sf-dump-357325076\", {\"maxDepth\":3,\"maxStringLength\":160})</script>
","for_approval":"<pre class=sf-dump id=sf-dump-728596548 data-indent-pad=\"  \"><span class=sf-dump-const>false</span>
</pre><script>Sfdump(\"sf-dump-728596548\", {\"maxDepth\":3,\"maxStringLength\":160})</script>
","show_repayment":"<pre class=sf-dump id=sf-dump-785993149 data-indent-pad=\"  \"><span class=sf-dump-const>true</span>
</pre><script>Sfdump(\"sf-dump-785993149\", {\"maxDepth\":3,\"maxStringLength\":160})</script>
","INVALID_APPLICATION":"<pre class=sf-dump id=sf-dump-52417502 data-indent-pad=\"  \"><span class=sf-dump-const>false</span>
</pre><script>Sfdump(\"sf-dump-52417502\", {\"maxDepth\":3,\"maxStringLength\":160})</script>
","ERROR_MESSAGE":"<pre class=sf-dump id=sf-dump-732084914 data-indent-pad=\"  \">[]
</pre><script>Sfdump(\"sf-dump-732084914\", {\"maxDepth\":3,\"maxStringLength\":160})</script>
","CBU":"<pre class=sf-dump id=sf-dump-668742113 data-indent-pad=\"  \"><span class=sf-dump-note>array:2</span> [<samp data-depth=1 class=sf-dump-expanded>
  \"<span class=sf-dump-key>is_capital_buildup_valid</span>\" => <span class=sf-dump-const>true</span>
  \"<span class=sf-dump-key>difference</span>\" => <span class=sf-dump-num>0</span>
</samp>]
</pre><script>Sfdump(\"sf-dump-668742113\", {\"maxDepth\":3,\"maxStringLength\":160})</script>
","ACCOUNT_CBU":"<pre class=sf-dump id=sf-dump-877291311 data-indent-pad=\"  \">\"<span class=sf-dump-str title=\"8 characters\">11762.96</span>\"
</pre><script>Sfdump(\"sf-dump-877291311\", {\"maxDepth\":3,\"maxStringLength\":160})</script>
","net_pays":"<pre class=sf-dump id=sf-dump-1311758174 data-indent-pad=\"  \"><span class=sf-dump-note>Illuminate\\Support\\Collection</span> {<a class=sf-dump-ref>#788</a><samp data-depth=1 class=sf-dump-expanded>
  #<span class=sf-dump-protected title=\"Protected property\">items</span>: []
  #<span class=sf-dump-protected title=\"Protected property\">escapeWhenCastingToString</span>: <span class=sf-dump-const>false</span>
</samp>}
</pre><script>Sfdump(\"sf-dump-1311758174\", {\"maxDepth\":3,\"maxStringLength\":160})</script>
","comakers":"<pre class=sf-dump id=sf-dump-1767571951 data-indent-pad=\"  \"><span class=sf-dump-note>Illuminate\\Support\\Collection</span> {<a class=sf-dump-ref>#803</a><samp data-depth=1 class=sf-dump-expanded>
  #<span class=sf-dump-protected title=\"Protected property\">items</span>: []
  #<span class=sf-dump-protected title=\"Protected property\">escapeWhenCastingToString</span>: <span class=sf-dump-const>false</span>
</samp>}
</pre><script>Sfdump(\"sf-dump-1767571951\", {\"maxDepth\":3,\"maxStringLength\":160})</script>
","other_lendings":"<pre class=sf-dump id=sf-dump-1333206505 data-indent-pad=\"  \"><span class=sf-dump-note>Illuminate\\Support\\Collection</span> {<a class=sf-dump-ref>#820</a><samp data-depth=1 class=sf-dump-expanded>
  #<span class=sf-dump-protected title=\"Protected property\">items</span>: []
  #<span class=sf-dump-protected title=\"Protected property\">escapeWhenCastingToString</span>: <span class=sf-dump-const>false</span>
</samp>}
</pre><script>Sfdump(\"sf-dump-1333206505\", {\"maxDepth\":3,\"maxStringLength\":160})</script>
","isAdmin":"<pre class=sf-dump id=sf-dump-2083622243 data-indent-pad=\"  \"><span class=sf-dump-num>1</span>
</pre><script>Sfdump(\"sf-dump-2083622243\", {\"maxDepth\":3,\"maxStringLength\":160})</script>
","loan_app_type":"<pre class=sf-dump id=sf-dump-644151136 data-indent-pad=\"  \"><span class=sf-dump-note>array:2</span> [<samp data-depth=1 class=sf-dump-expanded>
  <span class=sf-dump-key>1</span> => \"<span class=sf-dump-str title=\"8 characters\">New Loan</span>\"
  <span class=sf-dump-key>2</span> => \"<span class=sf-dump-str title=\"7 characters\">Renewal</span>\"
</samp>]
</pre><script>Sfdump(\"sf-dump-644151136\", {\"maxDepth\":3,\"maxStringLength\":160})</script>
","status_badge":"<pre class=sf-dump id=sf-dump-124129434 data-indent-pad=\"  \"><span class=sf-dump-note>array:7</span> [<samp data-depth=1 class=sf-dump-expanded>
  <span class=sf-dump-index>0</span> => \"<span class=sf-dump-str title=\"4 characters\">info</span>\"
  <span class=sf-dump-index>1</span> => \"<span class=sf-dump-str title=\"7 characters\">primary</span>\"
  <span class=sf-dump-index>2</span> => \"<span class=sf-dump-str title=\"7 characters\">success</span>\"
  <span class=sf-dump-index>3</span> => \"<span class=sf-dump-str title=\"7 characters\">success</span>\"
  <span class=sf-dump-index>4</span> => \"<span class=sf-dump-str title=\"6 characters\">danger</span>\"
  <span class=sf-dump-index>5</span> => \"<span class=sf-dump-str title=\"6 characters\">danger</span>\"
  <span class=sf-dump-index>6</span> => \"<span class=sf-dump-str title=\"7 characters\">primary</span>\"
</samp>]
</pre><script>Sfdump(\"sf-dump-124129434\", {\"maxDepth\":3,\"maxStringLength\":160})</script>
","back_link":"<pre class=sf-dump id=sf-dump-922955560 data-indent-pad=\"  \">\"<span class=sf-dump-str title=\"5 characters\">/loan</span>\"
</pre><script>Sfdump(\"sf-dump-922955560\", {\"maxDepth\":3,\"maxStringLength\":160})</script>
","lt_max_index":"<pre class=sf-dump id=sf-dump-1340636080 data-indent-pad=\"  \"><span class=sf-dump-num>11</span>
</pre><script>Sfdump(\"sf-dump-1340636080\", {\"maxDepth\":3,\"maxStringLength\":160})</script>
","month_duration":"<pre class=sf-dump id=sf-dump-823636609 data-indent-pad=\"  \"><span class=sf-dump-num>1</span>
</pre><script>Sfdump(\"sf-dump-823636609\", {\"maxDepth\":3,\"maxStringLength\":160})</script>
","__currentLoopData":"<pre class=sf-dump id=sf-dump-1369663997 data-indent-pad=\"  \">[]
</pre><script>Sfdump(\"sf-dump-1369663997\", {\"maxDepth\":3,\"maxStringLength\":160})</script>
","loop":"<pre class=sf-dump id=sf-dump-1136222262 data-indent-pad=\"  \"><span class=sf-dump-const>null</span>
</pre><script>Sfdump(\"sf-dump-1136222262\", {\"maxDepth\":3,\"maxStringLength\":160})</script>
"}},"exception":"[object] (Spatie\\LaravelIgnition\\Exceptions\\ViewException(code: 0): Attempt to read property \"principal_balance\" on string at C:\\wamp64\\www\\maasin_live_act\\resources\\views\\loan\\repayment_table.blade.php:107)
[stacktrace]
#0 C:\\wamp64\\www\\maasin_live_act\\vendor\\laravel\\framework\\src\\Illuminate\\Filesystem\\Filesystem.php(123): require('C:\\\\wamp64\\\\www\\\\m...')
#1 C:\\wamp64\\www\\maasin_live_act\\vendor\\laravel\\framework\\src\\Illuminate\\Filesystem\\Filesystem.php(124): Illuminate\\Filesystem\\Filesystem::{closure:Illuminate\\Filesystem\\Filesystem::getRequire():120}()
#2 C:\\wamp64\\www\\maasin_live_act\\vendor\\laravel\\framework\\src\\Illuminate\\View\\Engines\\PhpEngine.php(58): Illuminate\\Filesystem\\Filesystem->getRequire('C:\\\\wamp64\\\\www\\\\m...', Array)
#3 C:\\wamp64\\www\\maasin_live_act\\vendor\\laravel\\framework\\src\\Illuminate\\View\\Engines\\CompilerEngine.php(72): Illuminate\\View\\Engines\\PhpEngine->evaluatePath('C:\\\\wamp64\\\\www\\\\m...', Array)
#4 C:\\wamp64\\www\\maasin_live_act\\vendor\\laravel\\framework\\src\\Illuminate\\View\\View.php(207): Illuminate\\View\\Engines\\CompilerEngine->get('C:\\\\wamp64\\\\www\\\\m...', Array)
#5 C:\\wamp64\\www\\maasin_live_act\\vendor\\laravel\\framework\\src\\Illuminate\\View\\View.php(190): Illuminate\\View\\View->getContents()
#6 C:\\wamp64\\www\\maasin_live_act\\vendor\\laravel\\framework\\src\\Illuminate\\View\\View.php(159): Illuminate\\View\\View->renderContents()
#7 C:\\wamp64\\www\\maasin_live_act\\resources\\views\\loan\\loan_table.blade.php(346): Illuminate\\View\\View->render()
#8 C:\\wamp64\\www\\maasin_live_act\\vendor\\laravel\\framework\\src\\Illuminate\\Filesystem\\Filesystem.php(123): require('C:\\\\wamp64\\\\www\\\\m...')
#9 C:\\wamp64\\www\\maasin_live_act\\vendor\\laravel\\framework\\src\\Illuminate\\Filesystem\\Filesystem.php(124): Illuminate\\Filesystem\\Filesystem::{closure:Illuminate\\Filesystem\\Filesystem::getRequire():120}()
#10 C:\\wamp64\\www\\maasin_live_act\\vendor\\laravel\\framework\\src\\Illuminate\\View\\Engines\\PhpEngine.php(58): Illuminate\\Filesystem\\Filesystem->getRequire('C:\\\\wamp64\\\\www\\\\m...', Array)
#11 C:\\wamp64\\www\\maasin_live_act\\vendor\\laravel\\framework\\src\\Illuminate\\View\\Engines\\CompilerEngine.php(72): Illuminate\\View\\Engines\\PhpEngine->evaluatePath('C:\\\\wamp64\\\\www\\\\m...', Array)
#12 C:\\wamp64\\www\\maasin_live_act\\vendor\\laravel\\framework\\src\\Illuminate\\View\\View.php(207): Illuminate\\View\\Engines\\CompilerEngine->get('C:\\\\wamp64\\\\www\\\\m...', Array)
#13 C:\\wamp64\\www\\maasin_live_act\\vendor\\laravel\\framework\\src\\Illuminate\\View\\View.php(190): Illuminate\\View\\View->getContents()
#14 C:\\wamp64\\www\\maasin_live_act\\vendor\\laravel\\framework\\src\\Illuminate\\View\\View.php(159): Illuminate\\View\\View->renderContents()
#15 C:\\wamp64\\www\\maasin_live_act\\resources\\views\\loan\\loan_form_display.blade.php(155): Illuminate\\View\\View->render()
#16 C:\\wamp64\\www\\maasin_live_act\\vendor\\laravel\\framework\\src\\Illuminate\\Filesystem\\Filesystem.php(123): require('C:\\\\wamp64\\\\www\\\\m...')
#17 C:\\wamp64\\www\\maasin_live_act\\vendor\\laravel\\framework\\src\\Illuminate\\Filesystem\\Filesystem.php(124): Illuminate\\Filesystem\\Filesystem::{closure:Illuminate\\Filesystem\\Filesystem::getRequire():120}()
#18 C:\\wamp64\\www\\maasin_live_act\\vendor\\laravel\\framework\\src\\Illuminate\\View\\Engines\\PhpEngine.php(58): Illuminate\\Filesystem\\Filesystem->getRequire('C:\\\\wamp64\\\\www\\\\m...', Array)
#19 C:\\wamp64\\www\\maasin_live_act\\vendor\\laravel\\framework\\src\\Illuminate\\View\\Engines\\CompilerEngine.php(72): Illuminate\\View\\Engines\\PhpEngine->evaluatePath('C:\\\\wamp64\\\\www\\\\m...', Array)
#20 C:\\wamp64\\www\\maasin_live_act\\vendor\\laravel\\framework\\src\\Illuminate\\View\\View.php(207): Illuminate\\View\\Engines\\CompilerEngine->get('C:\\\\wamp64\\\\www\\\\m...', Array)
#21 C:\\wamp64\\www\\maasin_live_act\\vendor\\laravel\\framework\\src\\Illuminate\\View\\View.php(190): Illuminate\\View\\View->getContents()
#22 C:\\wamp64\\www\\maasin_live_act\\vendor\\laravel\\framework\\src\\Illuminate\\View\\View.php(159): Illuminate\\View\\View->renderContents()
#23 C:\\wamp64\\www\\maasin_live_act\\vendor\\laravel\\framework\\src\\Illuminate\\Http\\Response.php(69): Illuminate\\View\\View->render()
#24 C:\\wamp64\\www\\maasin_live_act\\vendor\\laravel\\framework\\src\\Illuminate\\Http\\Response.php(35): Illuminate\\Http\\Response->setContent(Object(Illuminate\\View\\View))
#25 C:\\wamp64\\www\\maasin_live_act\\vendor\\laravel\\framework\\src\\Illuminate\\Routing\\Router.php(918): Illuminate\\Http\\Response->__construct(Object(Illuminate\\View\\View), 200, Array)
#26 C:\\wamp64\\www\\maasin_live_act\\vendor\\laravel\\framework\\src\\Illuminate\\Routing\\Router.php(885): Illuminate\\Routing\\Router::toResponse(Object(Illuminate\\Http\\Request), Object(Illuminate\\View\\View))
#27 C:\\wamp64\\www\\maasin_live_act\\vendor\\laravel\\framework\\src\\Illuminate\\Routing\\Router.php(805): Illuminate\\Routing\\Router->prepareResponse(Object(Illuminate\\Http\\Request), Object(Illuminate\\View\\View))
#28 C:\\wamp64\\www\\maasin_live_act\\vendor\\laravel\\framework\\src\\Illuminate\\Pipeline\\Pipeline.php(144): Illuminate\\Routing\\Router->{closure:Illuminate\\Routing\\Router::runRouteWithinStack():805}(Object(Illuminate\\Http\\Request))
#29 C:\\wamp64\\www\\maasin_live_act\\app\\Http\\Middleware\\SessionExpired.php(48): Illuminate\\Pipeline\\Pipeline->{closure:Illuminate\\Pipeline\\Pipeline::prepareDestination():142}(Object(Illuminate\\Http\\Request))
#30 C:\\wamp64\\www\\maasin_live_act\\vendor\\laravel\\framework\\src\\Illuminate\\Pipeline\\Pipeline.php(183): App\\Http\\Middleware\\SessionExpired->handle(Object(Illuminate\\Http\\Request), Object(Closure))
#31 C:\\wamp64\\www\\maasin_live_act\\vendor\\laravel\\framework\\src\\Illuminate\\Routing\\Middleware\\SubstituteBindings.php(50): Illuminate\\Pipeline\\Pipeline->{closure:{closure:Illuminate\\Pipeline\\Pipeline::carry():158}:159}(Object(Illuminate\\Http\\Request))
#32 C:\\wamp64\\www\\maasin_live_act\\vendor\\laravel\\framework\\src\\Illuminate\\Pipeline\\Pipeline.php(183): Illuminate\\Routing\\Middleware\\SubstituteBindings->handle(Object(Illuminate\\Http\\Request), Object(Closure))
#33 C:\\wamp64\\www\\maasin_live_act\\vendor\\laravel\\framework\\src\\Illuminate\\Foundation\\Http\\Middleware\\VerifyCsrfToken.php(78): Illuminate\\Pipeline\\Pipeline->{closure:{closure:Illuminate\\Pipeline\\Pipeline::carry():158}:159}(Object(Illuminate\\Http\\Request))
#34 C:\\wamp64\\www\\maasin_live_act\\vendor\\laravel\\framework\\src\\Illuminate\\Pipeline\\Pipeline.php(183): Illuminate\\Foundation\\Http\\Middleware\\VerifyCsrfToken->handle(Object(Illuminate\\Http\\Request), Object(Closure))
#35 C:\\wamp64\\www\\maasin_live_act\\vendor\\laravel\\framework\\src\\Illuminate\\View\\Middleware\\ShareErrorsFromSession.php(49): Illuminate\\Pipeline\\Pipeline->{closure:{closure:Illuminate\\Pipeline\\Pipeline::carry():158}:159}(Object(Illuminate\\Http\\Request))
#36 C:\\wamp64\\www\\maasin_live_act\\vendor\\laravel\\framework\\src\\Illuminate\\Pipeline\\Pipeline.php(183): Illuminate\\View\\Middleware\\ShareErrorsFromSession->handle(Object(Illuminate\\Http\\Request), Object(Closure))
#37 C:\\wamp64\\www\\maasin_live_act\\vendor\\laravel\\framework\\src\\Illuminate\\Session\\Middleware\\StartSession.php(121): Illuminate\\Pipeline\\Pipeline->{closure:{closure:Illuminate\\Pipeline\\Pipeline::carry():158}:159}(Object(Illuminate\\Http\\Request))
#38 C:\\wamp64\\www\\maasin_live_act\\vendor\\laravel\\framework\\src\\Illuminate\\Session\\Middleware\\StartSession.php(64): Illuminate\\Session\\Middleware\\StartSession->handleStatefulRequest(Object(Illuminate\\Http\\Request), Object(Illuminate\\Session\\Store), Object(Closure))
#39 C:\\wamp64\\www\\maasin_live_act\\vendor\\laravel\\framework\\src\\Illuminate\\Pipeline\\Pipeline.php(183): Illuminate\\Session\\Middleware\\StartSession->handle(Object(Illuminate\\Http\\Request), Object(Closure))
#40 C:\\wamp64\\www\\maasin_live_act\\vendor\\laravel\\framework\\src\\Illuminate\\Cookie\\Middleware\\AddQueuedCookiesToResponse.php(37): Illuminate\\Pipeline\\Pipeline->{closure:{closure:Illuminate\\Pipeline\\Pipeline::carry():158}:159}(Object(Illuminate\\Http\\Request))
#41 C:\\wamp64\\www\\maasin_live_act\\vendor\\laravel\\framework\\src\\Illuminate\\Pipeline\\Pipeline.php(183): Illuminate\\Cookie\\Middleware\\AddQueuedCookiesToResponse->handle(Object(Illuminate\\Http\\Request), Object(Closure))
#42 C:\\wamp64\\www\\maasin_live_act\\vendor\\laravel\\framework\\src\\Illuminate\\Cookie\\Middleware\\EncryptCookies.php(67): Illuminate\\Pipeline\\Pipeline->{closure:{closure:Illuminate\\Pipeline\\Pipeline::carry():158}:159}(Object(Illuminate\\Http\\Request))
#43 C:\\wamp64\\www\\maasin_live_act\\vendor\\laravel\\framework\\src\\Illuminate\\Pipeline\\Pipeline.php(183): Illuminate\\Cookie\\Middleware\\EncryptCookies->handle(Object(Illuminate\\Http\\Request), Object(Closure))
#44 C:\\wamp64\\www\\maasin_live_act\\vendor\\laravel\\framework\\src\\Illuminate\\Pipeline\\Pipeline.php(119): Illuminate\\Pipeline\\Pipeline->{closure:{closure:Illuminate\\Pipeline\\Pipeline::carry():158}:159}(Object(Illuminate\\Http\\Request))
#45 C:\\wamp64\\www\\maasin_live_act\\vendor\\laravel\\framework\\src\\Illuminate\\Routing\\Router.php(805): Illuminate\\Pipeline\\Pipeline->then(Object(Closure))
#46 C:\\wamp64\\www\\maasin_live_act\\vendor\\laravel\\framework\\src\\Illuminate\\Routing\\Router.php(784): Illuminate\\Routing\\Router->runRouteWithinStack(Object(Illuminate\\Routing\\Route), Object(Illuminate\\Http\\Request))
#47 C:\\wamp64\\www\\maasin_live_act\\vendor\\laravel\\framework\\src\\Illuminate\\Routing\\Router.php(748): Illuminate\\Routing\\Router->runRoute(Object(Illuminate\\Http\\Request), Object(Illuminate\\Routing\\Route))
#48 C:\\wamp64\\www\\maasin_live_act\\vendor\\laravel\\framework\\src\\Illuminate\\Routing\\Router.php(737): Illuminate\\Routing\\Router->dispatchToRoute(Object(Illuminate\\Http\\Request))
#49 C:\\wamp64\\www\\maasin_live_act\\vendor\\laravel\\framework\\src\\Illuminate\\Foundation\\Http\\Kernel.php(200): Illuminate\\Routing\\Router->dispatch(Object(Illuminate\\Http\\Request))
#50 C:\\wamp64\\www\\maasin_live_act\\vendor\\laravel\\framework\\src\\Illuminate\\Pipeline\\Pipeline.php(144): Illuminate\\Foundation\\Http\\Kernel->{closure:Illuminate\\Foundation\\Http\\Kernel::dispatchToRouter():197}(Object(Illuminate\\Http\\Request))
#51 C:\\wamp64\\www\\maasin_live_act\\vendor\\laravel\\framework\\src\\Illuminate\\Foundation\\Http\\Middleware\\TransformsRequest.php(21): Illuminate\\Pipeline\\Pipeline->{closure:Illuminate\\Pipeline\\Pipeline::prepareDestination():142}(Object(Illuminate\\Http\\Request))
#52 C:\\wamp64\\www\\maasin_live_act\\vendor\\laravel\\framework\\src\\Illuminate\\Foundation\\Http\\Middleware\\ConvertEmptyStringsToNull.php(31): Illuminate\\Foundation\\Http\\Middleware\\TransformsRequest->handle(Object(Illuminate\\Http\\Request), Object(Closure))
#53 C:\\wamp64\\www\\maasin_live_act\\vendor\\laravel\\framework\\src\\Illuminate\\Pipeline\\Pipeline.php(183): Illuminate\\Foundation\\Http\\Middleware\\ConvertEmptyStringsToNull->handle(Object(Illuminate\\Http\\Request), Object(Closure))
#54 C:\\wamp64\\www\\maasin_live_act\\vendor\\laravel\\framework\\src\\Illuminate\\Foundation\\Http\\Middleware\\TransformsRequest.php(21): Illuminate\\Pipeline\\Pipeline->{closure:{closure:Illuminate\\Pipeline\\Pipeline::carry():158}:159}(Object(Illuminate\\Http\\Request))
#55 C:\\wamp64\\www\\maasin_live_act\\vendor\\laravel\\framework\\src\\Illuminate\\Foundation\\Http\\Middleware\\TrimStrings.php(40): Illuminate\\Foundation\\Http\\Middleware\\TransformsRequest->handle(Object(Illuminate\\Http\\Request), Object(Closure))
#56 C:\\wamp64\\www\\maasin_live_act\\vendor\\laravel\\framework\\src\\Illuminate\\Pipeline\\Pipeline.php(183): Illuminate\\Foundation\\Http\\Middleware\\TrimStrings->handle(Object(Illuminate\\Http\\Request), Object(Closure))
#57 C:\\wamp64\\www\\maasin_live_act\\vendor\\laravel\\framework\\src\\Illuminate\\Foundation\\Http\\Middleware\\ValidatePostSize.php(27): Illuminate\\Pipeline\\Pipeline->{closure:{closure:Illuminate\\Pipeline\\Pipeline::carry():158}:159}(Object(Illuminate\\Http\\Request))
#58 C:\\wamp64\\www\\maasin_live_act\\vendor\\laravel\\framework\\src\\Illuminate\\Pipeline\\Pipeline.php(183): Illuminate\\Foundation\\Http\\Middleware\\ValidatePostSize->handle(Object(Illuminate\\Http\\Request), Object(Closure))
#59 C:\\wamp64\\www\\maasin_live_act\\vendor\\laravel\\framework\\src\\Illuminate\\Foundation\\Http\\Middleware\\PreventRequestsDuringMaintenance.php(99): Illuminate\\Pipeline\\Pipeline->{closure:{closure:Illuminate\\Pipeline\\Pipeline::carry():158}:159}(Object(Illuminate\\Http\\Request))
#60 C:\\wamp64\\www\\maasin_live_act\\vendor\\laravel\\framework\\src\\Illuminate\\Pipeline\\Pipeline.php(183): Illuminate\\Foundation\\Http\\Middleware\\PreventRequestsDuringMaintenance->handle(Object(Illuminate\\Http\\Request), Object(Closure))
#61 C:\\wamp64\\www\\maasin_live_act\\vendor\\laravel\\framework\\src\\Illuminate\\Http\\Middleware\\TrustProxies.php(39): Illuminate\\Pipeline\\Pipeline->{closure:{closure:Illuminate\\Pipeline\\Pipeline::carry():158}:159}(Object(Illuminate\\Http\\Request))
#62 C:\\wamp64\\www\\maasin_live_act\\vendor\\laravel\\framework\\src\\Illuminate\\Pipeline\\Pipeline.php(183): Illuminate\\Http\\Middleware\\TrustProxies->handle(Object(Illuminate\\Http\\Request), Object(Closure))
#63 C:\\wamp64\\www\\maasin_live_act\\vendor\\laravel\\framework\\src\\Illuminate\\Pipeline\\Pipeline.php(119): Illuminate\\Pipeline\\Pipeline->{closure:{closure:Illuminate\\Pipeline\\Pipeline::carry():158}:159}(Object(Illuminate\\Http\\Request))
#64 C:\\wamp64\\www\\maasin_live_act\\vendor\\laravel\\framework\\src\\Illuminate\\Foundation\\Http\\Kernel.php(175): Illuminate\\Pipeline\\Pipeline->then(Object(Closure))
#65 C:\\wamp64\\www\\maasin_live_act\\vendor\\laravel\\framework\\src\\Illuminate\\Foundation\\Http\\Kernel.php(144): Illuminate\\Foundation\\Http\\Kernel->sendRequestThroughRouter(Object(Illuminate\\Http\\Request))
#66 C:\\wamp64\\www\\maasin_live_act\\public\\index.php(54): Illuminate\\Foundation\\Http\\Kernel->handle(Object(Illuminate\\Http\\Request))
#67 {main}

[previous exception] [object] (ErrorException(code: 0): Attempt to read property \"principal_balance\" on string at C:\\wamp64\\www\\maasin_live_act\\storage\\framework\\views\\422c6115bf2f00a70f8a21ce48423398.php:107)
[stacktrace]
#0 C:\\wamp64\\www\\maasin_live_act\\vendor\\laravel\\framework\\src\\Illuminate\\Foundation\\Bootstrap\\HandleExceptions.php(255): Illuminate\\Foundation\\Bootstrap\\HandleExceptions->handleError(2, 'Attempt to read...', 'C:\\\\wamp64\\\\www\\\\m...', 107)
#1 C:\\wamp64\\www\\maasin_live_act\\storage\\framework\\views\\422c6115bf2f00a70f8a21ce48423398.php(107): Illuminate\\Foundation\\Bootstrap\\HandleExceptions->{closure:Illuminate\\Foundation\\Bootstrap\\HandleExceptions::forwardsTo():254}(2, 'Attempt to read...', 'C:\\\\wamp64\\\\www\\\\m...', 107)
#2 C:\\wamp64\\www\\maasin_live_act\\vendor\\laravel\\framework\\src\\Illuminate\\Filesystem\\Filesystem.php(123): require('C:\\\\wamp64\\\\www\\\\m...')
#3 C:\\wamp64\\www\\maasin_live_act\\vendor\\laravel\\framework\\src\\Illuminate\\Filesystem\\Filesystem.php(124): Illuminate\\Filesystem\\Filesystem::{closure:Illuminate\\Filesystem\\Filesystem::getRequire():120}()
#4 C:\\wamp64\\www\\maasin_live_act\\vendor\\laravel\\framework\\src\\Illuminate\\View\\Engines\\PhpEngine.php(58): Illuminate\\Filesystem\\Filesystem->getRequire('C:\\\\wamp64\\\\www\\\\m...', Array)
#5 C:\\wamp64\\www\\maasin_live_act\\vendor\\laravel\\framework\\src\\Illuminate\\View\\Engines\\CompilerEngine.php(72): Illuminate\\View\\Engines\\PhpEngine->evaluatePath('C:\\\\wamp64\\\\www\\\\m...', Array)
#6 C:\\wamp64\\www\\maasin_live_act\\vendor\\laravel\\framework\\src\\Illuminate\\View\\View.php(207): Illuminate\\View\\Engines\\CompilerEngine->get('C:\\\\wamp64\\\\www\\\\m...', Array)
#7 C:\\wamp64\\www\\maasin_live_act\\vendor\\laravel\\framework\\src\\Illuminate\\View\\View.php(190): Illuminate\\View\\View->getContents()
#8 C:\\wamp64\\www\\maasin_live_act\\vendor\\laravel\\framework\\src\\Illuminate\\View\\View.php(159): Illuminate\\View\\View->renderContents()
#9 C:\\wamp64\\www\\maasin_live_act\\storage\\framework\\views\\f411e370c677afec3477721a798e6b40.php(348): Illuminate\\View\\View->render()
#10 C:\\wamp64\\www\\maasin_live_act\\vendor\\laravel\\framework\\src\\Illuminate\\Filesystem\\Filesystem.php(123): require('C:\\\\wamp64\\\\www\\\\m...')
#11 C:\\wamp64\\www\\maasin_live_act\\vendor\\laravel\\framework\\src\\Illuminate\\Filesystem\\Filesystem.php(124): Illuminate\\Filesystem\\Filesystem::{closure:Illuminate\\Filesystem\\Filesystem::getRequire():120}()
#12 C:\\wamp64\\www\\maasin_live_act\\vendor\\laravel\\framework\\src\\Illuminate\\View\\Engines\\PhpEngine.php(58): Illuminate\\Filesystem\\Filesystem->getRequire('C:\\\\wamp64\\\\www\\\\m...', Array)
#13 C:\\wamp64\\www\\maasin_live_act\\vendor\\laravel\\framework\\src\\Illuminate\\View\\Engines\\CompilerEngine.php(72): Illuminate\\View\\Engines\\PhpEngine->evaluatePath('C:\\\\wamp64\\\\www\\\\m...', Array)
#14 C:\\wamp64\\www\\maasin_live_act\\vendor\\laravel\\framework\\src\\Illuminate\\View\\View.php(207): Illuminate\\View\\Engines\\CompilerEngine->get('C:\\\\wamp64\\\\www\\\\m...', Array)
#15 C:\\wamp64\\www\\maasin_live_act\\vendor\\laravel\\framework\\src\\Illuminate\\View\\View.php(190): Illuminate\\View\\View->getContents()
#16 C:\\wamp64\\www\\maasin_live_act\\vendor\\laravel\\framework\\src\\Illuminate\\View\\View.php(159): Illuminate\\View\\View->renderContents()
#17 C:\\wamp64\\www\\maasin_live_act\\storage\\framework\\views\\5c43925ac8c9fbd5725485ffea15e1c8.php(155): Illuminate\\View\\View->render()
#18 C:\\wamp64\\www\\maasin_live_act\\vendor\\laravel\\framework\\src\\Illuminate\\Filesystem\\Filesystem.php(123): require('C:\\\\wamp64\\\\www\\\\m...')
#19 C:\\wamp64\\www\\maasin_live_act\\vendor\\laravel\\framework\\src\\Illuminate\\Filesystem\\Filesystem.php(124): Illuminate\\Filesystem\\Filesystem::{closure:Illuminate\\Filesystem\\Filesystem::getRequire():120}()
#20 C:\\wamp64\\www\\maasin_live_act\\vendor\\laravel\\framework\\src\\Illuminate\\View\\Engines\\PhpEngine.php(58): Illuminate\\Filesystem\\Filesystem->getRequire('C:\\\\wamp64\\\\www\\\\m...', Array)
#21 C:\\wamp64\\www\\maasin_live_act\\vendor\\laravel\\framework\\src\\Illuminate\\View\\Engines\\CompilerEngine.php(72): Illuminate\\View\\Engines\\PhpEngine->evaluatePath('C:\\\\wamp64\\\\www\\\\m...', Array)
#22 C:\\wamp64\\www\\maasin_live_act\\vendor\\laravel\\framework\\src\\Illuminate\\View\\View.php(207): Illuminate\\View\\Engines\\CompilerEngine->get('C:\\\\wamp64\\\\www\\\\m...', Array)
#23 C:\\wamp64\\www\\maasin_live_act\\vendor\\laravel\\framework\\src\\Illuminate\\View\\View.php(190): Illuminate\\View\\View->getContents()
#24 C:\\wamp64\\www\\maasin_live_act\\vendor\\laravel\\framework\\src\\Illuminate\\View\\View.php(159): Illuminate\\View\\View->renderContents()
#25 C:\\wamp64\\www\\maasin_live_act\\vendor\\laravel\\framework\\src\\Illuminate\\Http\\Response.php(69): Illuminate\\View\\View->render()
#26 C:\\wamp64\\www\\maasin_live_act\\vendor\\laravel\\framework\\src\\Illuminate\\Http\\Response.php(35): Illuminate\\Http\\Response->setContent(Object(Illuminate\\View\\View))
#27 C:\\wamp64\\www\\maasin_live_act\\vendor\\laravel\\framework\\src\\Illuminate\\Routing\\Router.php(918): Illuminate\\Http\\Response->__construct(Object(Illuminate\\View\\View), 200, Array)
#28 C:\\wamp64\\www\\maasin_live_act\\vendor\\laravel\\framework\\src\\Illuminate\\Routing\\Router.php(885): Illuminate\\Routing\\Router::toResponse(Object(Illuminate\\Http\\Request), Object(Illuminate\\View\\View))
#29 C:\\wamp64\\www\\maasin_live_act\\vendor\\laravel\\framework\\src\\Illuminate\\Routing\\Router.php(805): Illuminate\\Routing\\Router->prepareResponse(Object(Illuminate\\Http\\Request), Object(Illuminate\\View\\View))
#30 C:\\wamp64\\www\\maasin_live_act\\vendor\\laravel\\framework\\src\\Illuminate\\Pipeline\\Pipeline.php(144): Illuminate\\Routing\\Router->{closure:Illuminate\\Routing\\Router::runRouteWithinStack():805}(Object(Illuminate\\Http\\Request))
#31 C:\\wamp64\\www\\maasin_live_act\\app\\Http\\Middleware\\SessionExpired.php(48): Illuminate\\Pipeline\\Pipeline->{closure:Illuminate\\Pipeline\\Pipeline::prepareDestination():142}(Object(Illuminate\\Http\\Request))
#32 C:\\wamp64\\www\\maasin_live_act\\vendor\\laravel\\framework\\src\\Illuminate\\Pipeline\\Pipeline.php(183): App\\Http\\Middleware\\SessionExpired->handle(Object(Illuminate\\Http\\Request), Object(Closure))
#33 C:\\wamp64\\www\\maasin_live_act\\vendor\\laravel\\framework\\src\\Illuminate\\Routing\\Middleware\\SubstituteBindings.php(50): Illuminate\\Pipeline\\Pipeline->{closure:{closure:Illuminate\\Pipeline\\Pipeline::carry():158}:159}(Object(Illuminate\\Http\\Request))
#34 C:\\wamp64\\www\\maasin_live_act\\vendor\\laravel\\framework\\src\\Illuminate\\Pipeline\\Pipeline.php(183): Illuminate\\Routing\\Middleware\\SubstituteBindings->handle(Object(Illuminate\\Http\\Request), Object(Closure))
#35 C:\\wamp64\\www\\maasin_live_act\\vendor\\laravel\\framework\\src\\Illuminate\\Foundation\\Http\\Middleware\\VerifyCsrfToken.php(78): Illuminate\\Pipeline\\Pipeline->{closure:{closure:Illuminate\\Pipeline\\Pipeline::carry():158}:159}(Object(Illuminate\\Http\\Request))
#36 C:\\wamp64\\www\\maasin_live_act\\vendor\\laravel\\framework\\src\\Illuminate\\Pipeline\\Pipeline.php(183): Illuminate\\Foundation\\Http\\Middleware\\VerifyCsrfToken->handle(Object(Illuminate\\Http\\Request), Object(Closure))
#37 C:\\wamp64\\www\\maasin_live_act\\vendor\\laravel\\framework\\src\\Illuminate\\View\\Middleware\\ShareErrorsFromSession.php(49): Illuminate\\Pipeline\\Pipeline->{closure:{closure:Illuminate\\Pipeline\\Pipeline::carry():158}:159}(Object(Illuminate\\Http\\Request))
#38 C:\\wamp64\\www\\maasin_live_act\\vendor\\laravel\\framework\\src\\Illuminate\\Pipeline\\Pipeline.php(183): Illuminate\\View\\Middleware\\ShareErrorsFromSession->handle(Object(Illuminate\\Http\\Request), Object(Closure))
#39 C:\\wamp64\\www\\maasin_live_act\\vendor\\laravel\\framework\\src\\Illuminate\\Session\\Middleware\\StartSession.php(121): Illuminate\\Pipeline\\Pipeline->{closure:{closure:Illuminate\\Pipeline\\Pipeline::carry():158}:159}(Object(Illuminate\\Http\\Request))
#40 C:\\wamp64\\www\\maasin_live_act\\vendor\\laravel\\framework\\src\\Illuminate\\Session\\Middleware\\StartSession.php(64): Illuminate\\Session\\Middleware\\StartSession->handleStatefulRequest(Object(Illuminate\\Http\\Request), Object(Illuminate\\Session\\Store), Object(Closure))
#41 C:\\wamp64\\www\\maasin_live_act\\vendor\\laravel\\framework\\src\\Illuminate\\Pipeline\\Pipeline.php(183): Illuminate\\Session\\Middleware\\StartSession->handle(Object(Illuminate\\Http\\Request), Object(Closure))
#42 C:\\wamp64\\www\\maasin_live_act\\vendor\\laravel\\framework\\src\\Illuminate\\Cookie\\Middleware\\AddQueuedCookiesToResponse.php(37): Illuminate\\Pipeline\\Pipeline->{closure:{closure:Illuminate\\Pipeline\\Pipeline::carry():158}:159}(Object(Illuminate\\Http\\Request))
#43 C:\\wamp64\\www\\maasin_live_act\\vendor\\laravel\\framework\\src\\Illuminate\\Pipeline\\Pipeline.php(183): Illuminate\\Cookie\\Middleware\\AddQueuedCookiesToResponse->handle(Object(Illuminate\\Http\\Request), Object(Closure))
#44 C:\\wamp64\\www\\maasin_live_act\\vendor\\laravel\\framework\\src\\Illuminate\\Cookie\\Middleware\\EncryptCookies.php(67): Illuminate\\Pipeline\\Pipeline->{closure:{closure:Illuminate\\Pipeline\\Pipeline::carry():158}:159}(Object(Illuminate\\Http\\Request))
#45 C:\\wamp64\\www\\maasin_live_act\\vendor\\laravel\\framework\\src\\Illuminate\\Pipeline\\Pipeline.php(183): Illuminate\\Cookie\\Middleware\\EncryptCookies->handle(Object(Illuminate\\Http\\Request), Object(Closure))
#46 C:\\wamp64\\www\\maasin_live_act\\vendor\\laravel\\framework\\src\\Illuminate\\Pipeline\\Pipeline.php(119): Illuminate\\Pipeline\\Pipeline->{closure:{closure:Illuminate\\Pipeline\\Pipeline::carry():158}:159}(Object(Illuminate\\Http\\Request))
#47 C:\\wamp64\\www\\maasin_live_act\\vendor\\laravel\\framework\\src\\Illuminate\\Routing\\Router.php(805): Illuminate\\Pipeline\\Pipeline->then(Object(Closure))
#48 C:\\wamp64\\www\\maasin_live_act\\vendor\\laravel\\framework\\src\\Illuminate\\Routing\\Router.php(784): Illuminate\\Routing\\Router->runRouteWithinStack(Object(Illuminate\\Routing\\Route), Object(Illuminate\\Http\\Request))
#49 C:\\wamp64\\www\\maasin_live_act\\vendor\\laravel\\framework\\src\\Illuminate\\Routing\\Router.php(748): Illuminate\\Routing\\Router->runRoute(Object(Illuminate\\Http\\Request), Object(Illuminate\\Routing\\Route))
#50 C:\\wamp64\\www\\maasin_live_act\\vendor\\laravel\\framework\\src\\Illuminate\\Routing\\Router.php(737): Illuminate\\Routing\\Router->dispatchToRoute(Object(Illuminate\\Http\\Request))
#51 C:\\wamp64\\www\\maasin_live_act\\vendor\\laravel\\framework\\src\\Illuminate\\Foundation\\Http\\Kernel.php(200): Illuminate\\Routing\\Router->dispatch(Object(Illuminate\\Http\\Request))
#52 C:\\wamp64\\www\\maasin_live_act\\vendor\\laravel\\framework\\src\\Illuminate\\Pipeline\\Pipeline.php(144): Illuminate\\Foundation\\Http\\Kernel->{closure:Illuminate\\Foundation\\Http\\Kernel::dispatchToRouter():197}(Object(Illuminate\\Http\\Request))
#53 C:\\wamp64\\www\\maasin_live_act\\vendor\\laravel\\framework\\src\\Illuminate\\Foundation\\Http\\Middleware\\TransformsRequest.php(21): Illuminate\\Pipeline\\Pipeline->{closure:Illuminate\\Pipeline\\Pipeline::prepareDestination():142}(Object(Illuminate\\Http\\Request))
#54 C:\\wamp64\\www\\maasin_live_act\\vendor\\laravel\\framework\\src\\Illuminate\\Foundation\\Http\\Middleware\\ConvertEmptyStringsToNull.php(31): Illuminate\\Foundation\\Http\\Middleware\\TransformsRequest->handle(Object(Illuminate\\Http\\Request), Object(Closure))
#55 C:\\wamp64\\www\\maasin_live_act\\vendor\\laravel\\framework\\src\\Illuminate\\Pipeline\\Pipeline.php(183): Illuminate\\Foundation\\Http\\Middleware\\ConvertEmptyStringsToNull->handle(Object(Illuminate\\Http\\Request), Object(Closure))
#56 C:\\wamp64\\www\\maasin_live_act\\vendor\\laravel\\framework\\src\\Illuminate\\Foundation\\Http\\Middleware\\TransformsRequest.php(21): Illuminate\\Pipeline\\Pipeline->{closure:{closure:Illuminate\\Pipeline\\Pipeline::carry():158}:159}(Object(Illuminate\\Http\\Request))
#57 C:\\wamp64\\www\\maasin_live_act\\vendor\\laravel\\framework\\src\\Illuminate\\Foundation\\Http\\Middleware\\TrimStrings.php(40): Illuminate\\Foundation\\Http\\Middleware\\TransformsRequest->handle(Object(Illuminate\\Http\\Request), Object(Closure))
#58 C:\\wamp64\\www\\maasin_live_act\\vendor\\laravel\\framework\\src\\Illuminate\\Pipeline\\Pipeline.php(183): Illuminate\\Foundation\\Http\\Middleware\\TrimStrings->handle(Object(Illuminate\\Http\\Request), Object(Closure))
#59 C:\\wamp64\\www\\maasin_live_act\\vendor\\laravel\\framework\\src\\Illuminate\\Foundation\\Http\\Middleware\\ValidatePostSize.php(27): Illuminate\\Pipeline\\Pipeline->{closure:{closure:Illuminate\\Pipeline\\Pipeline::carry():158}:159}(Object(Illuminate\\Http\\Request))
#60 C:\\wamp64\\www\\maasin_live_act\\vendor\\laravel\\framework\\src\\Illuminate\\Pipeline\\Pipeline.php(183): Illuminate\\Foundation\\Http\\Middleware\\ValidatePostSize->handle(Object(Illuminate\\Http\\Request), Object(Closure))
#61 C:\\wamp64\\www\\maasin_live_act\\vendor\\laravel\\framework\\src\\Illuminate\\Foundation\\Http\\Middleware\\PreventRequestsDuringMaintenance.php(99): Illuminate\\Pipeline\\Pipeline->{closure:{closure:Illuminate\\Pipeline\\Pipeline::carry():158}:159}(Object(Illuminate\\Http\\Request))
#62 C:\\wamp64\\www\\maasin_live_act\\vendor\\laravel\\framework\\src\\Illuminate\\Pipeline\\Pipeline.php(183): Illuminate\\Foundation\\Http\\Middleware\\PreventRequestsDuringMaintenance->handle(Object(Illuminate\\Http\\Request), Object(Closure))
#63 C:\\wamp64\\www\\maasin_live_act\\vendor\\laravel\\framework\\src\\Illuminate\\Http\\Middleware\\TrustProxies.php(39): Illuminate\\Pipeline\\Pipeline->{closure:{closure:Illuminate\\Pipeline\\Pipeline::carry():158}:159}(Object(Illuminate\\Http\\Request))
#64 C:\\wamp64\\www\\maasin_live_act\\vendor\\laravel\\framework\\src\\Illuminate\\Pipeline\\Pipeline.php(183): Illuminate\\Http\\Middleware\\TrustProxies->handle(Object(Illuminate\\Http\\Request), Object(Closure))
#65 C:\\wamp64\\www\\maasin_live_act\\vendor\\laravel\\framework\\src\\Illuminate\\Pipeline\\Pipeline.php(119): Illuminate\\Pipeline\\Pipeline->{closure:{closure:Illuminate\\Pipeline\\Pipeline::carry():158}:159}(Object(Illuminate\\Http\\Request))
#66 C:\\wamp64\\www\\maasin_live_act\\vendor\\laravel\\framework\\src\\Illuminate\\Foundation\\Http\\Kernel.php(175): Illuminate\\Pipeline\\Pipeline->then(Object(Closure))
#67 C:\\wamp64\\www\\maasin_live_act\\vendor\\laravel\\framework\\src\\Illuminate\\Foundation\\Http\\Kernel.php(144): Illuminate\\Foundation\\Http\\Kernel->sendRequestThroughRouter(Object(Illuminate\\Http\\Request))
#68 C:\\wamp64\\www\\maasin_live_act\\public\\index.php(54): Illuminate\\Foundation\\Http\\Kernel->handle(Object(Illuminate\\Http\\Request))
#69 {main}
"} 
[2025-12-09 14:57:53] local.ERROR: Attempt to read property "principal_balance" on string {"view":{"view":"C:\\wamp64\\www\\maasin_live_act\\resources\\views\\loan\\repayment_table.blade.php","data":{"errors":"<pre class=sf-dump id=sf-dump-1731835228 data-indent-pad=\"  \"><span class=sf-dump-note>Illuminate\\Support\\ViewErrorBag</span> {<a class=sf-dump-ref>#767</a><samp data-depth=1 class=sf-dump-expanded>
  #<span class=sf-dump-protected title=\"Protected property\">bags</span>: []
</samp>}
</pre><script>Sfdump(\"sf-dump-1731835228\", {\"maxDepth\":3,\"maxStringLength\":160})</script>
","service_details":"<pre class=sf-dump id=sf-dump-885184314 data-indent-pad=\"  \">{<a class=sf-dump-ref>#787</a><samp data-depth=1 class=sf-dump-expanded>
  +\"<span class=sf-dump-public title=\"Runtime added dynamic property\">id_loan</span>\": <span class=sf-dump-num>1510</span>
  +\"<span class=sf-dump-public title=\"Runtime added dynamic property\">loan_token</span>\": \"<span class=sf-dump-str title=\"23 characters\">11292024143240577301269</span>\"
  +\"<span class=sf-dump-public title=\"Runtime added dynamic property\">name</span>\": \"<span class=sf-dump-str title=\"32 characters\">Members-Regular Loan | 12 MONTHS</span>\"
  +\"<span class=sf-dump-public title=\"Runtime added dynamic property\">id_loan_service</span>\": <span class=sf-dump-num>11</span>
  +\"<span class=sf-dump-public title=\"Runtime added dynamic property\">interest_rate</span>\": \"<span class=sf-dump-str title=\"4 characters\">1.50</span>\"
  +\"<span class=sf-dump-public title=\"Runtime added dynamic property\">terms</span>\": <span class=sf-dump-num>12</span>
  +\"<span class=sf-dump-public title=\"Runtime added dynamic property\">period</span>\": <span class=sf-dump-const>null</span>
  +\"<span class=sf-dump-public title=\"Runtime added dynamic property\">cbu_amount</span>\": <span class=sf-dump-num>0.0</span>
  +\"<span class=sf-dump-public title=\"Runtime added dynamic property\">is_deduct_cbu</span>\": <span class=sf-dump-num>0</span>
  +\"<span class=sf-dump-public title=\"Runtime added dynamic property\">principal_amount</span>\": \"<span class=sf-dump-str title=\"8 characters\">10000.00</span>\"
  +\"<span class=sf-dump-public title=\"Runtime added dynamic property\">loan_protection_rate</span>\": \"<span class=sf-dump-str title=\"4 characters\">0.00</span>\"
  +\"<span class=sf-dump-public title=\"Runtime added dynamic property\">id_term_period</span>\": <span class=sf-dump-num>3</span>
  +\"<span class=sf-dump-public title=\"Runtime added dynamic property\">id_interest_period</span>\": <span class=sf-dump-num>3</span>
  +\"<span class=sf-dump-public title=\"Runtime added dynamic property\">id_interest_method</span>\": <span class=sf-dump-num>1</span>
  +\"<span class=sf-dump-public title=\"Runtime added dynamic property\">terms_desc</span>\": \"<span class=sf-dump-str title=\"9 characters\">12 Months</span>\"
  +\"<span class=sf-dump-public title=\"Runtime added dynamic property\">terms_token</span>\": \"<span class=sf-dump-str title=\"18 characters\">153813854066d865c9</span>\"
  +\"<span class=sf-dump-public title=\"Runtime added dynamic property\">min_amount</span>\": \"<span class=sf-dump-str title=\"7 characters\">1000.00</span>\"
  +\"<span class=sf-dump-public title=\"Runtime added dynamic property\">max_amount</span>\": \"<span class=sf-dump-str title=\"9 characters\">200000.00</span>\"
  +\"<span class=sf-dump-public title=\"Runtime added dynamic property\">id_loan_payment_type</span>\": <span class=sf-dump-num>1</span>
  +\"<span class=sf-dump-public title=\"Runtime added dynamic property\">due_date</span>\": <span class=sf-dump-const>null</span>
  +\"<span class=sf-dump-public title=\"Runtime added dynamic property\">id_member</span>\": <span class=sf-dump-num>6</span>
  +\"<span class=sf-dump-public title=\"Runtime added dynamic property\">id_charges_group</span>\": <span class=sf-dump-num>5</span>
  +\"<span class=sf-dump-public title=\"Runtime added dynamic property\">loan_protection_amount</span>\": \"<span class=sf-dump-str title=\"4 characters\">0.00</span>\"
  +\"<span class=sf-dump-public title=\"Runtime added dynamic property\">cbu_deficient</span>\": \"<span class=sf-dump-str title=\"4 characters\">0.00</span>\"
  +\"<span class=sf-dump-public title=\"Runtime added dynamic property\">total_deductions</span>\": \"<span class=sf-dump-str title=\"4 characters\">0.00</span>\"
  +\"<span class=sf-dump-public title=\"Runtime added dynamic property\">not_deducted_charges</span>\": \"<span class=sf-dump-str title=\"4 characters\">0.00</span>\"
  +\"<span class=sf-dump-public title=\"Runtime added dynamic property\">total_loan_proceeds</span>\": \"<span class=sf-dump-str title=\"8 characters\">10000.00</span>\"
  +\"<span class=sf-dump-public title=\"Runtime added dynamic property\">status</span>\": \"<span class=sf-dump-str>3</span>\"
  +\"<span class=sf-dump-public title=\"Runtime added dynamic property\">loan_remarks</span>\": \"\"
  +\"<span class=sf-dump-public title=\"Runtime added dynamic property\">loan_status</span>\": \"<span class=sf-dump-str title=\"6 characters\">Active</span>\"
  +\"<span class=sf-dump-public title=\"Runtime added dynamic property\">status_code</span>\": \"<span class=sf-dump-str>3</span>\"
  +\"<span class=sf-dump-public title=\"Runtime added dynamic property\">cancellation_reason</span>\": <span class=sf-dump-const>null</span>
  +\"<span class=sf-dump-public title=\"Runtime added dynamic property\">prev_loan_balance</span>\": \"<span class=sf-dump-str title=\"4 characters\">0.00</span>\"
  +\"<span class=sf-dump-public title=\"Runtime added dynamic property\">prev_loan_rebates</span>\": \"<span class=sf-dump-str title=\"4 characters\">0.00</span>\"
  +\"<span class=sf-dump-public title=\"Runtime added dynamic property\">lstatus</span>\": <span class=sf-dump-num>1</span>
  +\"<span class=sf-dump-public title=\"Runtime added dynamic property\">id_cash_disbursement</span>\": <span class=sf-dump-num>0</span>
  +\"<span class=sf-dump-public title=\"Runtime added dynamic property\">paid_principal</span>\": \"<span class=sf-dump-str title=\"4 characters\">0.00</span>\"
  +\"<span class=sf-dump-public title=\"Runtime added dynamic property\">paid_interest</span>\": \"<span class=sf-dump-str title=\"4 characters\">0.00</span>\"
  +\"<span class=sf-dump-public title=\"Runtime added dynamic property\">paid_fees</span>\": \"<span class=sf-dump-str title=\"4 characters\">0.00</span>\"
  +\"<span class=sf-dump-public title=\"Runtime added dynamic property\">date_released</span>\": \"<span class=sf-dump-str title=\"10 characters\">2024-07-23</span>\"
  +\"<span class=sf-dump-public title=\"Runtime added dynamic property\">date_granted</span>\": \"<span class=sf-dump-str title=\"10 characters\">07/23/2024</span>\"
  +\"<span class=sf-dump-public title=\"Runtime added dynamic property\">month_duration</span>\": <span class=sf-dump-num>1</span>
  +\"<span class=sf-dump-public title=\"Runtime added dynamic property\">interest_show</span>\": \"<span class=sf-dump-str title=\"4 characters\">0.00</span>\"
  +\"<span class=sf-dump-public title=\"Runtime added dynamic property\">id_one_time_type</span>\": <span class=sf-dump-num>0</span>
</samp>}
</pre><script>Sfdump(\"sf-dump-885184314\", {\"maxDepth\":3,\"maxStringLength\":160})</script>
","member_details":"<pre class=sf-dump id=sf-dump-2111302581 data-indent-pad=\"  \">{<a class=sf-dump-ref>#778</a><samp data-depth=1 class=sf-dump-expanded>
  +\"<span class=sf-dump-public title=\"Runtime added dynamic property\">name</span>\": \"<span class=sf-dump-str title=\"16 characters\">LAGUNDAY, DELIA </span>\"
</samp>}
</pre><script>Sfdump(\"sf-dump-2111302581\", {\"maxDepth\":3,\"maxStringLength\":160})</script>
","OTHER_DEDUCTIONS":"<pre class=sf-dump id=sf-dump-1601205931 data-indent-pad=\"  \">[]
</pre><script>Sfdump(\"sf-dump-1601205931\", {\"maxDepth\":3,\"maxStringLength\":160})</script>
","CBU_DEFICIENT_AMOUNT":"<pre class=sf-dump id=sf-dump-295530156 data-indent-pad=\"  \">\"<span class=sf-dump-str title=\"4 characters\">0.00</span>\"
</pre><script>Sfdump(\"sf-dump-295530156\", {\"maxDepth\":3,\"maxStringLength\":160})</script>
","DEDUCTED_CHARGES":"<pre class=sf-dump id=sf-dump-1542830330 data-indent-pad=\"  \">[]
</pre><script>Sfdump(\"sf-dump-1542830330\", {\"maxDepth\":3,\"maxStringLength\":160})</script>
","PREV_LOAN_OFFSET":"<pre class=sf-dump id=sf-dump-150369011 data-indent-pad=\"  \">[]
</pre><script>Sfdump(\"sf-dump-150369011\", {\"maxDepth\":3,\"maxStringLength\":160})</script>
","TOTAL_LOAN_OFFSET_REBATES":"<pre class=sf-dump id=sf-dump-1827247938 data-indent-pad=\"  \"><span class=sf-dump-num>0</span>
</pre><script>Sfdump(\"sf-dump-1827247938\", {\"maxDepth\":3,\"maxStringLength\":160})</script>
","TOTAL_LOAN_OFFSET":"<pre class=sf-dump id=sf-dump-1768748579 data-indent-pad=\"  \"><span class=sf-dump-num>0</span>
</pre><script>Sfdump(\"sf-dump-1768748579\", {\"maxDepth\":3,\"maxStringLength\":160})</script>
","LOAN_BALANCE":"<pre class=sf-dump id=sf-dump-431357264 data-indent-pad=\"  \">\"<span class=sf-dump-str title=\"4 characters\">0.00</span>\"
</pre><script>Sfdump(\"sf-dump-431357264\", {\"maxDepth\":3,\"maxStringLength\":160})</script>
","REBATES":"<pre class=sf-dump id=sf-dump-524887724 data-indent-pad=\"  \">\"<span class=sf-dump-str title=\"4 characters\">0.00</span>\"
</pre><script>Sfdump(\"sf-dump-524887724\", {\"maxDepth\":3,\"maxStringLength\":160})</script>
","TOTAL_LOAN_BALANCE":"<pre class=sf-dump id=sf-dump-1370924589 data-indent-pad=\"  \"><span class=sf-dump-num>0.0</span>
</pre><script>Sfdump(\"sf-dump-1370924589\", {\"maxDepth\":3,\"maxStringLength\":160})</script>
","TOTAL_DEDUCTED_CHARGES":"<pre class=sf-dump id=sf-dump-17150748 data-indent-pad=\"  \">\"<span class=sf-dump-str title=\"4 characters\">0.00</span>\"
</pre><script>Sfdump(\"sf-dump-17150748\", {\"maxDepth\":3,\"maxStringLength\":160})</script>
","PRINCIPAL_AMOUNT":"<pre class=sf-dump id=sf-dump-295252417 data-indent-pad=\"  \">\"<span class=sf-dump-str title=\"8 characters\">10000.00</span>\"
</pre><script>Sfdump(\"sf-dump-295252417\", {\"maxDepth\":3,\"maxStringLength\":160})</script>
","TOTAL_NOT_DEDUCTED_CHARGES":"<pre class=sf-dump id=sf-dump-1160214275 data-indent-pad=\"  \">\"<span class=sf-dump-str title=\"4 characters\">0.00</span>\"
</pre><script>Sfdump(\"sf-dump-1160214275\", {\"maxDepth\":3,\"maxStringLength\":160})</script>
","TOTAL_LOAN_PROCEED":"<pre class=sf-dump id=sf-dump-1665790885 data-indent-pad=\"  \">\"<span class=sf-dump-str title=\"8 characters\">10000.00</span>\"
</pre><script>Sfdump(\"sf-dump-1665790885\", {\"maxDepth\":3,\"maxStringLength\":160})</script>
","AMTZ_SCHED":"<pre class=sf-dump id=sf-dump-1373626512 data-indent-pad=\"  \"><span class=sf-dump-note>array:12</span> [<samp data-depth=1 class=sf-dump-expanded>
  <span class=sf-dump-index>0</span> => {<a class=sf-dump-ref>#782</a><samp data-depth=2 class=sf-dump-compact>
    +\"<span class=sf-dump-public title=\"Runtime added dynamic property\">term_code</span>\": \"<span class=sf-dump-str title=\"2 characters\">P1</span>\"
    +\"<span class=sf-dump-public title=\"Runtime added dynamic property\">date</span>\": \"<span class=sf-dump-str title=\"10 characters\">08/30/2024</span>\"
    +\"<span class=sf-dump-public title=\"Runtime added dynamic property\">principal</span>\": \"<span class=sf-dump-str title=\"6 characters\">833.33</span>\"
    +\"<span class=sf-dump-public title=\"Runtime added dynamic property\">interest</span>\": \"<span class=sf-dump-str title=\"6 characters\">150.00</span>\"
    +\"<span class=sf-dump-public title=\"Runtime added dynamic property\">surcharge</span>\": \"<span class=sf-dump-str title=\"4 characters\">0.00</span>\"
    +\"<span class=sf-dump-public title=\"Runtime added dynamic property\">total</span>\": \"<span class=sf-dump-str title=\"6 characters\">983.33</span>\"
    +\"<span class=sf-dump-public title=\"Runtime added dynamic property\">accrued</span>\": <span class=sf-dump-num>0</span>
  </samp>}
  <span class=sf-dump-index>1</span> => {<a class=sf-dump-ref>#777</a><samp data-depth=2 class=sf-dump-compact>
    +\"<span class=sf-dump-public title=\"Runtime added dynamic property\">term_code</span>\": \"<span class=sf-dump-str title=\"2 characters\">P2</span>\"
    +\"<span class=sf-dump-public title=\"Runtime added dynamic property\">date</span>\": \"<span class=sf-dump-str title=\"10 characters\">09/30/2024</span>\"
    +\"<span class=sf-dump-public title=\"Runtime added dynamic property\">principal</span>\": \"<span class=sf-dump-str title=\"6 characters\">833.33</span>\"
    +\"<span class=sf-dump-public title=\"Runtime added dynamic property\">interest</span>\": \"<span class=sf-dump-str title=\"6 characters\">150.00</span>\"
    +\"<span class=sf-dump-public title=\"Runtime added dynamic property\">surcharge</span>\": \"<span class=sf-dump-str title=\"4 characters\">0.00</span>\"
    +\"<span class=sf-dump-public title=\"Runtime added dynamic property\">total</span>\": \"<span class=sf-dump-str title=\"6 characters\">983.33</span>\"
    +\"<span class=sf-dump-public title=\"Runtime added dynamic property\">accrued</span>\": <span class=sf-dump-num>0</span>
  </samp>}
  <span class=sf-dump-index>2</span> => {<a class=sf-dump-ref>#781</a><samp data-depth=2 class=sf-dump-compact>
    +\"<span class=sf-dump-public title=\"Runtime added dynamic property\">term_code</span>\": \"<span class=sf-dump-str title=\"2 characters\">P3</span>\"
    +\"<span class=sf-dump-public title=\"Runtime added dynamic property\">date</span>\": \"<span class=sf-dump-str title=\"10 characters\">10/30/2024</span>\"
    +\"<span class=sf-dump-public title=\"Runtime added dynamic property\">principal</span>\": \"<span class=sf-dump-str title=\"6 characters\">833.33</span>\"
    +\"<span class=sf-dump-public title=\"Runtime added dynamic property\">interest</span>\": \"<span class=sf-dump-str title=\"6 characters\">150.00</span>\"
    +\"<span class=sf-dump-public title=\"Runtime added dynamic property\">surcharge</span>\": \"<span class=sf-dump-str title=\"4 characters\">0.00</span>\"
    +\"<span class=sf-dump-public title=\"Runtime added dynamic property\">total</span>\": \"<span class=sf-dump-str title=\"6 characters\">983.33</span>\"
    +\"<span class=sf-dump-public title=\"Runtime added dynamic property\">accrued</span>\": <span class=sf-dump-num>0</span>
  </samp>}
  <span class=sf-dump-index>3</span> => {<a class=sf-dump-ref>#790</a><samp data-depth=2 class=sf-dump-compact>
    +\"<span class=sf-dump-public title=\"Runtime added dynamic property\">term_code</span>\": \"<span class=sf-dump-str title=\"2 characters\">P4</span>\"
    +\"<span class=sf-dump-public title=\"Runtime added dynamic property\">date</span>\": \"<span class=sf-dump-str title=\"10 characters\">11/30/2024</span>\"
    +\"<span class=sf-dump-public title=\"Runtime added dynamic property\">principal</span>\": \"<span class=sf-dump-str title=\"6 characters\">833.33</span>\"
    +\"<span class=sf-dump-public title=\"Runtime added dynamic property\">interest</span>\": \"<span class=sf-dump-str title=\"6 characters\">150.00</span>\"
    +\"<span class=sf-dump-public title=\"Runtime added dynamic property\">surcharge</span>\": \"<span class=sf-dump-str title=\"4 characters\">0.00</span>\"
    +\"<span class=sf-dump-public title=\"Runtime added dynamic property\">total</span>\": \"<span class=sf-dump-str title=\"6 characters\">983.33</span>\"
    +\"<span class=sf-dump-public title=\"Runtime added dynamic property\">accrued</span>\": <span class=sf-dump-num>0</span>
  </samp>}
  <span class=sf-dump-index>4</span> => {<a class=sf-dump-ref>#793</a><samp data-depth=2 class=sf-dump-compact>
    +\"<span class=sf-dump-public title=\"Runtime added dynamic property\">term_code</span>\": \"<span class=sf-dump-str title=\"2 characters\">P5</span>\"
    +\"<span class=sf-dump-public title=\"Runtime added dynamic property\">date</span>\": \"<span class=sf-dump-str title=\"10 characters\">12/30/2024</span>\"
    +\"<span class=sf-dump-public title=\"Runtime added dynamic property\">principal</span>\": \"<span class=sf-dump-str title=\"6 characters\">833.33</span>\"
    +\"<span class=sf-dump-public title=\"Runtime added dynamic property\">interest</span>\": \"<span class=sf-dump-str title=\"6 characters\">150.00</span>\"
    +\"<span class=sf-dump-public title=\"Runtime added dynamic property\">surcharge</span>\": \"<span class=sf-dump-str title=\"4 characters\">0.00</span>\"
    +\"<span class=sf-dump-public title=\"Runtime added dynamic property\">total</span>\": \"<span class=sf-dump-str title=\"6 characters\">983.33</span>\"
    +\"<span class=sf-dump-public title=\"Runtime added dynamic property\">accrued</span>\": <span class=sf-dump-num>0</span>
  </samp>}
  <span class=sf-dump-index>5</span> => {<a class=sf-dump-ref>#795</a><samp data-depth=2 class=sf-dump-compact>
    +\"<span class=sf-dump-public title=\"Runtime added dynamic property\">term_code</span>\": \"<span class=sf-dump-str title=\"2 characters\">P6</span>\"
    +\"<span class=sf-dump-public title=\"Runtime added dynamic property\">date</span>\": \"<span class=sf-dump-str title=\"10 characters\">01/30/2025</span>\"
    +\"<span class=sf-dump-public title=\"Runtime added dynamic property\">principal</span>\": \"<span class=sf-dump-str title=\"6 characters\">833.33</span>\"
    +\"<span class=sf-dump-public title=\"Runtime added dynamic property\">interest</span>\": \"<span class=sf-dump-str title=\"6 characters\">150.00</span>\"
    +\"<span class=sf-dump-public title=\"Runtime added dynamic property\">surcharge</span>\": \"<span class=sf-dump-str title=\"4 characters\">0.00</span>\"
    +\"<span class=sf-dump-public title=\"Runtime added dynamic property\">total</span>\": \"<span class=sf-dump-str title=\"6 characters\">983.33</span>\"
    +\"<span class=sf-dump-public title=\"Runtime added dynamic property\">accrued</span>\": <span class=sf-dump-num>0</span>
  </samp>}
  <span class=sf-dump-index>6</span> => {<a class=sf-dump-ref>#798</a><samp data-depth=2 class=sf-dump-compact>
    +\"<span class=sf-dump-public title=\"Runtime added dynamic property\">term_code</span>\": \"<span class=sf-dump-str title=\"2 characters\">P7</span>\"
    +\"<span class=sf-dump-public title=\"Runtime added dynamic property\">date</span>\": \"<span class=sf-dump-str title=\"10 characters\">02/28/2025</span>\"
    +\"<span class=sf-dump-public title=\"Runtime added dynamic property\">principal</span>\": \"<span class=sf-dump-str title=\"6 characters\">833.33</span>\"
    +\"<span class=sf-dump-public title=\"Runtime added dynamic property\">interest</span>\": \"<span class=sf-dump-str title=\"6 characters\">150.00</span>\"
    +\"<span class=sf-dump-public title=\"Runtime added dynamic property\">surcharge</span>\": \"<span class=sf-dump-str title=\"4 characters\">0.00</span>\"
    +\"<span class=sf-dump-public title=\"Runtime added dynamic property\">total</span>\": \"<span class=sf-dump-str title=\"6 characters\">983.33</span>\"
    +\"<span class=sf-dump-public title=\"Runtime added dynamic property\">accrued</span>\": <span class=sf-dump-num>0</span>
  </samp>}
  <span class=sf-dump-index>7</span> => {<a class=sf-dump-ref>#796</a><samp data-depth=2 class=sf-dump-compact>
    +\"<span class=sf-dump-public title=\"Runtime added dynamic property\">term_code</span>\": \"<span class=sf-dump-str title=\"2 characters\">P8</span>\"
    +\"<span class=sf-dump-public title=\"Runtime added dynamic property\">date</span>\": \"<span class=sf-dump-str title=\"10 characters\">03/30/2025</span>\"
    +\"<span class=sf-dump-public title=\"Runtime added dynamic property\">principal</span>\": \"<span class=sf-dump-str title=\"6 characters\">833.33</span>\"
    +\"<span class=sf-dump-public title=\"Runtime added dynamic property\">interest</span>\": \"<span class=sf-dump-str title=\"6 characters\">150.00</span>\"
    +\"<span class=sf-dump-public title=\"Runtime added dynamic property\">surcharge</span>\": \"<span class=sf-dump-str title=\"4 characters\">0.00</span>\"
    +\"<span class=sf-dump-public title=\"Runtime added dynamic property\">total</span>\": \"<span class=sf-dump-str title=\"6 characters\">983.33</span>\"
    +\"<span class=sf-dump-public title=\"Runtime added dynamic property\">accrued</span>\": <span class=sf-dump-num>0</span>
  </samp>}
  <span class=sf-dump-index>8</span> => {<a class=sf-dump-ref>#800</a><samp data-depth=2 class=sf-dump-compact>
    +\"<span class=sf-dump-public title=\"Runtime added dynamic property\">term_code</span>\": \"<span class=sf-dump-str title=\"2 characters\">P9</span>\"
    +\"<span class=sf-dump-public title=\"Runtime added dynamic property\">date</span>\": \"<span class=sf-dump-str title=\"10 characters\">04/30/2025</span>\"
    +\"<span class=sf-dump-public title=\"Runtime added dynamic property\">principal</span>\": \"<span class=sf-dump-str title=\"6 characters\">833.33</span>\"
    +\"<span class=sf-dump-public title=\"Runtime added dynamic property\">interest</span>\": \"<span class=sf-dump-str title=\"6 characters\">150.00</span>\"
    +\"<span class=sf-dump-public title=\"Runtime added dynamic property\">surcharge</span>\": \"<span class=sf-dump-str title=\"4 characters\">0.00</span>\"
    +\"<span class=sf-dump-public title=\"Runtime added dynamic property\">total</span>\": \"<span class=sf-dump-str title=\"6 characters\">983.33</span>\"
    +\"<span class=sf-dump-public title=\"Runtime added dynamic property\">accrued</span>\": <span class=sf-dump-num>0</span>
  </samp>}
  <span class=sf-dump-index>9</span> => {<a class=sf-dump-ref>#801</a><samp data-depth=2 class=sf-dump-compact>
    +\"<span class=sf-dump-public title=\"Runtime added dynamic property\">term_code</span>\": \"<span class=sf-dump-str title=\"3 characters\">P10</span>\"
    +\"<span class=sf-dump-public title=\"Runtime added dynamic property\">date</span>\": \"<span class=sf-dump-str title=\"10 characters\">05/30/2025</span>\"
    +\"<span class=sf-dump-public title=\"Runtime added dynamic property\">principal</span>\": \"<span class=sf-dump-str title=\"6 characters\">833.33</span>\"
    +\"<span class=sf-dump-public title=\"Runtime added dynamic property\">interest</span>\": \"<span class=sf-dump-str title=\"6 characters\">150.00</span>\"
    +\"<span class=sf-dump-public title=\"Runtime added dynamic property\">surcharge</span>\": \"<span class=sf-dump-str title=\"4 characters\">0.00</span>\"
    +\"<span class=sf-dump-public title=\"Runtime added dynamic property\">total</span>\": \"<span class=sf-dump-str title=\"6 characters\">983.33</span>\"
    +\"<span class=sf-dump-public title=\"Runtime added dynamic property\">accrued</span>\": <span class=sf-dump-num>0</span>
  </samp>}
  <span class=sf-dump-index>10</span> => {<a class=sf-dump-ref>#802</a><samp data-depth=2 class=sf-dump-compact>
    +\"<span class=sf-dump-public title=\"Runtime added dynamic property\">term_code</span>\": \"<span class=sf-dump-str title=\"3 characters\">P11</span>\"
    +\"<span class=sf-dump-public title=\"Runtime added dynamic property\">date</span>\": \"<span class=sf-dump-str title=\"10 characters\">06/30/2025</span>\"
    +\"<span class=sf-dump-public title=\"Runtime added dynamic property\">principal</span>\": \"<span class=sf-dump-str title=\"6 characters\">833.33</span>\"
    +\"<span class=sf-dump-public title=\"Runtime added dynamic property\">interest</span>\": \"<span class=sf-dump-str title=\"6 characters\">150.00</span>\"
    +\"<span class=sf-dump-public title=\"Runtime added dynamic property\">surcharge</span>\": \"<span class=sf-dump-str title=\"4 characters\">0.00</span>\"
    +\"<span class=sf-dump-public title=\"Runtime added dynamic property\">total</span>\": \"<span class=sf-dump-str title=\"6 characters\">983.33</span>\"
    +\"<span class=sf-dump-public title=\"Runtime added dynamic property\">accrued</span>\": <span class=sf-dump-num>0</span>
  </samp>}
  <span class=sf-dump-index>11</span> => {<a class=sf-dump-ref>#799</a><samp data-depth=2 class=sf-dump-compact>
    +\"<span class=sf-dump-public title=\"Runtime added dynamic property\">term_code</span>\": \"<span class=sf-dump-str title=\"3 characters\">P12</span>\"
    +\"<span class=sf-dump-public title=\"Runtime added dynamic property\">date</span>\": \"<span class=sf-dump-str title=\"10 characters\">07/30/2025</span>\"
    +\"<span class=sf-dump-public title=\"Runtime added dynamic property\">principal</span>\": \"<span class=sf-dump-str title=\"6 characters\">833.37</span>\"
    +\"<span class=sf-dump-public title=\"Runtime added dynamic property\">interest</span>\": \"<span class=sf-dump-str title=\"6 characters\">150.00</span>\"
    +\"<span class=sf-dump-public title=\"Runtime added dynamic property\">surcharge</span>\": \"<span class=sf-dump-str title=\"4 characters\">0.00</span>\"
    +\"<span class=sf-dump-public title=\"Runtime added dynamic property\">total</span>\": \"<span class=sf-dump-str title=\"6 characters\">983.37</span>\"
    +\"<span class=sf-dump-public title=\"Runtime added dynamic property\">accrued</span>\": <span class=sf-dump-num>0</span>
  </samp>}
</samp>]
</pre><script>Sfdump(\"sf-dump-1373626512\", {\"maxDepth\":3,\"maxStringLength\":160})</script>
","AMTZ_PAYMENT":"<pre class=sf-dump id=sf-dump-978999645 data-indent-pad=\"  \">[]
</pre><script>Sfdump(\"sf-dump-978999645\", {\"maxDepth\":3,\"maxStringLength\":160})</script>
","REPAYMENT_TABLE":"<pre class=sf-dump id=sf-dump-1888501616 data-indent-pad=\"  \">[]
</pre><script>Sfdump(\"sf-dump-1888501616\", {\"maxDepth\":3,\"maxStringLength\":160})</script>
","CURRENT_DUE":"<pre class=sf-dump id=sf-dump-346298661 data-indent-pad=\"  \">{<a class=sf-dump-ref>#808</a><samp data-depth=1 class=sf-dump-expanded>
  +\"<span class=sf-dump-public title=\"Runtime added dynamic property\">cur_date</span>\": \"<span class=sf-dump-str title=\"17 characters\">December 09, 2025</span>\"
  +\"<span class=sf-dump-public title=\"Runtime added dynamic property\">prin</span>\": \"<span class=sf-dump-str title=\"8 characters\">10000.00</span>\"
  +\"<span class=sf-dump-public title=\"Runtime added dynamic property\">interest</span>\": \"<span class=sf-dump-str title=\"7 characters\">1800.00</span>\"
  +\"<span class=sf-dump-public title=\"Runtime added dynamic property\">fees</span>\": \"<span class=sf-dump-str title=\"4 characters\">0.00</span>\"
  +\"<span class=sf-dump-public title=\"Runtime added dynamic property\">surcharge</span>\": \"<span class=sf-dump-str title=\"4 characters\">0.00</span>\"
</samp>}
</pre><script>Sfdump(\"sf-dump-346298661\", {\"maxDepth\":3,\"maxStringLength\":160})</script>
","TOTAL_DUE":"<pre class=sf-dump id=sf-dump-2048700228 data-indent-pad=\"  \"><span class=sf-dump-num>11800.0</span>
</pre><script>Sfdump(\"sf-dump-2048700228\", {\"maxDepth\":3,\"maxStringLength\":160})</script>
","repaymentCount":"<pre class=sf-dump id=sf-dump-395970615 data-indent-pad=\"  \"><span class=sf-dump-num>12</span>
</pre><script>Sfdump(\"sf-dump-395970615\", {\"maxDepth\":3,\"maxStringLength\":160})</script>
","LOAN_TABLE":"<pre class=sf-dump id=sf-dump-1486046443 data-indent-pad=\"  \"><span class=sf-dump-note>array:12</span> [<samp data-depth=1 class=sf-dump-expanded>
  <span class=sf-dump-index>0</span> => <span class=sf-dump-note>array:12</span> [<samp data-depth=2 class=sf-dump-compact>
    \"<span class=sf-dump-key>count</span>\" => <span class=sf-dump-num>1</span>
    \"<span class=sf-dump-key>term_code</span>\" => \"<span class=sf-dump-str title=\"2 characters\">P1</span>\"
    \"<span class=sf-dump-key>repayment_amount</span>\" => \"<span class=sf-dump-str title=\"6 characters\">833.33</span>\"
    \"<span class=sf-dump-key>interest_amount</span>\" => \"<span class=sf-dump-str title=\"6 characters\">150.00</span>\"
    \"<span class=sf-dump-key>fees</span>\" => \"<span class=sf-dump-str title=\"4 characters\">0.00</span>\"
    \"<span class=sf-dump-key>total_due</span>\" => \"<span class=sf-dump-str title=\"6 characters\">983.33</span>\"
    \"<span class=sf-dump-key>due_date</span>\" => \"<span class=sf-dump-str title=\"10 characters\">08/30/2024</span>\"
    \"<span class=sf-dump-key>paid_amount</span>\" => \"<span class=sf-dump-str>0</span>\"
    \"<span class=sf-dump-key>is_paid</span>\" => <span class=sf-dump-num>0</span>
    \"<span class=sf-dump-key>status</span>\" => \"<span class=sf-dump-str>3</span>\"
    \"<span class=sf-dump-key>accrued</span>\" => <span class=sf-dump-num>0</span>
    \"<span class=sf-dump-key>remarks</span>\" => \"\"
  </samp>]
  <span class=sf-dump-index>1</span> => <span class=sf-dump-note>array:12</span> [<samp data-depth=2 class=sf-dump-compact>
    \"<span class=sf-dump-key>count</span>\" => <span class=sf-dump-num>2</span>
    \"<span class=sf-dump-key>term_code</span>\" => \"<span class=sf-dump-str title=\"2 characters\">P2</span>\"
    \"<span class=sf-dump-key>repayment_amount</span>\" => \"<span class=sf-dump-str title=\"6 characters\">833.33</span>\"
    \"<span class=sf-dump-key>interest_amount</span>\" => \"<span class=sf-dump-str title=\"6 characters\">150.00</span>\"
    \"<span class=sf-dump-key>fees</span>\" => \"<span class=sf-dump-str title=\"4 characters\">0.00</span>\"
    \"<span class=sf-dump-key>total_due</span>\" => \"<span class=sf-dump-str title=\"6 characters\">983.33</span>\"
    \"<span class=sf-dump-key>due_date</span>\" => \"<span class=sf-dump-str title=\"10 characters\">09/30/2024</span>\"
    \"<span class=sf-dump-key>paid_amount</span>\" => \"<span class=sf-dump-str>0</span>\"
    \"<span class=sf-dump-key>is_paid</span>\" => <span class=sf-dump-num>0</span>
    \"<span class=sf-dump-key>status</span>\" => \"<span class=sf-dump-str>3</span>\"
    \"<span class=sf-dump-key>accrued</span>\" => <span class=sf-dump-num>0</span>
    \"<span class=sf-dump-key>remarks</span>\" => \"\"
  </samp>]
  <span class=sf-dump-index>2</span> => <span class=sf-dump-note>array:12</span> [<samp data-depth=2 class=sf-dump-compact>
    \"<span class=sf-dump-key>count</span>\" => <span class=sf-dump-num>3</span>
    \"<span class=sf-dump-key>term_code</span>\" => \"<span class=sf-dump-str title=\"2 characters\">P3</span>\"
    \"<span class=sf-dump-key>repayment_amount</span>\" => \"<span class=sf-dump-str title=\"6 characters\">833.33</span>\"
    \"<span class=sf-dump-key>interest_amount</span>\" => \"<span class=sf-dump-str title=\"6 characters\">150.00</span>\"
    \"<span class=sf-dump-key>fees</span>\" => \"<span class=sf-dump-str title=\"4 characters\">0.00</span>\"
    \"<span class=sf-dump-key>total_due</span>\" => \"<span class=sf-dump-str title=\"6 characters\">983.33</span>\"
    \"<span class=sf-dump-key>due_date</span>\" => \"<span class=sf-dump-str title=\"10 characters\">10/30/2024</span>\"
    \"<span class=sf-dump-key>paid_amount</span>\" => \"<span class=sf-dump-str>0</span>\"
    \"<span class=sf-dump-key>is_paid</span>\" => <span class=sf-dump-num>0</span>
    \"<span class=sf-dump-key>status</span>\" => \"<span class=sf-dump-str>3</span>\"
    \"<span class=sf-dump-key>accrued</span>\" => <span class=sf-dump-num>0</span>
    \"<span class=sf-dump-key>remarks</span>\" => \"\"
  </samp>]
  <span class=sf-dump-index>3</span> => <span class=sf-dump-note>array:12</span> [<samp data-depth=2 class=sf-dump-compact>
    \"<span class=sf-dump-key>count</span>\" => <span class=sf-dump-num>4</span>
    \"<span class=sf-dump-key>term_code</span>\" => \"<span class=sf-dump-str title=\"2 characters\">P4</span>\"
    \"<span class=sf-dump-key>repayment_amount</span>\" => \"<span class=sf-dump-str title=\"6 characters\">833.33</span>\"
    \"<span class=sf-dump-key>interest_amount</span>\" => \"<span class=sf-dump-str title=\"6 characters\">150.00</span>\"
    \"<span class=sf-dump-key>fees</span>\" => \"<span class=sf-dump-str title=\"4 characters\">0.00</span>\"
    \"<span class=sf-dump-key>total_due</span>\" => \"<span class=sf-dump-str title=\"6 characters\">983.33</span>\"
    \"<span class=sf-dump-key>due_date</span>\" => \"<span class=sf-dump-str title=\"10 characters\">11/30/2024</span>\"
    \"<span class=sf-dump-key>paid_amount</span>\" => \"<span class=sf-dump-str>0</span>\"
    \"<span class=sf-dump-key>is_paid</span>\" => <span class=sf-dump-num>0</span>
    \"<span class=sf-dump-key>status</span>\" => \"<span class=sf-dump-str>3</span>\"
    \"<span class=sf-dump-key>accrued</span>\" => <span class=sf-dump-num>0</span>
    \"<span class=sf-dump-key>remarks</span>\" => \"\"
  </samp>]
  <span class=sf-dump-index>4</span> => <span class=sf-dump-note>array:12</span> [<samp data-depth=2 class=sf-dump-compact>
    \"<span class=sf-dump-key>count</span>\" => <span class=sf-dump-num>5</span>
    \"<span class=sf-dump-key>term_code</span>\" => \"<span class=sf-dump-str title=\"2 characters\">P5</span>\"
    \"<span class=sf-dump-key>repayment_amount</span>\" => \"<span class=sf-dump-str title=\"6 characters\">833.33</span>\"
    \"<span class=sf-dump-key>interest_amount</span>\" => \"<span class=sf-dump-str title=\"6 characters\">150.00</span>\"
    \"<span class=sf-dump-key>fees</span>\" => \"<span class=sf-dump-str title=\"4 characters\">0.00</span>\"
    \"<span class=sf-dump-key>total_due</span>\" => \"<span class=sf-dump-str title=\"6 characters\">983.33</span>\"
    \"<span class=sf-dump-key>due_date</span>\" => \"<span class=sf-dump-str title=\"10 characters\">12/30/2024</span>\"
    \"<span class=sf-dump-key>paid_amount</span>\" => \"<span class=sf-dump-str>0</span>\"
    \"<span class=sf-dump-key>is_paid</span>\" => <span class=sf-dump-num>0</span>
    \"<span class=sf-dump-key>status</span>\" => \"<span class=sf-dump-str>3</span>\"
    \"<span class=sf-dump-key>accrued</span>\" => <span class=sf-dump-num>0</span>
    \"<span class=sf-dump-key>remarks</span>\" => \"\"
  </samp>]
  <span class=sf-dump-index>5</span> => <span class=sf-dump-note>array:12</span> [<samp data-depth=2 class=sf-dump-compact>
    \"<span class=sf-dump-key>count</span>\" => <span class=sf-dump-num>6</span>
    \"<span class=sf-dump-key>term_code</span>\" => \"<span class=sf-dump-str title=\"2 characters\">P6</span>\"
    \"<span class=sf-dump-key>repayment_amount</span>\" => \"<span class=sf-dump-str title=\"6 characters\">833.33</span>\"
    \"<span class=sf-dump-key>interest_amount</span>\" => \"<span class=sf-dump-str title=\"6 characters\">150.00</span>\"
    \"<span class=sf-dump-key>fees</span>\" => \"<span class=sf-dump-str title=\"4 characters\">0.00</span>\"
    \"<span class=sf-dump-key>total_due</span>\" => \"<span class=sf-dump-str title=\"6 characters\">983.33</span>\"
    \"<span class=sf-dump-key>due_date</span>\" => \"<span class=sf-dump-str title=\"10 characters\">01/30/2025</span>\"
    \"<span class=sf-dump-key>paid_amount</span>\" => \"<span class=sf-dump-str>0</span>\"
    \"<span class=sf-dump-key>is_paid</span>\" => <span class=sf-dump-num>0</span>
    \"<span class=sf-dump-key>status</span>\" => \"<span class=sf-dump-str>3</span>\"
    \"<span class=sf-dump-key>accrued</span>\" => <span class=sf-dump-num>0</span>
    \"<span class=sf-dump-key>remarks</span>\" => \"\"
  </samp>]
  <span class=sf-dump-index>6</span> => <span class=sf-dump-note>array:12</span> [<samp data-depth=2 class=sf-dump-compact>
    \"<span class=sf-dump-key>count</span>\" => <span class=sf-dump-num>7</span>
    \"<span class=sf-dump-key>term_code</span>\" => \"<span class=sf-dump-str title=\"2 characters\">P7</span>\"
    \"<span class=sf-dump-key>repayment_amount</span>\" => \"<span class=sf-dump-str title=\"6 characters\">833.33</span>\"
    \"<span class=sf-dump-key>interest_amount</span>\" => \"<span class=sf-dump-str title=\"6 characters\">150.00</span>\"
    \"<span class=sf-dump-key>fees</span>\" => \"<span class=sf-dump-str title=\"4 characters\">0.00</span>\"
    \"<span class=sf-dump-key>total_due</span>\" => \"<span class=sf-dump-str title=\"6 characters\">983.33</span>\"
    \"<span class=sf-dump-key>due_date</span>\" => \"<span class=sf-dump-str title=\"10 characters\">02/28/2025</span>\"
    \"<span class=sf-dump-key>paid_amount</span>\" => \"<span class=sf-dump-str>0</span>\"
    \"<span class=sf-dump-key>is_paid</span>\" => <span class=sf-dump-num>0</span>
    \"<span class=sf-dump-key>status</span>\" => \"<span class=sf-dump-str>3</span>\"
    \"<span class=sf-dump-key>accrued</span>\" => <span class=sf-dump-num>0</span>
    \"<span class=sf-dump-key>remarks</span>\" => \"\"
  </samp>]
  <span class=sf-dump-index>7</span> => <span class=sf-dump-note>array:12</span> [<samp data-depth=2 class=sf-dump-compact>
    \"<span class=sf-dump-key>count</span>\" => <span class=sf-dump-num>8</span>
    \"<span class=sf-dump-key>term_code</span>\" => \"<span class=sf-dump-str title=\"2 characters\">P8</span>\"
    \"<span class=sf-dump-key>repayment_amount</span>\" => \"<span class=sf-dump-str title=\"6 characters\">833.33</span>\"
    \"<span class=sf-dump-key>interest_amount</span>\" => \"<span class=sf-dump-str title=\"6 characters\">150.00</span>\"
    \"<span class=sf-dump-key>fees</span>\" => \"<span class=sf-dump-str title=\"4 characters\">0.00</span>\"
    \"<span class=sf-dump-key>total_due</span>\" => \"<span class=sf-dump-str title=\"6 characters\">983.33</span>\"
    \"<span class=sf-dump-key>due_date</span>\" => \"<span class=sf-dump-str title=\"10 characters\">03/30/2025</span>\"
    \"<span class=sf-dump-key>paid_amount</span>\" => \"<span class=sf-dump-str>0</span>\"
    \"<span class=sf-dump-key>is_paid</span>\" => <span class=sf-dump-num>0</span>
    \"<span class=sf-dump-key>status</span>\" => \"<span class=sf-dump-str>3</span>\"
    \"<span class=sf-dump-key>accrued</span>\" => <span class=sf-dump-num>0</span>
    \"<span class=sf-dump-key>remarks</span>\" => \"\"
  </samp>]
  <span class=sf-dump-index>8</span> => <span class=sf-dump-note>array:12</span> [<samp data-depth=2 class=sf-dump-compact>
    \"<span class=sf-dump-key>count</span>\" => <span class=sf-dump-num>9</span>
    \"<span class=sf-dump-key>term_code</span>\" => \"<span class=sf-dump-str title=\"2 characters\">P9</span>\"
    \"<span class=sf-dump-key>repayment_amount</span>\" => \"<span class=sf-dump-str title=\"6 characters\">833.33</span>\"
    \"<span class=sf-dump-key>interest_amount</span>\" => \"<span class=sf-dump-str title=\"6 characters\">150.00</span>\"
    \"<span class=sf-dump-key>fees</span>\" => \"<span class=sf-dump-str title=\"4 characters\">0.00</span>\"
    \"<span class=sf-dump-key>total_due</span>\" => \"<span class=sf-dump-str title=\"6 characters\">983.33</span>\"
    \"<span class=sf-dump-key>due_date</span>\" => \"<span class=sf-dump-str title=\"10 characters\">04/30/2025</span>\"
    \"<span class=sf-dump-key>paid_amount</span>\" => \"<span class=sf-dump-str>0</span>\"
    \"<span class=sf-dump-key>is_paid</span>\" => <span class=sf-dump-num>0</span>
    \"<span class=sf-dump-key>status</span>\" => \"<span class=sf-dump-str>3</span>\"
    \"<span class=sf-dump-key>accrued</span>\" => <span class=sf-dump-num>0</span>
    \"<span class=sf-dump-key>remarks</span>\" => \"\"
  </samp>]
  <span class=sf-dump-index>9</span> => <span class=sf-dump-note>array:12</span> [<samp data-depth=2 class=sf-dump-compact>
    \"<span class=sf-dump-key>count</span>\" => <span class=sf-dump-num>10</span>
    \"<span class=sf-dump-key>term_code</span>\" => \"<span class=sf-dump-str title=\"3 characters\">P10</span>\"
    \"<span class=sf-dump-key>repayment_amount</span>\" => \"<span class=sf-dump-str title=\"6 characters\">833.33</span>\"
    \"<span class=sf-dump-key>interest_amount</span>\" => \"<span class=sf-dump-str title=\"6 characters\">150.00</span>\"
    \"<span class=sf-dump-key>fees</span>\" => \"<span class=sf-dump-str title=\"4 characters\">0.00</span>\"
    \"<span class=sf-dump-key>total_due</span>\" => \"<span class=sf-dump-str title=\"6 characters\">983.33</span>\"
    \"<span class=sf-dump-key>due_date</span>\" => \"<span class=sf-dump-str title=\"10 characters\">05/30/2025</span>\"
    \"<span class=sf-dump-key>paid_amount</span>\" => \"<span class=sf-dump-str>0</span>\"
    \"<span class=sf-dump-key>is_paid</span>\" => <span class=sf-dump-num>0</span>
    \"<span class=sf-dump-key>status</span>\" => \"<span class=sf-dump-str>3</span>\"
    \"<span class=sf-dump-key>accrued</span>\" => <span class=sf-dump-num>0</span>
    \"<span class=sf-dump-key>remarks</span>\" => \"\"
  </samp>]
  <span class=sf-dump-index>10</span> => <span class=sf-dump-note>array:12</span> [<samp data-depth=2 class=sf-dump-compact>
    \"<span class=sf-dump-key>count</span>\" => <span class=sf-dump-num>11</span>
    \"<span class=sf-dump-key>term_code</span>\" => \"<span class=sf-dump-str title=\"3 characters\">P11</span>\"
    \"<span class=sf-dump-key>repayment_amount</span>\" => \"<span class=sf-dump-str title=\"6 characters\">833.33</span>\"
    \"<span class=sf-dump-key>interest_amount</span>\" => \"<span class=sf-dump-str title=\"6 characters\">150.00</span>\"
    \"<span class=sf-dump-key>fees</span>\" => \"<span class=sf-dump-str title=\"4 characters\">0.00</span>\"
    \"<span class=sf-dump-key>total_due</span>\" => \"<span class=sf-dump-str title=\"6 characters\">983.33</span>\"
    \"<span class=sf-dump-key>due_date</span>\" => \"<span class=sf-dump-str title=\"10 characters\">06/30/2025</span>\"
    \"<span class=sf-dump-key>paid_amount</span>\" => \"<span class=sf-dump-str>0</span>\"
    \"<span class=sf-dump-key>is_paid</span>\" => <span class=sf-dump-num>0</span>
    \"<span class=sf-dump-key>status</span>\" => \"<span class=sf-dump-str>3</span>\"
    \"<span class=sf-dump-key>accrued</span>\" => <span class=sf-dump-num>0</span>
    \"<span class=sf-dump-key>remarks</span>\" => \"\"
  </samp>]
  <span class=sf-dump-index>11</span> => <span class=sf-dump-note>array:12</span> [<samp data-depth=2 class=sf-dump-compact>
    \"<span class=sf-dump-key>count</span>\" => <span class=sf-dump-num>12</span>
    \"<span class=sf-dump-key>term_code</span>\" => \"<span class=sf-dump-str title=\"3 characters\">P12</span>\"
    \"<span class=sf-dump-key>repayment_amount</span>\" => \"<span class=sf-dump-str title=\"6 characters\">833.37</span>\"
    \"<span class=sf-dump-key>interest_amount</span>\" => \"<span class=sf-dump-str title=\"6 characters\">150.00</span>\"
    \"<span class=sf-dump-key>fees</span>\" => \"<span class=sf-dump-str title=\"4 characters\">0.00</span>\"
    \"<span class=sf-dump-key>total_due</span>\" => \"<span class=sf-dump-str title=\"6 characters\">983.37</span>\"
    \"<span class=sf-dump-key>due_date</span>\" => \"<span class=sf-dump-str title=\"10 characters\">07/30/2025</span>\"
    \"<span class=sf-dump-key>paid_amount</span>\" => \"<span class=sf-dump-str>0</span>\"
    \"<span class=sf-dump-key>is_paid</span>\" => <span class=sf-dump-num>0</span>
    \"<span class=sf-dump-key>status</span>\" => \"<span class=sf-dump-str>3</span>\"
    \"<span class=sf-dump-key>accrued</span>\" => <span class=sf-dump-num>0</span>
    \"<span class=sf-dump-key>remarks</span>\" => \"\"
  </samp>]
</samp>]
</pre><script>Sfdump(\"sf-dump-1486046443\", {\"maxDepth\":3,\"maxStringLength\":160})</script>
","TOTAL_INTEREST":"<pre class=sf-dump id=sf-dump-1249300594 data-indent-pad=\"  \"><span class=sf-dump-num>1800.0</span>
</pre><script>Sfdump(\"sf-dump-1249300594\", {\"maxDepth\":3,\"maxStringLength\":160})</script>
","TOTAL_AMOUNT_DUE":"<pre class=sf-dump id=sf-dump-1234611302 data-indent-pad=\"  \"><span class=sf-dump-num>11800.0</span>
</pre><script>Sfdump(\"sf-dump-1234611302\", {\"maxDepth\":3,\"maxStringLength\":160})</script>
","TOTAL_PAID_AMOUNT":"<pre class=sf-dump id=sf-dump-527715527 data-indent-pad=\"  \"><span class=sf-dump-num>0</span>
</pre><script>Sfdump(\"sf-dump-527715527\", {\"maxDepth\":3,\"maxStringLength\":160})</script>
","CURRENT_LOAN_BALANCE":"<pre class=sf-dump id=sf-dump-1534917330 data-indent-pad=\"  \"><span class=sf-dump-num>11800.0</span>
</pre><script>Sfdump(\"sf-dump-1534917330\", {\"maxDepth\":3,\"maxStringLength\":160})</script>
","loan":"<pre class=sf-dump id=sf-dump-892846185 data-indent-pad=\"  \"><span class=sf-dump-note>array:26</span> [<samp data-depth=1 class=sf-dump-expanded>
  \"<span class=sf-dump-key>service_details</span>\" => {<a class=sf-dump-ref>#787</a><samp data-depth=2 class=sf-dump-compact>
    +\"<span class=sf-dump-public title=\"Runtime added dynamic property\">id_loan</span>\": <span class=sf-dump-num>1510</span>
    +\"<span class=sf-dump-public title=\"Runtime added dynamic property\">loan_token</span>\": \"<span class=sf-dump-str title=\"23 characters\">11292024143240577301269</span>\"
    +\"<span class=sf-dump-public title=\"Runtime added dynamic property\">name</span>\": \"<span class=sf-dump-str title=\"32 characters\">Members-Regular Loan | 12 MONTHS</span>\"
    +\"<span class=sf-dump-public title=\"Runtime added dynamic property\">id_loan_service</span>\": <span class=sf-dump-num>11</span>
    +\"<span class=sf-dump-public title=\"Runtime added dynamic property\">interest_rate</span>\": \"<span class=sf-dump-str title=\"4 characters\">1.50</span>\"
    +\"<span class=sf-dump-public title=\"Runtime added dynamic property\">terms</span>\": <span class=sf-dump-num>12</span>
    +\"<span class=sf-dump-public title=\"Runtime added dynamic property\">period</span>\": <span class=sf-dump-const>null</span>
    +\"<span class=sf-dump-public title=\"Runtime added dynamic property\">cbu_amount</span>\": <span class=sf-dump-num>0.0</span>
    +\"<span class=sf-dump-public title=\"Runtime added dynamic property\">is_deduct_cbu</span>\": <span class=sf-dump-num>0</span>
    +\"<span class=sf-dump-public title=\"Runtime added dynamic property\">principal_amount</span>\": \"<span class=sf-dump-str title=\"8 characters\">10000.00</span>\"
    +\"<span class=sf-dump-public title=\"Runtime added dynamic property\">loan_protection_rate</span>\": \"<span class=sf-dump-str title=\"4 characters\">0.00</span>\"
    +\"<span class=sf-dump-public title=\"Runtime added dynamic property\">id_term_period</span>\": <span class=sf-dump-num>3</span>
    +\"<span class=sf-dump-public title=\"Runtime added dynamic property\">id_interest_period</span>\": <span class=sf-dump-num>3</span>
    +\"<span class=sf-dump-public title=\"Runtime added dynamic property\">id_interest_method</span>\": <span class=sf-dump-num>1</span>
    +\"<span class=sf-dump-public title=\"Runtime added dynamic property\">terms_desc</span>\": \"<span class=sf-dump-str title=\"9 characters\">12 Months</span>\"
    +\"<span class=sf-dump-public title=\"Runtime added dynamic property\">terms_token</span>\": \"<span class=sf-dump-str title=\"18 characters\">153813854066d865c9</span>\"
    +\"<span class=sf-dump-public title=\"Runtime added dynamic property\">min_amount</span>\": \"<span class=sf-dump-str title=\"7 characters\">1000.00</span>\"
    +\"<span class=sf-dump-public title=\"Runtime added dynamic property\">max_amount</span>\": \"<span class=sf-dump-str title=\"9 characters\">200000.00</span>\"
    +\"<span class=sf-dump-public title=\"Runtime added dynamic property\">id_loan_payment_type</span>\": <span class=sf-dump-num>1</span>
    +\"<span class=sf-dump-public title=\"Runtime added dynamic property\">due_date</span>\": <span class=sf-dump-const>null</span>
    +\"<span class=sf-dump-public title=\"Runtime added dynamic property\">id_member</span>\": <span class=sf-dump-num>6</span>
    +\"<span class=sf-dump-public title=\"Runtime added dynamic property\">id_charges_group</span>\": <span class=sf-dump-num>5</span>
    +\"<span class=sf-dump-public title=\"Runtime added dynamic property\">loan_protection_amount</span>\": \"<span class=sf-dump-str title=\"4 characters\">0.00</span>\"
    +\"<span class=sf-dump-public title=\"Runtime added dynamic property\">cbu_deficient</span>\": \"<span class=sf-dump-str title=\"4 characters\">0.00</span>\"
    +\"<span class=sf-dump-public title=\"Runtime added dynamic property\">total_deductions</span>\": \"<span class=sf-dump-str title=\"4 characters\">0.00</span>\"
    +\"<span class=sf-dump-public title=\"Runtime added dynamic property\">not_deducted_charges</span>\": \"<span class=sf-dump-str title=\"4 characters\">0.00</span>\"
    +\"<span class=sf-dump-public title=\"Runtime added dynamic property\">total_loan_proceeds</span>\": \"<span class=sf-dump-str title=\"8 characters\">10000.00</span>\"
    +\"<span class=sf-dump-public title=\"Runtime added dynamic property\">status</span>\": \"<span class=sf-dump-str>3</span>\"
    +\"<span class=sf-dump-public title=\"Runtime added dynamic property\">loan_remarks</span>\": \"\"
    +\"<span class=sf-dump-public title=\"Runtime added dynamic property\">loan_status</span>\": \"<span class=sf-dump-str title=\"6 characters\">Active</span>\"
    +\"<span class=sf-dump-public title=\"Runtime added dynamic property\">status_code</span>\": \"<span class=sf-dump-str>3</span>\"
    +\"<span class=sf-dump-public title=\"Runtime added dynamic property\">cancellation_reason</span>\": <span class=sf-dump-const>null</span>
    +\"<span class=sf-dump-public title=\"Runtime added dynamic property\">prev_loan_balance</span>\": \"<span class=sf-dump-str title=\"4 characters\">0.00</span>\"
    +\"<span class=sf-dump-public title=\"Runtime added dynamic property\">prev_loan_rebates</span>\": \"<span class=sf-dump-str title=\"4 characters\">0.00</span>\"
    +\"<span class=sf-dump-public title=\"Runtime added dynamic property\">lstatus</span>\": <span class=sf-dump-num>1</span>
    +\"<span class=sf-dump-public title=\"Runtime added dynamic property\">id_cash_disbursement</span>\": <span class=sf-dump-num>0</span>
    +\"<span class=sf-dump-public title=\"Runtime added dynamic property\">paid_principal</span>\": \"<span class=sf-dump-str title=\"4 characters\">0.00</span>\"
    +\"<span class=sf-dump-public title=\"Runtime added dynamic property\">paid_interest</span>\": \"<span class=sf-dump-str title=\"4 characters\">0.00</span>\"
    +\"<span class=sf-dump-public title=\"Runtime added dynamic property\">paid_fees</span>\": \"<span class=sf-dump-str title=\"4 characters\">0.00</span>\"
    +\"<span class=sf-dump-public title=\"Runtime added dynamic property\">date_released</span>\": \"<span class=sf-dump-str title=\"10 characters\">2024-07-23</span>\"
    +\"<span class=sf-dump-public title=\"Runtime added dynamic property\">date_granted</span>\": \"<span class=sf-dump-str title=\"10 characters\">07/23/2024</span>\"
    +\"<span class=sf-dump-public title=\"Runtime added dynamic property\">month_duration</span>\": <span class=sf-dump-num>1</span>
    +\"<span class=sf-dump-public title=\"Runtime added dynamic property\">interest_show</span>\": \"<span class=sf-dump-str title=\"4 characters\">0.00</span>\"
    +\"<span class=sf-dump-public title=\"Runtime added dynamic property\">id_one_time_type</span>\": <span class=sf-dump-num>0</span>
  </samp>}
  \"<span class=sf-dump-key>member_details</span>\" => {<a class=sf-dump-ref>#778</a><samp data-depth=2 class=sf-dump-compact>
    +\"<span class=sf-dump-public title=\"Runtime added dynamic property\">name</span>\": \"<span class=sf-dump-str title=\"16 characters\">LAGUNDAY, DELIA </span>\"
  </samp>}
  \"<span class=sf-dump-key>OTHER_DEDUCTIONS</span>\" => []
  \"<span class=sf-dump-key>CBU_DEFICIENT_AMOUNT</span>\" => \"<span class=sf-dump-str title=\"4 characters\">0.00</span>\"
  \"<span class=sf-dump-key>DEDUCTED_CHARGES</span>\" => []
  \"<span class=sf-dump-key>PREV_LOAN_OFFSET</span>\" => []
  \"<span class=sf-dump-key>TOTAL_LOAN_OFFSET_REBATES</span>\" => <span class=sf-dump-num>0</span>
  \"<span class=sf-dump-key>TOTAL_LOAN_OFFSET</span>\" => <span class=sf-dump-num>0</span>
  \"<span class=sf-dump-key>LOAN_BALANCE</span>\" => \"<span class=sf-dump-str title=\"4 characters\">0.00</span>\"
  \"<span class=sf-dump-key>REBATES</span>\" => \"<span class=sf-dump-str title=\"4 characters\">0.00</span>\"
  \"<span class=sf-dump-key>TOTAL_LOAN_BALANCE</span>\" => <span class=sf-dump-num>0.0</span>
  \"<span class=sf-dump-key>TOTAL_DEDUCTED_CHARGES</span>\" => \"<span class=sf-dump-str title=\"4 characters\">0.00</span>\"
  \"<span class=sf-dump-key>PRINCIPAL_AMOUNT</span>\" => \"<span class=sf-dump-str title=\"8 characters\">10000.00</span>\"
  \"<span class=sf-dump-key>TOTAL_NOT_DEDUCTED_CHARGES</span>\" => \"<span class=sf-dump-str title=\"4 characters\">0.00</span>\"
  \"<span class=sf-dump-key>TOTAL_LOAN_PROCEED</span>\" => \"<span class=sf-dump-str title=\"8 characters\">10000.00</span>\"
  \"<span class=sf-dump-key>AMTZ_SCHED</span>\" => <span class=sf-dump-note>array:12</span> [<samp data-depth=2 class=sf-dump-compact>
    <span class=sf-dump-index>0</span> => {<a class=sf-dump-ref>#782</a><samp data-depth=3 class=sf-dump-compact>
      +\"<span class=sf-dump-public title=\"Runtime added dynamic property\">term_code</span>\": \"<span class=sf-dump-str title=\"2 characters\">P1</span>\"
      +\"<span class=sf-dump-public title=\"Runtime added dynamic property\">date</span>\": \"<span class=sf-dump-str title=\"10 characters\">08/30/2024</span>\"
      +\"<span class=sf-dump-public title=\"Runtime added dynamic property\">principal</span>\": \"<span class=sf-dump-str title=\"6 characters\">833.33</span>\"
      +\"<span class=sf-dump-public title=\"Runtime added dynamic property\">interest</span>\": \"<span class=sf-dump-str title=\"6 characters\">150.00</span>\"
      +\"<span class=sf-dump-public title=\"Runtime added dynamic property\">surcharge</span>\": \"<span class=sf-dump-str title=\"4 characters\">0.00</span>\"
      +\"<span class=sf-dump-public title=\"Runtime added dynamic property\">total</span>\": \"<span class=sf-dump-str title=\"6 characters\">983.33</span>\"
      +\"<span class=sf-dump-public title=\"Runtime added dynamic property\">accrued</span>\": <span class=sf-dump-num>0</span>
    </samp>}
    <span class=sf-dump-index>1</span> => {<a class=sf-dump-ref>#777</a><samp data-depth=3 class=sf-dump-compact>
      +\"<span class=sf-dump-public title=\"Runtime added dynamic property\">term_code</span>\": \"<span class=sf-dump-str title=\"2 characters\">P2</span>\"
      +\"<span class=sf-dump-public title=\"Runtime added dynamic property\">date</span>\": \"<span class=sf-dump-str title=\"10 characters\">09/30/2024</span>\"
      +\"<span class=sf-dump-public title=\"Runtime added dynamic property\">principal</span>\": \"<span class=sf-dump-str title=\"6 characters\">833.33</span>\"
      +\"<span class=sf-dump-public title=\"Runtime added dynamic property\">interest</span>\": \"<span class=sf-dump-str title=\"6 characters\">150.00</span>\"
      +\"<span class=sf-dump-public title=\"Runtime added dynamic property\">surcharge</span>\": \"<span class=sf-dump-str title=\"4 characters\">0.00</span>\"
      +\"<span class=sf-dump-public title=\"Runtime added dynamic property\">total</span>\": \"<span class=sf-dump-str title=\"6 characters\">983.33</span>\"
      +\"<span class=sf-dump-public title=\"Runtime added dynamic property\">accrued</span>\": <span class=sf-dump-num>0</span>
    </samp>}
    <span class=sf-dump-index>2</span> => {<a class=sf-dump-ref>#781</a><samp data-depth=3 class=sf-dump-compact>
      +\"<span class=sf-dump-public title=\"Runtime added dynamic property\">term_code</span>\": \"<span class=sf-dump-str title=\"2 characters\">P3</span>\"
      +\"<span class=sf-dump-public title=\"Runtime added dynamic property\">date</span>\": \"<span class=sf-dump-str title=\"10 characters\">10/30/2024</span>\"
      +\"<span class=sf-dump-public title=\"Runtime added dynamic property\">principal</span>\": \"<span class=sf-dump-str title=\"6 characters\">833.33</span>\"
      +\"<span class=sf-dump-public title=\"Runtime added dynamic property\">interest</span>\": \"<span class=sf-dump-str title=\"6 characters\">150.00</span>\"
      +\"<span class=sf-dump-public title=\"Runtime added dynamic property\">surcharge</span>\": \"<span class=sf-dump-str title=\"4 characters\">0.00</span>\"
      +\"<span class=sf-dump-public title=\"Runtime added dynamic property\">total</span>\": \"<span class=sf-dump-str title=\"6 characters\">983.33</span>\"
      +\"<span class=sf-dump-public title=\"Runtime added dynamic property\">accrued</span>\": <span class=sf-dump-num>0</span>
    </samp>}
    <span class=sf-dump-index>3</span> => {<a class=sf-dump-ref>#790</a><samp data-depth=3 class=sf-dump-compact>
      +\"<span class=sf-dump-public title=\"Runtime added dynamic property\">term_code</span>\": \"<span class=sf-dump-str title=\"2 characters\">P4</span>\"
      +\"<span class=sf-dump-public title=\"Runtime added dynamic property\">date</span>\": \"<span class=sf-dump-str title=\"10 characters\">11/30/2024</span>\"
      +\"<span class=sf-dump-public title=\"Runtime added dynamic property\">principal</span>\": \"<span class=sf-dump-str title=\"6 characters\">833.33</span>\"
      +\"<span class=sf-dump-public title=\"Runtime added dynamic property\">interest</span>\": \"<span class=sf-dump-str title=\"6 characters\">150.00</span>\"
      +\"<span class=sf-dump-public title=\"Runtime added dynamic property\">surcharge</span>\": \"<span class=sf-dump-str title=\"4 characters\">0.00</span>\"
      +\"<span class=sf-dump-public title=\"Runtime added dynamic property\">total</span>\": \"<span class=sf-dump-str title=\"6 characters\">983.33</span>\"
      +\"<span class=sf-dump-public title=\"Runtime added dynamic property\">accrued</span>\": <span class=sf-dump-num>0</span>
    </samp>}
    <span class=sf-dump-index>4</span> => {<a class=sf-dump-ref>#793</a><samp data-depth=3 class=sf-dump-compact>
      +\"<span class=sf-dump-public title=\"Runtime added dynamic property\">term_code</span>\": \"<span class=sf-dump-str title=\"2 characters\">P5</span>\"
      +\"<span class=sf-dump-public title=\"Runtime added dynamic property\">date</span>\": \"<span class=sf-dump-str title=\"10 characters\">12/30/2024</span>\"
      +\"<span class=sf-dump-public title=\"Runtime added dynamic property\">principal</span>\": \"<span class=sf-dump-str title=\"6 characters\">833.33</span>\"
      +\"<span class=sf-dump-public title=\"Runtime added dynamic property\">interest</span>\": \"<span class=sf-dump-str title=\"6 characters\">150.00</span>\"
      +\"<span class=sf-dump-public title=\"Runtime added dynamic property\">surcharge</span>\": \"<span class=sf-dump-str title=\"4 characters\">0.00</span>\"
      +\"<span class=sf-dump-public title=\"Runtime added dynamic property\">total</span>\": \"<span class=sf-dump-str title=\"6 characters\">983.33</span>\"
      +\"<span class=sf-dump-public title=\"Runtime added dynamic property\">accrued</span>\": <span class=sf-dump-num>0</span>
    </samp>}
    <span class=sf-dump-index>5</span> => {<a class=sf-dump-ref>#795</a><samp data-depth=3 class=sf-dump-compact>
      +\"<span class=sf-dump-public title=\"Runtime added dynamic property\">term_code</span>\": \"<span class=sf-dump-str title=\"2 characters\">P6</span>\"
      +\"<span class=sf-dump-public title=\"Runtime added dynamic property\">date</span>\": \"<span class=sf-dump-str title=\"10 characters\">01/30/2025</span>\"
      +\"<span class=sf-dump-public title=\"Runtime added dynamic property\">principal</span>\": \"<span class=sf-dump-str title=\"6 characters\">833.33</span>\"
      +\"<span class=sf-dump-public title=\"Runtime added dynamic property\">interest</span>\": \"<span class=sf-dump-str title=\"6 characters\">150.00</span>\"
      +\"<span class=sf-dump-public title=\"Runtime added dynamic property\">surcharge</span>\": \"<span class=sf-dump-str title=\"4 characters\">0.00</span>\"
      +\"<span class=sf-dump-public title=\"Runtime added dynamic property\">total</span>\": \"<span class=sf-dump-str title=\"6 characters\">983.33</span>\"
      +\"<span class=sf-dump-public title=\"Runtime added dynamic property\">accrued</span>\": <span class=sf-dump-num>0</span>
    </samp>}
    <span class=sf-dump-index>6</span> => {<a class=sf-dump-ref>#798</a><samp data-depth=3 class=sf-dump-compact>
      +\"<span class=sf-dump-public title=\"Runtime added dynamic property\">term_code</span>\": \"<span class=sf-dump-str title=\"2 characters\">P7</span>\"
      +\"<span class=sf-dump-public title=\"Runtime added dynamic property\">date</span>\": \"<span class=sf-dump-str title=\"10 characters\">02/28/2025</span>\"
      +\"<span class=sf-dump-public title=\"Runtime added dynamic property\">principal</span>\": \"<span class=sf-dump-str title=\"6 characters\">833.33</span>\"
      +\"<span class=sf-dump-public title=\"Runtime added dynamic property\">interest</span>\": \"<span class=sf-dump-str title=\"6 characters\">150.00</span>\"
      +\"<span class=sf-dump-public title=\"Runtime added dynamic property\">surcharge</span>\": \"<span class=sf-dump-str title=\"4 characters\">0.00</span>\"
      +\"<span class=sf-dump-public title=\"Runtime added dynamic property\">total</span>\": \"<span class=sf-dump-str title=\"6 characters\">983.33</span>\"
      +\"<span class=sf-dump-public title=\"Runtime added dynamic property\">accrued</span>\": <span class=sf-dump-num>0</span>
    </samp>}
    <span class=sf-dump-index>7</span> => {<a class=sf-dump-ref>#796</a><samp data-depth=3 class=sf-dump-compact>
      +\"<span class=sf-dump-public title=\"Runtime added dynamic property\">term_code</span>\": \"<span class=sf-dump-str title=\"2 characters\">P8</span>\"
      +\"<span class=sf-dump-public title=\"Runtime added dynamic property\">date</span>\": \"<span class=sf-dump-str title=\"10 characters\">03/30/2025</span>\"
      +\"<span class=sf-dump-public title=\"Runtime added dynamic property\">principal</span>\": \"<span class=sf-dump-str title=\"6 characters\">833.33</span>\"
      +\"<span class=sf-dump-public title=\"Runtime added dynamic property\">interest</span>\": \"<span class=sf-dump-str title=\"6 characters\">150.00</span>\"
      +\"<span class=sf-dump-public title=\"Runtime added dynamic property\">surcharge</span>\": \"<span class=sf-dump-str title=\"4 characters\">0.00</span>\"
      +\"<span class=sf-dump-public title=\"Runtime added dynamic property\">total</span>\": \"<span class=sf-dump-str title=\"6 characters\">983.33</span>\"
      +\"<span class=sf-dump-public title=\"Runtime added dynamic property\">accrued</span>\": <span class=sf-dump-num>0</span>
    </samp>}
    <span class=sf-dump-index>8</span> => {<a class=sf-dump-ref>#800</a><samp data-depth=3 class=sf-dump-compact>
      +\"<span class=sf-dump-public title=\"Runtime added dynamic property\">term_code</span>\": \"<span class=sf-dump-str title=\"2 characters\">P9</span>\"
      +\"<span class=sf-dump-public title=\"Runtime added dynamic property\">date</span>\": \"<span class=sf-dump-str title=\"10 characters\">04/30/2025</span>\"
      +\"<span class=sf-dump-public title=\"Runtime added dynamic property\">principal</span>\": \"<span class=sf-dump-str title=\"6 characters\">833.33</span>\"
      +\"<span class=sf-dump-public title=\"Runtime added dynamic property\">interest</span>\": \"<span class=sf-dump-str title=\"6 characters\">150.00</span>\"
      +\"<span class=sf-dump-public title=\"Runtime added dynamic property\">surcharge</span>\": \"<span class=sf-dump-str title=\"4 characters\">0.00</span>\"
      +\"<span class=sf-dump-public title=\"Runtime added dynamic property\">total</span>\": \"<span class=sf-dump-str title=\"6 characters\">983.33</span>\"
      +\"<span class=sf-dump-public title=\"Runtime added dynamic property\">accrued</span>\": <span class=sf-dump-num>0</span>
    </samp>}
    <span class=sf-dump-index>9</span> => {<a class=sf-dump-ref>#801</a><samp data-depth=3 class=sf-dump-compact>
      +\"<span class=sf-dump-public title=\"Runtime added dynamic property\">term_code</span>\": \"<span class=sf-dump-str title=\"3 characters\">P10</span>\"
      +\"<span class=sf-dump-public title=\"Runtime added dynamic property\">date</span>\": \"<span class=sf-dump-str title=\"10 characters\">05/30/2025</span>\"
      +\"<span class=sf-dump-public title=\"Runtime added dynamic property\">principal</span>\": \"<span class=sf-dump-str title=\"6 characters\">833.33</span>\"
      +\"<span class=sf-dump-public title=\"Runtime added dynamic property\">interest</span>\": \"<span class=sf-dump-str title=\"6 characters\">150.00</span>\"
      +\"<span class=sf-dump-public title=\"Runtime added dynamic property\">surcharge</span>\": \"<span class=sf-dump-str title=\"4 characters\">0.00</span>\"
      +\"<span class=sf-dump-public title=\"Runtime added dynamic property\">total</span>\": \"<span class=sf-dump-str title=\"6 characters\">983.33</span>\"
      +\"<span class=sf-dump-public title=\"Runtime added dynamic property\">accrued</span>\": <span class=sf-dump-num>0</span>
    </samp>}
    <span class=sf-dump-index>10</span> => {<a class=sf-dump-ref>#802</a><samp data-depth=3 class=sf-dump-compact>
      +\"<span class=sf-dump-public title=\"Runtime added dynamic property\">term_code</span>\": \"<span class=sf-dump-str title=\"3 characters\">P11</span>\"
      +\"<span class=sf-dump-public title=\"Runtime added dynamic property\">date</span>\": \"<span class=sf-dump-str title=\"10 characters\">06/30/2025</span>\"
      +\"<span class=sf-dump-public title=\"Runtime added dynamic property\">principal</span>\": \"<span class=sf-dump-str title=\"6 characters\">833.33</span>\"
      +\"<span class=sf-dump-public title=\"Runtime added dynamic property\">interest</span>\": \"<span class=sf-dump-str title=\"6 characters\">150.00</span>\"
      +\"<span class=sf-dump-public title=\"Runtime added dynamic property\">surcharge</span>\": \"<span class=sf-dump-str title=\"4 characters\">0.00</span>\"
      +\"<span class=sf-dump-public title=\"Runtime added dynamic property\">total</span>\": \"<span class=sf-dump-str title=\"6 characters\">983.33</span>\"
      +\"<span class=sf-dump-public title=\"Runtime added dynamic property\">accrued</span>\": <span class=sf-dump-num>0</span>
    </samp>}
    <span class=sf-dump-index>11</span> => {<a class=sf-dump-ref>#799</a><samp data-depth=3 class=sf-dump-compact>
      +\"<span class=sf-dump-public title=\"Runtime added dynamic property\">term_code</span>\": \"<span class=sf-dump-str title=\"3 characters\">P12</span>\"
      +\"<span class=sf-dump-public title=\"Runtime added dynamic property\">date</span>\": \"<span class=sf-dump-str title=\"10 characters\">07/30/2025</span>\"
      +\"<span class=sf-dump-public title=\"Runtime added dynamic property\">principal</span>\": \"<span class=sf-dump-str title=\"6 characters\">833.37</span>\"
      +\"<span class=sf-dump-public title=\"Runtime added dynamic property\">interest</span>\": \"<span class=sf-dump-str title=\"6 characters\">150.00</span>\"
      +\"<span class=sf-dump-public title=\"Runtime added dynamic property\">surcharge</span>\": \"<span class=sf-dump-str title=\"4 characters\">0.00</span>\"
      +\"<span class=sf-dump-public title=\"Runtime added dynamic property\">total</span>\": \"<span class=sf-dump-str title=\"6 characters\">983.37</span>\"
      +\"<span class=sf-dump-public title=\"Runtime added dynamic property\">accrued</span>\": <span class=sf-dump-num>0</span>
    </samp>}
  </samp>]
  \"<span class=sf-dump-key>AMTZ_PAYMENT</span>\" => []
  \"<span class=sf-dump-key>REPAYMENT_TABLE</span>\" => []
  \"<span class=sf-dump-key>CURRENT_DUE</span>\" => {<a class=sf-dump-ref>#808</a><samp data-depth=2 class=sf-dump-compact>
    +\"<span class=sf-dump-public title=\"Runtime added dynamic property\">cur_date</span>\": \"<span class=sf-dump-str title=\"17 characters\">December 09, 2025</span>\"
    +\"<span class=sf-dump-public title=\"Runtime added dynamic property\">prin</span>\": \"<span class=sf-dump-str title=\"8 characters\">10000.00</span>\"
    +\"<span class=sf-dump-public title=\"Runtime added dynamic property\">interest</span>\": \"<span class=sf-dump-str title=\"7 characters\">1800.00</span>\"
    +\"<span class=sf-dump-public title=\"Runtime added dynamic property\">fees</span>\": \"<span class=sf-dump-str title=\"4 characters\">0.00</span>\"
    +\"<span class=sf-dump-public title=\"Runtime added dynamic property\">surcharge</span>\": \"<span class=sf-dump-str title=\"4 characters\">0.00</span>\"
  </samp>}
  \"<span class=sf-dump-key>TOTAL_DUE</span>\" => <span class=sf-dump-num>11800.0</span>
  \"<span class=sf-dump-key>repaymentCount</span>\" => <span class=sf-dump-num>12</span>
  \"<span class=sf-dump-key>LOAN_TABLE</span>\" => <span class=sf-dump-note>array:12</span> [<samp data-depth=2 class=sf-dump-compact>
    <span class=sf-dump-index>0</span> => <span class=sf-dump-note>array:12</span> [<samp data-depth=3 class=sf-dump-compact>
      \"<span class=sf-dump-key>count</span>\" => <span class=sf-dump-num>1</span>
      \"<span class=sf-dump-key>term_code</span>\" => \"<span class=sf-dump-str title=\"2 characters\">P1</span>\"
      \"<span class=sf-dump-key>repayment_amount</span>\" => \"<span class=sf-dump-str title=\"6 characters\">833.33</span>\"
      \"<span class=sf-dump-key>interest_amount</span>\" => \"<span class=sf-dump-str title=\"6 characters\">150.00</span>\"
      \"<span class=sf-dump-key>fees</span>\" => \"<span class=sf-dump-str title=\"4 characters\">0.00</span>\"
      \"<span class=sf-dump-key>total_due</span>\" => \"<span class=sf-dump-str title=\"6 characters\">983.33</span>\"
      \"<span class=sf-dump-key>due_date</span>\" => \"<span class=sf-dump-str title=\"10 characters\">08/30/2024</span>\"
      \"<span class=sf-dump-key>paid_amount</span>\" => \"<span class=sf-dump-str>0</span>\"
      \"<span class=sf-dump-key>is_paid</span>\" => <span class=sf-dump-num>0</span>
      \"<span class=sf-dump-key>status</span>\" => \"<span class=sf-dump-str>3</span>\"
      \"<span class=sf-dump-key>accrued</span>\" => <span class=sf-dump-num>0</span>
      \"<span class=sf-dump-key>remarks</span>\" => \"\"
    </samp>]
    <span class=sf-dump-index>1</span> => <span class=sf-dump-note>array:12</span> [<samp data-depth=3 class=sf-dump-compact>
      \"<span class=sf-dump-key>count</span>\" => <span class=sf-dump-num>2</span>
      \"<span class=sf-dump-key>term_code</span>\" => \"<span class=sf-dump-str title=\"2 characters\">P2</span>\"
      \"<span class=sf-dump-key>repayment_amount</span>\" => \"<span class=sf-dump-str title=\"6 characters\">833.33</span>\"
      \"<span class=sf-dump-key>interest_amount</span>\" => \"<span class=sf-dump-str title=\"6 characters\">150.00</span>\"
      \"<span class=sf-dump-key>fees</span>\" => \"<span class=sf-dump-str title=\"4 characters\">0.00</span>\"
      \"<span class=sf-dump-key>total_due</span>\" => \"<span class=sf-dump-str title=\"6 characters\">983.33</span>\"
      \"<span class=sf-dump-key>due_date</span>\" => \"<span class=sf-dump-str title=\"10 characters\">09/30/2024</span>\"
      \"<span class=sf-dump-key>paid_amount</span>\" => \"<span class=sf-dump-str>0</span>\"
      \"<span class=sf-dump-key>is_paid</span>\" => <span class=sf-dump-num>0</span>
      \"<span class=sf-dump-key>status</span>\" => \"<span class=sf-dump-str>3</span>\"
      \"<span class=sf-dump-key>accrued</span>\" => <span class=sf-dump-num>0</span>
      \"<span class=sf-dump-key>remarks</span>\" => \"\"
    </samp>]
    <span class=sf-dump-index>2</span> => <span class=sf-dump-note>array:12</span> [<samp data-depth=3 class=sf-dump-compact>
      \"<span class=sf-dump-key>count</span>\" => <span class=sf-dump-num>3</span>
      \"<span class=sf-dump-key>term_code</span>\" => \"<span class=sf-dump-str title=\"2 characters\">P3</span>\"
      \"<span class=sf-dump-key>repayment_amount</span>\" => \"<span class=sf-dump-str title=\"6 characters\">833.33</span>\"
      \"<span class=sf-dump-key>interest_amount</span>\" => \"<span class=sf-dump-str title=\"6 characters\">150.00</span>\"
      \"<span class=sf-dump-key>fees</span>\" => \"<span class=sf-dump-str title=\"4 characters\">0.00</span>\"
      \"<span class=sf-dump-key>total_due</span>\" => \"<span class=sf-dump-str title=\"6 characters\">983.33</span>\"
      \"<span class=sf-dump-key>due_date</span>\" => \"<span class=sf-dump-str title=\"10 characters\">10/30/2024</span>\"
      \"<span class=sf-dump-key>paid_amount</span>\" => \"<span class=sf-dump-str>0</span>\"
      \"<span class=sf-dump-key>is_paid</span>\" => <span class=sf-dump-num>0</span>
      \"<span class=sf-dump-key>status</span>\" => \"<span class=sf-dump-str>3</span>\"
      \"<span class=sf-dump-key>accrued</span>\" => <span class=sf-dump-num>0</span>
      \"<span class=sf-dump-key>remarks</span>\" => \"\"
    </samp>]
    <span class=sf-dump-index>3</span> => <span class=sf-dump-note>array:12</span> [<samp data-depth=3 class=sf-dump-compact>
      \"<span class=sf-dump-key>count</span>\" => <span class=sf-dump-num>4</span>
      \"<span class=sf-dump-key>term_code</span>\" => \"<span class=sf-dump-str title=\"2 characters\">P4</span>\"
      \"<span class=sf-dump-key>repayment_amount</span>\" => \"<span class=sf-dump-str title=\"6 characters\">833.33</span>\"
      \"<span class=sf-dump-key>interest_amount</span>\" => \"<span class=sf-dump-str title=\"6 characters\">150.00</span>\"
      \"<span class=sf-dump-key>fees</span>\" => \"<span class=sf-dump-str title=\"4 characters\">0.00</span>\"
      \"<span class=sf-dump-key>total_due</span>\" => \"<span class=sf-dump-str title=\"6 characters\">983.33</span>\"
      \"<span class=sf-dump-key>due_date</span>\" => \"<span class=sf-dump-str title=\"10 characters\">11/30/2024</span>\"
      \"<span class=sf-dump-key>paid_amount</span>\" => \"<span class=sf-dump-str>0</span>\"
      \"<span class=sf-dump-key>is_paid</span>\" => <span class=sf-dump-num>0</span>
      \"<span class=sf-dump-key>status</span>\" => \"<span class=sf-dump-str>3</span>\"
      \"<span class=sf-dump-key>accrued</span>\" => <span class=sf-dump-num>0</span>
      \"<span class=sf-dump-key>remarks</span>\" => \"\"
    </samp>]
    <span class=sf-dump-index>4</span> => <span class=sf-dump-note>array:12</span> [<samp data-depth=3 class=sf-dump-compact>
      \"<span class=sf-dump-key>count</span>\" => <span class=sf-dump-num>5</span>
      \"<span class=sf-dump-key>term_code</span>\" => \"<span class=sf-dump-str title=\"2 characters\">P5</span>\"
      \"<span class=sf-dump-key>repayment_amount</span>\" => \"<span class=sf-dump-str title=\"6 characters\">833.33</span>\"
      \"<span class=sf-dump-key>interest_amount</span>\" => \"<span class=sf-dump-str title=\"6 characters\">150.00</span>\"
      \"<span class=sf-dump-key>fees</span>\" => \"<span class=sf-dump-str title=\"4 characters\">0.00</span>\"
      \"<span class=sf-dump-key>total_due</span>\" => \"<span class=sf-dump-str title=\"6 characters\">983.33</span>\"
      \"<span class=sf-dump-key>due_date</span>\" => \"<span class=sf-dump-str title=\"10 characters\">12/30/2024</span>\"
      \"<span class=sf-dump-key>paid_amount</span>\" => \"<span class=sf-dump-str>0</span>\"
      \"<span class=sf-dump-key>is_paid</span>\" => <span class=sf-dump-num>0</span>
      \"<span class=sf-dump-key>status</span>\" => \"<span class=sf-dump-str>3</span>\"
      \"<span class=sf-dump-key>accrued</span>\" => <span class=sf-dump-num>0</span>
      \"<span class=sf-dump-key>remarks</span>\" => \"\"
    </samp>]
    <span class=sf-dump-index>5</span> => <span class=sf-dump-note>array:12</span> [<samp data-depth=3 class=sf-dump-compact>
      \"<span class=sf-dump-key>count</span>\" => <span class=sf-dump-num>6</span>
      \"<span class=sf-dump-key>term_code</span>\" => \"<span class=sf-dump-str title=\"2 characters\">P6</span>\"
      \"<span class=sf-dump-key>repayment_amount</span>\" => \"<span class=sf-dump-str title=\"6 characters\">833.33</span>\"
      \"<span class=sf-dump-key>interest_amount</span>\" => \"<span class=sf-dump-str title=\"6 characters\">150.00</span>\"
      \"<span class=sf-dump-key>fees</span>\" => \"<span class=sf-dump-str title=\"4 characters\">0.00</span>\"
      \"<span class=sf-dump-key>total_due</span>\" => \"<span class=sf-dump-str title=\"6 characters\">983.33</span>\"
      \"<span class=sf-dump-key>due_date</span>\" => \"<span class=sf-dump-str title=\"10 characters\">01/30/2025</span>\"
      \"<span class=sf-dump-key>paid_amount</span>\" => \"<span class=sf-dump-str>0</span>\"
      \"<span class=sf-dump-key>is_paid</span>\" => <span class=sf-dump-num>0</span>
      \"<span class=sf-dump-key>status</span>\" => \"<span class=sf-dump-str>3</span>\"
      \"<span class=sf-dump-key>accrued</span>\" => <span class=sf-dump-num>0</span>
      \"<span class=sf-dump-key>remarks</span>\" => \"\"
    </samp>]
    <span class=sf-dump-index>6</span> => <span class=sf-dump-note>array:12</span> [<samp data-depth=3 class=sf-dump-compact>
      \"<span class=sf-dump-key>count</span>\" => <span class=sf-dump-num>7</span>
      \"<span class=sf-dump-key>term_code</span>\" => \"<span class=sf-dump-str title=\"2 characters\">P7</span>\"
      \"<span class=sf-dump-key>repayment_amount</span>\" => \"<span class=sf-dump-str title=\"6 characters\">833.33</span>\"
      \"<span class=sf-dump-key>interest_amount</span>\" => \"<span class=sf-dump-str title=\"6 characters\">150.00</span>\"
      \"<span class=sf-dump-key>fees</span>\" => \"<span class=sf-dump-str title=\"4 characters\">0.00</span>\"
      \"<span class=sf-dump-key>total_due</span>\" => \"<span class=sf-dump-str title=\"6 characters\">983.33</span>\"
      \"<span class=sf-dump-key>due_date</span>\" => \"<span class=sf-dump-str title=\"10 characters\">02/28/2025</span>\"
      \"<span class=sf-dump-key>paid_amount</span>\" => \"<span class=sf-dump-str>0</span>\"
      \"<span class=sf-dump-key>is_paid</span>\" => <span class=sf-dump-num>0</span>
      \"<span class=sf-dump-key>status</span>\" => \"<span class=sf-dump-str>3</span>\"
      \"<span class=sf-dump-key>accrued</span>\" => <span class=sf-dump-num>0</span>
      \"<span class=sf-dump-key>remarks</span>\" => \"\"
    </samp>]
    <span class=sf-dump-index>7</span> => <span class=sf-dump-note>array:12</span> [<samp data-depth=3 class=sf-dump-compact>
      \"<span class=sf-dump-key>count</span>\" => <span class=sf-dump-num>8</span>
      \"<span class=sf-dump-key>term_code</span>\" => \"<span class=sf-dump-str title=\"2 characters\">P8</span>\"
      \"<span class=sf-dump-key>repayment_amount</span>\" => \"<span class=sf-dump-str title=\"6 characters\">833.33</span>\"
      \"<span class=sf-dump-key>interest_amount</span>\" => \"<span class=sf-dump-str title=\"6 characters\">150.00</span>\"
      \"<span class=sf-dump-key>fees</span>\" => \"<span class=sf-dump-str title=\"4 characters\">0.00</span>\"
      \"<span class=sf-dump-key>total_due</span>\" => \"<span class=sf-dump-str title=\"6 characters\">983.33</span>\"
      \"<span class=sf-dump-key>due_date</span>\" => \"<span class=sf-dump-str title=\"10 characters\">03/30/2025</span>\"
      \"<span class=sf-dump-key>paid_amount</span>\" => \"<span class=sf-dump-str>0</span>\"
      \"<span class=sf-dump-key>is_paid</span>\" => <span class=sf-dump-num>0</span>
      \"<span class=sf-dump-key>status</span>\" => \"<span class=sf-dump-str>3</span>\"
      \"<span class=sf-dump-key>accrued</span>\" => <span class=sf-dump-num>0</span>
      \"<span class=sf-dump-key>remarks</span>\" => \"\"
    </samp>]
    <span class=sf-dump-index>8</span> => <span class=sf-dump-note>array:12</span> [<samp data-depth=3 class=sf-dump-compact>
      \"<span class=sf-dump-key>count</span>\" => <span class=sf-dump-num>9</span>
      \"<span class=sf-dump-key>term_code</span>\" => \"<span class=sf-dump-str title=\"2 characters\">P9</span>\"
      \"<span class=sf-dump-key>repayment_amount</span>\" => \"<span class=sf-dump-str title=\"6 characters\">833.33</span>\"
      \"<span class=sf-dump-key>interest_amount</span>\" => \"<span class=sf-dump-str title=\"6 characters\">150.00</span>\"
      \"<span class=sf-dump-key>fees</span>\" => \"<span class=sf-dump-str title=\"4 characters\">0.00</span>\"
      \"<span class=sf-dump-key>total_due</span>\" => \"<span class=sf-dump-str title=\"6 characters\">983.33</span>\"
      \"<span class=sf-dump-key>due_date</span>\" => \"<span class=sf-dump-str title=\"10 characters\">04/30/2025</span>\"
      \"<span class=sf-dump-key>paid_amount</span>\" => \"<span class=sf-dump-str>0</span>\"
      \"<span class=sf-dump-key>is_paid</span>\" => <span class=sf-dump-num>0</span>
      \"<span class=sf-dump-key>status</span>\" => \"<span class=sf-dump-str>3</span>\"
      \"<span class=sf-dump-key>accrued</span>\" => <span class=sf-dump-num>0</span>
      \"<span class=sf-dump-key>remarks</span>\" => \"\"
    </samp>]
    <span class=sf-dump-index>9</span> => <span class=sf-dump-note>array:12</span> [<samp data-depth=3 class=sf-dump-compact>
      \"<span class=sf-dump-key>count</span>\" => <span class=sf-dump-num>10</span>
      \"<span class=sf-dump-key>term_code</span>\" => \"<span class=sf-dump-str title=\"3 characters\">P10</span>\"
      \"<span class=sf-dump-key>repayment_amount</span>\" => \"<span class=sf-dump-str title=\"6 characters\">833.33</span>\"
      \"<span class=sf-dump-key>interest_amount</span>\" => \"<span class=sf-dump-str title=\"6 characters\">150.00</span>\"
      \"<span class=sf-dump-key>fees</span>\" => \"<span class=sf-dump-str title=\"4 characters\">0.00</span>\"
      \"<span class=sf-dump-key>total_due</span>\" => \"<span class=sf-dump-str title=\"6 characters\">983.33</span>\"
      \"<span class=sf-dump-key>due_date</span>\" => \"<span class=sf-dump-str title=\"10 characters\">05/30/2025</span>\"
      \"<span class=sf-dump-key>paid_amount</span>\" => \"<span class=sf-dump-str>0</span>\"
      \"<span class=sf-dump-key>is_paid</span>\" => <span class=sf-dump-num>0</span>
      \"<span class=sf-dump-key>status</span>\" => \"<span class=sf-dump-str>3</span>\"
      \"<span class=sf-dump-key>accrued</span>\" => <span class=sf-dump-num>0</span>
      \"<span class=sf-dump-key>remarks</span>\" => \"\"
    </samp>]
    <span class=sf-dump-index>10</span> => <span class=sf-dump-note>array:12</span> [<samp data-depth=3 class=sf-dump-compact>
      \"<span class=sf-dump-key>count</span>\" => <span class=sf-dump-num>11</span>
      \"<span class=sf-dump-key>term_code</span>\" => \"<span class=sf-dump-str title=\"3 characters\">P11</span>\"
      \"<span class=sf-dump-key>repayment_amount</span>\" => \"<span class=sf-dump-str title=\"6 characters\">833.33</span>\"
      \"<span class=sf-dump-key>interest_amount</span>\" => \"<span class=sf-dump-str title=\"6 characters\">150.00</span>\"
      \"<span class=sf-dump-key>fees</span>\" => \"<span class=sf-dump-str title=\"4 characters\">0.00</span>\"
      \"<span class=sf-dump-key>total_due</span>\" => \"<span class=sf-dump-str title=\"6 characters\">983.33</span>\"
      \"<span class=sf-dump-key>due_date</span>\" => \"<span class=sf-dump-str title=\"10 characters\">06/30/2025</span>\"
      \"<span class=sf-dump-key>paid_amount</span>\" => \"<span class=sf-dump-str>0</span>\"
      \"<span class=sf-dump-key>is_paid</span>\" => <span class=sf-dump-num>0</span>
      \"<span class=sf-dump-key>status</span>\" => \"<span class=sf-dump-str>3</span>\"
      \"<span class=sf-dump-key>accrued</span>\" => <span class=sf-dump-num>0</span>
      \"<span class=sf-dump-key>remarks</span>\" => \"\"
    </samp>]
    <span class=sf-dump-index>11</span> => <span class=sf-dump-note>array:12</span> [<samp data-depth=3 class=sf-dump-compact>
      \"<span class=sf-dump-key>count</span>\" => <span class=sf-dump-num>12</span>
      \"<span class=sf-dump-key>term_code</span>\" => \"<span class=sf-dump-str title=\"3 characters\">P12</span>\"
      \"<span class=sf-dump-key>repayment_amount</span>\" => \"<span class=sf-dump-str title=\"6 characters\">833.37</span>\"
      \"<span class=sf-dump-key>interest_amount</span>\" => \"<span class=sf-dump-str title=\"6 characters\">150.00</span>\"
      \"<span class=sf-dump-key>fees</span>\" => \"<span class=sf-dump-str title=\"4 characters\">0.00</span>\"
      \"<span class=sf-dump-key>total_due</span>\" => \"<span class=sf-dump-str title=\"6 characters\">983.37</span>\"
      \"<span class=sf-dump-key>due_date</span>\" => \"<span class=sf-dump-str title=\"10 characters\">07/30/2025</span>\"
      \"<span class=sf-dump-key>paid_amount</span>\" => \"<span class=sf-dump-str>0</span>\"
      \"<span class=sf-dump-key>is_paid</span>\" => <span class=sf-dump-num>0</span>
      \"<span class=sf-dump-key>status</span>\" => \"<span class=sf-dump-str>3</span>\"
      \"<span class=sf-dump-key>accrued</span>\" => <span class=sf-dump-num>0</span>
      \"<span class=sf-dump-key>remarks</span>\" => \"\"
    </samp>]
  </samp>]
  \"<span class=sf-dump-key>TOTAL_INTEREST</span>\" => <span class=sf-dump-num>1800.0</span>
  \"<span class=sf-dump-key>TOTAL_AMOUNT_DUE</span>\" => <span class=sf-dump-num>11800.0</span>
  \"<span class=sf-dump-key>TOTAL_PAID_AMOUNT</span>\" => <span class=sf-dump-num>0</span>
  \"<span class=sf-dump-key>CURRENT_LOAN_BALANCE</span>\" => <span class=sf-dump-num>11800.0</span>
</samp>]
</pre><script>Sfdump(\"sf-dump-892846185\", {\"maxDepth\":3,\"maxStringLength\":160})</script>
","for_approval":"<pre class=sf-dump id=sf-dump-1404185162 data-indent-pad=\"  \"><span class=sf-dump-const>false</span>
</pre><script>Sfdump(\"sf-dump-1404185162\", {\"maxDepth\":3,\"maxStringLength\":160})</script>
","show_repayment":"<pre class=sf-dump id=sf-dump-612572818 data-indent-pad=\"  \"><span class=sf-dump-const>true</span>
</pre><script>Sfdump(\"sf-dump-612572818\", {\"maxDepth\":3,\"maxStringLength\":160})</script>
","INVALID_APPLICATION":"<pre class=sf-dump id=sf-dump-1763017523 data-indent-pad=\"  \"><span class=sf-dump-const>false</span>
</pre><script>Sfdump(\"sf-dump-1763017523\", {\"maxDepth\":3,\"maxStringLength\":160})</script>
","ERROR_MESSAGE":"<pre class=sf-dump id=sf-dump-1108481846 data-indent-pad=\"  \">[]
</pre><script>Sfdump(\"sf-dump-1108481846\", {\"maxDepth\":3,\"maxStringLength\":160})</script>
","CBU":"<pre class=sf-dump id=sf-dump-887745246 data-indent-pad=\"  \"><span class=sf-dump-note>array:2</span> [<samp data-depth=1 class=sf-dump-expanded>
  \"<span class=sf-dump-key>is_capital_buildup_valid</span>\" => <span class=sf-dump-const>true</span>
  \"<span class=sf-dump-key>difference</span>\" => <span class=sf-dump-num>0</span>
</samp>]
</pre><script>Sfdump(\"sf-dump-887745246\", {\"maxDepth\":3,\"maxStringLength\":160})</script>
","ACCOUNT_CBU":"<pre class=sf-dump id=sf-dump-2051948456 data-indent-pad=\"  \">\"<span class=sf-dump-str title=\"8 characters\">11762.96</span>\"
</pre><script>Sfdump(\"sf-dump-2051948456\", {\"maxDepth\":3,\"maxStringLength\":160})</script>
","net_pays":"<pre class=sf-dump id=sf-dump-1522391037 data-indent-pad=\"  \"><span class=sf-dump-note>Illuminate\\Support\\Collection</span> {<a class=sf-dump-ref>#788</a><samp data-depth=1 class=sf-dump-expanded>
  #<span class=sf-dump-protected title=\"Protected property\">items</span>: []
  #<span class=sf-dump-protected title=\"Protected property\">escapeWhenCastingToString</span>: <span class=sf-dump-const>false</span>
</samp>}
</pre><script>Sfdump(\"sf-dump-1522391037\", {\"maxDepth\":3,\"maxStringLength\":160})</script>
","comakers":"<pre class=sf-dump id=sf-dump-28217010 data-indent-pad=\"  \"><span class=sf-dump-note>Illuminate\\Support\\Collection</span> {<a class=sf-dump-ref>#803</a><samp data-depth=1 class=sf-dump-expanded>
  #<span class=sf-dump-protected title=\"Protected property\">items</span>: []
  #<span class=sf-dump-protected title=\"Protected property\">escapeWhenCastingToString</span>: <span class=sf-dump-const>false</span>
</samp>}
</pre><script>Sfdump(\"sf-dump-28217010\", {\"maxDepth\":3,\"maxStringLength\":160})</script>
","other_lendings":"<pre class=sf-dump id=sf-dump-471629884 data-indent-pad=\"  \"><span class=sf-dump-note>Illuminate\\Support\\Collection</span> {<a class=sf-dump-ref>#820</a><samp data-depth=1 class=sf-dump-expanded>
  #<span class=sf-dump-protected title=\"Protected property\">items</span>: []
  #<span class=sf-dump-protected title=\"Protected property\">escapeWhenCastingToString</span>: <span class=sf-dump-const>false</span>
</samp>}
</pre><script>Sfdump(\"sf-dump-471629884\", {\"maxDepth\":3,\"maxStringLength\":160})</script>
","isAdmin":"<pre class=sf-dump id=sf-dump-438869065 data-indent-pad=\"  \"><span class=sf-dump-num>1</span>
</pre><script>Sfdump(\"sf-dump-438869065\", {\"maxDepth\":3,\"maxStringLength\":160})</script>
","loan_app_type":"<pre class=sf-dump id=sf-dump-610408531 data-indent-pad=\"  \"><span class=sf-dump-note>array:2</span> [<samp data-depth=1 class=sf-dump-expanded>
  <span class=sf-dump-key>1</span> => \"<span class=sf-dump-str title=\"8 characters\">New Loan</span>\"
  <span class=sf-dump-key>2</span> => \"<span class=sf-dump-str title=\"7 characters\">Renewal</span>\"
</samp>]
</pre><script>Sfdump(\"sf-dump-610408531\", {\"maxDepth\":3,\"maxStringLength\":160})</script>
","status_badge":"<pre class=sf-dump id=sf-dump-509913056 data-indent-pad=\"  \"><span class=sf-dump-note>array:7</span> [<samp data-depth=1 class=sf-dump-expanded>
  <span class=sf-dump-index>0</span> => \"<span class=sf-dump-str title=\"4 characters\">info</span>\"
  <span class=sf-dump-index>1</span> => \"<span class=sf-dump-str title=\"7 characters\">primary</span>\"
  <span class=sf-dump-index>2</span> => \"<span class=sf-dump-str title=\"7 characters\">success</span>\"
  <span class=sf-dump-index>3</span> => \"<span class=sf-dump-str title=\"7 characters\">success</span>\"
  <span class=sf-dump-index>4</span> => \"<span class=sf-dump-str title=\"6 characters\">danger</span>\"
  <span class=sf-dump-index>5</span> => \"<span class=sf-dump-str title=\"6 characters\">danger</span>\"
  <span class=sf-dump-index>6</span> => \"<span class=sf-dump-str title=\"7 characters\">primary</span>\"
</samp>]
</pre><script>Sfdump(\"sf-dump-509913056\", {\"maxDepth\":3,\"maxStringLength\":160})</script>
","back_link":"<pre class=sf-dump id=sf-dump-495383799 data-indent-pad=\"  \">\"<span class=sf-dump-str title=\"5 characters\">/loan</span>\"
</pre><script>Sfdump(\"sf-dump-495383799\", {\"maxDepth\":3,\"maxStringLength\":160})</script>
","lt_max_index":"<pre class=sf-dump id=sf-dump-1527743710 data-indent-pad=\"  \"><span class=sf-dump-num>11</span>
</pre><script>Sfdump(\"sf-dump-1527743710\", {\"maxDepth\":3,\"maxStringLength\":160})</script>
","month_duration":"<pre class=sf-dump id=sf-dump-803849324 data-indent-pad=\"  \"><span class=sf-dump-num>1</span>
</pre><script>Sfdump(\"sf-dump-803849324\", {\"maxDepth\":3,\"maxStringLength\":160})</script>
","__currentLoopData":"<pre class=sf-dump id=sf-dump-1578306577 data-indent-pad=\"  \">[]
</pre><script>Sfdump(\"sf-dump-1578306577\", {\"maxDepth\":3,\"maxStringLength\":160})</script>
","loop":"<pre class=sf-dump id=sf-dump-109585638 data-indent-pad=\"  \"><span class=sf-dump-const>null</span>
</pre><script>Sfdump(\"sf-dump-109585638\", {\"maxDepth\":3,\"maxStringLength\":160})</script>
"}},"exception":"[object] (Spatie\\LaravelIgnition\\Exceptions\\ViewException(code: 0): Attempt to read property \"principal_balance\" on string at C:\\wamp64\\www\\maasin_live_act\\resources\\views\\loan\\repayment_table.blade.php:107)
[stacktrace]
#0 C:\\wamp64\\www\\maasin_live_act\\vendor\\laravel\\framework\\src\\Illuminate\\Filesystem\\Filesystem.php(123): require('C:\\\\wamp64\\\\www\\\\m...')
#1 C:\\wamp64\\www\\maasin_live_act\\vendor\\laravel\\framework\\src\\Illuminate\\Filesystem\\Filesystem.php(124): Illuminate\\Filesystem\\Filesystem::{closure:Illuminate\\Filesystem\\Filesystem::getRequire():120}()
#2 C:\\wamp64\\www\\maasin_live_act\\vendor\\laravel\\framework\\src\\Illuminate\\View\\Engines\\PhpEngine.php(58): Illuminate\\Filesystem\\Filesystem->getRequire('C:\\\\wamp64\\\\www\\\\m...', Array)
#3 C:\\wamp64\\www\\maasin_live_act\\vendor\\laravel\\framework\\src\\Illuminate\\View\\Engines\\CompilerEngine.php(72): Illuminate\\View\\Engines\\PhpEngine->evaluatePath('C:\\\\wamp64\\\\www\\\\m...', Array)
#4 C:\\wamp64\\www\\maasin_live_act\\vendor\\laravel\\framework\\src\\Illuminate\\View\\View.php(207): Illuminate\\View\\Engines\\CompilerEngine->get('C:\\\\wamp64\\\\www\\\\m...', Array)
#5 C:\\wamp64\\www\\maasin_live_act\\vendor\\laravel\\framework\\src\\Illuminate\\View\\View.php(190): Illuminate\\View\\View->getContents()
#6 C:\\wamp64\\www\\maasin_live_act\\vendor\\laravel\\framework\\src\\Illuminate\\View\\View.php(159): Illuminate\\View\\View->renderContents()
#7 C:\\wamp64\\www\\maasin_live_act\\resources\\views\\loan\\loan_table.blade.php(346): Illuminate\\View\\View->render()
#8 C:\\wamp64\\www\\maasin_live_act\\vendor\\laravel\\framework\\src\\Illuminate\\Filesystem\\Filesystem.php(123): require('C:\\\\wamp64\\\\www\\\\m...')
#9 C:\\wamp64\\www\\maasin_live_act\\vendor\\laravel\\framework\\src\\Illuminate\\Filesystem\\Filesystem.php(124): Illuminate\\Filesystem\\Filesystem::{closure:Illuminate\\Filesystem\\Filesystem::getRequire():120}()
#10 C:\\wamp64\\www\\maasin_live_act\\vendor\\laravel\\framework\\src\\Illuminate\\View\\Engines\\PhpEngine.php(58): Illuminate\\Filesystem\\Filesystem->getRequire('C:\\\\wamp64\\\\www\\\\m...', Array)
#11 C:\\wamp64\\www\\maasin_live_act\\vendor\\laravel\\framework\\src\\Illuminate\\View\\Engines\\CompilerEngine.php(72): Illuminate\\View\\Engines\\PhpEngine->evaluatePath('C:\\\\wamp64\\\\www\\\\m...', Array)
#12 C:\\wamp64\\www\\maasin_live_act\\vendor\\laravel\\framework\\src\\Illuminate\\View\\View.php(207): Illuminate\\View\\Engines\\CompilerEngine->get('C:\\\\wamp64\\\\www\\\\m...', Array)
#13 C:\\wamp64\\www\\maasin_live_act\\vendor\\laravel\\framework\\src\\Illuminate\\View\\View.php(190): Illuminate\\View\\View->getContents()
#14 C:\\wamp64\\www\\maasin_live_act\\vendor\\laravel\\framework\\src\\Illuminate\\View\\View.php(159): Illuminate\\View\\View->renderContents()
#15 C:\\wamp64\\www\\maasin_live_act\\resources\\views\\loan\\loan_form_display.blade.php(155): Illuminate\\View\\View->render()
#16 C:\\wamp64\\www\\maasin_live_act\\vendor\\laravel\\framework\\src\\Illuminate\\Filesystem\\Filesystem.php(123): require('C:\\\\wamp64\\\\www\\\\m...')
#17 C:\\wamp64\\www\\maasin_live_act\\vendor\\laravel\\framework\\src\\Illuminate\\Filesystem\\Filesystem.php(124): Illuminate\\Filesystem\\Filesystem::{closure:Illuminate\\Filesystem\\Filesystem::getRequire():120}()
#18 C:\\wamp64\\www\\maasin_live_act\\vendor\\laravel\\framework\\src\\Illuminate\\View\\Engines\\PhpEngine.php(58): Illuminate\\Filesystem\\Filesystem->getRequire('C:\\\\wamp64\\\\www\\\\m...', Array)
#19 C:\\wamp64\\www\\maasin_live_act\\vendor\\laravel\\framework\\src\\Illuminate\\View\\Engines\\CompilerEngine.php(72): Illuminate\\View\\Engines\\PhpEngine->evaluatePath('C:\\\\wamp64\\\\www\\\\m...', Array)
#20 C:\\wamp64\\www\\maasin_live_act\\vendor\\laravel\\framework\\src\\Illuminate\\View\\View.php(207): Illuminate\\View\\Engines\\CompilerEngine->get('C:\\\\wamp64\\\\www\\\\m...', Array)
#21 C:\\wamp64\\www\\maasin_live_act\\vendor\\laravel\\framework\\src\\Illuminate\\View\\View.php(190): Illuminate\\View\\View->getContents()
#22 C:\\wamp64\\www\\maasin_live_act\\vendor\\laravel\\framework\\src\\Illuminate\\View\\View.php(159): Illuminate\\View\\View->renderContents()
#23 C:\\wamp64\\www\\maasin_live_act\\vendor\\laravel\\framework\\src\\Illuminate\\Http\\Response.php(69): Illuminate\\View\\View->render()
#24 C:\\wamp64\\www\\maasin_live_act\\vendor\\laravel\\framework\\src\\Illuminate\\Http\\Response.php(35): Illuminate\\Http\\Response->setContent(Object(Illuminate\\View\\View))
#25 C:\\wamp64\\www\\maasin_live_act\\vendor\\laravel\\framework\\src\\Illuminate\\Routing\\Router.php(918): Illuminate\\Http\\Response->__construct(Object(Illuminate\\View\\View), 200, Array)
#26 C:\\wamp64\\www\\maasin_live_act\\vendor\\laravel\\framework\\src\\Illuminate\\Routing\\Router.php(885): Illuminate\\Routing\\Router::toResponse(Object(Illuminate\\Http\\Request), Object(Illuminate\\View\\View))
#27 C:\\wamp64\\www\\maasin_live_act\\vendor\\laravel\\framework\\src\\Illuminate\\Routing\\Router.php(805): Illuminate\\Routing\\Router->prepareResponse(Object(Illuminate\\Http\\Request), Object(Illuminate\\View\\View))
#28 C:\\wamp64\\www\\maasin_live_act\\vendor\\laravel\\framework\\src\\Illuminate\\Pipeline\\Pipeline.php(144): Illuminate\\Routing\\Router->{closure:Illuminate\\Routing\\Router::runRouteWithinStack():805}(Object(Illuminate\\Http\\Request))
#29 C:\\wamp64\\www\\maasin_live_act\\app\\Http\\Middleware\\SessionExpired.php(48): Illuminate\\Pipeline\\Pipeline->{closure:Illuminate\\Pipeline\\Pipeline::prepareDestination():142}(Object(Illuminate\\Http\\Request))
#30 C:\\wamp64\\www\\maasin_live_act\\vendor\\laravel\\framework\\src\\Illuminate\\Pipeline\\Pipeline.php(183): App\\Http\\Middleware\\SessionExpired->handle(Object(Illuminate\\Http\\Request), Object(Closure))
#31 C:\\wamp64\\www\\maasin_live_act\\vendor\\laravel\\framework\\src\\Illuminate\\Routing\\Middleware\\SubstituteBindings.php(50): Illuminate\\Pipeline\\Pipeline->{closure:{closure:Illuminate\\Pipeline\\Pipeline::carry():158}:159}(Object(Illuminate\\Http\\Request))
#32 C:\\wamp64\\www\\maasin_live_act\\vendor\\laravel\\framework\\src\\Illuminate\\Pipeline\\Pipeline.php(183): Illuminate\\Routing\\Middleware\\SubstituteBindings->handle(Object(Illuminate\\Http\\Request), Object(Closure))
#33 C:\\wamp64\\www\\maasin_live_act\\vendor\\laravel\\framework\\src\\Illuminate\\Foundation\\Http\\Middleware\\VerifyCsrfToken.php(78): Illuminate\\Pipeline\\Pipeline->{closure:{closure:Illuminate\\Pipeline\\Pipeline::carry():158}:159}(Object(Illuminate\\Http\\Request))
#34 C:\\wamp64\\www\\maasin_live_act\\vendor\\laravel\\framework\\src\\Illuminate\\Pipeline\\Pipeline.php(183): Illuminate\\Foundation\\Http\\Middleware\\VerifyCsrfToken->handle(Object(Illuminate\\Http\\Request), Object(Closure))
#35 C:\\wamp64\\www\\maasin_live_act\\vendor\\laravel\\framework\\src\\Illuminate\\View\\Middleware\\ShareErrorsFromSession.php(49): Illuminate\\Pipeline\\Pipeline->{closure:{closure:Illuminate\\Pipeline\\Pipeline::carry():158}:159}(Object(Illuminate\\Http\\Request))
#36 C:\\wamp64\\www\\maasin_live_act\\vendor\\laravel\\framework\\src\\Illuminate\\Pipeline\\Pipeline.php(183): Illuminate\\View\\Middleware\\ShareErrorsFromSession->handle(Object(Illuminate\\Http\\Request), Object(Closure))
#37 C:\\wamp64\\www\\maasin_live_act\\vendor\\laravel\\framework\\src\\Illuminate\\Session\\Middleware\\StartSession.php(121): Illuminate\\Pipeline\\Pipeline->{closure:{closure:Illuminate\\Pipeline\\Pipeline::carry():158}:159}(Object(Illuminate\\Http\\Request))
#38 C:\\wamp64\\www\\maasin_live_act\\vendor\\laravel\\framework\\src\\Illuminate\\Session\\Middleware\\StartSession.php(64): Illuminate\\Session\\Middleware\\StartSession->handleStatefulRequest(Object(Illuminate\\Http\\Request), Object(Illuminate\\Session\\Store), Object(Closure))
#39 C:\\wamp64\\www\\maasin_live_act\\vendor\\laravel\\framework\\src\\Illuminate\\Pipeline\\Pipeline.php(183): Illuminate\\Session\\Middleware\\StartSession->handle(Object(Illuminate\\Http\\Request), Object(Closure))
#40 C:\\wamp64\\www\\maasin_live_act\\vendor\\laravel\\framework\\src\\Illuminate\\Cookie\\Middleware\\AddQueuedCookiesToResponse.php(37): Illuminate\\Pipeline\\Pipeline->{closure:{closure:Illuminate\\Pipeline\\Pipeline::carry():158}:159}(Object(Illuminate\\Http\\Request))
#41 C:\\wamp64\\www\\maasin_live_act\\vendor\\laravel\\framework\\src\\Illuminate\\Pipeline\\Pipeline.php(183): Illuminate\\Cookie\\Middleware\\AddQueuedCookiesToResponse->handle(Object(Illuminate\\Http\\Request), Object(Closure))
#42 C:\\wamp64\\www\\maasin_live_act\\vendor\\laravel\\framework\\src\\Illuminate\\Cookie\\Middleware\\EncryptCookies.php(67): Illuminate\\Pipeline\\Pipeline->{closure:{closure:Illuminate\\Pipeline\\Pipeline::carry():158}:159}(Object(Illuminate\\Http\\Request))
#43 C:\\wamp64\\www\\maasin_live_act\\vendor\\laravel\\framework\\src\\Illuminate\\Pipeline\\Pipeline.php(183): Illuminate\\Cookie\\Middleware\\EncryptCookies->handle(Object(Illuminate\\Http\\Request), Object(Closure))
#44 C:\\wamp64\\www\\maasin_live_act\\vendor\\laravel\\framework\\src\\Illuminate\\Pipeline\\Pipeline.php(119): Illuminate\\Pipeline\\Pipeline->{closure:{closure:Illuminate\\Pipeline\\Pipeline::carry():158}:159}(Object(Illuminate\\Http\\Request))
#45 C:\\wamp64\\www\\maasin_live_act\\vendor\\laravel\\framework\\src\\Illuminate\\Routing\\Router.php(805): Illuminate\\Pipeline\\Pipeline->then(Object(Closure))
#46 C:\\wamp64\\www\\maasin_live_act\\vendor\\laravel\\framework\\src\\Illuminate\\Routing\\Router.php(784): Illuminate\\Routing\\Router->runRouteWithinStack(Object(Illuminate\\Routing\\Route), Object(Illuminate\\Http\\Request))
#47 C:\\wamp64\\www\\maasin_live_act\\vendor\\laravel\\framework\\src\\Illuminate\\Routing\\Router.php(748): Illuminate\\Routing\\Router->runRoute(Object(Illuminate\\Http\\Request), Object(Illuminate\\Routing\\Route))
#48 C:\\wamp64\\www\\maasin_live_act\\vendor\\laravel\\framework\\src\\Illuminate\\Routing\\Router.php(737): Illuminate\\Routing\\Router->dispatchToRoute(Object(Illuminate\\Http\\Request))
#49 C:\\wamp64\\www\\maasin_live_act\\vendor\\laravel\\framework\\src\\Illuminate\\Foundation\\Http\\Kernel.php(200): Illuminate\\Routing\\Router->dispatch(Object(Illuminate\\Http\\Request))
#50 C:\\wamp64\\www\\maasin_live_act\\vendor\\laravel\\framework\\src\\Illuminate\\Pipeline\\Pipeline.php(144): Illuminate\\Foundation\\Http\\Kernel->{closure:Illuminate\\Foundation\\Http\\Kernel::dispatchToRouter():197}(Object(Illuminate\\Http\\Request))
#51 C:\\wamp64\\www\\maasin_live_act\\vendor\\laravel\\framework\\src\\Illuminate\\Foundation\\Http\\Middleware\\TransformsRequest.php(21): Illuminate\\Pipeline\\Pipeline->{closure:Illuminate\\Pipeline\\Pipeline::prepareDestination():142}(Object(Illuminate\\Http\\Request))
#52 C:\\wamp64\\www\\maasin_live_act\\vendor\\laravel\\framework\\src\\Illuminate\\Foundation\\Http\\Middleware\\ConvertEmptyStringsToNull.php(31): Illuminate\\Foundation\\Http\\Middleware\\TransformsRequest->handle(Object(Illuminate\\Http\\Request), Object(Closure))
#53 C:\\wamp64\\www\\maasin_live_act\\vendor\\laravel\\framework\\src\\Illuminate\\Pipeline\\Pipeline.php(183): Illuminate\\Foundation\\Http\\Middleware\\ConvertEmptyStringsToNull->handle(Object(Illuminate\\Http\\Request), Object(Closure))
#54 C:\\wamp64\\www\\maasin_live_act\\vendor\\laravel\\framework\\src\\Illuminate\\Foundation\\Http\\Middleware\\TransformsRequest.php(21): Illuminate\\Pipeline\\Pipeline->{closure:{closure:Illuminate\\Pipeline\\Pipeline::carry():158}:159}(Object(Illuminate\\Http\\Request))
#55 C:\\wamp64\\www\\maasin_live_act\\vendor\\laravel\\framework\\src\\Illuminate\\Foundation\\Http\\Middleware\\TrimStrings.php(40): Illuminate\\Foundation\\Http\\Middleware\\TransformsRequest->handle(Object(Illuminate\\Http\\Request), Object(Closure))
#56 C:\\wamp64\\www\\maasin_live_act\\vendor\\laravel\\framework\\src\\Illuminate\\Pipeline\\Pipeline.php(183): Illuminate\\Foundation\\Http\\Middleware\\TrimStrings->handle(Object(Illuminate\\Http\\Request), Object(Closure))
#57 C:\\wamp64\\www\\maasin_live_act\\vendor\\laravel\\framework\\src\\Illuminate\\Foundation\\Http\\Middleware\\ValidatePostSize.php(27): Illuminate\\Pipeline\\Pipeline->{closure:{closure:Illuminate\\Pipeline\\Pipeline::carry():158}:159}(Object(Illuminate\\Http\\Request))
#58 C:\\wamp64\\www\\maasin_live_act\\vendor\\laravel\\framework\\src\\Illuminate\\Pipeline\\Pipeline.php(183): Illuminate\\Foundation\\Http\\Middleware\\ValidatePostSize->handle(Object(Illuminate\\Http\\Request), Object(Closure))
#59 C:\\wamp64\\www\\maasin_live_act\\vendor\\laravel\\framework\\src\\Illuminate\\Foundation\\Http\\Middleware\\PreventRequestsDuringMaintenance.php(99): Illuminate\\Pipeline\\Pipeline->{closure:{closure:Illuminate\\Pipeline\\Pipeline::carry():158}:159}(Object(Illuminate\\Http\\Request))
#60 C:\\wamp64\\www\\maasin_live_act\\vendor\\laravel\\framework\\src\\Illuminate\\Pipeline\\Pipeline.php(183): Illuminate\\Foundation\\Http\\Middleware\\PreventRequestsDuringMaintenance->handle(Object(Illuminate\\Http\\Request), Object(Closure))
#61 C:\\wamp64\\www\\maasin_live_act\\vendor\\laravel\\framework\\src\\Illuminate\\Http\\Middleware\\TrustProxies.php(39): Illuminate\\Pipeline\\Pipeline->{closure:{closure:Illuminate\\Pipeline\\Pipeline::carry():158}:159}(Object(Illuminate\\Http\\Request))
#62 C:\\wamp64\\www\\maasin_live_act\\vendor\\laravel\\framework\\src\\Illuminate\\Pipeline\\Pipeline.php(183): Illuminate\\Http\\Middleware\\TrustProxies->handle(Object(Illuminate\\Http\\Request), Object(Closure))
#63 C:\\wamp64\\www\\maasin_live_act\\vendor\\laravel\\framework\\src\\Illuminate\\Pipeline\\Pipeline.php(119): Illuminate\\Pipeline\\Pipeline->{closure:{closure:Illuminate\\Pipeline\\Pipeline::carry():158}:159}(Object(Illuminate\\Http\\Request))
#64 C:\\wamp64\\www\\maasin_live_act\\vendor\\laravel\\framework\\src\\Illuminate\\Foundation\\Http\\Kernel.php(175): Illuminate\\Pipeline\\Pipeline->then(Object(Closure))
#65 C:\\wamp64\\www\\maasin_live_act\\vendor\\laravel\\framework\\src\\Illuminate\\Foundation\\Http\\Kernel.php(144): Illuminate\\Foundation\\Http\\Kernel->sendRequestThroughRouter(Object(Illuminate\\Http\\Request))
#66 C:\\wamp64\\www\\maasin_live_act\\public\\index.php(54): Illuminate\\Foundation\\Http\\Kernel->handle(Object(Illuminate\\Http\\Request))
#67 {main}

[previous exception] [object] (ErrorException(code: 0): Attempt to read property \"principal_balance\" on string at C:\\wamp64\\www\\maasin_live_act\\storage\\framework\\views\\422c6115bf2f00a70f8a21ce48423398.php:107)
[stacktrace]
#0 C:\\wamp64\\www\\maasin_live_act\\vendor\\laravel\\framework\\src\\Illuminate\\Foundation\\Bootstrap\\HandleExceptions.php(255): Illuminate\\Foundation\\Bootstrap\\HandleExceptions->handleError(2, 'Attempt to read...', 'C:\\\\wamp64\\\\www\\\\m...', 107)
#1 C:\\wamp64\\www\\maasin_live_act\\storage\\framework\\views\\422c6115bf2f00a70f8a21ce48423398.php(107): Illuminate\\Foundation\\Bootstrap\\HandleExceptions->{closure:Illuminate\\Foundation\\Bootstrap\\HandleExceptions::forwardsTo():254}(2, 'Attempt to read...', 'C:\\\\wamp64\\\\www\\\\m...', 107)
#2 C:\\wamp64\\www\\maasin_live_act\\vendor\\laravel\\framework\\src\\Illuminate\\Filesystem\\Filesystem.php(123): require('C:\\\\wamp64\\\\www\\\\m...')
#3 C:\\wamp64\\www\\maasin_live_act\\vendor\\laravel\\framework\\src\\Illuminate\\Filesystem\\Filesystem.php(124): Illuminate\\Filesystem\\Filesystem::{closure:Illuminate\\Filesystem\\Filesystem::getRequire():120}()
#4 C:\\wamp64\\www\\maasin_live_act\\vendor\\laravel\\framework\\src\\Illuminate\\View\\Engines\\PhpEngine.php(58): Illuminate\\Filesystem\\Filesystem->getRequire('C:\\\\wamp64\\\\www\\\\m...', Array)
#5 C:\\wamp64\\www\\maasin_live_act\\vendor\\laravel\\framework\\src\\Illuminate\\View\\Engines\\CompilerEngine.php(72): Illuminate\\View\\Engines\\PhpEngine->evaluatePath('C:\\\\wamp64\\\\www\\\\m...', Array)
#6 C:\\wamp64\\www\\maasin_live_act\\vendor\\laravel\\framework\\src\\Illuminate\\View\\View.php(207): Illuminate\\View\\Engines\\CompilerEngine->get('C:\\\\wamp64\\\\www\\\\m...', Array)
#7 C:\\wamp64\\www\\maasin_live_act\\vendor\\laravel\\framework\\src\\Illuminate\\View\\View.php(190): Illuminate\\View\\View->getContents()
#8 C:\\wamp64\\www\\maasin_live_act\\vendor\\laravel\\framework\\src\\Illuminate\\View\\View.php(159): Illuminate\\View\\View->renderContents()
#9 C:\\wamp64\\www\\maasin_live_act\\storage\\framework\\views\\f411e370c677afec3477721a798e6b40.php(348): Illuminate\\View\\View->render()
#10 C:\\wamp64\\www\\maasin_live_act\\vendor\\laravel\\framework\\src\\Illuminate\\Filesystem\\Filesystem.php(123): require('C:\\\\wamp64\\\\www\\\\m...')
#11 C:\\wamp64\\www\\maasin_live_act\\vendor\\laravel\\framework\\src\\Illuminate\\Filesystem\\Filesystem.php(124): Illuminate\\Filesystem\\Filesystem::{closure:Illuminate\\Filesystem\\Filesystem::getRequire():120}()
#12 C:\\wamp64\\www\\maasin_live_act\\vendor\\laravel\\framework\\src\\Illuminate\\View\\Engines\\PhpEngine.php(58): Illuminate\\Filesystem\\Filesystem->getRequire('C:\\\\wamp64\\\\www\\\\m...', Array)
#13 C:\\wamp64\\www\\maasin_live_act\\vendor\\laravel\\framework\\src\\Illuminate\\View\\Engines\\CompilerEngine.php(72): Illuminate\\View\\Engines\\PhpEngine->evaluatePath('C:\\\\wamp64\\\\www\\\\m...', Array)
#14 C:\\wamp64\\www\\maasin_live_act\\vendor\\laravel\\framework\\src\\Illuminate\\View\\View.php(207): Illuminate\\View\\Engines\\CompilerEngine->get('C:\\\\wamp64\\\\www\\\\m...', Array)
#15 C:\\wamp64\\www\\maasin_live_act\\vendor\\laravel\\framework\\src\\Illuminate\\View\\View.php(190): Illuminate\\View\\View->getContents()
#16 C:\\wamp64\\www\\maasin_live_act\\vendor\\laravel\\framework\\src\\Illuminate\\View\\View.php(159): Illuminate\\View\\View->renderContents()
#17 C:\\wamp64\\www\\maasin_live_act\\storage\\framework\\views\\5c43925ac8c9fbd5725485ffea15e1c8.php(155): Illuminate\\View\\View->render()
#18 C:\\wamp64\\www\\maasin_live_act\\vendor\\laravel\\framework\\src\\Illuminate\\Filesystem\\Filesystem.php(123): require('C:\\\\wamp64\\\\www\\\\m...')
#19 C:\\wamp64\\www\\maasin_live_act\\vendor\\laravel\\framework\\src\\Illuminate\\Filesystem\\Filesystem.php(124): Illuminate\\Filesystem\\Filesystem::{closure:Illuminate\\Filesystem\\Filesystem::getRequire():120}()
#20 C:\\wamp64\\www\\maasin_live_act\\vendor\\laravel\\framework\\src\\Illuminate\\View\\Engines\\PhpEngine.php(58): Illuminate\\Filesystem\\Filesystem->getRequire('C:\\\\wamp64\\\\www\\\\m...', Array)
#21 C:\\wamp64\\www\\maasin_live_act\\vendor\\laravel\\framework\\src\\Illuminate\\View\\Engines\\CompilerEngine.php(72): Illuminate\\View\\Engines\\PhpEngine->evaluatePath('C:\\\\wamp64\\\\www\\\\m...', Array)
#22 C:\\wamp64\\www\\maasin_live_act\\vendor\\laravel\\framework\\src\\Illuminate\\View\\View.php(207): Illuminate\\View\\Engines\\CompilerEngine->get('C:\\\\wamp64\\\\www\\\\m...', Array)
#23 C:\\wamp64\\www\\maasin_live_act\\vendor\\laravel\\framework\\src\\Illuminate\\View\\View.php(190): Illuminate\\View\\View->getContents()
#24 C:\\wamp64\\www\\maasin_live_act\\vendor\\laravel\\framework\\src\\Illuminate\\View\\View.php(159): Illuminate\\View\\View->renderContents()
#25 C:\\wamp64\\www\\maasin_live_act\\vendor\\laravel\\framework\\src\\Illuminate\\Http\\Response.php(69): Illuminate\\View\\View->render()
#26 C:\\wamp64\\www\\maasin_live_act\\vendor\\laravel\\framework\\src\\Illuminate\\Http\\Response.php(35): Illuminate\\Http\\Response->setContent(Object(Illuminate\\View\\View))
#27 C:\\wamp64\\www\\maasin_live_act\\vendor\\laravel\\framework\\src\\Illuminate\\Routing\\Router.php(918): Illuminate\\Http\\Response->__construct(Object(Illuminate\\View\\View), 200, Array)
#28 C:\\wamp64\\www\\maasin_live_act\\vendor\\laravel\\framework\\src\\Illuminate\\Routing\\Router.php(885): Illuminate\\Routing\\Router::toResponse(Object(Illuminate\\Http\\Request), Object(Illuminate\\View\\View))
#29 C:\\wamp64\\www\\maasin_live_act\\vendor\\laravel\\framework\\src\\Illuminate\\Routing\\Router.php(805): Illuminate\\Routing\\Router->prepareResponse(Object(Illuminate\\Http\\Request), Object(Illuminate\\View\\View))
#30 C:\\wamp64\\www\\maasin_live_act\\vendor\\laravel\\framework\\src\\Illuminate\\Pipeline\\Pipeline.php(144): Illuminate\\Routing\\Router->{closure:Illuminate\\Routing\\Router::runRouteWithinStack():805}(Object(Illuminate\\Http\\Request))
#31 C:\\wamp64\\www\\maasin_live_act\\app\\Http\\Middleware\\SessionExpired.php(48): Illuminate\\Pipeline\\Pipeline->{closure:Illuminate\\Pipeline\\Pipeline::prepareDestination():142}(Object(Illuminate\\Http\\Request))
#32 C:\\wamp64\\www\\maasin_live_act\\vendor\\laravel\\framework\\src\\Illuminate\\Pipeline\\Pipeline.php(183): App\\Http\\Middleware\\SessionExpired->handle(Object(Illuminate\\Http\\Request), Object(Closure))
#33 C:\\wamp64\\www\\maasin_live_act\\vendor\\laravel\\framework\\src\\Illuminate\\Routing\\Middleware\\SubstituteBindings.php(50): Illuminate\\Pipeline\\Pipeline->{closure:{closure:Illuminate\\Pipeline\\Pipeline::carry():158}:159}(Object(Illuminate\\Http\\Request))
#34 C:\\wamp64\\www\\maasin_live_act\\vendor\\laravel\\framework\\src\\Illuminate\\Pipeline\\Pipeline.php(183): Illuminate\\Routing\\Middleware\\SubstituteBindings->handle(Object(Illuminate\\Http\\Request), Object(Closure))
#35 C:\\wamp64\\www\\maasin_live_act\\vendor\\laravel\\framework\\src\\Illuminate\\Foundation\\Http\\Middleware\\VerifyCsrfToken.php(78): Illuminate\\Pipeline\\Pipeline->{closure:{closure:Illuminate\\Pipeline\\Pipeline::carry():158}:159}(Object(Illuminate\\Http\\Request))
#36 C:\\wamp64\\www\\maasin_live_act\\vendor\\laravel\\framework\\src\\Illuminate\\Pipeline\\Pipeline.php(183): Illuminate\\Foundation\\Http\\Middleware\\VerifyCsrfToken->handle(Object(Illuminate\\Http\\Request), Object(Closure))
#37 C:\\wamp64\\www\\maasin_live_act\\vendor\\laravel\\framework\\src\\Illuminate\\View\\Middleware\\ShareErrorsFromSession.php(49): Illuminate\\Pipeline\\Pipeline->{closure:{closure:Illuminate\\Pipeline\\Pipeline::carry():158}:159}(Object(Illuminate\\Http\\Request))
#38 C:\\wamp64\\www\\maasin_live_act\\vendor\\laravel\\framework\\src\\Illuminate\\Pipeline\\Pipeline.php(183): Illuminate\\View\\Middleware\\ShareErrorsFromSession->handle(Object(Illuminate\\Http\\Request), Object(Closure))
#39 C:\\wamp64\\www\\maasin_live_act\\vendor\\laravel\\framework\\src\\Illuminate\\Session\\Middleware\\StartSession.php(121): Illuminate\\Pipeline\\Pipeline->{closure:{closure:Illuminate\\Pipeline\\Pipeline::carry():158}:159}(Object(Illuminate\\Http\\Request))
#40 C:\\wamp64\\www\\maasin_live_act\\vendor\\laravel\\framework\\src\\Illuminate\\Session\\Middleware\\StartSession.php(64): Illuminate\\Session\\Middleware\\StartSession->handleStatefulRequest(Object(Illuminate\\Http\\Request), Object(Illuminate\\Session\\Store), Object(Closure))
#41 C:\\wamp64\\www\\maasin_live_act\\vendor\\laravel\\framework\\src\\Illuminate\\Pipeline\\Pipeline.php(183): Illuminate\\Session\\Middleware\\StartSession->handle(Object(Illuminate\\Http\\Request), Object(Closure))
#42 C:\\wamp64\\www\\maasin_live_act\\vendor\\laravel\\framework\\src\\Illuminate\\Cookie\\Middleware\\AddQueuedCookiesToResponse.php(37): Illuminate\\Pipeline\\Pipeline->{closure:{closure:Illuminate\\Pipeline\\Pipeline::carry():158}:159}(Object(Illuminate\\Http\\Request))
#43 C:\\wamp64\\www\\maasin_live_act\\vendor\\laravel\\framework\\src\\Illuminate\\Pipeline\\Pipeline.php(183): Illuminate\\Cookie\\Middleware\\AddQueuedCookiesToResponse->handle(Object(Illuminate\\Http\\Request), Object(Closure))
#44 C:\\wamp64\\www\\maasin_live_act\\vendor\\laravel\\framework\\src\\Illuminate\\Cookie\\Middleware\\EncryptCookies.php(67): Illuminate\\Pipeline\\Pipeline->{closure:{closure:Illuminate\\Pipeline\\Pipeline::carry():158}:159}(Object(Illuminate\\Http\\Request))
#45 C:\\wamp64\\www\\maasin_live_act\\vendor\\laravel\\framework\\src\\Illuminate\\Pipeline\\Pipeline.php(183): Illuminate\\Cookie\\Middleware\\EncryptCookies->handle(Object(Illuminate\\Http\\Request), Object(Closure))
#46 C:\\wamp64\\www\\maasin_live_act\\vendor\\laravel\\framework\\src\\Illuminate\\Pipeline\\Pipeline.php(119): Illuminate\\Pipeline\\Pipeline->{closure:{closure:Illuminate\\Pipeline\\Pipeline::carry():158}:159}(Object(Illuminate\\Http\\Request))
#47 C:\\wamp64\\www\\maasin_live_act\\vendor\\laravel\\framework\\src\\Illuminate\\Routing\\Router.php(805): Illuminate\\Pipeline\\Pipeline->then(Object(Closure))
#48 C:\\wamp64\\www\\maasin_live_act\\vendor\\laravel\\framework\\src\\Illuminate\\Routing\\Router.php(784): Illuminate\\Routing\\Router->runRouteWithinStack(Object(Illuminate\\Routing\\Route), Object(Illuminate\\Http\\Request))
#49 C:\\wamp64\\www\\maasin_live_act\\vendor\\laravel\\framework\\src\\Illuminate\\Routing\\Router.php(748): Illuminate\\Routing\\Router->runRoute(Object(Illuminate\\Http\\Request), Object(Illuminate\\Routing\\Route))
#50 C:\\wamp64\\www\\maasin_live_act\\vendor\\laravel\\framework\\src\\Illuminate\\Routing\\Router.php(737): Illuminate\\Routing\\Router->dispatchToRoute(Object(Illuminate\\Http\\Request))
#51 C:\\wamp64\\www\\maasin_live_act\\vendor\\laravel\\framework\\src\\Illuminate\\Foundation\\Http\\Kernel.php(200): Illuminate\\Routing\\Router->dispatch(Object(Illuminate\\Http\\Request))
#52 C:\\wamp64\\www\\maasin_live_act\\vendor\\laravel\\framework\\src\\Illuminate\\Pipeline\\Pipeline.php(144): Illuminate\\Foundation\\Http\\Kernel->{closure:Illuminate\\Foundation\\Http\\Kernel::dispatchToRouter():197}(Object(Illuminate\\Http\\Request))
#53 C:\\wamp64\\www\\maasin_live_act\\vendor\\laravel\\framework\\src\\Illuminate\\Foundation\\Http\\Middleware\\TransformsRequest.php(21): Illuminate\\Pipeline\\Pipeline->{closure:Illuminate\\Pipeline\\Pipeline::prepareDestination():142}(Object(Illuminate\\Http\\Request))
#54 C:\\wamp64\\www\\maasin_live_act\\vendor\\laravel\\framework\\src\\Illuminate\\Foundation\\Http\\Middleware\\ConvertEmptyStringsToNull.php(31): Illuminate\\Foundation\\Http\\Middleware\\TransformsRequest->handle(Object(Illuminate\\Http\\Request), Object(Closure))
#55 C:\\wamp64\\www\\maasin_live_act\\vendor\\laravel\\framework\\src\\Illuminate\\Pipeline\\Pipeline.php(183): Illuminate\\Foundation\\Http\\Middleware\\ConvertEmptyStringsToNull->handle(Object(Illuminate\\Http\\Request), Object(Closure))
#56 C:\\wamp64\\www\\maasin_live_act\\vendor\\laravel\\framework\\src\\Illuminate\\Foundation\\Http\\Middleware\\TransformsRequest.php(21): Illuminate\\Pipeline\\Pipeline->{closure:{closure:Illuminate\\Pipeline\\Pipeline::carry():158}:159}(Object(Illuminate\\Http\\Request))
#57 C:\\wamp64\\www\\maasin_live_act\\vendor\\laravel\\framework\\src\\Illuminate\\Foundation\\Http\\Middleware\\TrimStrings.php(40): Illuminate\\Foundation\\Http\\Middleware\\TransformsRequest->handle(Object(Illuminate\\Http\\Request), Object(Closure))
#58 C:\\wamp64\\www\\maasin_live_act\\vendor\\laravel\\framework\\src\\Illuminate\\Pipeline\\Pipeline.php(183): Illuminate\\Foundation\\Http\\Middleware\\TrimStrings->handle(Object(Illuminate\\Http\\Request), Object(Closure))
#59 C:\\wamp64\\www\\maasin_live_act\\vendor\\laravel\\framework\\src\\Illuminate\\Foundation\\Http\\Middleware\\ValidatePostSize.php(27): Illuminate\\Pipeline\\Pipeline->{closure:{closure:Illuminate\\Pipeline\\Pipeline::carry():158}:159}(Object(Illuminate\\Http\\Request))
#60 C:\\wamp64\\www\\maasin_live_act\\vendor\\laravel\\framework\\src\\Illuminate\\Pipeline\\Pipeline.php(183): Illuminate\\Foundation\\Http\\Middleware\\ValidatePostSize->handle(Object(Illuminate\\Http\\Request), Object(Closure))
#61 C:\\wamp64\\www\\maasin_live_act\\vendor\\laravel\\framework\\src\\Illuminate\\Foundation\\Http\\Middleware\\PreventRequestsDuringMaintenance.php(99): Illuminate\\Pipeline\\Pipeline->{closure:{closure:Illuminate\\Pipeline\\Pipeline::carry():158}:159}(Object(Illuminate\\Http\\Request))
#62 C:\\wamp64\\www\\maasin_live_act\\vendor\\laravel\\framework\\src\\Illuminate\\Pipeline\\Pipeline.php(183): Illuminate\\Foundation\\Http\\Middleware\\PreventRequestsDuringMaintenance->handle(Object(Illuminate\\Http\\Request), Object(Closure))
#63 C:\\wamp64\\www\\maasin_live_act\\vendor\\laravel\\framework\\src\\Illuminate\\Http\\Middleware\\TrustProxies.php(39): Illuminate\\Pipeline\\Pipeline->{closure:{closure:Illuminate\\Pipeline\\Pipeline::carry():158}:159}(Object(Illuminate\\Http\\Request))
#64 C:\\wamp64\\www\\maasin_live_act\\vendor\\laravel\\framework\\src\\Illuminate\\Pipeline\\Pipeline.php(183): Illuminate\\Http\\Middleware\\TrustProxies->handle(Object(Illuminate\\Http\\Request), Object(Closure))
#65 C:\\wamp64\\www\\maasin_live_act\\vendor\\laravel\\framework\\src\\Illuminate\\Pipeline\\Pipeline.php(119): Illuminate\\Pipeline\\Pipeline->{closure:{closure:Illuminate\\Pipeline\\Pipeline::carry():158}:159}(Object(Illuminate\\Http\\Request))
#66 C:\\wamp64\\www\\maasin_live_act\\vendor\\laravel\\framework\\src\\Illuminate\\Foundation\\Http\\Kernel.php(175): Illuminate\\Pipeline\\Pipeline->then(Object(Closure))
#67 C:\\wamp64\\www\\maasin_live_act\\vendor\\laravel\\framework\\src\\Illuminate\\Foundation\\Http\\Kernel.php(144): Illuminate\\Foundation\\Http\\Kernel->sendRequestThroughRouter(Object(Illuminate\\Http\\Request))
#68 C:\\wamp64\\www\\maasin_live_act\\public\\index.php(54): Illuminate\\Foundation\\Http\\Kernel->handle(Object(Illuminate\\Http\\Request))
#69 {main}
"} 
[2025-12-09 14:58:01] local.ERROR: Attempt to read property "principal_balance" on string {"view":{"view":"C:\\wamp64\\www\\maasin_live_act\\resources\\views\\loan\\repayment_table.blade.php","data":{"errors":"<pre class=sf-dump id=sf-dump-1645709507 data-indent-pad=\"  \"><span class=sf-dump-note>Illuminate\\Support\\ViewErrorBag</span> {<a class=sf-dump-ref>#767</a><samp data-depth=1 class=sf-dump-expanded>
  #<span class=sf-dump-protected title=\"Protected property\">bags</span>: []
</samp>}
</pre><script>Sfdump(\"sf-dump-1645709507\", {\"maxDepth\":3,\"maxStringLength\":160})</script>
","service_details":"<pre class=sf-dump id=sf-dump-2077120972 data-indent-pad=\"  \">{<a class=sf-dump-ref>#787</a><samp data-depth=1 class=sf-dump-expanded>
  +\"<span class=sf-dump-public title=\"Runtime added dynamic property\">id_loan</span>\": <span class=sf-dump-num>1510</span>
  +\"<span class=sf-dump-public title=\"Runtime added dynamic property\">loan_token</span>\": \"<span class=sf-dump-str title=\"23 characters\">11292024143240577301269</span>\"
  +\"<span class=sf-dump-public title=\"Runtime added dynamic property\">name</span>\": \"<span class=sf-dump-str title=\"32 characters\">Members-Regular Loan | 12 MONTHS</span>\"
  +\"<span class=sf-dump-public title=\"Runtime added dynamic property\">id_loan_service</span>\": <span class=sf-dump-num>11</span>
  +\"<span class=sf-dump-public title=\"Runtime added dynamic property\">interest_rate</span>\": \"<span class=sf-dump-str title=\"4 characters\">1.50</span>\"
  +\"<span class=sf-dump-public title=\"Runtime added dynamic property\">terms</span>\": <span class=sf-dump-num>12</span>
  +\"<span class=sf-dump-public title=\"Runtime added dynamic property\">period</span>\": <span class=sf-dump-const>null</span>
  +\"<span class=sf-dump-public title=\"Runtime added dynamic property\">cbu_amount</span>\": <span class=sf-dump-num>0.0</span>
  +\"<span class=sf-dump-public title=\"Runtime added dynamic property\">is_deduct_cbu</span>\": <span class=sf-dump-num>0</span>
  +\"<span class=sf-dump-public title=\"Runtime added dynamic property\">principal_amount</span>\": \"<span class=sf-dump-str title=\"8 characters\">10000.00</span>\"
  +\"<span class=sf-dump-public title=\"Runtime added dynamic property\">loan_protection_rate</span>\": \"<span class=sf-dump-str title=\"4 characters\">0.00</span>\"
  +\"<span class=sf-dump-public title=\"Runtime added dynamic property\">id_term_period</span>\": <span class=sf-dump-num>3</span>
  +\"<span class=sf-dump-public title=\"Runtime added dynamic property\">id_interest_period</span>\": <span class=sf-dump-num>3</span>
  +\"<span class=sf-dump-public title=\"Runtime added dynamic property\">id_interest_method</span>\": <span class=sf-dump-num>1</span>
  +\"<span class=sf-dump-public title=\"Runtime added dynamic property\">terms_desc</span>\": \"<span class=sf-dump-str title=\"9 characters\">12 Months</span>\"
  +\"<span class=sf-dump-public title=\"Runtime added dynamic property\">terms_token</span>\": \"<span class=sf-dump-str title=\"18 characters\">153813854066d865c9</span>\"
  +\"<span class=sf-dump-public title=\"Runtime added dynamic property\">min_amount</span>\": \"<span class=sf-dump-str title=\"7 characters\">1000.00</span>\"
  +\"<span class=sf-dump-public title=\"Runtime added dynamic property\">max_amount</span>\": \"<span class=sf-dump-str title=\"9 characters\">200000.00</span>\"
  +\"<span class=sf-dump-public title=\"Runtime added dynamic property\">id_loan_payment_type</span>\": <span class=sf-dump-num>1</span>
  +\"<span class=sf-dump-public title=\"Runtime added dynamic property\">due_date</span>\": <span class=sf-dump-const>null</span>
  +\"<span class=sf-dump-public title=\"Runtime added dynamic property\">id_member</span>\": <span class=sf-dump-num>6</span>
  +\"<span class=sf-dump-public title=\"Runtime added dynamic property\">id_charges_group</span>\": <span class=sf-dump-num>5</span>
  +\"<span class=sf-dump-public title=\"Runtime added dynamic property\">loan_protection_amount</span>\": \"<span class=sf-dump-str title=\"4 characters\">0.00</span>\"
  +\"<span class=sf-dump-public title=\"Runtime added dynamic property\">cbu_deficient</span>\": \"<span class=sf-dump-str title=\"4 characters\">0.00</span>\"
  +\"<span class=sf-dump-public title=\"Runtime added dynamic property\">total_deductions</span>\": \"<span class=sf-dump-str title=\"4 characters\">0.00</span>\"
  +\"<span class=sf-dump-public title=\"Runtime added dynamic property\">not_deducted_charges</span>\": \"<span class=sf-dump-str title=\"4 characters\">0.00</span>\"
  +\"<span class=sf-dump-public title=\"Runtime added dynamic property\">total_loan_proceeds</span>\": \"<span class=sf-dump-str title=\"8 characters\">10000.00</span>\"
  +\"<span class=sf-dump-public title=\"Runtime added dynamic property\">status</span>\": \"<span class=sf-dump-str>3</span>\"
  +\"<span class=sf-dump-public title=\"Runtime added dynamic property\">loan_remarks</span>\": \"\"
  +\"<span class=sf-dump-public title=\"Runtime added dynamic property\">loan_status</span>\": \"<span class=sf-dump-str title=\"6 characters\">Active</span>\"
  +\"<span class=sf-dump-public title=\"Runtime added dynamic property\">status_code</span>\": \"<span class=sf-dump-str>3</span>\"
  +\"<span class=sf-dump-public title=\"Runtime added dynamic property\">cancellation_reason</span>\": <span class=sf-dump-const>null</span>
  +\"<span class=sf-dump-public title=\"Runtime added dynamic property\">prev_loan_balance</span>\": \"<span class=sf-dump-str title=\"4 characters\">0.00</span>\"
  +\"<span class=sf-dump-public title=\"Runtime added dynamic property\">prev_loan_rebates</span>\": \"<span class=sf-dump-str title=\"4 characters\">0.00</span>\"
  +\"<span class=sf-dump-public title=\"Runtime added dynamic property\">lstatus</span>\": <span class=sf-dump-num>1</span>
  +\"<span class=sf-dump-public title=\"Runtime added dynamic property\">id_cash_disbursement</span>\": <span class=sf-dump-num>0</span>
  +\"<span class=sf-dump-public title=\"Runtime added dynamic property\">paid_principal</span>\": \"<span class=sf-dump-str title=\"4 characters\">0.00</span>\"
  +\"<span class=sf-dump-public title=\"Runtime added dynamic property\">paid_interest</span>\": \"<span class=sf-dump-str title=\"4 characters\">0.00</span>\"
  +\"<span class=sf-dump-public title=\"Runtime added dynamic property\">paid_fees</span>\": \"<span class=sf-dump-str title=\"4 characters\">0.00</span>\"
  +\"<span class=sf-dump-public title=\"Runtime added dynamic property\">date_released</span>\": \"<span class=sf-dump-str title=\"10 characters\">2024-07-23</span>\"
  +\"<span class=sf-dump-public title=\"Runtime added dynamic property\">date_granted</span>\": \"<span class=sf-dump-str title=\"10 characters\">07/23/2024</span>\"
  +\"<span class=sf-dump-public title=\"Runtime added dynamic property\">month_duration</span>\": <span class=sf-dump-num>1</span>
  +\"<span class=sf-dump-public title=\"Runtime added dynamic property\">interest_show</span>\": \"<span class=sf-dump-str title=\"4 characters\">0.00</span>\"
  +\"<span class=sf-dump-public title=\"Runtime added dynamic property\">id_one_time_type</span>\": <span class=sf-dump-num>0</span>
</samp>}
</pre><script>Sfdump(\"sf-dump-2077120972\", {\"maxDepth\":3,\"maxStringLength\":160})</script>
","member_details":"<pre class=sf-dump id=sf-dump-1144766024 data-indent-pad=\"  \">{<a class=sf-dump-ref>#778</a><samp data-depth=1 class=sf-dump-expanded>
  +\"<span class=sf-dump-public title=\"Runtime added dynamic property\">name</span>\": \"<span class=sf-dump-str title=\"16 characters\">LAGUNDAY, DELIA </span>\"
</samp>}
</pre><script>Sfdump(\"sf-dump-1144766024\", {\"maxDepth\":3,\"maxStringLength\":160})</script>
","OTHER_DEDUCTIONS":"<pre class=sf-dump id=sf-dump-794298326 data-indent-pad=\"  \">[]
</pre><script>Sfdump(\"sf-dump-794298326\", {\"maxDepth\":3,\"maxStringLength\":160})</script>
","CBU_DEFICIENT_AMOUNT":"<pre class=sf-dump id=sf-dump-581317815 data-indent-pad=\"  \">\"<span class=sf-dump-str title=\"4 characters\">0.00</span>\"
</pre><script>Sfdump(\"sf-dump-581317815\", {\"maxDepth\":3,\"maxStringLength\":160})</script>
","DEDUCTED_CHARGES":"<pre class=sf-dump id=sf-dump-74649120 data-indent-pad=\"  \">[]
</pre><script>Sfdump(\"sf-dump-74649120\", {\"maxDepth\":3,\"maxStringLength\":160})</script>
","PREV_LOAN_OFFSET":"<pre class=sf-dump id=sf-dump-918504864 data-indent-pad=\"  \">[]
</pre><script>Sfdump(\"sf-dump-918504864\", {\"maxDepth\":3,\"maxStringLength\":160})</script>
","TOTAL_LOAN_OFFSET_REBATES":"<pre class=sf-dump id=sf-dump-806864976 data-indent-pad=\"  \"><span class=sf-dump-num>0</span>
</pre><script>Sfdump(\"sf-dump-806864976\", {\"maxDepth\":3,\"maxStringLength\":160})</script>
","TOTAL_LOAN_OFFSET":"<pre class=sf-dump id=sf-dump-538643797 data-indent-pad=\"  \"><span class=sf-dump-num>0</span>
</pre><script>Sfdump(\"sf-dump-538643797\", {\"maxDepth\":3,\"maxStringLength\":160})</script>
","LOAN_BALANCE":"<pre class=sf-dump id=sf-dump-47282293 data-indent-pad=\"  \">\"<span class=sf-dump-str title=\"4 characters\">0.00</span>\"
</pre><script>Sfdump(\"sf-dump-47282293\", {\"maxDepth\":3,\"maxStringLength\":160})</script>
","REBATES":"<pre class=sf-dump id=sf-dump-1208681468 data-indent-pad=\"  \">\"<span class=sf-dump-str title=\"4 characters\">0.00</span>\"
</pre><script>Sfdump(\"sf-dump-1208681468\", {\"maxDepth\":3,\"maxStringLength\":160})</script>
","TOTAL_LOAN_BALANCE":"<pre class=sf-dump id=sf-dump-824720839 data-indent-pad=\"  \"><span class=sf-dump-num>0.0</span>
</pre><script>Sfdump(\"sf-dump-824720839\", {\"maxDepth\":3,\"maxStringLength\":160})</script>
","TOTAL_DEDUCTED_CHARGES":"<pre class=sf-dump id=sf-dump-26694034 data-indent-pad=\"  \">\"<span class=sf-dump-str title=\"4 characters\">0.00</span>\"
</pre><script>Sfdump(\"sf-dump-26694034\", {\"maxDepth\":3,\"maxStringLength\":160})</script>
","PRINCIPAL_AMOUNT":"<pre class=sf-dump id=sf-dump-1607267799 data-indent-pad=\"  \">\"<span class=sf-dump-str title=\"8 characters\">10000.00</span>\"
</pre><script>Sfdump(\"sf-dump-1607267799\", {\"maxDepth\":3,\"maxStringLength\":160})</script>
","TOTAL_NOT_DEDUCTED_CHARGES":"<pre class=sf-dump id=sf-dump-279593986 data-indent-pad=\"  \">\"<span class=sf-dump-str title=\"4 characters\">0.00</span>\"
</pre><script>Sfdump(\"sf-dump-279593986\", {\"maxDepth\":3,\"maxStringLength\":160})</script>
","TOTAL_LOAN_PROCEED":"<pre class=sf-dump id=sf-dump-1220245387 data-indent-pad=\"  \">\"<span class=sf-dump-str title=\"8 characters\">10000.00</span>\"
</pre><script>Sfdump(\"sf-dump-1220245387\", {\"maxDepth\":3,\"maxStringLength\":160})</script>
","AMTZ_SCHED":"<pre class=sf-dump id=sf-dump-266713179 data-indent-pad=\"  \"><span class=sf-dump-note>array:12</span> [<samp data-depth=1 class=sf-dump-expanded>
  <span class=sf-dump-index>0</span> => {<a class=sf-dump-ref>#782</a><samp data-depth=2 class=sf-dump-compact>
    +\"<span class=sf-dump-public title=\"Runtime added dynamic property\">term_code</span>\": \"<span class=sf-dump-str title=\"2 characters\">P1</span>\"
    +\"<span class=sf-dump-public title=\"Runtime added dynamic property\">date</span>\": \"<span class=sf-dump-str title=\"10 characters\">08/30/2024</span>\"
    +\"<span class=sf-dump-public title=\"Runtime added dynamic property\">principal</span>\": \"<span class=sf-dump-str title=\"6 characters\">833.33</span>\"
    +\"<span class=sf-dump-public title=\"Runtime added dynamic property\">interest</span>\": \"<span class=sf-dump-str title=\"6 characters\">150.00</span>\"
    +\"<span class=sf-dump-public title=\"Runtime added dynamic property\">surcharge</span>\": \"<span class=sf-dump-str title=\"4 characters\">0.00</span>\"
    +\"<span class=sf-dump-public title=\"Runtime added dynamic property\">total</span>\": \"<span class=sf-dump-str title=\"6 characters\">983.33</span>\"
    +\"<span class=sf-dump-public title=\"Runtime added dynamic property\">accrued</span>\": <span class=sf-dump-num>0</span>
  </samp>}
  <span class=sf-dump-index>1</span> => {<a class=sf-dump-ref>#777</a><samp data-depth=2 class=sf-dump-compact>
    +\"<span class=sf-dump-public title=\"Runtime added dynamic property\">term_code</span>\": \"<span class=sf-dump-str title=\"2 characters\">P2</span>\"
    +\"<span class=sf-dump-public title=\"Runtime added dynamic property\">date</span>\": \"<span class=sf-dump-str title=\"10 characters\">09/30/2024</span>\"
    +\"<span class=sf-dump-public title=\"Runtime added dynamic property\">principal</span>\": \"<span class=sf-dump-str title=\"6 characters\">833.33</span>\"
    +\"<span class=sf-dump-public title=\"Runtime added dynamic property\">interest</span>\": \"<span class=sf-dump-str title=\"6 characters\">150.00</span>\"
    +\"<span class=sf-dump-public title=\"Runtime added dynamic property\">surcharge</span>\": \"<span class=sf-dump-str title=\"4 characters\">0.00</span>\"
    +\"<span class=sf-dump-public title=\"Runtime added dynamic property\">total</span>\": \"<span class=sf-dump-str title=\"6 characters\">983.33</span>\"
    +\"<span class=sf-dump-public title=\"Runtime added dynamic property\">accrued</span>\": <span class=sf-dump-num>0</span>
  </samp>}
  <span class=sf-dump-index>2</span> => {<a class=sf-dump-ref>#781</a><samp data-depth=2 class=sf-dump-compact>
    +\"<span class=sf-dump-public title=\"Runtime added dynamic property\">term_code</span>\": \"<span class=sf-dump-str title=\"2 characters\">P3</span>\"
    +\"<span class=sf-dump-public title=\"Runtime added dynamic property\">date</span>\": \"<span class=sf-dump-str title=\"10 characters\">10/30/2024</span>\"
    +\"<span class=sf-dump-public title=\"Runtime added dynamic property\">principal</span>\": \"<span class=sf-dump-str title=\"6 characters\">833.33</span>\"
    +\"<span class=sf-dump-public title=\"Runtime added dynamic property\">interest</span>\": \"<span class=sf-dump-str title=\"6 characters\">150.00</span>\"
    +\"<span class=sf-dump-public title=\"Runtime added dynamic property\">surcharge</span>\": \"<span class=sf-dump-str title=\"4 characters\">0.00</span>\"
    +\"<span class=sf-dump-public title=\"Runtime added dynamic property\">total</span>\": \"<span class=sf-dump-str title=\"6 characters\">983.33</span>\"
    +\"<span class=sf-dump-public title=\"Runtime added dynamic property\">accrued</span>\": <span class=sf-dump-num>0</span>
  </samp>}
  <span class=sf-dump-index>3</span> => {<a class=sf-dump-ref>#790</a><samp data-depth=2 class=sf-dump-compact>
    +\"<span class=sf-dump-public title=\"Runtime added dynamic property\">term_code</span>\": \"<span class=sf-dump-str title=\"2 characters\">P4</span>\"
    +\"<span class=sf-dump-public title=\"Runtime added dynamic property\">date</span>\": \"<span class=sf-dump-str title=\"10 characters\">11/30/2024</span>\"
    +\"<span class=sf-dump-public title=\"Runtime added dynamic property\">principal</span>\": \"<span class=sf-dump-str title=\"6 characters\">833.33</span>\"
    +\"<span class=sf-dump-public title=\"Runtime added dynamic property\">interest</span>\": \"<span class=sf-dump-str title=\"6 characters\">150.00</span>\"
    +\"<span class=sf-dump-public title=\"Runtime added dynamic property\">surcharge</span>\": \"<span class=sf-dump-str title=\"4 characters\">0.00</span>\"
    +\"<span class=sf-dump-public title=\"Runtime added dynamic property\">total</span>\": \"<span class=sf-dump-str title=\"6 characters\">983.33</span>\"
    +\"<span class=sf-dump-public title=\"Runtime added dynamic property\">accrued</span>\": <span class=sf-dump-num>0</span>
  </samp>}
  <span class=sf-dump-index>4</span> => {<a class=sf-dump-ref>#793</a><samp data-depth=2 class=sf-dump-compact>
    +\"<span class=sf-dump-public title=\"Runtime added dynamic property\">term_code</span>\": \"<span class=sf-dump-str title=\"2 characters\">P5</span>\"
    +\"<span class=sf-dump-public title=\"Runtime added dynamic property\">date</span>\": \"<span class=sf-dump-str title=\"10 characters\">12/30/2024</span>\"
    +\"<span class=sf-dump-public title=\"Runtime added dynamic property\">principal</span>\": \"<span class=sf-dump-str title=\"6 characters\">833.33</span>\"
    +\"<span class=sf-dump-public title=\"Runtime added dynamic property\">interest</span>\": \"<span class=sf-dump-str title=\"6 characters\">150.00</span>\"
    +\"<span class=sf-dump-public title=\"Runtime added dynamic property\">surcharge</span>\": \"<span class=sf-dump-str title=\"4 characters\">0.00</span>\"
    +\"<span class=sf-dump-public title=\"Runtime added dynamic property\">total</span>\": \"<span class=sf-dump-str title=\"6 characters\">983.33</span>\"
    +\"<span class=sf-dump-public title=\"Runtime added dynamic property\">accrued</span>\": <span class=sf-dump-num>0</span>
  </samp>}
  <span class=sf-dump-index>5</span> => {<a class=sf-dump-ref>#795</a><samp data-depth=2 class=sf-dump-compact>
    +\"<span class=sf-dump-public title=\"Runtime added dynamic property\">term_code</span>\": \"<span class=sf-dump-str title=\"2 characters\">P6</span>\"
    +\"<span class=sf-dump-public title=\"Runtime added dynamic property\">date</span>\": \"<span class=sf-dump-str title=\"10 characters\">01/30/2025</span>\"
    +\"<span class=sf-dump-public title=\"Runtime added dynamic property\">principal</span>\": \"<span class=sf-dump-str title=\"6 characters\">833.33</span>\"
    +\"<span class=sf-dump-public title=\"Runtime added dynamic property\">interest</span>\": \"<span class=sf-dump-str title=\"6 characters\">150.00</span>\"
    +\"<span class=sf-dump-public title=\"Runtime added dynamic property\">surcharge</span>\": \"<span class=sf-dump-str title=\"4 characters\">0.00</span>\"
    +\"<span class=sf-dump-public title=\"Runtime added dynamic property\">total</span>\": \"<span class=sf-dump-str title=\"6 characters\">983.33</span>\"
    +\"<span class=sf-dump-public title=\"Runtime added dynamic property\">accrued</span>\": <span class=sf-dump-num>0</span>
  </samp>}
  <span class=sf-dump-index>6</span> => {<a class=sf-dump-ref>#798</a><samp data-depth=2 class=sf-dump-compact>
    +\"<span class=sf-dump-public title=\"Runtime added dynamic property\">term_code</span>\": \"<span class=sf-dump-str title=\"2 characters\">P7</span>\"
    +\"<span class=sf-dump-public title=\"Runtime added dynamic property\">date</span>\": \"<span class=sf-dump-str title=\"10 characters\">02/28/2025</span>\"
    +\"<span class=sf-dump-public title=\"Runtime added dynamic property\">principal</span>\": \"<span class=sf-dump-str title=\"6 characters\">833.33</span>\"
    +\"<span class=sf-dump-public title=\"Runtime added dynamic property\">interest</span>\": \"<span class=sf-dump-str title=\"6 characters\">150.00</span>\"
    +\"<span class=sf-dump-public title=\"Runtime added dynamic property\">surcharge</span>\": \"<span class=sf-dump-str title=\"4 characters\">0.00</span>\"
    +\"<span class=sf-dump-public title=\"Runtime added dynamic property\">total</span>\": \"<span class=sf-dump-str title=\"6 characters\">983.33</span>\"
    +\"<span class=sf-dump-public title=\"Runtime added dynamic property\">accrued</span>\": <span class=sf-dump-num>0</span>
  </samp>}
  <span class=sf-dump-index>7</span> => {<a class=sf-dump-ref>#796</a><samp data-depth=2 class=sf-dump-compact>
    +\"<span class=sf-dump-public title=\"Runtime added dynamic property\">term_code</span>\": \"<span class=sf-dump-str title=\"2 characters\">P8</span>\"
    +\"<span class=sf-dump-public title=\"Runtime added dynamic property\">date</span>\": \"<span class=sf-dump-str title=\"10 characters\">03/30/2025</span>\"
    +\"<span class=sf-dump-public title=\"Runtime added dynamic property\">principal</span>\": \"<span class=sf-dump-str title=\"6 characters\">833.33</span>\"
    +\"<span class=sf-dump-public title=\"Runtime added dynamic property\">interest</span>\": \"<span class=sf-dump-str title=\"6 characters\">150.00</span>\"
    +\"<span class=sf-dump-public title=\"Runtime added dynamic property\">surcharge</span>\": \"<span class=sf-dump-str title=\"4 characters\">0.00</span>\"
    +\"<span class=sf-dump-public title=\"Runtime added dynamic property\">total</span>\": \"<span class=sf-dump-str title=\"6 characters\">983.33</span>\"
    +\"<span class=sf-dump-public title=\"Runtime added dynamic property\">accrued</span>\": <span class=sf-dump-num>0</span>
  </samp>}
  <span class=sf-dump-index>8</span> => {<a class=sf-dump-ref>#800</a><samp data-depth=2 class=sf-dump-compact>
    +\"<span class=sf-dump-public title=\"Runtime added dynamic property\">term_code</span>\": \"<span class=sf-dump-str title=\"2 characters\">P9</span>\"
    +\"<span class=sf-dump-public title=\"Runtime added dynamic property\">date</span>\": \"<span class=sf-dump-str title=\"10 characters\">04/30/2025</span>\"
    +\"<span class=sf-dump-public title=\"Runtime added dynamic property\">principal</span>\": \"<span class=sf-dump-str title=\"6 characters\">833.33</span>\"
    +\"<span class=sf-dump-public title=\"Runtime added dynamic property\">interest</span>\": \"<span class=sf-dump-str title=\"6 characters\">150.00</span>\"
    +\"<span class=sf-dump-public title=\"Runtime added dynamic property\">surcharge</span>\": \"<span class=sf-dump-str title=\"4 characters\">0.00</span>\"
    +\"<span class=sf-dump-public title=\"Runtime added dynamic property\">total</span>\": \"<span class=sf-dump-str title=\"6 characters\">983.33</span>\"
    +\"<span class=sf-dump-public title=\"Runtime added dynamic property\">accrued</span>\": <span class=sf-dump-num>0</span>
  </samp>}
  <span class=sf-dump-index>9</span> => {<a class=sf-dump-ref>#801</a><samp data-depth=2 class=sf-dump-compact>
    +\"<span class=sf-dump-public title=\"Runtime added dynamic property\">term_code</span>\": \"<span class=sf-dump-str title=\"3 characters\">P10</span>\"
    +\"<span class=sf-dump-public title=\"Runtime added dynamic property\">date</span>\": \"<span class=sf-dump-str title=\"10 characters\">05/30/2025</span>\"
    +\"<span class=sf-dump-public title=\"Runtime added dynamic property\">principal</span>\": \"<span class=sf-dump-str title=\"6 characters\">833.33</span>\"
    +\"<span class=sf-dump-public title=\"Runtime added dynamic property\">interest</span>\": \"<span class=sf-dump-str title=\"6 characters\">150.00</span>\"
    +\"<span class=sf-dump-public title=\"Runtime added dynamic property\">surcharge</span>\": \"<span class=sf-dump-str title=\"4 characters\">0.00</span>\"
    +\"<span class=sf-dump-public title=\"Runtime added dynamic property\">total</span>\": \"<span class=sf-dump-str title=\"6 characters\">983.33</span>\"
    +\"<span class=sf-dump-public title=\"Runtime added dynamic property\">accrued</span>\": <span class=sf-dump-num>0</span>
  </samp>}
  <span class=sf-dump-index>10</span> => {<a class=sf-dump-ref>#802</a><samp data-depth=2 class=sf-dump-compact>
    +\"<span class=sf-dump-public title=\"Runtime added dynamic property\">term_code</span>\": \"<span class=sf-dump-str title=\"3 characters\">P11</span>\"
    +\"<span class=sf-dump-public title=\"Runtime added dynamic property\">date</span>\": \"<span class=sf-dump-str title=\"10 characters\">06/30/2025</span>\"
    +\"<span class=sf-dump-public title=\"Runtime added dynamic property\">principal</span>\": \"<span class=sf-dump-str title=\"6 characters\">833.33</span>\"
    +\"<span class=sf-dump-public title=\"Runtime added dynamic property\">interest</span>\": \"<span class=sf-dump-str title=\"6 characters\">150.00</span>\"
    +\"<span class=sf-dump-public title=\"Runtime added dynamic property\">surcharge</span>\": \"<span class=sf-dump-str title=\"4 characters\">0.00</span>\"
    +\"<span class=sf-dump-public title=\"Runtime added dynamic property\">total</span>\": \"<span class=sf-dump-str title=\"6 characters\">983.33</span>\"
    +\"<span class=sf-dump-public title=\"Runtime added dynamic property\">accrued</span>\": <span class=sf-dump-num>0</span>
  </samp>}
  <span class=sf-dump-index>11</span> => {<a class=sf-dump-ref>#799</a><samp data-depth=2 class=sf-dump-compact>
    +\"<span class=sf-dump-public title=\"Runtime added dynamic property\">term_code</span>\": \"<span class=sf-dump-str title=\"3 characters\">P12</span>\"
    +\"<span class=sf-dump-public title=\"Runtime added dynamic property\">date</span>\": \"<span class=sf-dump-str title=\"10 characters\">07/30/2025</span>\"
    +\"<span class=sf-dump-public title=\"Runtime added dynamic property\">principal</span>\": \"<span class=sf-dump-str title=\"6 characters\">833.37</span>\"
    +\"<span class=sf-dump-public title=\"Runtime added dynamic property\">interest</span>\": \"<span class=sf-dump-str title=\"6 characters\">150.00</span>\"
    +\"<span class=sf-dump-public title=\"Runtime added dynamic property\">surcharge</span>\": \"<span class=sf-dump-str title=\"4 characters\">0.00</span>\"
    +\"<span class=sf-dump-public title=\"Runtime added dynamic property\">total</span>\": \"<span class=sf-dump-str title=\"6 characters\">983.37</span>\"
    +\"<span class=sf-dump-public title=\"Runtime added dynamic property\">accrued</span>\": <span class=sf-dump-num>0</span>
  </samp>}
</samp>]
</pre><script>Sfdump(\"sf-dump-266713179\", {\"maxDepth\":3,\"maxStringLength\":160})</script>
","AMTZ_PAYMENT":"<pre class=sf-dump id=sf-dump-1280649481 data-indent-pad=\"  \">[]
</pre><script>Sfdump(\"sf-dump-1280649481\", {\"maxDepth\":3,\"maxStringLength\":160})</script>
","REPAYMENT_TABLE":"<pre class=sf-dump id=sf-dump-90380045 data-indent-pad=\"  \">[]
</pre><script>Sfdump(\"sf-dump-90380045\", {\"maxDepth\":3,\"maxStringLength\":160})</script>
","CURRENT_DUE":"<pre class=sf-dump id=sf-dump-1174425340 data-indent-pad=\"  \">{<a class=sf-dump-ref>#808</a><samp data-depth=1 class=sf-dump-expanded>
  +\"<span class=sf-dump-public title=\"Runtime added dynamic property\">cur_date</span>\": \"<span class=sf-dump-str title=\"17 characters\">December 09, 2025</span>\"
  +\"<span class=sf-dump-public title=\"Runtime added dynamic property\">prin</span>\": \"<span class=sf-dump-str title=\"8 characters\">10000.00</span>\"
  +\"<span class=sf-dump-public title=\"Runtime added dynamic property\">interest</span>\": \"<span class=sf-dump-str title=\"7 characters\">1800.00</span>\"
  +\"<span class=sf-dump-public title=\"Runtime added dynamic property\">fees</span>\": \"<span class=sf-dump-str title=\"4 characters\">0.00</span>\"
  +\"<span class=sf-dump-public title=\"Runtime added dynamic property\">surcharge</span>\": \"<span class=sf-dump-str title=\"4 characters\">0.00</span>\"
</samp>}
</pre><script>Sfdump(\"sf-dump-1174425340\", {\"maxDepth\":3,\"maxStringLength\":160})</script>
","TOTAL_DUE":"<pre class=sf-dump id=sf-dump-1443696538 data-indent-pad=\"  \"><span class=sf-dump-num>11800.0</span>
</pre><script>Sfdump(\"sf-dump-1443696538\", {\"maxDepth\":3,\"maxStringLength\":160})</script>
","repaymentCount":"<pre class=sf-dump id=sf-dump-666578785 data-indent-pad=\"  \"><span class=sf-dump-num>12</span>
</pre><script>Sfdump(\"sf-dump-666578785\", {\"maxDepth\":3,\"maxStringLength\":160})</script>
","LOAN_TABLE":"<pre class=sf-dump id=sf-dump-339333255 data-indent-pad=\"  \"><span class=sf-dump-note>array:12</span> [<samp data-depth=1 class=sf-dump-expanded>
  <span class=sf-dump-index>0</span> => <span class=sf-dump-note>array:12</span> [<samp data-depth=2 class=sf-dump-compact>
    \"<span class=sf-dump-key>count</span>\" => <span class=sf-dump-num>1</span>
    \"<span class=sf-dump-key>term_code</span>\" => \"<span class=sf-dump-str title=\"2 characters\">P1</span>\"
    \"<span class=sf-dump-key>repayment_amount</span>\" => \"<span class=sf-dump-str title=\"6 characters\">833.33</span>\"
    \"<span class=sf-dump-key>interest_amount</span>\" => \"<span class=sf-dump-str title=\"6 characters\">150.00</span>\"
    \"<span class=sf-dump-key>fees</span>\" => \"<span class=sf-dump-str title=\"4 characters\">0.00</span>\"
    \"<span class=sf-dump-key>total_due</span>\" => \"<span class=sf-dump-str title=\"6 characters\">983.33</span>\"
    \"<span class=sf-dump-key>due_date</span>\" => \"<span class=sf-dump-str title=\"10 characters\">08/30/2024</span>\"
    \"<span class=sf-dump-key>paid_amount</span>\" => \"<span class=sf-dump-str>0</span>\"
    \"<span class=sf-dump-key>is_paid</span>\" => <span class=sf-dump-num>0</span>
    \"<span class=sf-dump-key>status</span>\" => \"<span class=sf-dump-str>3</span>\"
    \"<span class=sf-dump-key>accrued</span>\" => <span class=sf-dump-num>0</span>
    \"<span class=sf-dump-key>remarks</span>\" => \"\"
  </samp>]
  <span class=sf-dump-index>1</span> => <span class=sf-dump-note>array:12</span> [<samp data-depth=2 class=sf-dump-compact>
    \"<span class=sf-dump-key>count</span>\" => <span class=sf-dump-num>2</span>
    \"<span class=sf-dump-key>term_code</span>\" => \"<span class=sf-dump-str title=\"2 characters\">P2</span>\"
    \"<span class=sf-dump-key>repayment_amount</span>\" => \"<span class=sf-dump-str title=\"6 characters\">833.33</span>\"
    \"<span class=sf-dump-key>interest_amount</span>\" => \"<span class=sf-dump-str title=\"6 characters\">150.00</span>\"
    \"<span class=sf-dump-key>fees</span>\" => \"<span class=sf-dump-str title=\"4 characters\">0.00</span>\"
    \"<span class=sf-dump-key>total_due</span>\" => \"<span class=sf-dump-str title=\"6 characters\">983.33</span>\"
    \"<span class=sf-dump-key>due_date</span>\" => \"<span class=sf-dump-str title=\"10 characters\">09/30/2024</span>\"
    \"<span class=sf-dump-key>paid_amount</span>\" => \"<span class=sf-dump-str>0</span>\"
    \"<span class=sf-dump-key>is_paid</span>\" => <span class=sf-dump-num>0</span>
    \"<span class=sf-dump-key>status</span>\" => \"<span class=sf-dump-str>3</span>\"
    \"<span class=sf-dump-key>accrued</span>\" => <span class=sf-dump-num>0</span>
    \"<span class=sf-dump-key>remarks</span>\" => \"\"
  </samp>]
  <span class=sf-dump-index>2</span> => <span class=sf-dump-note>array:12</span> [<samp data-depth=2 class=sf-dump-compact>
    \"<span class=sf-dump-key>count</span>\" => <span class=sf-dump-num>3</span>
    \"<span class=sf-dump-key>term_code</span>\" => \"<span class=sf-dump-str title=\"2 characters\">P3</span>\"
    \"<span class=sf-dump-key>repayment_amount</span>\" => \"<span class=sf-dump-str title=\"6 characters\">833.33</span>\"
    \"<span class=sf-dump-key>interest_amount</span>\" => \"<span class=sf-dump-str title=\"6 characters\">150.00</span>\"
    \"<span class=sf-dump-key>fees</span>\" => \"<span class=sf-dump-str title=\"4 characters\">0.00</span>\"
    \"<span class=sf-dump-key>total_due</span>\" => \"<span class=sf-dump-str title=\"6 characters\">983.33</span>\"
    \"<span class=sf-dump-key>due_date</span>\" => \"<span class=sf-dump-str title=\"10 characters\">10/30/2024</span>\"
    \"<span class=sf-dump-key>paid_amount</span>\" => \"<span class=sf-dump-str>0</span>\"
    \"<span class=sf-dump-key>is_paid</span>\" => <span class=sf-dump-num>0</span>
    \"<span class=sf-dump-key>status</span>\" => \"<span class=sf-dump-str>3</span>\"
    \"<span class=sf-dump-key>accrued</span>\" => <span class=sf-dump-num>0</span>
    \"<span class=sf-dump-key>remarks</span>\" => \"\"
  </samp>]
  <span class=sf-dump-index>3</span> => <span class=sf-dump-note>array:12</span> [<samp data-depth=2 class=sf-dump-compact>
    \"<span class=sf-dump-key>count</span>\" => <span class=sf-dump-num>4</span>
    \"<span class=sf-dump-key>term_code</span>\" => \"<span class=sf-dump-str title=\"2 characters\">P4</span>\"
    \"<span class=sf-dump-key>repayment_amount</span>\" => \"<span class=sf-dump-str title=\"6 characters\">833.33</span>\"
    \"<span class=sf-dump-key>interest_amount</span>\" => \"<span class=sf-dump-str title=\"6 characters\">150.00</span>\"
    \"<span class=sf-dump-key>fees</span>\" => \"<span class=sf-dump-str title=\"4 characters\">0.00</span>\"
    \"<span class=sf-dump-key>total_due</span>\" => \"<span class=sf-dump-str title=\"6 characters\">983.33</span>\"
    \"<span class=sf-dump-key>due_date</span>\" => \"<span class=sf-dump-str title=\"10 characters\">11/30/2024</span>\"
    \"<span class=sf-dump-key>paid_amount</span>\" => \"<span class=sf-dump-str>0</span>\"
    \"<span class=sf-dump-key>is_paid</span>\" => <span class=sf-dump-num>0</span>
    \"<span class=sf-dump-key>status</span>\" => \"<span class=sf-dump-str>3</span>\"
    \"<span class=sf-dump-key>accrued</span>\" => <span class=sf-dump-num>0</span>
    \"<span class=sf-dump-key>remarks</span>\" => \"\"
  </samp>]
  <span class=sf-dump-index>4</span> => <span class=sf-dump-note>array:12</span> [<samp data-depth=2 class=sf-dump-compact>
    \"<span class=sf-dump-key>count</span>\" => <span class=sf-dump-num>5</span>
    \"<span class=sf-dump-key>term_code</span>\" => \"<span class=sf-dump-str title=\"2 characters\">P5</span>\"
    \"<span class=sf-dump-key>repayment_amount</span>\" => \"<span class=sf-dump-str title=\"6 characters\">833.33</span>\"
    \"<span class=sf-dump-key>interest_amount</span>\" => \"<span class=sf-dump-str title=\"6 characters\">150.00</span>\"
    \"<span class=sf-dump-key>fees</span>\" => \"<span class=sf-dump-str title=\"4 characters\">0.00</span>\"
    \"<span class=sf-dump-key>total_due</span>\" => \"<span class=sf-dump-str title=\"6 characters\">983.33</span>\"
    \"<span class=sf-dump-key>due_date</span>\" => \"<span class=sf-dump-str title=\"10 characters\">12/30/2024</span>\"
    \"<span class=sf-dump-key>paid_amount</span>\" => \"<span class=sf-dump-str>0</span>\"
    \"<span class=sf-dump-key>is_paid</span>\" => <span class=sf-dump-num>0</span>
    \"<span class=sf-dump-key>status</span>\" => \"<span class=sf-dump-str>3</span>\"
    \"<span class=sf-dump-key>accrued</span>\" => <span class=sf-dump-num>0</span>
    \"<span class=sf-dump-key>remarks</span>\" => \"\"
  </samp>]
  <span class=sf-dump-index>5</span> => <span class=sf-dump-note>array:12</span> [<samp data-depth=2 class=sf-dump-compact>
    \"<span class=sf-dump-key>count</span>\" => <span class=sf-dump-num>6</span>
    \"<span class=sf-dump-key>term_code</span>\" => \"<span class=sf-dump-str title=\"2 characters\">P6</span>\"
    \"<span class=sf-dump-key>repayment_amount</span>\" => \"<span class=sf-dump-str title=\"6 characters\">833.33</span>\"
    \"<span class=sf-dump-key>interest_amount</span>\" => \"<span class=sf-dump-str title=\"6 characters\">150.00</span>\"
    \"<span class=sf-dump-key>fees</span>\" => \"<span class=sf-dump-str title=\"4 characters\">0.00</span>\"
    \"<span class=sf-dump-key>total_due</span>\" => \"<span class=sf-dump-str title=\"6 characters\">983.33</span>\"
    \"<span class=sf-dump-key>due_date</span>\" => \"<span class=sf-dump-str title=\"10 characters\">01/30/2025</span>\"
    \"<span class=sf-dump-key>paid_amount</span>\" => \"<span class=sf-dump-str>0</span>\"
    \"<span class=sf-dump-key>is_paid</span>\" => <span class=sf-dump-num>0</span>
    \"<span class=sf-dump-key>status</span>\" => \"<span class=sf-dump-str>3</span>\"
    \"<span class=sf-dump-key>accrued</span>\" => <span class=sf-dump-num>0</span>
    \"<span class=sf-dump-key>remarks</span>\" => \"\"
  </samp>]
  <span class=sf-dump-index>6</span> => <span class=sf-dump-note>array:12</span> [<samp data-depth=2 class=sf-dump-compact>
    \"<span class=sf-dump-key>count</span>\" => <span class=sf-dump-num>7</span>
    \"<span class=sf-dump-key>term_code</span>\" => \"<span class=sf-dump-str title=\"2 characters\">P7</span>\"
    \"<span class=sf-dump-key>repayment_amount</span>\" => \"<span class=sf-dump-str title=\"6 characters\">833.33</span>\"
    \"<span class=sf-dump-key>interest_amount</span>\" => \"<span class=sf-dump-str title=\"6 characters\">150.00</span>\"
    \"<span class=sf-dump-key>fees</span>\" => \"<span class=sf-dump-str title=\"4 characters\">0.00</span>\"
    \"<span class=sf-dump-key>total_due</span>\" => \"<span class=sf-dump-str title=\"6 characters\">983.33</span>\"
    \"<span class=sf-dump-key>due_date</span>\" => \"<span class=sf-dump-str title=\"10 characters\">02/28/2025</span>\"
    \"<span class=sf-dump-key>paid_amount</span>\" => \"<span class=sf-dump-str>0</span>\"
    \"<span class=sf-dump-key>is_paid</span>\" => <span class=sf-dump-num>0</span>
    \"<span class=sf-dump-key>status</span>\" => \"<span class=sf-dump-str>3</span>\"
    \"<span class=sf-dump-key>accrued</span>\" => <span class=sf-dump-num>0</span>
    \"<span class=sf-dump-key>remarks</span>\" => \"\"
  </samp>]
  <span class=sf-dump-index>7</span> => <span class=sf-dump-note>array:12</span> [<samp data-depth=2 class=sf-dump-compact>
    \"<span class=sf-dump-key>count</span>\" => <span class=sf-dump-num>8</span>
    \"<span class=sf-dump-key>term_code</span>\" => \"<span class=sf-dump-str title=\"2 characters\">P8</span>\"
    \"<span class=sf-dump-key>repayment_amount</span>\" => \"<span class=sf-dump-str title=\"6 characters\">833.33</span>\"
    \"<span class=sf-dump-key>interest_amount</span>\" => \"<span class=sf-dump-str title=\"6 characters\">150.00</span>\"
    \"<span class=sf-dump-key>fees</span>\" => \"<span class=sf-dump-str title=\"4 characters\">0.00</span>\"
    \"<span class=sf-dump-key>total_due</span>\" => \"<span class=sf-dump-str title=\"6 characters\">983.33</span>\"
    \"<span class=sf-dump-key>due_date</span>\" => \"<span class=sf-dump-str title=\"10 characters\">03/30/2025</span>\"
    \"<span class=sf-dump-key>paid_amount</span>\" => \"<span class=sf-dump-str>0</span>\"
    \"<span class=sf-dump-key>is_paid</span>\" => <span class=sf-dump-num>0</span>
    \"<span class=sf-dump-key>status</span>\" => \"<span class=sf-dump-str>3</span>\"
    \"<span class=sf-dump-key>accrued</span>\" => <span class=sf-dump-num>0</span>
    \"<span class=sf-dump-key>remarks</span>\" => \"\"
  </samp>]
  <span class=sf-dump-index>8</span> => <span class=sf-dump-note>array:12</span> [<samp data-depth=2 class=sf-dump-compact>
    \"<span class=sf-dump-key>count</span>\" => <span class=sf-dump-num>9</span>
    \"<span class=sf-dump-key>term_code</span>\" => \"<span class=sf-dump-str title=\"2 characters\">P9</span>\"
    \"<span class=sf-dump-key>repayment_amount</span>\" => \"<span class=sf-dump-str title=\"6 characters\">833.33</span>\"
    \"<span class=sf-dump-key>interest_amount</span>\" => \"<span class=sf-dump-str title=\"6 characters\">150.00</span>\"
    \"<span class=sf-dump-key>fees</span>\" => \"<span class=sf-dump-str title=\"4 characters\">0.00</span>\"
    \"<span class=sf-dump-key>total_due</span>\" => \"<span class=sf-dump-str title=\"6 characters\">983.33</span>\"
    \"<span class=sf-dump-key>due_date</span>\" => \"<span class=sf-dump-str title=\"10 characters\">04/30/2025</span>\"
    \"<span class=sf-dump-key>paid_amount</span>\" => \"<span class=sf-dump-str>0</span>\"
    \"<span class=sf-dump-key>is_paid</span>\" => <span class=sf-dump-num>0</span>
    \"<span class=sf-dump-key>status</span>\" => \"<span class=sf-dump-str>3</span>\"
    \"<span class=sf-dump-key>accrued</span>\" => <span class=sf-dump-num>0</span>
    \"<span class=sf-dump-key>remarks</span>\" => \"\"
  </samp>]
  <span class=sf-dump-index>9</span> => <span class=sf-dump-note>array:12</span> [<samp data-depth=2 class=sf-dump-compact>
    \"<span class=sf-dump-key>count</span>\" => <span class=sf-dump-num>10</span>
    \"<span class=sf-dump-key>term_code</span>\" => \"<span class=sf-dump-str title=\"3 characters\">P10</span>\"
    \"<span class=sf-dump-key>repayment_amount</span>\" => \"<span class=sf-dump-str title=\"6 characters\">833.33</span>\"
    \"<span class=sf-dump-key>interest_amount</span>\" => \"<span class=sf-dump-str title=\"6 characters\">150.00</span>\"
    \"<span class=sf-dump-key>fees</span>\" => \"<span class=sf-dump-str title=\"4 characters\">0.00</span>\"
    \"<span class=sf-dump-key>total_due</span>\" => \"<span class=sf-dump-str title=\"6 characters\">983.33</span>\"
    \"<span class=sf-dump-key>due_date</span>\" => \"<span class=sf-dump-str title=\"10 characters\">05/30/2025</span>\"
    \"<span class=sf-dump-key>paid_amount</span>\" => \"<span class=sf-dump-str>0</span>\"
    \"<span class=sf-dump-key>is_paid</span>\" => <span class=sf-dump-num>0</span>
    \"<span class=sf-dump-key>status</span>\" => \"<span class=sf-dump-str>3</span>\"
    \"<span class=sf-dump-key>accrued</span>\" => <span class=sf-dump-num>0</span>
    \"<span class=sf-dump-key>remarks</span>\" => \"\"
  </samp>]
  <span class=sf-dump-index>10</span> => <span class=sf-dump-note>array:12</span> [<samp data-depth=2 class=sf-dump-compact>
    \"<span class=sf-dump-key>count</span>\" => <span class=sf-dump-num>11</span>
    \"<span class=sf-dump-key>term_code</span>\" => \"<span class=sf-dump-str title=\"3 characters\">P11</span>\"
    \"<span class=sf-dump-key>repayment_amount</span>\" => \"<span class=sf-dump-str title=\"6 characters\">833.33</span>\"
    \"<span class=sf-dump-key>interest_amount</span>\" => \"<span class=sf-dump-str title=\"6 characters\">150.00</span>\"
    \"<span class=sf-dump-key>fees</span>\" => \"<span class=sf-dump-str title=\"4 characters\">0.00</span>\"
    \"<span class=sf-dump-key>total_due</span>\" => \"<span class=sf-dump-str title=\"6 characters\">983.33</span>\"
    \"<span class=sf-dump-key>due_date</span>\" => \"<span class=sf-dump-str title=\"10 characters\">06/30/2025</span>\"
    \"<span class=sf-dump-key>paid_amount</span>\" => \"<span class=sf-dump-str>0</span>\"
    \"<span class=sf-dump-key>is_paid</span>\" => <span class=sf-dump-num>0</span>
    \"<span class=sf-dump-key>status</span>\" => \"<span class=sf-dump-str>3</span>\"
    \"<span class=sf-dump-key>accrued</span>\" => <span class=sf-dump-num>0</span>
    \"<span class=sf-dump-key>remarks</span>\" => \"\"
  </samp>]
  <span class=sf-dump-index>11</span> => <span class=sf-dump-note>array:12</span> [<samp data-depth=2 class=sf-dump-compact>
    \"<span class=sf-dump-key>count</span>\" => <span class=sf-dump-num>12</span>
    \"<span class=sf-dump-key>term_code</span>\" => \"<span class=sf-dump-str title=\"3 characters\">P12</span>\"
    \"<span class=sf-dump-key>repayment_amount</span>\" => \"<span class=sf-dump-str title=\"6 characters\">833.37</span>\"
    \"<span class=sf-dump-key>interest_amount</span>\" => \"<span class=sf-dump-str title=\"6 characters\">150.00</span>\"
    \"<span class=sf-dump-key>fees</span>\" => \"<span class=sf-dump-str title=\"4 characters\">0.00</span>\"
    \"<span class=sf-dump-key>total_due</span>\" => \"<span class=sf-dump-str title=\"6 characters\">983.37</span>\"
    \"<span class=sf-dump-key>due_date</span>\" => \"<span class=sf-dump-str title=\"10 characters\">07/30/2025</span>\"
    \"<span class=sf-dump-key>paid_amount</span>\" => \"<span class=sf-dump-str>0</span>\"
    \"<span class=sf-dump-key>is_paid</span>\" => <span class=sf-dump-num>0</span>
    \"<span class=sf-dump-key>status</span>\" => \"<span class=sf-dump-str>3</span>\"
    \"<span class=sf-dump-key>accrued</span>\" => <span class=sf-dump-num>0</span>
    \"<span class=sf-dump-key>remarks</span>\" => \"\"
  </samp>]
</samp>]
</pre><script>Sfdump(\"sf-dump-339333255\", {\"maxDepth\":3,\"maxStringLength\":160})</script>
","TOTAL_INTEREST":"<pre class=sf-dump id=sf-dump-1400294827 data-indent-pad=\"  \"><span class=sf-dump-num>1800.0</span>
</pre><script>Sfdump(\"sf-dump-1400294827\", {\"maxDepth\":3,\"maxStringLength\":160})</script>
","TOTAL_AMOUNT_DUE":"<pre class=sf-dump id=sf-dump-1844360498 data-indent-pad=\"  \"><span class=sf-dump-num>11800.0</span>
</pre><script>Sfdump(\"sf-dump-1844360498\", {\"maxDepth\":3,\"maxStringLength\":160})</script>
","TOTAL_PAID_AMOUNT":"<pre class=sf-dump id=sf-dump-545513708 data-indent-pad=\"  \"><span class=sf-dump-num>0</span>
</pre><script>Sfdump(\"sf-dump-545513708\", {\"maxDepth\":3,\"maxStringLength\":160})</script>
","CURRENT_LOAN_BALANCE":"<pre class=sf-dump id=sf-dump-2099932110 data-indent-pad=\"  \"><span class=sf-dump-num>11800.0</span>
</pre><script>Sfdump(\"sf-dump-2099932110\", {\"maxDepth\":3,\"maxStringLength\":160})</script>
","loan":"<pre class=sf-dump id=sf-dump-543948916 data-indent-pad=\"  \"><span class=sf-dump-note>array:26</span> [<samp data-depth=1 class=sf-dump-expanded>
  \"<span class=sf-dump-key>service_details</span>\" => {<a class=sf-dump-ref>#787</a><samp data-depth=2 class=sf-dump-compact>
    +\"<span class=sf-dump-public title=\"Runtime added dynamic property\">id_loan</span>\": <span class=sf-dump-num>1510</span>
    +\"<span class=sf-dump-public title=\"Runtime added dynamic property\">loan_token</span>\": \"<span class=sf-dump-str title=\"23 characters\">11292024143240577301269</span>\"
    +\"<span class=sf-dump-public title=\"Runtime added dynamic property\">name</span>\": \"<span class=sf-dump-str title=\"32 characters\">Members-Regular Loan | 12 MONTHS</span>\"
    +\"<span class=sf-dump-public title=\"Runtime added dynamic property\">id_loan_service</span>\": <span class=sf-dump-num>11</span>
    +\"<span class=sf-dump-public title=\"Runtime added dynamic property\">interest_rate</span>\": \"<span class=sf-dump-str title=\"4 characters\">1.50</span>\"
    +\"<span class=sf-dump-public title=\"Runtime added dynamic property\">terms</span>\": <span class=sf-dump-num>12</span>
    +\"<span class=sf-dump-public title=\"Runtime added dynamic property\">period</span>\": <span class=sf-dump-const>null</span>
    +\"<span class=sf-dump-public title=\"Runtime added dynamic property\">cbu_amount</span>\": <span class=sf-dump-num>0.0</span>
    +\"<span class=sf-dump-public title=\"Runtime added dynamic property\">is_deduct_cbu</span>\": <span class=sf-dump-num>0</span>
    +\"<span class=sf-dump-public title=\"Runtime added dynamic property\">principal_amount</span>\": \"<span class=sf-dump-str title=\"8 characters\">10000.00</span>\"
    +\"<span class=sf-dump-public title=\"Runtime added dynamic property\">loan_protection_rate</span>\": \"<span class=sf-dump-str title=\"4 characters\">0.00</span>\"
    +\"<span class=sf-dump-public title=\"Runtime added dynamic property\">id_term_period</span>\": <span class=sf-dump-num>3</span>
    +\"<span class=sf-dump-public title=\"Runtime added dynamic property\">id_interest_period</span>\": <span class=sf-dump-num>3</span>
    +\"<span class=sf-dump-public title=\"Runtime added dynamic property\">id_interest_method</span>\": <span class=sf-dump-num>1</span>
    +\"<span class=sf-dump-public title=\"Runtime added dynamic property\">terms_desc</span>\": \"<span class=sf-dump-str title=\"9 characters\">12 Months</span>\"
    +\"<span class=sf-dump-public title=\"Runtime added dynamic property\">terms_token</span>\": \"<span class=sf-dump-str title=\"18 characters\">153813854066d865c9</span>\"
    +\"<span class=sf-dump-public title=\"Runtime added dynamic property\">min_amount</span>\": \"<span class=sf-dump-str title=\"7 characters\">1000.00</span>\"
    +\"<span class=sf-dump-public title=\"Runtime added dynamic property\">max_amount</span>\": \"<span class=sf-dump-str title=\"9 characters\">200000.00</span>\"
    +\"<span class=sf-dump-public title=\"Runtime added dynamic property\">id_loan_payment_type</span>\": <span class=sf-dump-num>1</span>
    +\"<span class=sf-dump-public title=\"Runtime added dynamic property\">due_date</span>\": <span class=sf-dump-const>null</span>
    +\"<span class=sf-dump-public title=\"Runtime added dynamic property\">id_member</span>\": <span class=sf-dump-num>6</span>
    +\"<span class=sf-dump-public title=\"Runtime added dynamic property\">id_charges_group</span>\": <span class=sf-dump-num>5</span>
    +\"<span class=sf-dump-public title=\"Runtime added dynamic property\">loan_protection_amount</span>\": \"<span class=sf-dump-str title=\"4 characters\">0.00</span>\"
    +\"<span class=sf-dump-public title=\"Runtime added dynamic property\">cbu_deficient</span>\": \"<span class=sf-dump-str title=\"4 characters\">0.00</span>\"
    +\"<span class=sf-dump-public title=\"Runtime added dynamic property\">total_deductions</span>\": \"<span class=sf-dump-str title=\"4 characters\">0.00</span>\"
    +\"<span class=sf-dump-public title=\"Runtime added dynamic property\">not_deducted_charges</span>\": \"<span class=sf-dump-str title=\"4 characters\">0.00</span>\"
    +\"<span class=sf-dump-public title=\"Runtime added dynamic property\">total_loan_proceeds</span>\": \"<span class=sf-dump-str title=\"8 characters\">10000.00</span>\"
    +\"<span class=sf-dump-public title=\"Runtime added dynamic property\">status</span>\": \"<span class=sf-dump-str>3</span>\"
    +\"<span class=sf-dump-public title=\"Runtime added dynamic property\">loan_remarks</span>\": \"\"
    +\"<span class=sf-dump-public title=\"Runtime added dynamic property\">loan_status</span>\": \"<span class=sf-dump-str title=\"6 characters\">Active</span>\"
    +\"<span class=sf-dump-public title=\"Runtime added dynamic property\">status_code</span>\": \"<span class=sf-dump-str>3</span>\"
    +\"<span class=sf-dump-public title=\"Runtime added dynamic property\">cancellation_reason</span>\": <span class=sf-dump-const>null</span>
    +\"<span class=sf-dump-public title=\"Runtime added dynamic property\">prev_loan_balance</span>\": \"<span class=sf-dump-str title=\"4 characters\">0.00</span>\"
    +\"<span class=sf-dump-public title=\"Runtime added dynamic property\">prev_loan_rebates</span>\": \"<span class=sf-dump-str title=\"4 characters\">0.00</span>\"
    +\"<span class=sf-dump-public title=\"Runtime added dynamic property\">lstatus</span>\": <span class=sf-dump-num>1</span>
    +\"<span class=sf-dump-public title=\"Runtime added dynamic property\">id_cash_disbursement</span>\": <span class=sf-dump-num>0</span>
    +\"<span class=sf-dump-public title=\"Runtime added dynamic property\">paid_principal</span>\": \"<span class=sf-dump-str title=\"4 characters\">0.00</span>\"
    +\"<span class=sf-dump-public title=\"Runtime added dynamic property\">paid_interest</span>\": \"<span class=sf-dump-str title=\"4 characters\">0.00</span>\"
    +\"<span class=sf-dump-public title=\"Runtime added dynamic property\">paid_fees</span>\": \"<span class=sf-dump-str title=\"4 characters\">0.00</span>\"
    +\"<span class=sf-dump-public title=\"Runtime added dynamic property\">date_released</span>\": \"<span class=sf-dump-str title=\"10 characters\">2024-07-23</span>\"
    +\"<span class=sf-dump-public title=\"Runtime added dynamic property\">date_granted</span>\": \"<span class=sf-dump-str title=\"10 characters\">07/23/2024</span>\"
    +\"<span class=sf-dump-public title=\"Runtime added dynamic property\">month_duration</span>\": <span class=sf-dump-num>1</span>
    +\"<span class=sf-dump-public title=\"Runtime added dynamic property\">interest_show</span>\": \"<span class=sf-dump-str title=\"4 characters\">0.00</span>\"
    +\"<span class=sf-dump-public title=\"Runtime added dynamic property\">id_one_time_type</span>\": <span class=sf-dump-num>0</span>
  </samp>}
  \"<span class=sf-dump-key>member_details</span>\" => {<a class=sf-dump-ref>#778</a><samp data-depth=2 class=sf-dump-compact>
    +\"<span class=sf-dump-public title=\"Runtime added dynamic property\">name</span>\": \"<span class=sf-dump-str title=\"16 characters\">LAGUNDAY, DELIA </span>\"
  </samp>}
  \"<span class=sf-dump-key>OTHER_DEDUCTIONS</span>\" => []
  \"<span class=sf-dump-key>CBU_DEFICIENT_AMOUNT</span>\" => \"<span class=sf-dump-str title=\"4 characters\">0.00</span>\"
  \"<span class=sf-dump-key>DEDUCTED_CHARGES</span>\" => []
  \"<span class=sf-dump-key>PREV_LOAN_OFFSET</span>\" => []
  \"<span class=sf-dump-key>TOTAL_LOAN_OFFSET_REBATES</span>\" => <span class=sf-dump-num>0</span>
  \"<span class=sf-dump-key>TOTAL_LOAN_OFFSET</span>\" => <span class=sf-dump-num>0</span>
  \"<span class=sf-dump-key>LOAN_BALANCE</span>\" => \"<span class=sf-dump-str title=\"4 characters\">0.00</span>\"
  \"<span class=sf-dump-key>REBATES</span>\" => \"<span class=sf-dump-str title=\"4 characters\">0.00</span>\"
  \"<span class=sf-dump-key>TOTAL_LOAN_BALANCE</span>\" => <span class=sf-dump-num>0.0</span>
  \"<span class=sf-dump-key>TOTAL_DEDUCTED_CHARGES</span>\" => \"<span class=sf-dump-str title=\"4 characters\">0.00</span>\"
  \"<span class=sf-dump-key>PRINCIPAL_AMOUNT</span>\" => \"<span class=sf-dump-str title=\"8 characters\">10000.00</span>\"
  \"<span class=sf-dump-key>TOTAL_NOT_DEDUCTED_CHARGES</span>\" => \"<span class=sf-dump-str title=\"4 characters\">0.00</span>\"
  \"<span class=sf-dump-key>TOTAL_LOAN_PROCEED</span>\" => \"<span class=sf-dump-str title=\"8 characters\">10000.00</span>\"
  \"<span class=sf-dump-key>AMTZ_SCHED</span>\" => <span class=sf-dump-note>array:12</span> [<samp data-depth=2 class=sf-dump-compact>
    <span class=sf-dump-index>0</span> => {<a class=sf-dump-ref>#782</a><samp data-depth=3 class=sf-dump-compact>
      +\"<span class=sf-dump-public title=\"Runtime added dynamic property\">term_code</span>\": \"<span class=sf-dump-str title=\"2 characters\">P1</span>\"
      +\"<span class=sf-dump-public title=\"Runtime added dynamic property\">date</span>\": \"<span class=sf-dump-str title=\"10 characters\">08/30/2024</span>\"
      +\"<span class=sf-dump-public title=\"Runtime added dynamic property\">principal</span>\": \"<span class=sf-dump-str title=\"6 characters\">833.33</span>\"
      +\"<span class=sf-dump-public title=\"Runtime added dynamic property\">interest</span>\": \"<span class=sf-dump-str title=\"6 characters\">150.00</span>\"
      +\"<span class=sf-dump-public title=\"Runtime added dynamic property\">surcharge</span>\": \"<span class=sf-dump-str title=\"4 characters\">0.00</span>\"
      +\"<span class=sf-dump-public title=\"Runtime added dynamic property\">total</span>\": \"<span class=sf-dump-str title=\"6 characters\">983.33</span>\"
      +\"<span class=sf-dump-public title=\"Runtime added dynamic property\">accrued</span>\": <span class=sf-dump-num>0</span>
    </samp>}
    <span class=sf-dump-index>1</span> => {<a class=sf-dump-ref>#777</a><samp data-depth=3 class=sf-dump-compact>
      +\"<span class=sf-dump-public title=\"Runtime added dynamic property\">term_code</span>\": \"<span class=sf-dump-str title=\"2 characters\">P2</span>\"
      +\"<span class=sf-dump-public title=\"Runtime added dynamic property\">date</span>\": \"<span class=sf-dump-str title=\"10 characters\">09/30/2024</span>\"
      +\"<span class=sf-dump-public title=\"Runtime added dynamic property\">principal</span>\": \"<span class=sf-dump-str title=\"6 characters\">833.33</span>\"
      +\"<span class=sf-dump-public title=\"Runtime added dynamic property\">interest</span>\": \"<span class=sf-dump-str title=\"6 characters\">150.00</span>\"
      +\"<span class=sf-dump-public title=\"Runtime added dynamic property\">surcharge</span>\": \"<span class=sf-dump-str title=\"4 characters\">0.00</span>\"
      +\"<span class=sf-dump-public title=\"Runtime added dynamic property\">total</span>\": \"<span class=sf-dump-str title=\"6 characters\">983.33</span>\"
      +\"<span class=sf-dump-public title=\"Runtime added dynamic property\">accrued</span>\": <span class=sf-dump-num>0</span>
    </samp>}
    <span class=sf-dump-index>2</span> => {<a class=sf-dump-ref>#781</a><samp data-depth=3 class=sf-dump-compact>
      +\"<span class=sf-dump-public title=\"Runtime added dynamic property\">term_code</span>\": \"<span class=sf-dump-str title=\"2 characters\">P3</span>\"
      +\"<span class=sf-dump-public title=\"Runtime added dynamic property\">date</span>\": \"<span class=sf-dump-str title=\"10 characters\">10/30/2024</span>\"
      +\"<span class=sf-dump-public title=\"Runtime added dynamic property\">principal</span>\": \"<span class=sf-dump-str title=\"6 characters\">833.33</span>\"
      +\"<span class=sf-dump-public title=\"Runtime added dynamic property\">interest</span>\": \"<span class=sf-dump-str title=\"6 characters\">150.00</span>\"
      +\"<span class=sf-dump-public title=\"Runtime added dynamic property\">surcharge</span>\": \"<span class=sf-dump-str title=\"4 characters\">0.00</span>\"
      +\"<span class=sf-dump-public title=\"Runtime added dynamic property\">total</span>\": \"<span class=sf-dump-str title=\"6 characters\">983.33</span>\"
      +\"<span class=sf-dump-public title=\"Runtime added dynamic property\">accrued</span>\": <span class=sf-dump-num>0</span>
    </samp>}
    <span class=sf-dump-index>3</span> => {<a class=sf-dump-ref>#790</a><samp data-depth=3 class=sf-dump-compact>
      +\"<span class=sf-dump-public title=\"Runtime added dynamic property\">term_code</span>\": \"<span class=sf-dump-str title=\"2 characters\">P4</span>\"
      +\"<span class=sf-dump-public title=\"Runtime added dynamic property\">date</span>\": \"<span class=sf-dump-str title=\"10 characters\">11/30/2024</span>\"
      +\"<span class=sf-dump-public title=\"Runtime added dynamic property\">principal</span>\": \"<span class=sf-dump-str title=\"6 characters\">833.33</span>\"
      +\"<span class=sf-dump-public title=\"Runtime added dynamic property\">interest</span>\": \"<span class=sf-dump-str title=\"6 characters\">150.00</span>\"
      +\"<span class=sf-dump-public title=\"Runtime added dynamic property\">surcharge</span>\": \"<span class=sf-dump-str title=\"4 characters\">0.00</span>\"
      +\"<span class=sf-dump-public title=\"Runtime added dynamic property\">total</span>\": \"<span class=sf-dump-str title=\"6 characters\">983.33</span>\"
      +\"<span class=sf-dump-public title=\"Runtime added dynamic property\">accrued</span>\": <span class=sf-dump-num>0</span>
    </samp>}
    <span class=sf-dump-index>4</span> => {<a class=sf-dump-ref>#793</a><samp data-depth=3 class=sf-dump-compact>
      +\"<span class=sf-dump-public title=\"Runtime added dynamic property\">term_code</span>\": \"<span class=sf-dump-str title=\"2 characters\">P5</span>\"
      +\"<span class=sf-dump-public title=\"Runtime added dynamic property\">date</span>\": \"<span class=sf-dump-str title=\"10 characters\">12/30/2024</span>\"
      +\"<span class=sf-dump-public title=\"Runtime added dynamic property\">principal</span>\": \"<span class=sf-dump-str title=\"6 characters\">833.33</span>\"
      +\"<span class=sf-dump-public title=\"Runtime added dynamic property\">interest</span>\": \"<span class=sf-dump-str title=\"6 characters\">150.00</span>\"
      +\"<span class=sf-dump-public title=\"Runtime added dynamic property\">surcharge</span>\": \"<span class=sf-dump-str title=\"4 characters\">0.00</span>\"
      +\"<span class=sf-dump-public title=\"Runtime added dynamic property\">total</span>\": \"<span class=sf-dump-str title=\"6 characters\">983.33</span>\"
      +\"<span class=sf-dump-public title=\"Runtime added dynamic property\">accrued</span>\": <span class=sf-dump-num>0</span>
    </samp>}
    <span class=sf-dump-index>5</span> => {<a class=sf-dump-ref>#795</a><samp data-depth=3 class=sf-dump-compact>
      +\"<span class=sf-dump-public title=\"Runtime added dynamic property\">term_code</span>\": \"<span class=sf-dump-str title=\"2 characters\">P6</span>\"
      +\"<span class=sf-dump-public title=\"Runtime added dynamic property\">date</span>\": \"<span class=sf-dump-str title=\"10 characters\">01/30/2025</span>\"
      +\"<span class=sf-dump-public title=\"Runtime added dynamic property\">principal</span>\": \"<span class=sf-dump-str title=\"6 characters\">833.33</span>\"
      +\"<span class=sf-dump-public title=\"Runtime added dynamic property\">interest</span>\": \"<span class=sf-dump-str title=\"6 characters\">150.00</span>\"
      +\"<span class=sf-dump-public title=\"Runtime added dynamic property\">surcharge</span>\": \"<span class=sf-dump-str title=\"4 characters\">0.00</span>\"
      +\"<span class=sf-dump-public title=\"Runtime added dynamic property\">total</span>\": \"<span class=sf-dump-str title=\"6 characters\">983.33</span>\"
      +\"<span class=sf-dump-public title=\"Runtime added dynamic property\">accrued</span>\": <span class=sf-dump-num>0</span>
    </samp>}
    <span class=sf-dump-index>6</span> => {<a class=sf-dump-ref>#798</a><samp data-depth=3 class=sf-dump-compact>
      +\"<span class=sf-dump-public title=\"Runtime added dynamic property\">term_code</span>\": \"<span class=sf-dump-str title=\"2 characters\">P7</span>\"
      +\"<span class=sf-dump-public title=\"Runtime added dynamic property\">date</span>\": \"<span class=sf-dump-str title=\"10 characters\">02/28/2025</span>\"
      +\"<span class=sf-dump-public title=\"Runtime added dynamic property\">principal</span>\": \"<span class=sf-dump-str title=\"6 characters\">833.33</span>\"
      +\"<span class=sf-dump-public title=\"Runtime added dynamic property\">interest</span>\": \"<span class=sf-dump-str title=\"6 characters\">150.00</span>\"
      +\"<span class=sf-dump-public title=\"Runtime added dynamic property\">surcharge</span>\": \"<span class=sf-dump-str title=\"4 characters\">0.00</span>\"
      +\"<span class=sf-dump-public title=\"Runtime added dynamic property\">total</span>\": \"<span class=sf-dump-str title=\"6 characters\">983.33</span>\"
      +\"<span class=sf-dump-public title=\"Runtime added dynamic property\">accrued</span>\": <span class=sf-dump-num>0</span>
    </samp>}
    <span class=sf-dump-index>7</span> => {<a class=sf-dump-ref>#796</a><samp data-depth=3 class=sf-dump-compact>
      +\"<span class=sf-dump-public title=\"Runtime added dynamic property\">term_code</span>\": \"<span class=sf-dump-str title=\"2 characters\">P8</span>\"
      +\"<span class=sf-dump-public title=\"Runtime added dynamic property\">date</span>\": \"<span class=sf-dump-str title=\"10 characters\">03/30/2025</span>\"
      +\"<span class=sf-dump-public title=\"Runtime added dynamic property\">principal</span>\": \"<span class=sf-dump-str title=\"6 characters\">833.33</span>\"
      +\"<span class=sf-dump-public title=\"Runtime added dynamic property\">interest</span>\": \"<span class=sf-dump-str title=\"6 characters\">150.00</span>\"
      +\"<span class=sf-dump-public title=\"Runtime added dynamic property\">surcharge</span>\": \"<span class=sf-dump-str title=\"4 characters\">0.00</span>\"
      +\"<span class=sf-dump-public title=\"Runtime added dynamic property\">total</span>\": \"<span class=sf-dump-str title=\"6 characters\">983.33</span>\"
      +\"<span class=sf-dump-public title=\"Runtime added dynamic property\">accrued</span>\": <span class=sf-dump-num>0</span>
    </samp>}
    <span class=sf-dump-index>8</span> => {<a class=sf-dump-ref>#800</a><samp data-depth=3 class=sf-dump-compact>
      +\"<span class=sf-dump-public title=\"Runtime added dynamic property\">term_code</span>\": \"<span class=sf-dump-str title=\"2 characters\">P9</span>\"
      +\"<span class=sf-dump-public title=\"Runtime added dynamic property\">date</span>\": \"<span class=sf-dump-str title=\"10 characters\">04/30/2025</span>\"
      +\"<span class=sf-dump-public title=\"Runtime added dynamic property\">principal</span>\": \"<span class=sf-dump-str title=\"6 characters\">833.33</span>\"
      +\"<span class=sf-dump-public title=\"Runtime added dynamic property\">interest</span>\": \"<span class=sf-dump-str title=\"6 characters\">150.00</span>\"
      +\"<span class=sf-dump-public title=\"Runtime added dynamic property\">surcharge</span>\": \"<span class=sf-dump-str title=\"4 characters\">0.00</span>\"
      +\"<span class=sf-dump-public title=\"Runtime added dynamic property\">total</span>\": \"<span class=sf-dump-str title=\"6 characters\">983.33</span>\"
      +\"<span class=sf-dump-public title=\"Runtime added dynamic property\">accrued</span>\": <span class=sf-dump-num>0</span>
    </samp>}
    <span class=sf-dump-index>9</span> => {<a class=sf-dump-ref>#801</a><samp data-depth=3 class=sf-dump-compact>
      +\"<span class=sf-dump-public title=\"Runtime added dynamic property\">term_code</span>\": \"<span class=sf-dump-str title=\"3 characters\">P10</span>\"
      +\"<span class=sf-dump-public title=\"Runtime added dynamic property\">date</span>\": \"<span class=sf-dump-str title=\"10 characters\">05/30/2025</span>\"
      +\"<span class=sf-dump-public title=\"Runtime added dynamic property\">principal</span>\": \"<span class=sf-dump-str title=\"6 characters\">833.33</span>\"
      +\"<span class=sf-dump-public title=\"Runtime added dynamic property\">interest</span>\": \"<span class=sf-dump-str title=\"6 characters\">150.00</span>\"
      +\"<span class=sf-dump-public title=\"Runtime added dynamic property\">surcharge</span>\": \"<span class=sf-dump-str title=\"4 characters\">0.00</span>\"
      +\"<span class=sf-dump-public title=\"Runtime added dynamic property\">total</span>\": \"<span class=sf-dump-str title=\"6 characters\">983.33</span>\"
      +\"<span class=sf-dump-public title=\"Runtime added dynamic property\">accrued</span>\": <span class=sf-dump-num>0</span>
    </samp>}
    <span class=sf-dump-index>10</span> => {<a class=sf-dump-ref>#802</a><samp data-depth=3 class=sf-dump-compact>
      +\"<span class=sf-dump-public title=\"Runtime added dynamic property\">term_code</span>\": \"<span class=sf-dump-str title=\"3 characters\">P11</span>\"
      +\"<span class=sf-dump-public title=\"Runtime added dynamic property\">date</span>\": \"<span class=sf-dump-str title=\"10 characters\">06/30/2025</span>\"
      +\"<span class=sf-dump-public title=\"Runtime added dynamic property\">principal</span>\": \"<span class=sf-dump-str title=\"6 characters\">833.33</span>\"
      +\"<span class=sf-dump-public title=\"Runtime added dynamic property\">interest</span>\": \"<span class=sf-dump-str title=\"6 characters\">150.00</span>\"
      +\"<span class=sf-dump-public title=\"Runtime added dynamic property\">surcharge</span>\": \"<span class=sf-dump-str title=\"4 characters\">0.00</span>\"
      +\"<span class=sf-dump-public title=\"Runtime added dynamic property\">total</span>\": \"<span class=sf-dump-str title=\"6 characters\">983.33</span>\"
      +\"<span class=sf-dump-public title=\"Runtime added dynamic property\">accrued</span>\": <span class=sf-dump-num>0</span>
    </samp>}
    <span class=sf-dump-index>11</span> => {<a class=sf-dump-ref>#799</a><samp data-depth=3 class=sf-dump-compact>
      +\"<span class=sf-dump-public title=\"Runtime added dynamic property\">term_code</span>\": \"<span class=sf-dump-str title=\"3 characters\">P12</span>\"
      +\"<span class=sf-dump-public title=\"Runtime added dynamic property\">date</span>\": \"<span class=sf-dump-str title=\"10 characters\">07/30/2025</span>\"
      +\"<span class=sf-dump-public title=\"Runtime added dynamic property\">principal</span>\": \"<span class=sf-dump-str title=\"6 characters\">833.37</span>\"
      +\"<span class=sf-dump-public title=\"Runtime added dynamic property\">interest</span>\": \"<span class=sf-dump-str title=\"6 characters\">150.00</span>\"
      +\"<span class=sf-dump-public title=\"Runtime added dynamic property\">surcharge</span>\": \"<span class=sf-dump-str title=\"4 characters\">0.00</span>\"
      +\"<span class=sf-dump-public title=\"Runtime added dynamic property\">total</span>\": \"<span class=sf-dump-str title=\"6 characters\">983.37</span>\"
      +\"<span class=sf-dump-public title=\"Runtime added dynamic property\">accrued</span>\": <span class=sf-dump-num>0</span>
    </samp>}
  </samp>]
  \"<span class=sf-dump-key>AMTZ_PAYMENT</span>\" => []
  \"<span class=sf-dump-key>REPAYMENT_TABLE</span>\" => []
  \"<span class=sf-dump-key>CURRENT_DUE</span>\" => {<a class=sf-dump-ref>#808</a><samp data-depth=2 class=sf-dump-compact>
    +\"<span class=sf-dump-public title=\"Runtime added dynamic property\">cur_date</span>\": \"<span class=sf-dump-str title=\"17 characters\">December 09, 2025</span>\"
    +\"<span class=sf-dump-public title=\"Runtime added dynamic property\">prin</span>\": \"<span class=sf-dump-str title=\"8 characters\">10000.00</span>\"
    +\"<span class=sf-dump-public title=\"Runtime added dynamic property\">interest</span>\": \"<span class=sf-dump-str title=\"7 characters\">1800.00</span>\"
    +\"<span class=sf-dump-public title=\"Runtime added dynamic property\">fees</span>\": \"<span class=sf-dump-str title=\"4 characters\">0.00</span>\"
    +\"<span class=sf-dump-public title=\"Runtime added dynamic property\">surcharge</span>\": \"<span class=sf-dump-str title=\"4 characters\">0.00</span>\"
  </samp>}
  \"<span class=sf-dump-key>TOTAL_DUE</span>\" => <span class=sf-dump-num>11800.0</span>
  \"<span class=sf-dump-key>repaymentCount</span>\" => <span class=sf-dump-num>12</span>
  \"<span class=sf-dump-key>LOAN_TABLE</span>\" => <span class=sf-dump-note>array:12</span> [<samp data-depth=2 class=sf-dump-compact>
    <span class=sf-dump-index>0</span> => <span class=sf-dump-note>array:12</span> [<samp data-depth=3 class=sf-dump-compact>
      \"<span class=sf-dump-key>count</span>\" => <span class=sf-dump-num>1</span>
      \"<span class=sf-dump-key>term_code</span>\" => \"<span class=sf-dump-str title=\"2 characters\">P1</span>\"
      \"<span class=sf-dump-key>repayment_amount</span>\" => \"<span class=sf-dump-str title=\"6 characters\">833.33</span>\"
      \"<span class=sf-dump-key>interest_amount</span>\" => \"<span class=sf-dump-str title=\"6 characters\">150.00</span>\"
      \"<span class=sf-dump-key>fees</span>\" => \"<span class=sf-dump-str title=\"4 characters\">0.00</span>\"
      \"<span class=sf-dump-key>total_due</span>\" => \"<span class=sf-dump-str title=\"6 characters\">983.33</span>\"
      \"<span class=sf-dump-key>due_date</span>\" => \"<span class=sf-dump-str title=\"10 characters\">08/30/2024</span>\"
      \"<span class=sf-dump-key>paid_amount</span>\" => \"<span class=sf-dump-str>0</span>\"
      \"<span class=sf-dump-key>is_paid</span>\" => <span class=sf-dump-num>0</span>
      \"<span class=sf-dump-key>status</span>\" => \"<span class=sf-dump-str>3</span>\"
      \"<span class=sf-dump-key>accrued</span>\" => <span class=sf-dump-num>0</span>
      \"<span class=sf-dump-key>remarks</span>\" => \"\"
    </samp>]
    <span class=sf-dump-index>1</span> => <span class=sf-dump-note>array:12</span> [<samp data-depth=3 class=sf-dump-compact>
      \"<span class=sf-dump-key>count</span>\" => <span class=sf-dump-num>2</span>
      \"<span class=sf-dump-key>term_code</span>\" => \"<span class=sf-dump-str title=\"2 characters\">P2</span>\"
      \"<span class=sf-dump-key>repayment_amount</span>\" => \"<span class=sf-dump-str title=\"6 characters\">833.33</span>\"
      \"<span class=sf-dump-key>interest_amount</span>\" => \"<span class=sf-dump-str title=\"6 characters\">150.00</span>\"
      \"<span class=sf-dump-key>fees</span>\" => \"<span class=sf-dump-str title=\"4 characters\">0.00</span>\"
      \"<span class=sf-dump-key>total_due</span>\" => \"<span class=sf-dump-str title=\"6 characters\">983.33</span>\"
      \"<span class=sf-dump-key>due_date</span>\" => \"<span class=sf-dump-str title=\"10 characters\">09/30/2024</span>\"
      \"<span class=sf-dump-key>paid_amount</span>\" => \"<span class=sf-dump-str>0</span>\"
      \"<span class=sf-dump-key>is_paid</span>\" => <span class=sf-dump-num>0</span>
      \"<span class=sf-dump-key>status</span>\" => \"<span class=sf-dump-str>3</span>\"
      \"<span class=sf-dump-key>accrued</span>\" => <span class=sf-dump-num>0</span>
      \"<span class=sf-dump-key>remarks</span>\" => \"\"
    </samp>]
    <span class=sf-dump-index>2</span> => <span class=sf-dump-note>array:12</span> [<samp data-depth=3 class=sf-dump-compact>
      \"<span class=sf-dump-key>count</span>\" => <span class=sf-dump-num>3</span>
      \"<span class=sf-dump-key>term_code</span>\" => \"<span class=sf-dump-str title=\"2 characters\">P3</span>\"
      \"<span class=sf-dump-key>repayment_amount</span>\" => \"<span class=sf-dump-str title=\"6 characters\">833.33</span>\"
      \"<span class=sf-dump-key>interest_amount</span>\" => \"<span class=sf-dump-str title=\"6 characters\">150.00</span>\"
      \"<span class=sf-dump-key>fees</span>\" => \"<span class=sf-dump-str title=\"4 characters\">0.00</span>\"
      \"<span class=sf-dump-key>total_due</span>\" => \"<span class=sf-dump-str title=\"6 characters\">983.33</span>\"
      \"<span class=sf-dump-key>due_date</span>\" => \"<span class=sf-dump-str title=\"10 characters\">10/30/2024</span>\"
      \"<span class=sf-dump-key>paid_amount</span>\" => \"<span class=sf-dump-str>0</span>\"
      \"<span class=sf-dump-key>is_paid</span>\" => <span class=sf-dump-num>0</span>
      \"<span class=sf-dump-key>status</span>\" => \"<span class=sf-dump-str>3</span>\"
      \"<span class=sf-dump-key>accrued</span>\" => <span class=sf-dump-num>0</span>
      \"<span class=sf-dump-key>remarks</span>\" => \"\"
    </samp>]
    <span class=sf-dump-index>3</span> => <span class=sf-dump-note>array:12</span> [<samp data-depth=3 class=sf-dump-compact>
      \"<span class=sf-dump-key>count</span>\" => <span class=sf-dump-num>4</span>
      \"<span class=sf-dump-key>term_code</span>\" => \"<span class=sf-dump-str title=\"2 characters\">P4</span>\"
      \"<span class=sf-dump-key>repayment_amount</span>\" => \"<span class=sf-dump-str title=\"6 characters\">833.33</span>\"
      \"<span class=sf-dump-key>interest_amount</span>\" => \"<span class=sf-dump-str title=\"6 characters\">150.00</span>\"
      \"<span class=sf-dump-key>fees</span>\" => \"<span class=sf-dump-str title=\"4 characters\">0.00</span>\"
      \"<span class=sf-dump-key>total_due</span>\" => \"<span class=sf-dump-str title=\"6 characters\">983.33</span>\"
      \"<span class=sf-dump-key>due_date</span>\" => \"<span class=sf-dump-str title=\"10 characters\">11/30/2024</span>\"
      \"<span class=sf-dump-key>paid_amount</span>\" => \"<span class=sf-dump-str>0</span>\"
      \"<span class=sf-dump-key>is_paid</span>\" => <span class=sf-dump-num>0</span>
      \"<span class=sf-dump-key>status</span>\" => \"<span class=sf-dump-str>3</span>\"
      \"<span class=sf-dump-key>accrued</span>\" => <span class=sf-dump-num>0</span>
      \"<span class=sf-dump-key>remarks</span>\" => \"\"
    </samp>]
    <span class=sf-dump-index>4</span> => <span class=sf-dump-note>array:12</span> [<samp data-depth=3 class=sf-dump-compact>
      \"<span class=sf-dump-key>count</span>\" => <span class=sf-dump-num>5</span>
      \"<span class=sf-dump-key>term_code</span>\" => \"<span class=sf-dump-str title=\"2 characters\">P5</span>\"
      \"<span class=sf-dump-key>repayment_amount</span>\" => \"<span class=sf-dump-str title=\"6 characters\">833.33</span>\"
      \"<span class=sf-dump-key>interest_amount</span>\" => \"<span class=sf-dump-str title=\"6 characters\">150.00</span>\"
      \"<span class=sf-dump-key>fees</span>\" => \"<span class=sf-dump-str title=\"4 characters\">0.00</span>\"
      \"<span class=sf-dump-key>total_due</span>\" => \"<span class=sf-dump-str title=\"6 characters\">983.33</span>\"
      \"<span class=sf-dump-key>due_date</span>\" => \"<span class=sf-dump-str title=\"10 characters\">12/30/2024</span>\"
      \"<span class=sf-dump-key>paid_amount</span>\" => \"<span class=sf-dump-str>0</span>\"
      \"<span class=sf-dump-key>is_paid</span>\" => <span class=sf-dump-num>0</span>
      \"<span class=sf-dump-key>status</span>\" => \"<span class=sf-dump-str>3</span>\"
      \"<span class=sf-dump-key>accrued</span>\" => <span class=sf-dump-num>0</span>
      \"<span class=sf-dump-key>remarks</span>\" => \"\"
    </samp>]
    <span class=sf-dump-index>5</span> => <span class=sf-dump-note>array:12</span> [<samp data-depth=3 class=sf-dump-compact>
      \"<span class=sf-dump-key>count</span>\" => <span class=sf-dump-num>6</span>
      \"<span class=sf-dump-key>term_code</span>\" => \"<span class=sf-dump-str title=\"2 characters\">P6</span>\"
      \"<span class=sf-dump-key>repayment_amount</span>\" => \"<span class=sf-dump-str title=\"6 characters\">833.33</span>\"
      \"<span class=sf-dump-key>interest_amount</span>\" => \"<span class=sf-dump-str title=\"6 characters\">150.00</span>\"
      \"<span class=sf-dump-key>fees</span>\" => \"<span class=sf-dump-str title=\"4 characters\">0.00</span>\"
      \"<span class=sf-dump-key>total_due</span>\" => \"<span class=sf-dump-str title=\"6 characters\">983.33</span>\"
      \"<span class=sf-dump-key>due_date</span>\" => \"<span class=sf-dump-str title=\"10 characters\">01/30/2025</span>\"
      \"<span class=sf-dump-key>paid_amount</span>\" => \"<span class=sf-dump-str>0</span>\"
      \"<span class=sf-dump-key>is_paid</span>\" => <span class=sf-dump-num>0</span>
      \"<span class=sf-dump-key>status</span>\" => \"<span class=sf-dump-str>3</span>\"
      \"<span class=sf-dump-key>accrued</span>\" => <span class=sf-dump-num>0</span>
      \"<span class=sf-dump-key>remarks</span>\" => \"\"
    </samp>]
    <span class=sf-dump-index>6</span> => <span class=sf-dump-note>array:12</span> [<samp data-depth=3 class=sf-dump-compact>
      \"<span class=sf-dump-key>count</span>\" => <span class=sf-dump-num>7</span>
      \"<span class=sf-dump-key>term_code</span>\" => \"<span class=sf-dump-str title=\"2 characters\">P7</span>\"
      \"<span class=sf-dump-key>repayment_amount</span>\" => \"<span class=sf-dump-str title=\"6 characters\">833.33</span>\"
      \"<span class=sf-dump-key>interest_amount</span>\" => \"<span class=sf-dump-str title=\"6 characters\">150.00</span>\"
      \"<span class=sf-dump-key>fees</span>\" => \"<span class=sf-dump-str title=\"4 characters\">0.00</span>\"
      \"<span class=sf-dump-key>total_due</span>\" => \"<span class=sf-dump-str title=\"6 characters\">983.33</span>\"
      \"<span class=sf-dump-key>due_date</span>\" => \"<span class=sf-dump-str title=\"10 characters\">02/28/2025</span>\"
      \"<span class=sf-dump-key>paid_amount</span>\" => \"<span class=sf-dump-str>0</span>\"
      \"<span class=sf-dump-key>is_paid</span>\" => <span class=sf-dump-num>0</span>
      \"<span class=sf-dump-key>status</span>\" => \"<span class=sf-dump-str>3</span>\"
      \"<span class=sf-dump-key>accrued</span>\" => <span class=sf-dump-num>0</span>
      \"<span class=sf-dump-key>remarks</span>\" => \"\"
    </samp>]
    <span class=sf-dump-index>7</span> => <span class=sf-dump-note>array:12</span> [<samp data-depth=3 class=sf-dump-compact>
      \"<span class=sf-dump-key>count</span>\" => <span class=sf-dump-num>8</span>
      \"<span class=sf-dump-key>term_code</span>\" => \"<span class=sf-dump-str title=\"2 characters\">P8</span>\"
      \"<span class=sf-dump-key>repayment_amount</span>\" => \"<span class=sf-dump-str title=\"6 characters\">833.33</span>\"
      \"<span class=sf-dump-key>interest_amount</span>\" => \"<span class=sf-dump-str title=\"6 characters\">150.00</span>\"
      \"<span class=sf-dump-key>fees</span>\" => \"<span class=sf-dump-str title=\"4 characters\">0.00</span>\"
      \"<span class=sf-dump-key>total_due</span>\" => \"<span class=sf-dump-str title=\"6 characters\">983.33</span>\"
      \"<span class=sf-dump-key>due_date</span>\" => \"<span class=sf-dump-str title=\"10 characters\">03/30/2025</span>\"
      \"<span class=sf-dump-key>paid_amount</span>\" => \"<span class=sf-dump-str>0</span>\"
      \"<span class=sf-dump-key>is_paid</span>\" => <span class=sf-dump-num>0</span>
      \"<span class=sf-dump-key>status</span>\" => \"<span class=sf-dump-str>3</span>\"
      \"<span class=sf-dump-key>accrued</span>\" => <span class=sf-dump-num>0</span>
      \"<span class=sf-dump-key>remarks</span>\" => \"\"
    </samp>]
    <span class=sf-dump-index>8</span> => <span class=sf-dump-note>array:12</span> [<samp data-depth=3 class=sf-dump-compact>
      \"<span class=sf-dump-key>count</span>\" => <span class=sf-dump-num>9</span>
      \"<span class=sf-dump-key>term_code</span>\" => \"<span class=sf-dump-str title=\"2 characters\">P9</span>\"
      \"<span class=sf-dump-key>repayment_amount</span>\" => \"<span class=sf-dump-str title=\"6 characters\">833.33</span>\"
      \"<span class=sf-dump-key>interest_amount</span>\" => \"<span class=sf-dump-str title=\"6 characters\">150.00</span>\"
      \"<span class=sf-dump-key>fees</span>\" => \"<span class=sf-dump-str title=\"4 characters\">0.00</span>\"
      \"<span class=sf-dump-key>total_due</span>\" => \"<span class=sf-dump-str title=\"6 characters\">983.33</span>\"
      \"<span class=sf-dump-key>due_date</span>\" => \"<span class=sf-dump-str title=\"10 characters\">04/30/2025</span>\"
      \"<span class=sf-dump-key>paid_amount</span>\" => \"<span class=sf-dump-str>0</span>\"
      \"<span class=sf-dump-key>is_paid</span>\" => <span class=sf-dump-num>0</span>
      \"<span class=sf-dump-key>status</span>\" => \"<span class=sf-dump-str>3</span>\"
      \"<span class=sf-dump-key>accrued</span>\" => <span class=sf-dump-num>0</span>
      \"<span class=sf-dump-key>remarks</span>\" => \"\"
    </samp>]
    <span class=sf-dump-index>9</span> => <span class=sf-dump-note>array:12</span> [<samp data-depth=3 class=sf-dump-compact>
      \"<span class=sf-dump-key>count</span>\" => <span class=sf-dump-num>10</span>
      \"<span class=sf-dump-key>term_code</span>\" => \"<span class=sf-dump-str title=\"3 characters\">P10</span>\"
      \"<span class=sf-dump-key>repayment_amount</span>\" => \"<span class=sf-dump-str title=\"6 characters\">833.33</span>\"
      \"<span class=sf-dump-key>interest_amount</span>\" => \"<span class=sf-dump-str title=\"6 characters\">150.00</span>\"
      \"<span class=sf-dump-key>fees</span>\" => \"<span class=sf-dump-str title=\"4 characters\">0.00</span>\"
      \"<span class=sf-dump-key>total_due</span>\" => \"<span class=sf-dump-str title=\"6 characters\">983.33</span>\"
      \"<span class=sf-dump-key>due_date</span>\" => \"<span class=sf-dump-str title=\"10 characters\">05/30/2025</span>\"
      \"<span class=sf-dump-key>paid_amount</span>\" => \"<span class=sf-dump-str>0</span>\"
      \"<span class=sf-dump-key>is_paid</span>\" => <span class=sf-dump-num>0</span>
      \"<span class=sf-dump-key>status</span>\" => \"<span class=sf-dump-str>3</span>\"
      \"<span class=sf-dump-key>accrued</span>\" => <span class=sf-dump-num>0</span>
      \"<span class=sf-dump-key>remarks</span>\" => \"\"
    </samp>]
    <span class=sf-dump-index>10</span> => <span class=sf-dump-note>array:12</span> [<samp data-depth=3 class=sf-dump-compact>
      \"<span class=sf-dump-key>count</span>\" => <span class=sf-dump-num>11</span>
      \"<span class=sf-dump-key>term_code</span>\" => \"<span class=sf-dump-str title=\"3 characters\">P11</span>\"
      \"<span class=sf-dump-key>repayment_amount</span>\" => \"<span class=sf-dump-str title=\"6 characters\">833.33</span>\"
      \"<span class=sf-dump-key>interest_amount</span>\" => \"<span class=sf-dump-str title=\"6 characters\">150.00</span>\"
      \"<span class=sf-dump-key>fees</span>\" => \"<span class=sf-dump-str title=\"4 characters\">0.00</span>\"
      \"<span class=sf-dump-key>total_due</span>\" => \"<span class=sf-dump-str title=\"6 characters\">983.33</span>\"
      \"<span class=sf-dump-key>due_date</span>\" => \"<span class=sf-dump-str title=\"10 characters\">06/30/2025</span>\"
      \"<span class=sf-dump-key>paid_amount</span>\" => \"<span class=sf-dump-str>0</span>\"
      \"<span class=sf-dump-key>is_paid</span>\" => <span class=sf-dump-num>0</span>
      \"<span class=sf-dump-key>status</span>\" => \"<span class=sf-dump-str>3</span>\"
      \"<span class=sf-dump-key>accrued</span>\" => <span class=sf-dump-num>0</span>
      \"<span class=sf-dump-key>remarks</span>\" => \"\"
    </samp>]
    <span class=sf-dump-index>11</span> => <span class=sf-dump-note>array:12</span> [<samp data-depth=3 class=sf-dump-compact>
      \"<span class=sf-dump-key>count</span>\" => <span class=sf-dump-num>12</span>
      \"<span class=sf-dump-key>term_code</span>\" => \"<span class=sf-dump-str title=\"3 characters\">P12</span>\"
      \"<span class=sf-dump-key>repayment_amount</span>\" => \"<span class=sf-dump-str title=\"6 characters\">833.37</span>\"
      \"<span class=sf-dump-key>interest_amount</span>\" => \"<span class=sf-dump-str title=\"6 characters\">150.00</span>\"
      \"<span class=sf-dump-key>fees</span>\" => \"<span class=sf-dump-str title=\"4 characters\">0.00</span>\"
      \"<span class=sf-dump-key>total_due</span>\" => \"<span class=sf-dump-str title=\"6 characters\">983.37</span>\"
      \"<span class=sf-dump-key>due_date</span>\" => \"<span class=sf-dump-str title=\"10 characters\">07/30/2025</span>\"
      \"<span class=sf-dump-key>paid_amount</span>\" => \"<span class=sf-dump-str>0</span>\"
      \"<span class=sf-dump-key>is_paid</span>\" => <span class=sf-dump-num>0</span>
      \"<span class=sf-dump-key>status</span>\" => \"<span class=sf-dump-str>3</span>\"
      \"<span class=sf-dump-key>accrued</span>\" => <span class=sf-dump-num>0</span>
      \"<span class=sf-dump-key>remarks</span>\" => \"\"
    </samp>]
  </samp>]
  \"<span class=sf-dump-key>TOTAL_INTEREST</span>\" => <span class=sf-dump-num>1800.0</span>
  \"<span class=sf-dump-key>TOTAL_AMOUNT_DUE</span>\" => <span class=sf-dump-num>11800.0</span>
  \"<span class=sf-dump-key>TOTAL_PAID_AMOUNT</span>\" => <span class=sf-dump-num>0</span>
  \"<span class=sf-dump-key>CURRENT_LOAN_BALANCE</span>\" => <span class=sf-dump-num>11800.0</span>
</samp>]
</pre><script>Sfdump(\"sf-dump-543948916\", {\"maxDepth\":3,\"maxStringLength\":160})</script>
","for_approval":"<pre class=sf-dump id=sf-dump-1441490342 data-indent-pad=\"  \"><span class=sf-dump-const>false</span>
</pre><script>Sfdump(\"sf-dump-1441490342\", {\"maxDepth\":3,\"maxStringLength\":160})</script>
","show_repayment":"<pre class=sf-dump id=sf-dump-897281998 data-indent-pad=\"  \"><span class=sf-dump-const>true</span>
</pre><script>Sfdump(\"sf-dump-897281998\", {\"maxDepth\":3,\"maxStringLength\":160})</script>
","INVALID_APPLICATION":"<pre class=sf-dump id=sf-dump-1643126163 data-indent-pad=\"  \"><span class=sf-dump-const>false</span>
</pre><script>Sfdump(\"sf-dump-1643126163\", {\"maxDepth\":3,\"maxStringLength\":160})</script>
","ERROR_MESSAGE":"<pre class=sf-dump id=sf-dump-1651755406 data-indent-pad=\"  \">[]
</pre><script>Sfdump(\"sf-dump-1651755406\", {\"maxDepth\":3,\"maxStringLength\":160})</script>
","CBU":"<pre class=sf-dump id=sf-dump-1280679299 data-indent-pad=\"  \"><span class=sf-dump-note>array:2</span> [<samp data-depth=1 class=sf-dump-expanded>
  \"<span class=sf-dump-key>is_capital_buildup_valid</span>\" => <span class=sf-dump-const>true</span>
  \"<span class=sf-dump-key>difference</span>\" => <span class=sf-dump-num>0</span>
</samp>]
</pre><script>Sfdump(\"sf-dump-1280679299\", {\"maxDepth\":3,\"maxStringLength\":160})</script>
","ACCOUNT_CBU":"<pre class=sf-dump id=sf-dump-1290171656 data-indent-pad=\"  \">\"<span class=sf-dump-str title=\"8 characters\">11762.96</span>\"
</pre><script>Sfdump(\"sf-dump-1290171656\", {\"maxDepth\":3,\"maxStringLength\":160})</script>
","net_pays":"<pre class=sf-dump id=sf-dump-1770469897 data-indent-pad=\"  \"><span class=sf-dump-note>Illuminate\\Support\\Collection</span> {<a class=sf-dump-ref>#788</a><samp data-depth=1 class=sf-dump-expanded>
  #<span class=sf-dump-protected title=\"Protected property\">items</span>: []
  #<span class=sf-dump-protected title=\"Protected property\">escapeWhenCastingToString</span>: <span class=sf-dump-const>false</span>
</samp>}
</pre><script>Sfdump(\"sf-dump-1770469897\", {\"maxDepth\":3,\"maxStringLength\":160})</script>
","comakers":"<pre class=sf-dump id=sf-dump-1814872094 data-indent-pad=\"  \"><span class=sf-dump-note>Illuminate\\Support\\Collection</span> {<a class=sf-dump-ref>#803</a><samp data-depth=1 class=sf-dump-expanded>
  #<span class=sf-dump-protected title=\"Protected property\">items</span>: []
  #<span class=sf-dump-protected title=\"Protected property\">escapeWhenCastingToString</span>: <span class=sf-dump-const>false</span>
</samp>}
</pre><script>Sfdump(\"sf-dump-1814872094\", {\"maxDepth\":3,\"maxStringLength\":160})</script>
","other_lendings":"<pre class=sf-dump id=sf-dump-1395372135 data-indent-pad=\"  \"><span class=sf-dump-note>Illuminate\\Support\\Collection</span> {<a class=sf-dump-ref>#820</a><samp data-depth=1 class=sf-dump-expanded>
  #<span class=sf-dump-protected title=\"Protected property\">items</span>: []
  #<span class=sf-dump-protected title=\"Protected property\">escapeWhenCastingToString</span>: <span class=sf-dump-const>false</span>
</samp>}
</pre><script>Sfdump(\"sf-dump-1395372135\", {\"maxDepth\":3,\"maxStringLength\":160})</script>
","isAdmin":"<pre class=sf-dump id=sf-dump-1435429506 data-indent-pad=\"  \"><span class=sf-dump-num>1</span>
</pre><script>Sfdump(\"sf-dump-1435429506\", {\"maxDepth\":3,\"maxStringLength\":160})</script>
","loan_app_type":"<pre class=sf-dump id=sf-dump-2133582658 data-indent-pad=\"  \"><span class=sf-dump-note>array:2</span> [<samp data-depth=1 class=sf-dump-expanded>
  <span class=sf-dump-key>1</span> => \"<span class=sf-dump-str title=\"8 characters\">New Loan</span>\"
  <span class=sf-dump-key>2</span> => \"<span class=sf-dump-str title=\"7 characters\">Renewal</span>\"
</samp>]
</pre><script>Sfdump(\"sf-dump-2133582658\", {\"maxDepth\":3,\"maxStringLength\":160})</script>
","status_badge":"<pre class=sf-dump id=sf-dump-56171384 data-indent-pad=\"  \"><span class=sf-dump-note>array:7</span> [<samp data-depth=1 class=sf-dump-expanded>
  <span class=sf-dump-index>0</span> => \"<span class=sf-dump-str title=\"4 characters\">info</span>\"
  <span class=sf-dump-index>1</span> => \"<span class=sf-dump-str title=\"7 characters\">primary</span>\"
  <span class=sf-dump-index>2</span> => \"<span class=sf-dump-str title=\"7 characters\">success</span>\"
  <span class=sf-dump-index>3</span> => \"<span class=sf-dump-str title=\"7 characters\">success</span>\"
  <span class=sf-dump-index>4</span> => \"<span class=sf-dump-str title=\"6 characters\">danger</span>\"
  <span class=sf-dump-index>5</span> => \"<span class=sf-dump-str title=\"6 characters\">danger</span>\"
  <span class=sf-dump-index>6</span> => \"<span class=sf-dump-str title=\"7 characters\">primary</span>\"
</samp>]
</pre><script>Sfdump(\"sf-dump-56171384\", {\"maxDepth\":3,\"maxStringLength\":160})</script>
","back_link":"<pre class=sf-dump id=sf-dump-439129810 data-indent-pad=\"  \">\"<span class=sf-dump-str title=\"5 characters\">/loan</span>\"
</pre><script>Sfdump(\"sf-dump-439129810\", {\"maxDepth\":3,\"maxStringLength\":160})</script>
","lt_max_index":"<pre class=sf-dump id=sf-dump-1341442735 data-indent-pad=\"  \"><span class=sf-dump-num>11</span>
</pre><script>Sfdump(\"sf-dump-1341442735\", {\"maxDepth\":3,\"maxStringLength\":160})</script>
","month_duration":"<pre class=sf-dump id=sf-dump-2041416651 data-indent-pad=\"  \"><span class=sf-dump-num>1</span>
</pre><script>Sfdump(\"sf-dump-2041416651\", {\"maxDepth\":3,\"maxStringLength\":160})</script>
","__currentLoopData":"<pre class=sf-dump id=sf-dump-468746166 data-indent-pad=\"  \">[]
</pre><script>Sfdump(\"sf-dump-468746166\", {\"maxDepth\":3,\"maxStringLength\":160})</script>
","loop":"<pre class=sf-dump id=sf-dump-1475435557 data-indent-pad=\"  \"><span class=sf-dump-const>null</span>
</pre><script>Sfdump(\"sf-dump-1475435557\", {\"maxDepth\":3,\"maxStringLength\":160})</script>
"}},"exception":"[object] (Spatie\\LaravelIgnition\\Exceptions\\ViewException(code: 0): Attempt to read property \"principal_balance\" on string at C:\\wamp64\\www\\maasin_live_act\\resources\\views\\loan\\repayment_table.blade.php:107)
[stacktrace]
#0 C:\\wamp64\\www\\maasin_live_act\\vendor\\laravel\\framework\\src\\Illuminate\\Filesystem\\Filesystem.php(123): require('C:\\\\wamp64\\\\www\\\\m...')
#1 C:\\wamp64\\www\\maasin_live_act\\vendor\\laravel\\framework\\src\\Illuminate\\Filesystem\\Filesystem.php(124): Illuminate\\Filesystem\\Filesystem::{closure:Illuminate\\Filesystem\\Filesystem::getRequire():120}()
#2 C:\\wamp64\\www\\maasin_live_act\\vendor\\laravel\\framework\\src\\Illuminate\\View\\Engines\\PhpEngine.php(58): Illuminate\\Filesystem\\Filesystem->getRequire('C:\\\\wamp64\\\\www\\\\m...', Array)
#3 C:\\wamp64\\www\\maasin_live_act\\vendor\\laravel\\framework\\src\\Illuminate\\View\\Engines\\CompilerEngine.php(72): Illuminate\\View\\Engines\\PhpEngine->evaluatePath('C:\\\\wamp64\\\\www\\\\m...', Array)
#4 C:\\wamp64\\www\\maasin_live_act\\vendor\\laravel\\framework\\src\\Illuminate\\View\\View.php(207): Illuminate\\View\\Engines\\CompilerEngine->get('C:\\\\wamp64\\\\www\\\\m...', Array)
#5 C:\\wamp64\\www\\maasin_live_act\\vendor\\laravel\\framework\\src\\Illuminate\\View\\View.php(190): Illuminate\\View\\View->getContents()
#6 C:\\wamp64\\www\\maasin_live_act\\vendor\\laravel\\framework\\src\\Illuminate\\View\\View.php(159): Illuminate\\View\\View->renderContents()
#7 C:\\wamp64\\www\\maasin_live_act\\resources\\views\\loan\\loan_table.blade.php(346): Illuminate\\View\\View->render()
#8 C:\\wamp64\\www\\maasin_live_act\\vendor\\laravel\\framework\\src\\Illuminate\\Filesystem\\Filesystem.php(123): require('C:\\\\wamp64\\\\www\\\\m...')
#9 C:\\wamp64\\www\\maasin_live_act\\vendor\\laravel\\framework\\src\\Illuminate\\Filesystem\\Filesystem.php(124): Illuminate\\Filesystem\\Filesystem::{closure:Illuminate\\Filesystem\\Filesystem::getRequire():120}()
#10 C:\\wamp64\\www\\maasin_live_act\\vendor\\laravel\\framework\\src\\Illuminate\\View\\Engines\\PhpEngine.php(58): Illuminate\\Filesystem\\Filesystem->getRequire('C:\\\\wamp64\\\\www\\\\m...', Array)
#11 C:\\wamp64\\www\\maasin_live_act\\vendor\\laravel\\framework\\src\\Illuminate\\View\\Engines\\CompilerEngine.php(72): Illuminate\\View\\Engines\\PhpEngine->evaluatePath('C:\\\\wamp64\\\\www\\\\m...', Array)
#12 C:\\wamp64\\www\\maasin_live_act\\vendor\\laravel\\framework\\src\\Illuminate\\View\\View.php(207): Illuminate\\View\\Engines\\CompilerEngine->get('C:\\\\wamp64\\\\www\\\\m...', Array)
#13 C:\\wamp64\\www\\maasin_live_act\\vendor\\laravel\\framework\\src\\Illuminate\\View\\View.php(190): Illuminate\\View\\View->getContents()
#14 C:\\wamp64\\www\\maasin_live_act\\vendor\\laravel\\framework\\src\\Illuminate\\View\\View.php(159): Illuminate\\View\\View->renderContents()
#15 C:\\wamp64\\www\\maasin_live_act\\resources\\views\\loan\\loan_form_display.blade.php(155): Illuminate\\View\\View->render()
#16 C:\\wamp64\\www\\maasin_live_act\\vendor\\laravel\\framework\\src\\Illuminate\\Filesystem\\Filesystem.php(123): require('C:\\\\wamp64\\\\www\\\\m...')
#17 C:\\wamp64\\www\\maasin_live_act\\vendor\\laravel\\framework\\src\\Illuminate\\Filesystem\\Filesystem.php(124): Illuminate\\Filesystem\\Filesystem::{closure:Illuminate\\Filesystem\\Filesystem::getRequire():120}()
#18 C:\\wamp64\\www\\maasin_live_act\\vendor\\laravel\\framework\\src\\Illuminate\\View\\Engines\\PhpEngine.php(58): Illuminate\\Filesystem\\Filesystem->getRequire('C:\\\\wamp64\\\\www\\\\m...', Array)
#19 C:\\wamp64\\www\\maasin_live_act\\vendor\\laravel\\framework\\src\\Illuminate\\View\\Engines\\CompilerEngine.php(72): Illuminate\\View\\Engines\\PhpEngine->evaluatePath('C:\\\\wamp64\\\\www\\\\m...', Array)
#20 C:\\wamp64\\www\\maasin_live_act\\vendor\\laravel\\framework\\src\\Illuminate\\View\\View.php(207): Illuminate\\View\\Engines\\CompilerEngine->get('C:\\\\wamp64\\\\www\\\\m...', Array)
#21 C:\\wamp64\\www\\maasin_live_act\\vendor\\laravel\\framework\\src\\Illuminate\\View\\View.php(190): Illuminate\\View\\View->getContents()
#22 C:\\wamp64\\www\\maasin_live_act\\vendor\\laravel\\framework\\src\\Illuminate\\View\\View.php(159): Illuminate\\View\\View->renderContents()
#23 C:\\wamp64\\www\\maasin_live_act\\vendor\\laravel\\framework\\src\\Illuminate\\Http\\Response.php(69): Illuminate\\View\\View->render()
#24 C:\\wamp64\\www\\maasin_live_act\\vendor\\laravel\\framework\\src\\Illuminate\\Http\\Response.php(35): Illuminate\\Http\\Response->setContent(Object(Illuminate\\View\\View))
#25 C:\\wamp64\\www\\maasin_live_act\\vendor\\laravel\\framework\\src\\Illuminate\\Routing\\Router.php(918): Illuminate\\Http\\Response->__construct(Object(Illuminate\\View\\View), 200, Array)
#26 C:\\wamp64\\www\\maasin_live_act\\vendor\\laravel\\framework\\src\\Illuminate\\Routing\\Router.php(885): Illuminate\\Routing\\Router::toResponse(Object(Illuminate\\Http\\Request), Object(Illuminate\\View\\View))
#27 C:\\wamp64\\www\\maasin_live_act\\vendor\\laravel\\framework\\src\\Illuminate\\Routing\\Router.php(805): Illuminate\\Routing\\Router->prepareResponse(Object(Illuminate\\Http\\Request), Object(Illuminate\\View\\View))
#28 C:\\wamp64\\www\\maasin_live_act\\vendor\\laravel\\framework\\src\\Illuminate\\Pipeline\\Pipeline.php(144): Illuminate\\Routing\\Router->{closure:Illuminate\\Routing\\Router::runRouteWithinStack():805}(Object(Illuminate\\Http\\Request))
#29 C:\\wamp64\\www\\maasin_live_act\\app\\Http\\Middleware\\SessionExpired.php(48): Illuminate\\Pipeline\\Pipeline->{closure:Illuminate\\Pipeline\\Pipeline::prepareDestination():142}(Object(Illuminate\\Http\\Request))
#30 C:\\wamp64\\www\\maasin_live_act\\vendor\\laravel\\framework\\src\\Illuminate\\Pipeline\\Pipeline.php(183): App\\Http\\Middleware\\SessionExpired->handle(Object(Illuminate\\Http\\Request), Object(Closure))
#31 C:\\wamp64\\www\\maasin_live_act\\vendor\\laravel\\framework\\src\\Illuminate\\Routing\\Middleware\\SubstituteBindings.php(50): Illuminate\\Pipeline\\Pipeline->{closure:{closure:Illuminate\\Pipeline\\Pipeline::carry():158}:159}(Object(Illuminate\\Http\\Request))
#32 C:\\wamp64\\www\\maasin_live_act\\vendor\\laravel\\framework\\src\\Illuminate\\Pipeline\\Pipeline.php(183): Illuminate\\Routing\\Middleware\\SubstituteBindings->handle(Object(Illuminate\\Http\\Request), Object(Closure))
#33 C:\\wamp64\\www\\maasin_live_act\\vendor\\laravel\\framework\\src\\Illuminate\\Foundation\\Http\\Middleware\\VerifyCsrfToken.php(78): Illuminate\\Pipeline\\Pipeline->{closure:{closure:Illuminate\\Pipeline\\Pipeline::carry():158}:159}(Object(Illuminate\\Http\\Request))
#34 C:\\wamp64\\www\\maasin_live_act\\vendor\\laravel\\framework\\src\\Illuminate\\Pipeline\\Pipeline.php(183): Illuminate\\Foundation\\Http\\Middleware\\VerifyCsrfToken->handle(Object(Illuminate\\Http\\Request), Object(Closure))
#35 C:\\wamp64\\www\\maasin_live_act\\vendor\\laravel\\framework\\src\\Illuminate\\View\\Middleware\\ShareErrorsFromSession.php(49): Illuminate\\Pipeline\\Pipeline->{closure:{closure:Illuminate\\Pipeline\\Pipeline::carry():158}:159}(Object(Illuminate\\Http\\Request))
#36 C:\\wamp64\\www\\maasin_live_act\\vendor\\laravel\\framework\\src\\Illuminate\\Pipeline\\Pipeline.php(183): Illuminate\\View\\Middleware\\ShareErrorsFromSession->handle(Object(Illuminate\\Http\\Request), Object(Closure))
#37 C:\\wamp64\\www\\maasin_live_act\\vendor\\laravel\\framework\\src\\Illuminate\\Session\\Middleware\\StartSession.php(121): Illuminate\\Pipeline\\Pipeline->{closure:{closure:Illuminate\\Pipeline\\Pipeline::carry():158}:159}(Object(Illuminate\\Http\\Request))
#38 C:\\wamp64\\www\\maasin_live_act\\vendor\\laravel\\framework\\src\\Illuminate\\Session\\Middleware\\StartSession.php(64): Illuminate\\Session\\Middleware\\StartSession->handleStatefulRequest(Object(Illuminate\\Http\\Request), Object(Illuminate\\Session\\Store), Object(Closure))
#39 C:\\wamp64\\www\\maasin_live_act\\vendor\\laravel\\framework\\src\\Illuminate\\Pipeline\\Pipeline.php(183): Illuminate\\Session\\Middleware\\StartSession->handle(Object(Illuminate\\Http\\Request), Object(Closure))
#40 C:\\wamp64\\www\\maasin_live_act\\vendor\\laravel\\framework\\src\\Illuminate\\Cookie\\Middleware\\AddQueuedCookiesToResponse.php(37): Illuminate\\Pipeline\\Pipeline->{closure:{closure:Illuminate\\Pipeline\\Pipeline::carry():158}:159}(Object(Illuminate\\Http\\Request))
#41 C:\\wamp64\\www\\maasin_live_act\\vendor\\laravel\\framework\\src\\Illuminate\\Pipeline\\Pipeline.php(183): Illuminate\\Cookie\\Middleware\\AddQueuedCookiesToResponse->handle(Object(Illuminate\\Http\\Request), Object(Closure))
#42 C:\\wamp64\\www\\maasin_live_act\\vendor\\laravel\\framework\\src\\Illuminate\\Cookie\\Middleware\\EncryptCookies.php(67): Illuminate\\Pipeline\\Pipeline->{closure:{closure:Illuminate\\Pipeline\\Pipeline::carry():158}:159}(Object(Illuminate\\Http\\Request))
#43 C:\\wamp64\\www\\maasin_live_act\\vendor\\laravel\\framework\\src\\Illuminate\\Pipeline\\Pipeline.php(183): Illuminate\\Cookie\\Middleware\\EncryptCookies->handle(Object(Illuminate\\Http\\Request), Object(Closure))
#44 C:\\wamp64\\www\\maasin_live_act\\vendor\\laravel\\framework\\src\\Illuminate\\Pipeline\\Pipeline.php(119): Illuminate\\Pipeline\\Pipeline->{closure:{closure:Illuminate\\Pipeline\\Pipeline::carry():158}:159}(Object(Illuminate\\Http\\Request))
#45 C:\\wamp64\\www\\maasin_live_act\\vendor\\laravel\\framework\\src\\Illuminate\\Routing\\Router.php(805): Illuminate\\Pipeline\\Pipeline->then(Object(Closure))
#46 C:\\wamp64\\www\\maasin_live_act\\vendor\\laravel\\framework\\src\\Illuminate\\Routing\\Router.php(784): Illuminate\\Routing\\Router->runRouteWithinStack(Object(Illuminate\\Routing\\Route), Object(Illuminate\\Http\\Request))
#47 C:\\wamp64\\www\\maasin_live_act\\vendor\\laravel\\framework\\src\\Illuminate\\Routing\\Router.php(748): Illuminate\\Routing\\Router->runRoute(Object(Illuminate\\Http\\Request), Object(Illuminate\\Routing\\Route))
#48 C:\\wamp64\\www\\maasin_live_act\\vendor\\laravel\\framework\\src\\Illuminate\\Routing\\Router.php(737): Illuminate\\Routing\\Router->dispatchToRoute(Object(Illuminate\\Http\\Request))
#49 C:\\wamp64\\www\\maasin_live_act\\vendor\\laravel\\framework\\src\\Illuminate\\Foundation\\Http\\Kernel.php(200): Illuminate\\Routing\\Router->dispatch(Object(Illuminate\\Http\\Request))
#50 C:\\wamp64\\www\\maasin_live_act\\vendor\\laravel\\framework\\src\\Illuminate\\Pipeline\\Pipeline.php(144): Illuminate\\Foundation\\Http\\Kernel->{closure:Illuminate\\Foundation\\Http\\Kernel::dispatchToRouter():197}(Object(Illuminate\\Http\\Request))
#51 C:\\wamp64\\www\\maasin_live_act\\vendor\\laravel\\framework\\src\\Illuminate\\Foundation\\Http\\Middleware\\TransformsRequest.php(21): Illuminate\\Pipeline\\Pipeline->{closure:Illuminate\\Pipeline\\Pipeline::prepareDestination():142}(Object(Illuminate\\Http\\Request))
#52 C:\\wamp64\\www\\maasin_live_act\\vendor\\laravel\\framework\\src\\Illuminate\\Foundation\\Http\\Middleware\\ConvertEmptyStringsToNull.php(31): Illuminate\\Foundation\\Http\\Middleware\\TransformsRequest->handle(Object(Illuminate\\Http\\Request), Object(Closure))
#53 C:\\wamp64\\www\\maasin_live_act\\vendor\\laravel\\framework\\src\\Illuminate\\Pipeline\\Pipeline.php(183): Illuminate\\Foundation\\Http\\Middleware\\ConvertEmptyStringsToNull->handle(Object(Illuminate\\Http\\Request), Object(Closure))
#54 C:\\wamp64\\www\\maasin_live_act\\vendor\\laravel\\framework\\src\\Illuminate\\Foundation\\Http\\Middleware\\TransformsRequest.php(21): Illuminate\\Pipeline\\Pipeline->{closure:{closure:Illuminate\\Pipeline\\Pipeline::carry():158}:159}(Object(Illuminate\\Http\\Request))
#55 C:\\wamp64\\www\\maasin_live_act\\vendor\\laravel\\framework\\src\\Illuminate\\Foundation\\Http\\Middleware\\TrimStrings.php(40): Illuminate\\Foundation\\Http\\Middleware\\TransformsRequest->handle(Object(Illuminate\\Http\\Request), Object(Closure))
#56 C:\\wamp64\\www\\maasin_live_act\\vendor\\laravel\\framework\\src\\Illuminate\\Pipeline\\Pipeline.php(183): Illuminate\\Foundation\\Http\\Middleware\\TrimStrings->handle(Object(Illuminate\\Http\\Request), Object(Closure))
#57 C:\\wamp64\\www\\maasin_live_act\\vendor\\laravel\\framework\\src\\Illuminate\\Foundation\\Http\\Middleware\\ValidatePostSize.php(27): Illuminate\\Pipeline\\Pipeline->{closure:{closure:Illuminate\\Pipeline\\Pipeline::carry():158}:159}(Object(Illuminate\\Http\\Request))
#58 C:\\wamp64\\www\\maasin_live_act\\vendor\\laravel\\framework\\src\\Illuminate\\Pipeline\\Pipeline.php(183): Illuminate\\Foundation\\Http\\Middleware\\ValidatePostSize->handle(Object(Illuminate\\Http\\Request), Object(Closure))
#59 C:\\wamp64\\www\\maasin_live_act\\vendor\\laravel\\framework\\src\\Illuminate\\Foundation\\Http\\Middleware\\PreventRequestsDuringMaintenance.php(99): Illuminate\\Pipeline\\Pipeline->{closure:{closure:Illuminate\\Pipeline\\Pipeline::carry():158}:159}(Object(Illuminate\\Http\\Request))
#60 C:\\wamp64\\www\\maasin_live_act\\vendor\\laravel\\framework\\src\\Illuminate\\Pipeline\\Pipeline.php(183): Illuminate\\Foundation\\Http\\Middleware\\PreventRequestsDuringMaintenance->handle(Object(Illuminate\\Http\\Request), Object(Closure))
#61 C:\\wamp64\\www\\maasin_live_act\\vendor\\laravel\\framework\\src\\Illuminate\\Http\\Middleware\\TrustProxies.php(39): Illuminate\\Pipeline\\Pipeline->{closure:{closure:Illuminate\\Pipeline\\Pipeline::carry():158}:159}(Object(Illuminate\\Http\\Request))
#62 C:\\wamp64\\www\\maasin_live_act\\vendor\\laravel\\framework\\src\\Illuminate\\Pipeline\\Pipeline.php(183): Illuminate\\Http\\Middleware\\TrustProxies->handle(Object(Illuminate\\Http\\Request), Object(Closure))
#63 C:\\wamp64\\www\\maasin_live_act\\vendor\\laravel\\framework\\src\\Illuminate\\Pipeline\\Pipeline.php(119): Illuminate\\Pipeline\\Pipeline->{closure:{closure:Illuminate\\Pipeline\\Pipeline::carry():158}:159}(Object(Illuminate\\Http\\Request))
#64 C:\\wamp64\\www\\maasin_live_act\\vendor\\laravel\\framework\\src\\Illuminate\\Foundation\\Http\\Kernel.php(175): Illuminate\\Pipeline\\Pipeline->then(Object(Closure))
#65 C:\\wamp64\\www\\maasin_live_act\\vendor\\laravel\\framework\\src\\Illuminate\\Foundation\\Http\\Kernel.php(144): Illuminate\\Foundation\\Http\\Kernel->sendRequestThroughRouter(Object(Illuminate\\Http\\Request))
#66 C:\\wamp64\\www\\maasin_live_act\\public\\index.php(54): Illuminate\\Foundation\\Http\\Kernel->handle(Object(Illuminate\\Http\\Request))
#67 {main}

[previous exception] [object] (ErrorException(code: 0): Attempt to read property \"principal_balance\" on string at C:\\wamp64\\www\\maasin_live_act\\storage\\framework\\views\\422c6115bf2f00a70f8a21ce48423398.php:107)
[stacktrace]
#0 C:\\wamp64\\www\\maasin_live_act\\vendor\\laravel\\framework\\src\\Illuminate\\Foundation\\Bootstrap\\HandleExceptions.php(255): Illuminate\\Foundation\\Bootstrap\\HandleExceptions->handleError(2, 'Attempt to read...', 'C:\\\\wamp64\\\\www\\\\m...', 107)
#1 C:\\wamp64\\www\\maasin_live_act\\storage\\framework\\views\\422c6115bf2f00a70f8a21ce48423398.php(107): Illuminate\\Foundation\\Bootstrap\\HandleExceptions->{closure:Illuminate\\Foundation\\Bootstrap\\HandleExceptions::forwardsTo():254}(2, 'Attempt to read...', 'C:\\\\wamp64\\\\www\\\\m...', 107)
#2 C:\\wamp64\\www\\maasin_live_act\\vendor\\laravel\\framework\\src\\Illuminate\\Filesystem\\Filesystem.php(123): require('C:\\\\wamp64\\\\www\\\\m...')
#3 C:\\wamp64\\www\\maasin_live_act\\vendor\\laravel\\framework\\src\\Illuminate\\Filesystem\\Filesystem.php(124): Illuminate\\Filesystem\\Filesystem::{closure:Illuminate\\Filesystem\\Filesystem::getRequire():120}()
#4 C:\\wamp64\\www\\maasin_live_act\\vendor\\laravel\\framework\\src\\Illuminate\\View\\Engines\\PhpEngine.php(58): Illuminate\\Filesystem\\Filesystem->getRequire('C:\\\\wamp64\\\\www\\\\m...', Array)
#5 C:\\wamp64\\www\\maasin_live_act\\vendor\\laravel\\framework\\src\\Illuminate\\View\\Engines\\CompilerEngine.php(72): Illuminate\\View\\Engines\\PhpEngine->evaluatePath('C:\\\\wamp64\\\\www\\\\m...', Array)
#6 C:\\wamp64\\www\\maasin_live_act\\vendor\\laravel\\framework\\src\\Illuminate\\View\\View.php(207): Illuminate\\View\\Engines\\CompilerEngine->get('C:\\\\wamp64\\\\www\\\\m...', Array)
#7 C:\\wamp64\\www\\maasin_live_act\\vendor\\laravel\\framework\\src\\Illuminate\\View\\View.php(190): Illuminate\\View\\View->getContents()
#8 C:\\wamp64\\www\\maasin_live_act\\vendor\\laravel\\framework\\src\\Illuminate\\View\\View.php(159): Illuminate\\View\\View->renderContents()
#9 C:\\wamp64\\www\\maasin_live_act\\storage\\framework\\views\\f411e370c677afec3477721a798e6b40.php(348): Illuminate\\View\\View->render()
#10 C:\\wamp64\\www\\maasin_live_act\\vendor\\laravel\\framework\\src\\Illuminate\\Filesystem\\Filesystem.php(123): require('C:\\\\wamp64\\\\www\\\\m...')
#11 C:\\wamp64\\www\\maasin_live_act\\vendor\\laravel\\framework\\src\\Illuminate\\Filesystem\\Filesystem.php(124): Illuminate\\Filesystem\\Filesystem::{closure:Illuminate\\Filesystem\\Filesystem::getRequire():120}()
#12 C:\\wamp64\\www\\maasin_live_act\\vendor\\laravel\\framework\\src\\Illuminate\\View\\Engines\\PhpEngine.php(58): Illuminate\\Filesystem\\Filesystem->getRequire('C:\\\\wamp64\\\\www\\\\m...', Array)
#13 C:\\wamp64\\www\\maasin_live_act\\vendor\\laravel\\framework\\src\\Illuminate\\View\\Engines\\CompilerEngine.php(72): Illuminate\\View\\Engines\\PhpEngine->evaluatePath('C:\\\\wamp64\\\\www\\\\m...', Array)
#14 C:\\wamp64\\www\\maasin_live_act\\vendor\\laravel\\framework\\src\\Illuminate\\View\\View.php(207): Illuminate\\View\\Engines\\CompilerEngine->get('C:\\\\wamp64\\\\www\\\\m...', Array)
#15 C:\\wamp64\\www\\maasin_live_act\\vendor\\laravel\\framework\\src\\Illuminate\\View\\View.php(190): Illuminate\\View\\View->getContents()
#16 C:\\wamp64\\www\\maasin_live_act\\vendor\\laravel\\framework\\src\\Illuminate\\View\\View.php(159): Illuminate\\View\\View->renderContents()
#17 C:\\wamp64\\www\\maasin_live_act\\storage\\framework\\views\\5c43925ac8c9fbd5725485ffea15e1c8.php(155): Illuminate\\View\\View->render()
#18 C:\\wamp64\\www\\maasin_live_act\\vendor\\laravel\\framework\\src\\Illuminate\\Filesystem\\Filesystem.php(123): require('C:\\\\wamp64\\\\www\\\\m...')
#19 C:\\wamp64\\www\\maasin_live_act\\vendor\\laravel\\framework\\src\\Illuminate\\Filesystem\\Filesystem.php(124): Illuminate\\Filesystem\\Filesystem::{closure:Illuminate\\Filesystem\\Filesystem::getRequire():120}()
#20 C:\\wamp64\\www\\maasin_live_act\\vendor\\laravel\\framework\\src\\Illuminate\\View\\Engines\\PhpEngine.php(58): Illuminate\\Filesystem\\Filesystem->getRequire('C:\\\\wamp64\\\\www\\\\m...', Array)
#21 C:\\wamp64\\www\\maasin_live_act\\vendor\\laravel\\framework\\src\\Illuminate\\View\\Engines\\CompilerEngine.php(72): Illuminate\\View\\Engines\\PhpEngine->evaluatePath('C:\\\\wamp64\\\\www\\\\m...', Array)
#22 C:\\wamp64\\www\\maasin_live_act\\vendor\\laravel\\framework\\src\\Illuminate\\View\\View.php(207): Illuminate\\View\\Engines\\CompilerEngine->get('C:\\\\wamp64\\\\www\\\\m...', Array)
#23 C:\\wamp64\\www\\maasin_live_act\\vendor\\laravel\\framework\\src\\Illuminate\\View\\View.php(190): Illuminate\\View\\View->getContents()
#24 C:\\wamp64\\www\\maasin_live_act\\vendor\\laravel\\framework\\src\\Illuminate\\View\\View.php(159): Illuminate\\View\\View->renderContents()
#25 C:\\wamp64\\www\\maasin_live_act\\vendor\\laravel\\framework\\src\\Illuminate\\Http\\Response.php(69): Illuminate\\View\\View->render()
#26 C:\\wamp64\\www\\maasin_live_act\\vendor\\laravel\\framework\\src\\Illuminate\\Http\\Response.php(35): Illuminate\\Http\\Response->setContent(Object(Illuminate\\View\\View))
#27 C:\\wamp64\\www\\maasin_live_act\\vendor\\laravel\\framework\\src\\Illuminate\\Routing\\Router.php(918): Illuminate\\Http\\Response->__construct(Object(Illuminate\\View\\View), 200, Array)
#28 C:\\wamp64\\www\\maasin_live_act\\vendor\\laravel\\framework\\src\\Illuminate\\Routing\\Router.php(885): Illuminate\\Routing\\Router::toResponse(Object(Illuminate\\Http\\Request), Object(Illuminate\\View\\View))
#29 C:\\wamp64\\www\\maasin_live_act\\vendor\\laravel\\framework\\src\\Illuminate\\Routing\\Router.php(805): Illuminate\\Routing\\Router->prepareResponse(Object(Illuminate\\Http\\Request), Object(Illuminate\\View\\View))
#30 C:\\wamp64\\www\\maasin_live_act\\vendor\\laravel\\framework\\src\\Illuminate\\Pipeline\\Pipeline.php(144): Illuminate\\Routing\\Router->{closure:Illuminate\\Routing\\Router::runRouteWithinStack():805}(Object(Illuminate\\Http\\Request))
#31 C:\\wamp64\\www\\maasin_live_act\\app\\Http\\Middleware\\SessionExpired.php(48): Illuminate\\Pipeline\\Pipeline->{closure:Illuminate\\Pipeline\\Pipeline::prepareDestination():142}(Object(Illuminate\\Http\\Request))
#32 C:\\wamp64\\www\\maasin_live_act\\vendor\\laravel\\framework\\src\\Illuminate\\Pipeline\\Pipeline.php(183): App\\Http\\Middleware\\SessionExpired->handle(Object(Illuminate\\Http\\Request), Object(Closure))
#33 C:\\wamp64\\www\\maasin_live_act\\vendor\\laravel\\framework\\src\\Illuminate\\Routing\\Middleware\\SubstituteBindings.php(50): Illuminate\\Pipeline\\Pipeline->{closure:{closure:Illuminate\\Pipeline\\Pipeline::carry():158}:159}(Object(Illuminate\\Http\\Request))
#34 C:\\wamp64\\www\\maasin_live_act\\vendor\\laravel\\framework\\src\\Illuminate\\Pipeline\\Pipeline.php(183): Illuminate\\Routing\\Middleware\\SubstituteBindings->handle(Object(Illuminate\\Http\\Request), Object(Closure))
#35 C:\\wamp64\\www\\maasin_live_act\\vendor\\laravel\\framework\\src\\Illuminate\\Foundation\\Http\\Middleware\\VerifyCsrfToken.php(78): Illuminate\\Pipeline\\Pipeline->{closure:{closure:Illuminate\\Pipeline\\Pipeline::carry():158}:159}(Object(Illuminate\\Http\\Request))
#36 C:\\wamp64\\www\\maasin_live_act\\vendor\\laravel\\framework\\src\\Illuminate\\Pipeline\\Pipeline.php(183): Illuminate\\Foundation\\Http\\Middleware\\VerifyCsrfToken->handle(Object(Illuminate\\Http\\Request), Object(Closure))
#37 C:\\wamp64\\www\\maasin_live_act\\vendor\\laravel\\framework\\src\\Illuminate\\View\\Middleware\\ShareErrorsFromSession.php(49): Illuminate\\Pipeline\\Pipeline->{closure:{closure:Illuminate\\Pipeline\\Pipeline::carry():158}:159}(Object(Illuminate\\Http\\Request))
#38 C:\\wamp64\\www\\maasin_live_act\\vendor\\laravel\\framework\\src\\Illuminate\\Pipeline\\Pipeline.php(183): Illuminate\\View\\Middleware\\ShareErrorsFromSession->handle(Object(Illuminate\\Http\\Request), Object(Closure))
#39 C:\\wamp64\\www\\maasin_live_act\\vendor\\laravel\\framework\\src\\Illuminate\\Session\\Middleware\\StartSession.php(121): Illuminate\\Pipeline\\Pipeline->{closure:{closure:Illuminate\\Pipeline\\Pipeline::carry():158}:159}(Object(Illuminate\\Http\\Request))
#40 C:\\wamp64\\www\\maasin_live_act\\vendor\\laravel\\framework\\src\\Illuminate\\Session\\Middleware\\StartSession.php(64): Illuminate\\Session\\Middleware\\StartSession->handleStatefulRequest(Object(Illuminate\\Http\\Request), Object(Illuminate\\Session\\Store), Object(Closure))
#41 C:\\wamp64\\www\\maasin_live_act\\vendor\\laravel\\framework\\src\\Illuminate\\Pipeline\\Pipeline.php(183): Illuminate\\Session\\Middleware\\StartSession->handle(Object(Illuminate\\Http\\Request), Object(Closure))
#42 C:\\wamp64\\www\\maasin_live_act\\vendor\\laravel\\framework\\src\\Illuminate\\Cookie\\Middleware\\AddQueuedCookiesToResponse.php(37): Illuminate\\Pipeline\\Pipeline->{closure:{closure:Illuminate\\Pipeline\\Pipeline::carry():158}:159}(Object(Illuminate\\Http\\Request))
#43 C:\\wamp64\\www\\maasin_live_act\\vendor\\laravel\\framework\\src\\Illuminate\\Pipeline\\Pipeline.php(183): Illuminate\\Cookie\\Middleware\\AddQueuedCookiesToResponse->handle(Object(Illuminate\\Http\\Request), Object(Closure))
#44 C:\\wamp64\\www\\maasin_live_act\\vendor\\laravel\\framework\\src\\Illuminate\\Cookie\\Middleware\\EncryptCookies.php(67): Illuminate\\Pipeline\\Pipeline->{closure:{closure:Illuminate\\Pipeline\\Pipeline::carry():158}:159}(Object(Illuminate\\Http\\Request))
#45 C:\\wamp64\\www\\maasin_live_act\\vendor\\laravel\\framework\\src\\Illuminate\\Pipeline\\Pipeline.php(183): Illuminate\\Cookie\\Middleware\\EncryptCookies->handle(Object(Illuminate\\Http\\Request), Object(Closure))
#46 C:\\wamp64\\www\\maasin_live_act\\vendor\\laravel\\framework\\src\\Illuminate\\Pipeline\\Pipeline.php(119): Illuminate\\Pipeline\\Pipeline->{closure:{closure:Illuminate\\Pipeline\\Pipeline::carry():158}:159}(Object(Illuminate\\Http\\Request))
#47 C:\\wamp64\\www\\maasin_live_act\\vendor\\laravel\\framework\\src\\Illuminate\\Routing\\Router.php(805): Illuminate\\Pipeline\\Pipeline->then(Object(Closure))
#48 C:\\wamp64\\www\\maasin_live_act\\vendor\\laravel\\framework\\src\\Illuminate\\Routing\\Router.php(784): Illuminate\\Routing\\Router->runRouteWithinStack(Object(Illuminate\\Routing\\Route), Object(Illuminate\\Http\\Request))
#49 C:\\wamp64\\www\\maasin_live_act\\vendor\\laravel\\framework\\src\\Illuminate\\Routing\\Router.php(748): Illuminate\\Routing\\Router->runRoute(Object(Illuminate\\Http\\Request), Object(Illuminate\\Routing\\Route))
#50 C:\\wamp64\\www\\maasin_live_act\\vendor\\laravel\\framework\\src\\Illuminate\\Routing\\Router.php(737): Illuminate\\Routing\\Router->dispatchToRoute(Object(Illuminate\\Http\\Request))
#51 C:\\wamp64\\www\\maasin_live_act\\vendor\\laravel\\framework\\src\\Illuminate\\Foundation\\Http\\Kernel.php(200): Illuminate\\Routing\\Router->dispatch(Object(Illuminate\\Http\\Request))
#52 C:\\wamp64\\www\\maasin_live_act\\vendor\\laravel\\framework\\src\\Illuminate\\Pipeline\\Pipeline.php(144): Illuminate\\Foundation\\Http\\Kernel->{closure:Illuminate\\Foundation\\Http\\Kernel::dispatchToRouter():197}(Object(Illuminate\\Http\\Request))
#53 C:\\wamp64\\www\\maasin_live_act\\vendor\\laravel\\framework\\src\\Illuminate\\Foundation\\Http\\Middleware\\TransformsRequest.php(21): Illuminate\\Pipeline\\Pipeline->{closure:Illuminate\\Pipeline\\Pipeline::prepareDestination():142}(Object(Illuminate\\Http\\Request))
#54 C:\\wamp64\\www\\maasin_live_act\\vendor\\laravel\\framework\\src\\Illuminate\\Foundation\\Http\\Middleware\\ConvertEmptyStringsToNull.php(31): Illuminate\\Foundation\\Http\\Middleware\\TransformsRequest->handle(Object(Illuminate\\Http\\Request), Object(Closure))
#55 C:\\wamp64\\www\\maasin_live_act\\vendor\\laravel\\framework\\src\\Illuminate\\Pipeline\\Pipeline.php(183): Illuminate\\Foundation\\Http\\Middleware\\ConvertEmptyStringsToNull->handle(Object(Illuminate\\Http\\Request), Object(Closure))
#56 C:\\wamp64\\www\\maasin_live_act\\vendor\\laravel\\framework\\src\\Illuminate\\Foundation\\Http\\Middleware\\TransformsRequest.php(21): Illuminate\\Pipeline\\Pipeline->{closure:{closure:Illuminate\\Pipeline\\Pipeline::carry():158}:159}(Object(Illuminate\\Http\\Request))
#57 C:\\wamp64\\www\\maasin_live_act\\vendor\\laravel\\framework\\src\\Illuminate\\Foundation\\Http\\Middleware\\TrimStrings.php(40): Illuminate\\Foundation\\Http\\Middleware\\TransformsRequest->handle(Object(Illuminate\\Http\\Request), Object(Closure))
#58 C:\\wamp64\\www\\maasin_live_act\\vendor\\laravel\\framework\\src\\Illuminate\\Pipeline\\Pipeline.php(183): Illuminate\\Foundation\\Http\\Middleware\\TrimStrings->handle(Object(Illuminate\\Http\\Request), Object(Closure))
#59 C:\\wamp64\\www\\maasin_live_act\\vendor\\laravel\\framework\\src\\Illuminate\\Foundation\\Http\\Middleware\\ValidatePostSize.php(27): Illuminate\\Pipeline\\Pipeline->{closure:{closure:Illuminate\\Pipeline\\Pipeline::carry():158}:159}(Object(Illuminate\\Http\\Request))
#60 C:\\wamp64\\www\\maasin_live_act\\vendor\\laravel\\framework\\src\\Illuminate\\Pipeline\\Pipeline.php(183): Illuminate\\Foundation\\Http\\Middleware\\ValidatePostSize->handle(Object(Illuminate\\Http\\Request), Object(Closure))
#61 C:\\wamp64\\www\\maasin_live_act\\vendor\\laravel\\framework\\src\\Illuminate\\Foundation\\Http\\Middleware\\PreventRequestsDuringMaintenance.php(99): Illuminate\\Pipeline\\Pipeline->{closure:{closure:Illuminate\\Pipeline\\Pipeline::carry():158}:159}(Object(Illuminate\\Http\\Request))
#62 C:\\wamp64\\www\\maasin_live_act\\vendor\\laravel\\framework\\src\\Illuminate\\Pipeline\\Pipeline.php(183): Illuminate\\Foundation\\Http\\Middleware\\PreventRequestsDuringMaintenance->handle(Object(Illuminate\\Http\\Request), Object(Closure))
#63 C:\\wamp64\\www\\maasin_live_act\\vendor\\laravel\\framework\\src\\Illuminate\\Http\\Middleware\\TrustProxies.php(39): Illuminate\\Pipeline\\Pipeline->{closure:{closure:Illuminate\\Pipeline\\Pipeline::carry():158}:159}(Object(Illuminate\\Http\\Request))
#64 C:\\wamp64\\www\\maasin_live_act\\vendor\\laravel\\framework\\src\\Illuminate\\Pipeline\\Pipeline.php(183): Illuminate\\Http\\Middleware\\TrustProxies->handle(Object(Illuminate\\Http\\Request), Object(Closure))
#65 C:\\wamp64\\www\\maasin_live_act\\vendor\\laravel\\framework\\src\\Illuminate\\Pipeline\\Pipeline.php(119): Illuminate\\Pipeline\\Pipeline->{closure:{closure:Illuminate\\Pipeline\\Pipeline::carry():158}:159}(Object(Illuminate\\Http\\Request))
#66 C:\\wamp64\\www\\maasin_live_act\\vendor\\laravel\\framework\\src\\Illuminate\\Foundation\\Http\\Kernel.php(175): Illuminate\\Pipeline\\Pipeline->then(Object(Closure))
#67 C:\\wamp64\\www\\maasin_live_act\\vendor\\laravel\\framework\\src\\Illuminate\\Foundation\\Http\\Kernel.php(144): Illuminate\\Foundation\\Http\\Kernel->sendRequestThroughRouter(Object(Illuminate\\Http\\Request))
#68 C:\\wamp64\\www\\maasin_live_act\\public\\index.php(54): Illuminate\\Foundation\\Http\\Kernel->handle(Object(Illuminate\\Http\\Request))
#69 {main}
"} 
