<<<<<<< HEAD
[2025-10-04 09:37:19] local.ERROR: SQLSTATE[42S22]: Column not found: 1054 Unknown column 'cbu.id_bank' in 'field list' (Connection: mysql, SQL: select DATE_FORMAT(cbu.date_released,'%m/%d/%Y') as date_released,cbu.id_cbu_withdrawal,FormatName(m.first_name,m.middle_name,m.last_name,m.suffix) as member,if(cbu.reason < 4,cr.description,cbu.other_reason) as reason,cbu.amount,if(cbu.status=0,'Draft',if(cbu.status=1,'Approved, For Releasing',if(cbu.status=2,'Released',if(cbu.status=5,'Disapproved','Cancelled')))) as status,cbu.id_cash_disbursement,cbu.status as status_code,DATE_FORMAT(cbu.date_created,'%m/%d/%Y') as date_created,
                                if(cbu.id_bank = 0,'Cash',tb.bank_name) as mode from `cbu_withdrawal` as `cbu` left join `member` as `m` on `m`.`id_member` = `cbu`.`id_member` left join `cbu_withdrawal_reason` as `cr` on `cr`.`id_cbu_withdrawal_reason` = `cbu`.`reason` left join `tbl_bank` as `tb` on `tb`.`id_bank` = `cbu`.`id_bank` order by `cbu`.`id_cbu_withdrawal` desc) {"exception":"[object] (Illuminate\\Database\\QueryException(code: 42S22): SQLSTATE[42S22]: Column not found: 1054 Unknown column 'cbu.id_bank' in 'field list' (Connection: mysql, SQL: select DATE_FORMAT(cbu.date_released,'%m/%d/%Y') as date_released,cbu.id_cbu_withdrawal,FormatName(m.first_name,m.middle_name,m.last_name,m.suffix) as member,if(cbu.reason < 4,cr.description,cbu.other_reason) as reason,cbu.amount,if(cbu.status=0,'Draft',if(cbu.status=1,'Approved, For Releasing',if(cbu.status=2,'Released',if(cbu.status=5,'Disapproved','Cancelled')))) as status,cbu.id_cash_disbursement,cbu.status as status_code,DATE_FORMAT(cbu.date_created,'%m/%d/%Y') as date_created,

                                if(cbu.id_bank = 0,'Cash',tb.bank_name) as mode from `cbu_withdrawal` as `cbu` left join `member` as `m` on `m`.`id_member` = `cbu`.`id_member` left join `cbu_withdrawal_reason` as `cr` on `cr`.`id_cbu_withdrawal_reason` = `cbu`.`reason` left join `tbl_bank` as `tb` on `tb`.`id_bank` = `cbu`.`id_bank` order by `cbu`.`id_cbu_withdrawal` desc) at C:\\wamp64\\www\\maasin_live_act\\vendor\\laravel\\framework\\src\\Illuminate\\Database\\Connection.php:829)
[stacktrace]
#0 C:\\wamp64\\www\\maasin_live_act\\vendor\\laravel\\framework\\src\\Illuminate\\Database\\Connection.php(783): Illuminate\\Database\\Connection->runQueryCallback('select DATE_FOR...', Array, Object(Closure))
#1 C:\\wamp64\\www\\maasin_live_act\\vendor\\laravel\\framework\\src\\Illuminate\\Database\\Connection.php(414): Illuminate\\Database\\Connection->run('select DATE_FOR...', Array, Object(Closure))
#2 C:\\wamp64\\www\\maasin_live_act\\vendor\\laravel\\framework\\src\\Illuminate\\Database\\Query\\Builder.php(2913): Illuminate\\Database\\Connection->select('select DATE_FOR...', Array, true)
#3 C:\\wamp64\\www\\maasin_live_act\\vendor\\laravel\\framework\\src\\Illuminate\\Database\\Query\\Builder.php(2902): Illuminate\\Database\\Query\\Builder->runSelect()
#4 C:\\wamp64\\www\\maasin_live_act\\vendor\\laravel\\framework\\src\\Illuminate\\Database\\Query\\Builder.php(3456): Illuminate\\Database\\Query\\Builder->{closure:Illuminate\\Database\\Query\\Builder::get():2901}()
#5 C:\\wamp64\\www\\maasin_live_act\\vendor\\laravel\\framework\\src\\Illuminate\\Database\\Query\\Builder.php(2901): Illuminate\\Database\\Query\\Builder->onceWithColumns(Array, Object(Closure))
#6 C:\\wamp64\\www\\maasin_live_act\\app\\Http\\Controllers\\CBUWithdrawalController.php(48): Illuminate\\Database\\Query\\Builder->get()
#7 C:\\wamp64\\www\\maasin_live_act\\vendor\\laravel\\framework\\src\\Illuminate\\Routing\\Controller.php(54): App\\Http\\Controllers\\CBUWithdrawalController->index()
#8 C:\\wamp64\\www\\maasin_live_act\\vendor\\laravel\\framework\\src\\Illuminate\\Routing\\ControllerDispatcher.php(43): Illuminate\\Routing\\Controller->callAction('index', Array)
#9 C:\\wamp64\\www\\maasin_live_act\\vendor\\laravel\\framework\\src\\Illuminate\\Routing\\Route.php(259): Illuminate\\Routing\\ControllerDispatcher->dispatch(Object(Illuminate\\Routing\\Route), Object(App\\Http\\Controllers\\CBUWithdrawalController), 'index')
#10 C:\\wamp64\\www\\maasin_live_act\\vendor\\laravel\\framework\\src\\Illuminate\\Routing\\Route.php(205): Illuminate\\Routing\\Route->runController()
#11 C:\\wamp64\\www\\maasin_live_act\\vendor\\laravel\\framework\\src\\Illuminate\\Routing\\Router.php(806): Illuminate\\Routing\\Route->run()
#12 C:\\wamp64\\www\\maasin_live_act\\vendor\\laravel\\framework\\src\\Illuminate\\Pipeline\\Pipeline.php(144): Illuminate\\Routing\\Router->{closure:Illuminate\\Routing\\Router::runRouteWithinStack():805}(Object(Illuminate\\Http\\Request))
#13 C:\\wamp64\\www\\maasin_live_act\\app\\Http\\Middleware\\SessionExpired.php(48): Illuminate\\Pipeline\\Pipeline->{closure:Illuminate\\Pipeline\\Pipeline::prepareDestination():142}(Object(Illuminate\\Http\\Request))
#14 C:\\wamp64\\www\\maasin_live_act\\vendor\\laravel\\framework\\src\\Illuminate\\Pipeline\\Pipeline.php(183): App\\Http\\Middleware\\SessionExpired->handle(Object(Illuminate\\Http\\Request), Object(Closure))
#15 C:\\wamp64\\www\\maasin_live_act\\vendor\\laravel\\framework\\src\\Illuminate\\Routing\\Middleware\\SubstituteBindings.php(50): Illuminate\\Pipeline\\Pipeline->{closure:{closure:Illuminate\\Pipeline\\Pipeline::carry():158}:159}(Object(Illuminate\\Http\\Request))
#16 C:\\wamp64\\www\\maasin_live_act\\vendor\\laravel\\framework\\src\\Illuminate\\Pipeline\\Pipeline.php(183): Illuminate\\Routing\\Middleware\\SubstituteBindings->handle(Object(Illuminate\\Http\\Request), Object(Closure))
#17 C:\\wamp64\\www\\maasin_live_act\\vendor\\laravel\\framework\\src\\Illuminate\\Foundation\\Http\\Middleware\\VerifyCsrfToken.php(78): Illuminate\\Pipeline\\Pipeline->{closure:{closure:Illuminate\\Pipeline\\Pipeline::carry():158}:159}(Object(Illuminate\\Http\\Request))
#18 C:\\wamp64\\www\\maasin_live_act\\vendor\\laravel\\framework\\src\\Illuminate\\Pipeline\\Pipeline.php(183): Illuminate\\Foundation\\Http\\Middleware\\VerifyCsrfToken->handle(Object(Illuminate\\Http\\Request), Object(Closure))
#19 C:\\wamp64\\www\\maasin_live_act\\vendor\\laravel\\framework\\src\\Illuminate\\View\\Middleware\\ShareErrorsFromSession.php(49): Illuminate\\Pipeline\\Pipeline->{closure:{closure:Illuminate\\Pipeline\\Pipeline::carry():158}:159}(Object(Illuminate\\Http\\Request))
#20 C:\\wamp64\\www\\maasin_live_act\\vendor\\laravel\\framework\\src\\Illuminate\\Pipeline\\Pipeline.php(183): Illuminate\\View\\Middleware\\ShareErrorsFromSession->handle(Object(Illuminate\\Http\\Request), Object(Closure))
#21 C:\\wamp64\\www\\maasin_live_act\\vendor\\laravel\\framework\\src\\Illuminate\\Session\\Middleware\\StartSession.php(121): Illuminate\\Pipeline\\Pipeline->{closure:{closure:Illuminate\\Pipeline\\Pipeline::carry():158}:159}(Object(Illuminate\\Http\\Request))
#22 C:\\wamp64\\www\\maasin_live_act\\vendor\\laravel\\framework\\src\\Illuminate\\Session\\Middleware\\StartSession.php(64): Illuminate\\Session\\Middleware\\StartSession->handleStatefulRequest(Object(Illuminate\\Http\\Request), Object(Illuminate\\Session\\Store), Object(Closure))
#23 C:\\wamp64\\www\\maasin_live_act\\vendor\\laravel\\framework\\src\\Illuminate\\Pipeline\\Pipeline.php(183): Illuminate\\Session\\Middleware\\StartSession->handle(Object(Illuminate\\Http\\Request), Object(Closure))
#24 C:\\wamp64\\www\\maasin_live_act\\vendor\\laravel\\framework\\src\\Illuminate\\Cookie\\Middleware\\AddQueuedCookiesToResponse.php(37): Illuminate\\Pipeline\\Pipeline->{closure:{closure:Illuminate\\Pipeline\\Pipeline::carry():158}:159}(Object(Illuminate\\Http\\Request))
#25 C:\\wamp64\\www\\maasin_live_act\\vendor\\laravel\\framework\\src\\Illuminate\\Pipeline\\Pipeline.php(183): Illuminate\\Cookie\\Middleware\\AddQueuedCookiesToResponse->handle(Object(Illuminate\\Http\\Request), Object(Closure))
#26 C:\\wamp64\\www\\maasin_live_act\\vendor\\laravel\\framework\\src\\Illuminate\\Cookie\\Middleware\\EncryptCookies.php(67): Illuminate\\Pipeline\\Pipeline->{closure:{closure:Illuminate\\Pipeline\\Pipeline::carry():158}:159}(Object(Illuminate\\Http\\Request))
#27 C:\\wamp64\\www\\maasin_live_act\\vendor\\laravel\\framework\\src\\Illuminate\\Pipeline\\Pipeline.php(183): Illuminate\\Cookie\\Middleware\\EncryptCookies->handle(Object(Illuminate\\Http\\Request), Object(Closure))
#28 C:\\wamp64\\www\\maasin_live_act\\vendor\\laravel\\framework\\src\\Illuminate\\Pipeline\\Pipeline.php(119): Illuminate\\Pipeline\\Pipeline->{closure:{closure:Illuminate\\Pipeline\\Pipeline::carry():158}:159}(Object(Illuminate\\Http\\Request))
#29 C:\\wamp64\\www\\maasin_live_act\\vendor\\laravel\\framework\\src\\Illuminate\\Routing\\Router.php(805): Illuminate\\Pipeline\\Pipeline->then(Object(Closure))
#30 C:\\wamp64\\www\\maasin_live_act\\vendor\\laravel\\framework\\src\\Illuminate\\Routing\\Router.php(784): Illuminate\\Routing\\Router->runRouteWithinStack(Object(Illuminate\\Routing\\Route), Object(Illuminate\\Http\\Request))
#31 C:\\wamp64\\www\\maasin_live_act\\vendor\\laravel\\framework\\src\\Illuminate\\Routing\\Router.php(748): Illuminate\\Routing\\Router->runRoute(Object(Illuminate\\Http\\Request), Object(Illuminate\\Routing\\Route))
#32 C:\\wamp64\\www\\maasin_live_act\\vendor\\laravel\\framework\\src\\Illuminate\\Routing\\Router.php(737): Illuminate\\Routing\\Router->dispatchToRoute(Object(Illuminate\\Http\\Request))
#33 C:\\wamp64\\www\\maasin_live_act\\vendor\\laravel\\framework\\src\\Illuminate\\Foundation\\Http\\Kernel.php(200): Illuminate\\Routing\\Router->dispatch(Object(Illuminate\\Http\\Request))
#34 C:\\wamp64\\www\\maasin_live_act\\vendor\\laravel\\framework\\src\\Illuminate\\Pipeline\\Pipeline.php(144): Illuminate\\Foundation\\Http\\Kernel->{closure:Illuminate\\Foundation\\Http\\Kernel::dispatchToRouter():197}(Object(Illuminate\\Http\\Request))
#35 C:\\wamp64\\www\\maasin_live_act\\vendor\\laravel\\framework\\src\\Illuminate\\Foundation\\Http\\Middleware\\TransformsRequest.php(21): Illuminate\\Pipeline\\Pipeline->{closure:Illuminate\\Pipeline\\Pipeline::prepareDestination():142}(Object(Illuminate\\Http\\Request))
#36 C:\\wamp64\\www\\maasin_live_act\\vendor\\laravel\\framework\\src\\Illuminate\\Foundation\\Http\\Middleware\\ConvertEmptyStringsToNull.php(31): Illuminate\\Foundation\\Http\\Middleware\\TransformsRequest->handle(Object(Illuminate\\Http\\Request), Object(Closure))
#37 C:\\wamp64\\www\\maasin_live_act\\vendor\\laravel\\framework\\src\\Illuminate\\Pipeline\\Pipeline.php(183): Illuminate\\Foundation\\Http\\Middleware\\ConvertEmptyStringsToNull->handle(Object(Illuminate\\Http\\Request), Object(Closure))
#38 C:\\wamp64\\www\\maasin_live_act\\vendor\\laravel\\framework\\src\\Illuminate\\Foundation\\Http\\Middleware\\TransformsRequest.php(21): Illuminate\\Pipeline\\Pipeline->{closure:{closure:Illuminate\\Pipeline\\Pipeline::carry():158}:159}(Object(Illuminate\\Http\\Request))
#39 C:\\wamp64\\www\\maasin_live_act\\vendor\\laravel\\framework\\src\\Illuminate\\Foundation\\Http\\Middleware\\TrimStrings.php(40): Illuminate\\Foundation\\Http\\Middleware\\TransformsRequest->handle(Object(Illuminate\\Http\\Request), Object(Closure))
#40 C:\\wamp64\\www\\maasin_live_act\\vendor\\laravel\\framework\\src\\Illuminate\\Pipeline\\Pipeline.php(183): Illuminate\\Foundation\\Http\\Middleware\\TrimStrings->handle(Object(Illuminate\\Http\\Request), Object(Closure))
#41 C:\\wamp64\\www\\maasin_live_act\\vendor\\laravel\\framework\\src\\Illuminate\\Foundation\\Http\\Middleware\\ValidatePostSize.php(27): Illuminate\\Pipeline\\Pipeline->{closure:{closure:Illuminate\\Pipeline\\Pipeline::carry():158}:159}(Object(Illuminate\\Http\\Request))
#42 C:\\wamp64\\www\\maasin_live_act\\vendor\\laravel\\framework\\src\\Illuminate\\Pipeline\\Pipeline.php(183): Illuminate\\Foundation\\Http\\Middleware\\ValidatePostSize->handle(Object(Illuminate\\Http\\Request), Object(Closure))
#43 C:\\wamp64\\www\\maasin_live_act\\vendor\\laravel\\framework\\src\\Illuminate\\Foundation\\Http\\Middleware\\PreventRequestsDuringMaintenance.php(99): Illuminate\\Pipeline\\Pipeline->{closure:{closure:Illuminate\\Pipeline\\Pipeline::carry():158}:159}(Object(Illuminate\\Http\\Request))
#44 C:\\wamp64\\www\\maasin_live_act\\vendor\\laravel\\framework\\src\\Illuminate\\Pipeline\\Pipeline.php(183): Illuminate\\Foundation\\Http\\Middleware\\PreventRequestsDuringMaintenance->handle(Object(Illuminate\\Http\\Request), Object(Closure))
#45 C:\\wamp64\\www\\maasin_live_act\\vendor\\laravel\\framework\\src\\Illuminate\\Http\\Middleware\\TrustProxies.php(39): Illuminate\\Pipeline\\Pipeline->{closure:{closure:Illuminate\\Pipeline\\Pipeline::carry():158}:159}(Object(Illuminate\\Http\\Request))
#46 C:\\wamp64\\www\\maasin_live_act\\vendor\\laravel\\framework\\src\\Illuminate\\Pipeline\\Pipeline.php(183): Illuminate\\Http\\Middleware\\TrustProxies->handle(Object(Illuminate\\Http\\Request), Object(Closure))
#47 C:\\wamp64\\www\\maasin_live_act\\vendor\\laravel\\framework\\src\\Illuminate\\Pipeline\\Pipeline.php(119): Illuminate\\Pipeline\\Pipeline->{closure:{closure:Illuminate\\Pipeline\\Pipeline::carry():158}:159}(Object(Illuminate\\Http\\Request))
#48 C:\\wamp64\\www\\maasin_live_act\\vendor\\laravel\\framework\\src\\Illuminate\\Foundation\\Http\\Kernel.php(175): Illuminate\\Pipeline\\Pipeline->then(Object(Closure))
#49 C:\\wamp64\\www\\maasin_live_act\\vendor\\laravel\\framework\\src\\Illuminate\\Foundation\\Http\\Kernel.php(144): Illuminate\\Foundation\\Http\\Kernel->sendRequestThroughRouter(Object(Illuminate\\Http\\Request))
#50 C:\\wamp64\\www\\maasin_live_act\\public\\index.php(54): Illuminate\\Foundation\\Http\\Kernel->handle(Object(Illuminate\\Http\\Request))
#51 {main}

[previous exception] [object] (PDOException(code: 42S22): SQLSTATE[42S22]: Column not found: 1054 Unknown column 'cbu.id_bank' in 'field list' at C:\\wamp64\\www\\maasin_live_act\\vendor\\laravel\\framework\\src\\Illuminate\\Database\\Connection.php:423)
[stacktrace]
#0 C:\\wamp64\\www\\maasin_live_act\\vendor\\laravel\\framework\\src\\Illuminate\\Database\\Connection.php(423): PDO->prepare('select DATE_FOR...')
#1 C:\\wamp64\\www\\maasin_live_act\\vendor\\laravel\\framework\\src\\Illuminate\\Database\\Connection.php(816): Illuminate\\Database\\Connection->{closure:Illuminate\\Database\\Connection::select():414}('select DATE_FOR...', Array)
#2 C:\\wamp64\\www\\maasin_live_act\\vendor\\laravel\\framework\\src\\Illuminate\\Database\\Connection.php(783): Illuminate\\Database\\Connection->runQueryCallback('select DATE_FOR...', Array, Object(Closure))
#3 C:\\wamp64\\www\\maasin_live_act\\vendor\\laravel\\framework\\src\\Illuminate\\Database\\Connection.php(414): Illuminate\\Database\\Connection->run('select DATE_FOR...', Array, Object(Closure))
#4 C:\\wamp64\\www\\maasin_live_act\\vendor\\laravel\\framework\\src\\Illuminate\\Database\\Query\\Builder.php(2913): Illuminate\\Database\\Connection->select('select DATE_FOR...', Array, true)
#5 C:\\wamp64\\www\\maasin_live_act\\vendor\\laravel\\framework\\src\\Illuminate\\Database\\Query\\Builder.php(2902): Illuminate\\Database\\Query\\Builder->runSelect()
#6 C:\\wamp64\\www\\maasin_live_act\\vendor\\laravel\\framework\\src\\Illuminate\\Database\\Query\\Builder.php(3456): Illuminate\\Database\\Query\\Builder->{closure:Illuminate\\Database\\Query\\Builder::get():2901}()
#7 C:\\wamp64\\www\\maasin_live_act\\vendor\\laravel\\framework\\src\\Illuminate\\Database\\Query\\Builder.php(2901): Illuminate\\Database\\Query\\Builder->onceWithColumns(Array, Object(Closure))
#8 C:\\wamp64\\www\\maasin_live_act\\app\\Http\\Controllers\\CBUWithdrawalController.php(48): Illuminate\\Database\\Query\\Builder->get()
#9 C:\\wamp64\\www\\maasin_live_act\\vendor\\laravel\\framework\\src\\Illuminate\\Routing\\Controller.php(54): App\\Http\\Controllers\\CBUWithdrawalController->index()
#10 C:\\wamp64\\www\\maasin_live_act\\vendor\\laravel\\framework\\src\\Illuminate\\Routing\\ControllerDispatcher.php(43): Illuminate\\Routing\\Controller->callAction('index', Array)
#11 C:\\wamp64\\www\\maasin_live_act\\vendor\\laravel\\framework\\src\\Illuminate\\Routing\\Route.php(259): Illuminate\\Routing\\ControllerDispatcher->dispatch(Object(Illuminate\\Routing\\Route), Object(App\\Http\\Controllers\\CBUWithdrawalController), 'index')
#12 C:\\wamp64\\www\\maasin_live_act\\vendor\\laravel\\framework\\src\\Illuminate\\Routing\\Route.php(205): Illuminate\\Routing\\Route->runController()
#13 C:\\wamp64\\www\\maasin_live_act\\vendor\\laravel\\framework\\src\\Illuminate\\Routing\\Router.php(806): Illuminate\\Routing\\Route->run()
#14 C:\\wamp64\\www\\maasin_live_act\\vendor\\laravel\\framework\\src\\Illuminate\\Pipeline\\Pipeline.php(144): Illuminate\\Routing\\Router->{closure:Illuminate\\Routing\\Router::runRouteWithinStack():805}(Object(Illuminate\\Http\\Request))
#15 C:\\wamp64\\www\\maasin_live_act\\app\\Http\\Middleware\\SessionExpired.php(48): Illuminate\\Pipeline\\Pipeline->{closure:Illuminate\\Pipeline\\Pipeline::prepareDestination():142}(Object(Illuminate\\Http\\Request))
#16 C:\\wamp64\\www\\maasin_live_act\\vendor\\laravel\\framework\\src\\Illuminate\\Pipeline\\Pipeline.php(183): App\\Http\\Middleware\\SessionExpired->handle(Object(Illuminate\\Http\\Request), Object(Closure))
#17 C:\\wamp64\\www\\maasin_live_act\\vendor\\laravel\\framework\\src\\Illuminate\\Routing\\Middleware\\SubstituteBindings.php(50): Illuminate\\Pipeline\\Pipeline->{closure:{closure:Illuminate\\Pipeline\\Pipeline::carry():158}:159}(Object(Illuminate\\Http\\Request))
#18 C:\\wamp64\\www\\maasin_live_act\\vendor\\laravel\\framework\\src\\Illuminate\\Pipeline\\Pipeline.php(183): Illuminate\\Routing\\Middleware\\SubstituteBindings->handle(Object(Illuminate\\Http\\Request), Object(Closure))
#19 C:\\wamp64\\www\\maasin_live_act\\vendor\\laravel\\framework\\src\\Illuminate\\Foundation\\Http\\Middleware\\VerifyCsrfToken.php(78): Illuminate\\Pipeline\\Pipeline->{closure:{closure:Illuminate\\Pipeline\\Pipeline::carry():158}:159}(Object(Illuminate\\Http\\Request))
#20 C:\\wamp64\\www\\maasin_live_act\\vendor\\laravel\\framework\\src\\Illuminate\\Pipeline\\Pipeline.php(183): Illuminate\\Foundation\\Http\\Middleware\\VerifyCsrfToken->handle(Object(Illuminate\\Http\\Request), Object(Closure))
#21 C:\\wamp64\\www\\maasin_live_act\\vendor\\laravel\\framework\\src\\Illuminate\\View\\Middleware\\ShareErrorsFromSession.php(49): Illuminate\\Pipeline\\Pipeline->{closure:{closure:Illuminate\\Pipeline\\Pipeline::carry():158}:159}(Object(Illuminate\\Http\\Request))
#22 C:\\wamp64\\www\\maasin_live_act\\vendor\\laravel\\framework\\src\\Illuminate\\Pipeline\\Pipeline.php(183): Illuminate\\View\\Middleware\\ShareErrorsFromSession->handle(Object(Illuminate\\Http\\Request), Object(Closure))
#23 C:\\wamp64\\www\\maasin_live_act\\vendor\\laravel\\framework\\src\\Illuminate\\Session\\Middleware\\StartSession.php(121): Illuminate\\Pipeline\\Pipeline->{closure:{closure:Illuminate\\Pipeline\\Pipeline::carry():158}:159}(Object(Illuminate\\Http\\Request))
#24 C:\\wamp64\\www\\maasin_live_act\\vendor\\laravel\\framework\\src\\Illuminate\\Session\\Middleware\\StartSession.php(64): Illuminate\\Session\\Middleware\\StartSession->handleStatefulRequest(Object(Illuminate\\Http\\Request), Object(Illuminate\\Session\\Store), Object(Closure))
#25 C:\\wamp64\\www\\maasin_live_act\\vendor\\laravel\\framework\\src\\Illuminate\\Pipeline\\Pipeline.php(183): Illuminate\\Session\\Middleware\\StartSession->handle(Object(Illuminate\\Http\\Request), Object(Closure))
#26 C:\\wamp64\\www\\maasin_live_act\\vendor\\laravel\\framework\\src\\Illuminate\\Cookie\\Middleware\\AddQueuedCookiesToResponse.php(37): Illuminate\\Pipeline\\Pipeline->{closure:{closure:Illuminate\\Pipeline\\Pipeline::carry():158}:159}(Object(Illuminate\\Http\\Request))
#27 C:\\wamp64\\www\\maasin_live_act\\vendor\\laravel\\framework\\src\\Illuminate\\Pipeline\\Pipeline.php(183): Illuminate\\Cookie\\Middleware\\AddQueuedCookiesToResponse->handle(Object(Illuminate\\Http\\Request), Object(Closure))
#28 C:\\wamp64\\www\\maasin_live_act\\vendor\\laravel\\framework\\src\\Illuminate\\Cookie\\Middleware\\EncryptCookies.php(67): Illuminate\\Pipeline\\Pipeline->{closure:{closure:Illuminate\\Pipeline\\Pipeline::carry():158}:159}(Object(Illuminate\\Http\\Request))
#29 C:\\wamp64\\www\\maasin_live_act\\vendor\\laravel\\framework\\src\\Illuminate\\Pipeline\\Pipeline.php(183): Illuminate\\Cookie\\Middleware\\EncryptCookies->handle(Object(Illuminate\\Http\\Request), Object(Closure))
#30 C:\\wamp64\\www\\maasin_live_act\\vendor\\laravel\\framework\\src\\Illuminate\\Pipeline\\Pipeline.php(119): Illuminate\\Pipeline\\Pipeline->{closure:{closure:Illuminate\\Pipeline\\Pipeline::carry():158}:159}(Object(Illuminate\\Http\\Request))
#31 C:\\wamp64\\www\\maasin_live_act\\vendor\\laravel\\framework\\src\\Illuminate\\Routing\\Router.php(805): Illuminate\\Pipeline\\Pipeline->then(Object(Closure))
#32 C:\\wamp64\\www\\maasin_live_act\\vendor\\laravel\\framework\\src\\Illuminate\\Routing\\Router.php(784): Illuminate\\Routing\\Router->runRouteWithinStack(Object(Illuminate\\Routing\\Route), Object(Illuminate\\Http\\Request))
#33 C:\\wamp64\\www\\maasin_live_act\\vendor\\laravel\\framework\\src\\Illuminate\\Routing\\Router.php(748): Illuminate\\Routing\\Router->runRoute(Object(Illuminate\\Http\\Request), Object(Illuminate\\Routing\\Route))
#34 C:\\wamp64\\www\\maasin_live_act\\vendor\\laravel\\framework\\src\\Illuminate\\Routing\\Router.php(737): Illuminate\\Routing\\Router->dispatchToRoute(Object(Illuminate\\Http\\Request))
#35 C:\\wamp64\\www\\maasin_live_act\\vendor\\laravel\\framework\\src\\Illuminate\\Foundation\\Http\\Kernel.php(200): Illuminate\\Routing\\Router->dispatch(Object(Illuminate\\Http\\Request))
#36 C:\\wamp64\\www\\maasin_live_act\\vendor\\laravel\\framework\\src\\Illuminate\\Pipeline\\Pipeline.php(144): Illuminate\\Foundation\\Http\\Kernel->{closure:Illuminate\\Foundation\\Http\\Kernel::dispatchToRouter():197}(Object(Illuminate\\Http\\Request))
#37 C:\\wamp64\\www\\maasin_live_act\\vendor\\laravel\\framework\\src\\Illuminate\\Foundation\\Http\\Middleware\\TransformsRequest.php(21): Illuminate\\Pipeline\\Pipeline->{closure:Illuminate\\Pipeline\\Pipeline::prepareDestination():142}(Object(Illuminate\\Http\\Request))
#38 C:\\wamp64\\www\\maasin_live_act\\vendor\\laravel\\framework\\src\\Illuminate\\Foundation\\Http\\Middleware\\ConvertEmptyStringsToNull.php(31): Illuminate\\Foundation\\Http\\Middleware\\TransformsRequest->handle(Object(Illuminate\\Http\\Request), Object(Closure))
#39 C:\\wamp64\\www\\maasin_live_act\\vendor\\laravel\\framework\\src\\Illuminate\\Pipeline\\Pipeline.php(183): Illuminate\\Foundation\\Http\\Middleware\\ConvertEmptyStringsToNull->handle(Object(Illuminate\\Http\\Request), Object(Closure))
#40 C:\\wamp64\\www\\maasin_live_act\\vendor\\laravel\\framework\\src\\Illuminate\\Foundation\\Http\\Middleware\\TransformsRequest.php(21): Illuminate\\Pipeline\\Pipeline->{closure:{closure:Illuminate\\Pipeline\\Pipeline::carry():158}:159}(Object(Illuminate\\Http\\Request))
#41 C:\\wamp64\\www\\maasin_live_act\\vendor\\laravel\\framework\\src\\Illuminate\\Foundation\\Http\\Middleware\\TrimStrings.php(40): Illuminate\\Foundation\\Http\\Middleware\\TransformsRequest->handle(Object(Illuminate\\Http\\Request), Object(Closure))
#42 C:\\wamp64\\www\\maasin_live_act\\vendor\\laravel\\framework\\src\\Illuminate\\Pipeline\\Pipeline.php(183): Illuminate\\Foundation\\Http\\Middleware\\TrimStrings->handle(Object(Illuminate\\Http\\Request), Object(Closure))
#43 C:\\wamp64\\www\\maasin_live_act\\vendor\\laravel\\framework\\src\\Illuminate\\Foundation\\Http\\Middleware\\ValidatePostSize.php(27): Illuminate\\Pipeline\\Pipeline->{closure:{closure:Illuminate\\Pipeline\\Pipeline::carry():158}:159}(Object(Illuminate\\Http\\Request))
#44 C:\\wamp64\\www\\maasin_live_act\\vendor\\laravel\\framework\\src\\Illuminate\\Pipeline\\Pipeline.php(183): Illuminate\\Foundation\\Http\\Middleware\\ValidatePostSize->handle(Object(Illuminate\\Http\\Request), Object(Closure))
#45 C:\\wamp64\\www\\maasin_live_act\\vendor\\laravel\\framework\\src\\Illuminate\\Foundation\\Http\\Middleware\\PreventRequestsDuringMaintenance.php(99): Illuminate\\Pipeline\\Pipeline->{closure:{closure:Illuminate\\Pipeline\\Pipeline::carry():158}:159}(Object(Illuminate\\Http\\Request))
#46 C:\\wamp64\\www\\maasin_live_act\\vendor\\laravel\\framework\\src\\Illuminate\\Pipeline\\Pipeline.php(183): Illuminate\\Foundation\\Http\\Middleware\\PreventRequestsDuringMaintenance->handle(Object(Illuminate\\Http\\Request), Object(Closure))
#47 C:\\wamp64\\www\\maasin_live_act\\vendor\\laravel\\framework\\src\\Illuminate\\Http\\Middleware\\TrustProxies.php(39): Illuminate\\Pipeline\\Pipeline->{closure:{closure:Illuminate\\Pipeline\\Pipeline::carry():158}:159}(Object(Illuminate\\Http\\Request))
#48 C:\\wamp64\\www\\maasin_live_act\\vendor\\laravel\\framework\\src\\Illuminate\\Pipeline\\Pipeline.php(183): Illuminate\\Http\\Middleware\\TrustProxies->handle(Object(Illuminate\\Http\\Request), Object(Closure))
#49 C:\\wamp64\\www\\maasin_live_act\\vendor\\laravel\\framework\\src\\Illuminate\\Pipeline\\Pipeline.php(119): Illuminate\\Pipeline\\Pipeline->{closure:{closure:Illuminate\\Pipeline\\Pipeline::carry():158}:159}(Object(Illuminate\\Http\\Request))
#50 C:\\wamp64\\www\\maasin_live_act\\vendor\\laravel\\framework\\src\\Illuminate\\Foundation\\Http\\Kernel.php(175): Illuminate\\Pipeline\\Pipeline->then(Object(Closure))
#51 C:\\wamp64\\www\\maasin_live_act\\vendor\\laravel\\framework\\src\\Illuminate\\Foundation\\Http\\Kernel.php(144): Illuminate\\Foundation\\Http\\Kernel->sendRequestThroughRouter(Object(Illuminate\\Http\\Request))
#52 C:\\wamp64\\www\\maasin_live_act\\public\\index.php(54): Illuminate\\Foundation\\Http\\Kernel->handle(Object(Illuminate\\Http\\Request))
#53 {main}
=======
[2025-10-04 12:59:18] local.ERROR: Cannot redeclare class App\MySession (previously declared in C:\wamp64\www\maasin_live_act\app\MySession.php:8) {"exception":"[object] (Symfony\\Component\\ErrorHandler\\Error\\FatalError(code: 0): Cannot redeclare class App\\MySession (previously declared in C:\\wamp64\\www\\maasin_live_act\\app\\MySession.php:8) at C:\\wamp64\\www\\maasin_live_act\\app\\Models\\MySession.php:8)
[stacktrace]
#0 C:\\wamp64\\www\\maasin_live_act\\vendor\\laravel\\framework\\src\\Illuminate\\Foundation\\Bootstrap\\HandleExceptions.php(244): Symfony\\Component\\ErrorHandler\\Error\\FatalError->__construct(message: ''Cannot redecla...', code: '0', error: '['type' => 64, ...', traceOffset: '0', traceArgs: '???', trace: '???')
#1 C:\\wamp64\\www\\maasin_live_act\\vendor\\laravel\\framework\\src\\Illuminate\\Foundation\\Bootstrap\\HandleExceptions.php(231): Illuminate\\Foundation\\Bootstrap\\HandleExceptions->fatalErrorFromPhpError(error: '['type' => 64, ...', traceOffset: '0')
#2 C:\\wamp64\\www\\maasin_live_act\\vendor\\laravel\\framework\\src\\Illuminate\\Foundation\\Bootstrap\\HandleExceptions.php(255): Illuminate\\Foundation\\Bootstrap\\HandleExceptions->handleShutdown()
#3 C:\\wamp64\\www\\maasin_live_act\\vendor\\laravel\\framework\\src\\Illuminate\\Foundation\\Bootstrap\\HandleExceptions.php(0): Illuminate\\Foundation\\Bootstrap\\HandleExceptions->{closure:C:\\wamp64\\www\\maasin_live_act\\vendor\\laravel\\framework\\src\\Illuminate\\Foundation\\Bootstrap\\HandleExceptions.php:254-256}()
#4 {main}
"} 
[2025-10-04 12:59:18] local.ERROR: Cannot redeclare class App\MySession (previously declared in C:\wamp64\www\maasin_live_act\app\MySession.php:8) {"exception":"[object] (Symfony\\Component\\ErrorHandler\\Error\\FatalError(code: 0): Cannot redeclare class App\\MySession (previously declared in C:\\wamp64\\www\\maasin_live_act\\app\\MySession.php:8) at C:\\wamp64\\www\\maasin_live_act\\app\\Models\\MySession.php:8)
[stacktrace]
#0 C:\\wamp64\\www\\maasin_live_act\\vendor\\laravel\\framework\\src\\Illuminate\\Foundation\\Bootstrap\\HandleExceptions.php(244): Symfony\\Component\\ErrorHandler\\Error\\FatalError->__construct(message: ''Cannot redecla...', code: '0', error: '['type' => 64, ...', traceOffset: '0', traceArgs: '???', trace: '???')
#1 C:\\wamp64\\www\\maasin_live_act\\vendor\\laravel\\framework\\src\\Illuminate\\Foundation\\Bootstrap\\HandleExceptions.php(231): Illuminate\\Foundation\\Bootstrap\\HandleExceptions->fatalErrorFromPhpError(error: '['type' => 64, ...', traceOffset: '0')
#2 C:\\wamp64\\www\\maasin_live_act\\vendor\\laravel\\framework\\src\\Illuminate\\Foundation\\Bootstrap\\HandleExceptions.php(255): Illuminate\\Foundation\\Bootstrap\\HandleExceptions->handleShutdown()
#3 C:\\wamp64\\www\\maasin_live_act\\vendor\\laravel\\framework\\src\\Illuminate\\Foundation\\Bootstrap\\HandleExceptions.php(0): Illuminate\\Foundation\\Bootstrap\\HandleExceptions->{closure:C:\\wamp64\\www\\maasin_live_act\\vendor\\laravel\\framework\\src\\Illuminate\\Foundation\\Bootstrap\\HandleExceptions.php:254-256}()
#4 {main}
"} 
[2025-10-04 12:59:38] local.ERROR: Cannot redeclare class App\MySession (previously declared in C:\wamp64\www\maasin_live_act\app\MySession.php:8) {"exception":"[object] (Symfony\\Component\\ErrorHandler\\Error\\FatalError(code: 0): Cannot redeclare class App\\MySession (previously declared in C:\\wamp64\\www\\maasin_live_act\\app\\MySession.php:8) at C:\\wamp64\\www\\maasin_live_act\\app\\Models\\MySession.php:8)
[stacktrace]
#0 C:\\wamp64\\www\\maasin_live_act\\vendor\\laravel\\framework\\src\\Illuminate\\Foundation\\Bootstrap\\HandleExceptions.php(244): Symfony\\Component\\ErrorHandler\\Error\\FatalError->__construct(message: ''Cannot redecla...', code: '0', error: '['type' => 64, ...', traceOffset: '0', traceArgs: '???', trace: '???')
#1 C:\\wamp64\\www\\maasin_live_act\\vendor\\laravel\\framework\\src\\Illuminate\\Foundation\\Bootstrap\\HandleExceptions.php(231): Illuminate\\Foundation\\Bootstrap\\HandleExceptions->fatalErrorFromPhpError(error: '['type' => 64, ...', traceOffset: '0')
#2 C:\\wamp64\\www\\maasin_live_act\\vendor\\laravel\\framework\\src\\Illuminate\\Foundation\\Bootstrap\\HandleExceptions.php(255): Illuminate\\Foundation\\Bootstrap\\HandleExceptions->handleShutdown()
#3 C:\\wamp64\\www\\maasin_live_act\\vendor\\laravel\\framework\\src\\Illuminate\\Foundation\\Bootstrap\\HandleExceptions.php(0): Illuminate\\Foundation\\Bootstrap\\HandleExceptions->{closure:C:\\wamp64\\www\\maasin_live_act\\vendor\\laravel\\framework\\src\\Illuminate\\Foundation\\Bootstrap\\HandleExceptions.php:254-256}()
#4 {main}
"} 
[2025-10-04 13:00:37] local.ERROR: Cannot redeclare class App\MySession (previously declared in C:\wamp64\www\maasin_live_act\app\MySession.php:8) {"exception":"[object] (Symfony\\Component\\ErrorHandler\\Error\\FatalError(code: 0): Cannot redeclare class App\\MySession (previously declared in C:\\wamp64\\www\\maasin_live_act\\app\\MySession.php:8) at C:\\wamp64\\www\\maasin_live_act\\app\\Models\\MySession.php:8)
[stacktrace]
#0 C:\\wamp64\\www\\maasin_live_act\\vendor\\laravel\\framework\\src\\Illuminate\\Foundation\\Bootstrap\\HandleExceptions.php(244): Symfony\\Component\\ErrorHandler\\Error\\FatalError->__construct(message: ''Cannot redecla...', code: '0', error: '['type' => 64, ...', traceOffset: '0', traceArgs: '???', trace: '???')
#1 C:\\wamp64\\www\\maasin_live_act\\vendor\\laravel\\framework\\src\\Illuminate\\Foundation\\Bootstrap\\HandleExceptions.php(231): Illuminate\\Foundation\\Bootstrap\\HandleExceptions->fatalErrorFromPhpError(error: '['type' => 64, ...', traceOffset: '0')
#2 C:\\wamp64\\www\\maasin_live_act\\vendor\\laravel\\framework\\src\\Illuminate\\Foundation\\Bootstrap\\HandleExceptions.php(255): Illuminate\\Foundation\\Bootstrap\\HandleExceptions->handleShutdown()
#3 C:\\wamp64\\www\\maasin_live_act\\vendor\\laravel\\framework\\src\\Illuminate\\Foundation\\Bootstrap\\HandleExceptions.php(0): Illuminate\\Foundation\\Bootstrap\\HandleExceptions->{closure:C:\\wamp64\\www\\maasin_live_act\\vendor\\laravel\\framework\\src\\Illuminate\\Foundation\\Bootstrap\\HandleExceptions.php:254-256}()
#4 {main}
"} 
[2025-10-04 13:01:37] local.ERROR: Cannot redeclare class App\MySession (previously declared in C:\wamp64\www\maasin_live_act\app\MySession.php:8) {"exception":"[object] (Symfony\\Component\\ErrorHandler\\Error\\FatalError(code: 0): Cannot redeclare class App\\MySession (previously declared in C:\\wamp64\\www\\maasin_live_act\\app\\MySession.php:8) at C:\\wamp64\\www\\maasin_live_act\\app\\Models\\MySession.php:8)
[stacktrace]
#0 C:\\wamp64\\www\\maasin_live_act\\vendor\\laravel\\framework\\src\\Illuminate\\Foundation\\Bootstrap\\HandleExceptions.php(244): Symfony\\Component\\ErrorHandler\\Error\\FatalError->__construct(message: ''Cannot redecla...', code: '0', error: '['type' => 64, ...', traceOffset: '0', traceArgs: '???', trace: '???')
#1 C:\\wamp64\\www\\maasin_live_act\\vendor\\laravel\\framework\\src\\Illuminate\\Foundation\\Bootstrap\\HandleExceptions.php(231): Illuminate\\Foundation\\Bootstrap\\HandleExceptions->fatalErrorFromPhpError(error: '['type' => 64, ...', traceOffset: '0')
#2 C:\\wamp64\\www\\maasin_live_act\\vendor\\laravel\\framework\\src\\Illuminate\\Foundation\\Bootstrap\\HandleExceptions.php(255): Illuminate\\Foundation\\Bootstrap\\HandleExceptions->handleShutdown()
#3 C:\\wamp64\\www\\maasin_live_act\\vendor\\laravel\\framework\\src\\Illuminate\\Foundation\\Bootstrap\\HandleExceptions.php(0): Illuminate\\Foundation\\Bootstrap\\HandleExceptions->{closure:C:\\wamp64\\www\\maasin_live_act\\vendor\\laravel\\framework\\src\\Illuminate\\Foundation\\Bootstrap\\HandleExceptions.php:254-256}()
#4 {main}
"} 
[2025-10-04 13:02:37] local.ERROR: Cannot redeclare class App\MySession (previously declared in C:\wamp64\www\maasin_live_act\app\MySession.php:8) {"exception":"[object] (Symfony\\Component\\ErrorHandler\\Error\\FatalError(code: 0): Cannot redeclare class App\\MySession (previously declared in C:\\wamp64\\www\\maasin_live_act\\app\\MySession.php:8) at C:\\wamp64\\www\\maasin_live_act\\app\\Models\\MySession.php:8)
[stacktrace]
#0 C:\\wamp64\\www\\maasin_live_act\\vendor\\laravel\\framework\\src\\Illuminate\\Foundation\\Bootstrap\\HandleExceptions.php(244): Symfony\\Component\\ErrorHandler\\Error\\FatalError->__construct(message: ''Cannot redecla...', code: '0', error: '['type' => 64, ...', traceOffset: '0', traceArgs: '???', trace: '???')
#1 C:\\wamp64\\www\\maasin_live_act\\vendor\\laravel\\framework\\src\\Illuminate\\Foundation\\Bootstrap\\HandleExceptions.php(231): Illuminate\\Foundation\\Bootstrap\\HandleExceptions->fatalErrorFromPhpError(error: '['type' => 64, ...', traceOffset: '0')
#2 C:\\wamp64\\www\\maasin_live_act\\vendor\\laravel\\framework\\src\\Illuminate\\Foundation\\Bootstrap\\HandleExceptions.php(255): Illuminate\\Foundation\\Bootstrap\\HandleExceptions->handleShutdown()
#3 C:\\wamp64\\www\\maasin_live_act\\vendor\\laravel\\framework\\src\\Illuminate\\Foundation\\Bootstrap\\HandleExceptions.php(0): Illuminate\\Foundation\\Bootstrap\\HandleExceptions->{closure:C:\\wamp64\\www\\maasin_live_act\\vendor\\laravel\\framework\\src\\Illuminate\\Foundation\\Bootstrap\\HandleExceptions.php:254-256}()
#4 {main}
"} 
[2025-10-04 13:03:37] local.ERROR: Cannot redeclare class App\MySession (previously declared in C:\wamp64\www\maasin_live_act\app\MySession.php:8) {"exception":"[object] (Symfony\\Component\\ErrorHandler\\Error\\FatalError(code: 0): Cannot redeclare class App\\MySession (previously declared in C:\\wamp64\\www\\maasin_live_act\\app\\MySession.php:8) at C:\\wamp64\\www\\maasin_live_act\\app\\Models\\MySession.php:8)
[stacktrace]
#0 C:\\wamp64\\www\\maasin_live_act\\vendor\\laravel\\framework\\src\\Illuminate\\Foundation\\Bootstrap\\HandleExceptions.php(244): Symfony\\Component\\ErrorHandler\\Error\\FatalError->__construct(message: ''Cannot redecla...', code: '0', error: '['type' => 64, ...', traceOffset: '0', traceArgs: '???', trace: '???')
#1 C:\\wamp64\\www\\maasin_live_act\\vendor\\laravel\\framework\\src\\Illuminate\\Foundation\\Bootstrap\\HandleExceptions.php(231): Illuminate\\Foundation\\Bootstrap\\HandleExceptions->fatalErrorFromPhpError(error: '['type' => 64, ...', traceOffset: '0')
#2 C:\\wamp64\\www\\maasin_live_act\\vendor\\laravel\\framework\\src\\Illuminate\\Foundation\\Bootstrap\\HandleExceptions.php(255): Illuminate\\Foundation\\Bootstrap\\HandleExceptions->handleShutdown()
#3 C:\\wamp64\\www\\maasin_live_act\\vendor\\laravel\\framework\\src\\Illuminate\\Foundation\\Bootstrap\\HandleExceptions.php(0): Illuminate\\Foundation\\Bootstrap\\HandleExceptions->{closure:C:\\wamp64\\www\\maasin_live_act\\vendor\\laravel\\framework\\src\\Illuminate\\Foundation\\Bootstrap\\HandleExceptions.php:254-256}()
#4 {main}
"} 
[2025-10-04 13:04:37] local.ERROR: Cannot redeclare class App\MySession (previously declared in C:\wamp64\www\maasin_live_act\app\MySession.php:8) {"exception":"[object] (Symfony\\Component\\ErrorHandler\\Error\\FatalError(code: 0): Cannot redeclare class App\\MySession (previously declared in C:\\wamp64\\www\\maasin_live_act\\app\\MySession.php:8) at C:\\wamp64\\www\\maasin_live_act\\app\\Models\\MySession.php:8)
[stacktrace]
#0 C:\\wamp64\\www\\maasin_live_act\\vendor\\laravel\\framework\\src\\Illuminate\\Foundation\\Bootstrap\\HandleExceptions.php(244): Symfony\\Component\\ErrorHandler\\Error\\FatalError->__construct(message: ''Cannot redecla...', code: '0', error: '['type' => 64, ...', traceOffset: '0', traceArgs: '???', trace: '???')
#1 C:\\wamp64\\www\\maasin_live_act\\vendor\\laravel\\framework\\src\\Illuminate\\Foundation\\Bootstrap\\HandleExceptions.php(231): Illuminate\\Foundation\\Bootstrap\\HandleExceptions->fatalErrorFromPhpError(error: '['type' => 64, ...', traceOffset: '0')
#2 C:\\wamp64\\www\\maasin_live_act\\vendor\\laravel\\framework\\src\\Illuminate\\Foundation\\Bootstrap\\HandleExceptions.php(255): Illuminate\\Foundation\\Bootstrap\\HandleExceptions->handleShutdown()
#3 C:\\wamp64\\www\\maasin_live_act\\vendor\\laravel\\framework\\src\\Illuminate\\Foundation\\Bootstrap\\HandleExceptions.php(0): Illuminate\\Foundation\\Bootstrap\\HandleExceptions->{closure:C:\\wamp64\\www\\maasin_live_act\\vendor\\laravel\\framework\\src\\Illuminate\\Foundation\\Bootstrap\\HandleExceptions.php:254-256}()
#4 {main}
"} 
[2025-10-04 13:05:37] local.ERROR: Cannot redeclare class App\MySession (previously declared in C:\wamp64\www\maasin_live_act\app\MySession.php:8) {"exception":"[object] (Symfony\\Component\\ErrorHandler\\Error\\FatalError(code: 0): Cannot redeclare class App\\MySession (previously declared in C:\\wamp64\\www\\maasin_live_act\\app\\MySession.php:8) at C:\\wamp64\\www\\maasin_live_act\\app\\Models\\MySession.php:8)
[stacktrace]
#0 C:\\wamp64\\www\\maasin_live_act\\vendor\\laravel\\framework\\src\\Illuminate\\Foundation\\Bootstrap\\HandleExceptions.php(244): Symfony\\Component\\ErrorHandler\\Error\\FatalError->__construct(message: ''Cannot redecla...', code: '0', error: '['type' => 64, ...', traceOffset: '0', traceArgs: '???', trace: '???')
#1 C:\\wamp64\\www\\maasin_live_act\\vendor\\laravel\\framework\\src\\Illuminate\\Foundation\\Bootstrap\\HandleExceptions.php(231): Illuminate\\Foundation\\Bootstrap\\HandleExceptions->fatalErrorFromPhpError(error: '['type' => 64, ...', traceOffset: '0')
#2 C:\\wamp64\\www\\maasin_live_act\\vendor\\laravel\\framework\\src\\Illuminate\\Foundation\\Bootstrap\\HandleExceptions.php(255): Illuminate\\Foundation\\Bootstrap\\HandleExceptions->handleShutdown()
#3 C:\\wamp64\\www\\maasin_live_act\\vendor\\laravel\\framework\\src\\Illuminate\\Foundation\\Bootstrap\\HandleExceptions.php(0): Illuminate\\Foundation\\Bootstrap\\HandleExceptions->{closure:C:\\wamp64\\www\\maasin_live_act\\vendor\\laravel\\framework\\src\\Illuminate\\Foundation\\Bootstrap\\HandleExceptions.php:254-256}()
#4 {main}
"} 
[2025-10-04 13:06:37] local.ERROR: Cannot redeclare class App\MySession (previously declared in C:\wamp64\www\maasin_live_act\app\MySession.php:8) {"exception":"[object] (Symfony\\Component\\ErrorHandler\\Error\\FatalError(code: 0): Cannot redeclare class App\\MySession (previously declared in C:\\wamp64\\www\\maasin_live_act\\app\\MySession.php:8) at C:\\wamp64\\www\\maasin_live_act\\app\\Models\\MySession.php:8)
[stacktrace]
#0 C:\\wamp64\\www\\maasin_live_act\\vendor\\laravel\\framework\\src\\Illuminate\\Foundation\\Bootstrap\\HandleExceptions.php(244): Symfony\\Component\\ErrorHandler\\Error\\FatalError->__construct(message: ''Cannot redecla...', code: '0', error: '['type' => 64, ...', traceOffset: '0', traceArgs: '???', trace: '???')
#1 C:\\wamp64\\www\\maasin_live_act\\vendor\\laravel\\framework\\src\\Illuminate\\Foundation\\Bootstrap\\HandleExceptions.php(231): Illuminate\\Foundation\\Bootstrap\\HandleExceptions->fatalErrorFromPhpError(error: '['type' => 64, ...', traceOffset: '0')
#2 C:\\wamp64\\www\\maasin_live_act\\vendor\\laravel\\framework\\src\\Illuminate\\Foundation\\Bootstrap\\HandleExceptions.php(255): Illuminate\\Foundation\\Bootstrap\\HandleExceptions->handleShutdown()
#3 C:\\wamp64\\www\\maasin_live_act\\vendor\\laravel\\framework\\src\\Illuminate\\Foundation\\Bootstrap\\HandleExceptions.php(0): Illuminate\\Foundation\\Bootstrap\\HandleExceptions->{closure:C:\\wamp64\\www\\maasin_live_act\\vendor\\laravel\\framework\\src\\Illuminate\\Foundation\\Bootstrap\\HandleExceptions.php:254-256}()
#4 {main}
"} 
[2025-10-04 13:07:38] local.ERROR: Cannot redeclare class App\MySession (previously declared in C:\wamp64\www\maasin_live_act\app\MySession.php:8) {"exception":"[object] (Symfony\\Component\\ErrorHandler\\Error\\FatalError(code: 0): Cannot redeclare class App\\MySession (previously declared in C:\\wamp64\\www\\maasin_live_act\\app\\MySession.php:8) at C:\\wamp64\\www\\maasin_live_act\\app\\Models\\MySession.php:8)
[stacktrace]
#0 C:\\wamp64\\www\\maasin_live_act\\vendor\\laravel\\framework\\src\\Illuminate\\Foundation\\Bootstrap\\HandleExceptions.php(244): Symfony\\Component\\ErrorHandler\\Error\\FatalError->__construct(message: ''Cannot redecla...', code: '0', error: '['type' => 64, ...', traceOffset: '0', traceArgs: '???', trace: '???')
#1 C:\\wamp64\\www\\maasin_live_act\\vendor\\laravel\\framework\\src\\Illuminate\\Foundation\\Bootstrap\\HandleExceptions.php(231): Illuminate\\Foundation\\Bootstrap\\HandleExceptions->fatalErrorFromPhpError(error: '['type' => 64, ...', traceOffset: '0')
#2 C:\\wamp64\\www\\maasin_live_act\\vendor\\laravel\\framework\\src\\Illuminate\\Foundation\\Bootstrap\\HandleExceptions.php(255): Illuminate\\Foundation\\Bootstrap\\HandleExceptions->handleShutdown()
#3 C:\\wamp64\\www\\maasin_live_act\\vendor\\laravel\\framework\\src\\Illuminate\\Foundation\\Bootstrap\\HandleExceptions.php(0): Illuminate\\Foundation\\Bootstrap\\HandleExceptions->{closure:C:\\wamp64\\www\\maasin_live_act\\vendor\\laravel\\framework\\src\\Illuminate\\Foundation\\Bootstrap\\HandleExceptions.php:254-256}()
#4 {main}
"} 
[2025-10-04 13:08:20] local.ERROR: SQLSTATE[HY000] [1045] Access denied for user 'root'@'localhost' (using password: YES) (Connection: mysql, SQL: select * from `sessions` where `id` = IVcetuVLyrbmTchm9lYDYWogiwpqfcegC5Cjl700 limit 1) {"exception":"[object] (Illuminate\\Database\\QueryException(code: 1045): SQLSTATE[HY000] [1045] Access denied for user 'root'@'localhost' (using password: YES) (Connection: mysql, SQL: select * from `sessions` where `id` = IVcetuVLyrbmTchm9lYDYWogiwpqfcegC5Cjl700 limit 1) at C:\\wamp64\\www\\maasin_live_act\\vendor\\laravel\\framework\\src\\Illuminate\\Database\\Connection.php:829)
[stacktrace]
#0 C:\\wamp64\\www\\maasin_live_act\\vendor\\laravel\\framework\\src\\Illuminate\\Database\\Connection.php(983): Illuminate\\Database\\Connection->runQueryCallback('select * from `...', Array, Object(Closure))
#1 C:\\wamp64\\www\\maasin_live_act\\vendor\\laravel\\framework\\src\\Illuminate\\Database\\Connection.php(962): Illuminate\\Database\\Connection->tryAgainIfCausedByLostConnection(Object(Illuminate\\Database\\QueryException), 'select * from `...', Array, Object(Closure))
#2 C:\\wamp64\\www\\maasin_live_act\\vendor\\laravel\\framework\\src\\Illuminate\\Database\\Connection.php(785): Illuminate\\Database\\Connection->handleQueryException(Object(Illuminate\\Database\\QueryException), 'select * from `...', Array, Object(Closure))
#3 C:\\wamp64\\www\\maasin_live_act\\vendor\\laravel\\framework\\src\\Illuminate\\Database\\Connection.php(414): Illuminate\\Database\\Connection->run('select * from `...', Array, Object(Closure))
#4 C:\\wamp64\\www\\maasin_live_act\\vendor\\laravel\\framework\\src\\Illuminate\\Database\\Query\\Builder.php(2913): Illuminate\\Database\\Connection->select('select * from `...', Array, true)
#5 C:\\wamp64\\www\\maasin_live_act\\vendor\\laravel\\framework\\src\\Illuminate\\Database\\Query\\Builder.php(2902): Illuminate\\Database\\Query\\Builder->runSelect()
#6 C:\\wamp64\\www\\maasin_live_act\\vendor\\laravel\\framework\\src\\Illuminate\\Database\\Query\\Builder.php(3456): Illuminate\\Database\\Query\\Builder->{closure:Illuminate\\Database\\Query\\Builder::get():2901}()
#7 C:\\wamp64\\www\\maasin_live_act\\vendor\\laravel\\framework\\src\\Illuminate\\Database\\Query\\Builder.php(2901): Illuminate\\Database\\Query\\Builder->onceWithColumns(Array, Object(Closure))
#8 C:\\wamp64\\www\\maasin_live_act\\vendor\\laravel\\framework\\src\\Illuminate\\Database\\Concerns\\BuildsQueries.php(333): Illuminate\\Database\\Query\\Builder->get(Array)
#9 C:\\wamp64\\www\\maasin_live_act\\vendor\\laravel\\framework\\src\\Illuminate\\Database\\Query\\Builder.php(2824): Illuminate\\Database\\Query\\Builder->first(Array)
#10 C:\\wamp64\\www\\maasin_live_act\\vendor\\laravel\\framework\\src\\Illuminate\\Session\\DatabaseSessionHandler.php(97): Illuminate\\Database\\Query\\Builder->find('IVcetuVLyrbmTch...')
#11 C:\\wamp64\\www\\maasin_live_act\\vendor\\laravel\\framework\\src\\Illuminate\\Session\\Store.php(113): Illuminate\\Session\\DatabaseSessionHandler->read('IVcetuVLyrbmTch...')
#12 C:\\wamp64\\www\\maasin_live_act\\vendor\\laravel\\framework\\src\\Illuminate\\Session\\Store.php(101): Illuminate\\Session\\Store->readFromHandler()
#13 C:\\wamp64\\www\\maasin_live_act\\vendor\\laravel\\framework\\src\\Illuminate\\Session\\Store.php(85): Illuminate\\Session\\Store->loadSession()
#14 C:\\wamp64\\www\\maasin_live_act\\vendor\\laravel\\framework\\src\\Illuminate\\Session\\Middleware\\StartSession.php(147): Illuminate\\Session\\Store->start()
#15 C:\\wamp64\\www\\maasin_live_act\\vendor\\laravel\\framework\\src\\Illuminate\\Support\\helpers.php(320): Illuminate\\Session\\Middleware\\StartSession->{closure:Illuminate\\Session\\Middleware\\StartSession::startSession():144}(Object(Illuminate\\Session\\Store))
#16 C:\\wamp64\\www\\maasin_live_act\\vendor\\laravel\\framework\\src\\Illuminate\\Session\\Middleware\\StartSession.php(144): tap(Object(Illuminate\\Session\\Store), Object(Closure))
#17 C:\\wamp64\\www\\maasin_live_act\\vendor\\laravel\\framework\\src\\Illuminate\\Session\\Middleware\\StartSession.php(116): Illuminate\\Session\\Middleware\\StartSession->startSession(Object(Illuminate\\Http\\Request), Object(Illuminate\\Session\\Store))
#18 C:\\wamp64\\www\\maasin_live_act\\vendor\\laravel\\framework\\src\\Illuminate\\Session\\Middleware\\StartSession.php(64): Illuminate\\Session\\Middleware\\StartSession->handleStatefulRequest(Object(Illuminate\\Http\\Request), Object(Illuminate\\Session\\Store), Object(Closure))
#19 C:\\wamp64\\www\\maasin_live_act\\vendor\\laravel\\framework\\src\\Illuminate\\Pipeline\\Pipeline.php(183): Illuminate\\Session\\Middleware\\StartSession->handle(Object(Illuminate\\Http\\Request), Object(Closure))
#20 C:\\wamp64\\www\\maasin_live_act\\vendor\\laravel\\framework\\src\\Illuminate\\Cookie\\Middleware\\AddQueuedCookiesToResponse.php(37): Illuminate\\Pipeline\\Pipeline->{closure:{closure:Illuminate\\Pipeline\\Pipeline::carry():158}:159}(Object(Illuminate\\Http\\Request))
#21 C:\\wamp64\\www\\maasin_live_act\\vendor\\laravel\\framework\\src\\Illuminate\\Pipeline\\Pipeline.php(183): Illuminate\\Cookie\\Middleware\\AddQueuedCookiesToResponse->handle(Object(Illuminate\\Http\\Request), Object(Closure))
#22 C:\\wamp64\\www\\maasin_live_act\\vendor\\laravel\\framework\\src\\Illuminate\\Cookie\\Middleware\\EncryptCookies.php(67): Illuminate\\Pipeline\\Pipeline->{closure:{closure:Illuminate\\Pipeline\\Pipeline::carry():158}:159}(Object(Illuminate\\Http\\Request))
#23 C:\\wamp64\\www\\maasin_live_act\\vendor\\laravel\\framework\\src\\Illuminate\\Pipeline\\Pipeline.php(183): Illuminate\\Cookie\\Middleware\\EncryptCookies->handle(Object(Illuminate\\Http\\Request), Object(Closure))
#24 C:\\wamp64\\www\\maasin_live_act\\vendor\\laravel\\framework\\src\\Illuminate\\Pipeline\\Pipeline.php(119): Illuminate\\Pipeline\\Pipeline->{closure:{closure:Illuminate\\Pipeline\\Pipeline::carry():158}:159}(Object(Illuminate\\Http\\Request))
#25 C:\\wamp64\\www\\maasin_live_act\\vendor\\laravel\\framework\\src\\Illuminate\\Routing\\Router.php(805): Illuminate\\Pipeline\\Pipeline->then(Object(Closure))
#26 C:\\wamp64\\www\\maasin_live_act\\vendor\\laravel\\framework\\src\\Illuminate\\Routing\\Router.php(784): Illuminate\\Routing\\Router->runRouteWithinStack(Object(Illuminate\\Routing\\Route), Object(Illuminate\\Http\\Request))
#27 C:\\wamp64\\www\\maasin_live_act\\vendor\\laravel\\framework\\src\\Illuminate\\Routing\\Router.php(748): Illuminate\\Routing\\Router->runRoute(Object(Illuminate\\Http\\Request), Object(Illuminate\\Routing\\Route))
#28 C:\\wamp64\\www\\maasin_live_act\\vendor\\laravel\\framework\\src\\Illuminate\\Routing\\Router.php(737): Illuminate\\Routing\\Router->dispatchToRoute(Object(Illuminate\\Http\\Request))
#29 C:\\wamp64\\www\\maasin_live_act\\vendor\\laravel\\framework\\src\\Illuminate\\Foundation\\Http\\Kernel.php(200): Illuminate\\Routing\\Router->dispatch(Object(Illuminate\\Http\\Request))
#30 C:\\wamp64\\www\\maasin_live_act\\vendor\\laravel\\framework\\src\\Illuminate\\Pipeline\\Pipeline.php(144): Illuminate\\Foundation\\Http\\Kernel->{closure:Illuminate\\Foundation\\Http\\Kernel::dispatchToRouter():197}(Object(Illuminate\\Http\\Request))
#31 C:\\wamp64\\www\\maasin_live_act\\vendor\\laravel\\framework\\src\\Illuminate\\Foundation\\Http\\Middleware\\TransformsRequest.php(21): Illuminate\\Pipeline\\Pipeline->{closure:Illuminate\\Pipeline\\Pipeline::prepareDestination():142}(Object(Illuminate\\Http\\Request))
#32 C:\\wamp64\\www\\maasin_live_act\\vendor\\laravel\\framework\\src\\Illuminate\\Foundation\\Http\\Middleware\\ConvertEmptyStringsToNull.php(31): Illuminate\\Foundation\\Http\\Middleware\\TransformsRequest->handle(Object(Illuminate\\Http\\Request), Object(Closure))
#33 C:\\wamp64\\www\\maasin_live_act\\vendor\\laravel\\framework\\src\\Illuminate\\Pipeline\\Pipeline.php(183): Illuminate\\Foundation\\Http\\Middleware\\ConvertEmptyStringsToNull->handle(Object(Illuminate\\Http\\Request), Object(Closure))
#34 C:\\wamp64\\www\\maasin_live_act\\vendor\\laravel\\framework\\src\\Illuminate\\Foundation\\Http\\Middleware\\TransformsRequest.php(21): Illuminate\\Pipeline\\Pipeline->{closure:{closure:Illuminate\\Pipeline\\Pipeline::carry():158}:159}(Object(Illuminate\\Http\\Request))
#35 C:\\wamp64\\www\\maasin_live_act\\vendor\\laravel\\framework\\src\\Illuminate\\Foundation\\Http\\Middleware\\TrimStrings.php(40): Illuminate\\Foundation\\Http\\Middleware\\TransformsRequest->handle(Object(Illuminate\\Http\\Request), Object(Closure))
#36 C:\\wamp64\\www\\maasin_live_act\\vendor\\laravel\\framework\\src\\Illuminate\\Pipeline\\Pipeline.php(183): Illuminate\\Foundation\\Http\\Middleware\\TrimStrings->handle(Object(Illuminate\\Http\\Request), Object(Closure))
#37 C:\\wamp64\\www\\maasin_live_act\\vendor\\laravel\\framework\\src\\Illuminate\\Foundation\\Http\\Middleware\\ValidatePostSize.php(27): Illuminate\\Pipeline\\Pipeline->{closure:{closure:Illuminate\\Pipeline\\Pipeline::carry():158}:159}(Object(Illuminate\\Http\\Request))
#38 C:\\wamp64\\www\\maasin_live_act\\vendor\\laravel\\framework\\src\\Illuminate\\Pipeline\\Pipeline.php(183): Illuminate\\Foundation\\Http\\Middleware\\ValidatePostSize->handle(Object(Illuminate\\Http\\Request), Object(Closure))
#39 C:\\wamp64\\www\\maasin_live_act\\vendor\\laravel\\framework\\src\\Illuminate\\Foundation\\Http\\Middleware\\PreventRequestsDuringMaintenance.php(99): Illuminate\\Pipeline\\Pipeline->{closure:{closure:Illuminate\\Pipeline\\Pipeline::carry():158}:159}(Object(Illuminate\\Http\\Request))
#40 C:\\wamp64\\www\\maasin_live_act\\vendor\\laravel\\framework\\src\\Illuminate\\Pipeline\\Pipeline.php(183): Illuminate\\Foundation\\Http\\Middleware\\PreventRequestsDuringMaintenance->handle(Object(Illuminate\\Http\\Request), Object(Closure))
#41 C:\\wamp64\\www\\maasin_live_act\\vendor\\laravel\\framework\\src\\Illuminate\\Http\\Middleware\\TrustProxies.php(39): Illuminate\\Pipeline\\Pipeline->{closure:{closure:Illuminate\\Pipeline\\Pipeline::carry():158}:159}(Object(Illuminate\\Http\\Request))
#42 C:\\wamp64\\www\\maasin_live_act\\vendor\\laravel\\framework\\src\\Illuminate\\Pipeline\\Pipeline.php(183): Illuminate\\Http\\Middleware\\TrustProxies->handle(Object(Illuminate\\Http\\Request), Object(Closure))
#43 C:\\wamp64\\www\\maasin_live_act\\vendor\\laravel\\framework\\src\\Illuminate\\Pipeline\\Pipeline.php(119): Illuminate\\Pipeline\\Pipeline->{closure:{closure:Illuminate\\Pipeline\\Pipeline::carry():158}:159}(Object(Illuminate\\Http\\Request))
#44 C:\\wamp64\\www\\maasin_live_act\\vendor\\laravel\\framework\\src\\Illuminate\\Foundation\\Http\\Kernel.php(175): Illuminate\\Pipeline\\Pipeline->then(Object(Closure))
#45 C:\\wamp64\\www\\maasin_live_act\\vendor\\laravel\\framework\\src\\Illuminate\\Foundation\\Http\\Kernel.php(144): Illuminate\\Foundation\\Http\\Kernel->sendRequestThroughRouter(Object(Illuminate\\Http\\Request))
#46 C:\\wamp64\\www\\maasin_live_act\\public\\index.php(54): Illuminate\\Foundation\\Http\\Kernel->handle(Object(Illuminate\\Http\\Request))
#47 {main}

[previous exception] [object] (PDOException(code: 1045): SQLSTATE[HY000] [1045] Access denied for user 'root'@'localhost' (using password: YES) at C:\\wamp64\\www\\maasin_live_act\\vendor\\laravel\\framework\\src\\Illuminate\\Database\\Connectors\\Connector.php:65)
[stacktrace]
#0 C:\\wamp64\\www\\maasin_live_act\\vendor\\laravel\\framework\\src\\Illuminate\\Database\\Connectors\\Connector.php(65): PDO->__construct('mysql:host=loca...', 'root', Object(SensitiveParameterValue), Array)
#1 C:\\wamp64\\www\\maasin_live_act\\vendor\\laravel\\framework\\src\\Illuminate\\Database\\Connectors\\Connector.php(44): Illuminate\\Database\\Connectors\\Connector->createPdoConnection('mysql:host=loca...', 'root', '@pacbil2567', Array)
#2 C:\\wamp64\\www\\maasin_live_act\\vendor\\laravel\\framework\\src\\Illuminate\\Database\\Connectors\\MySqlConnector.php(24): Illuminate\\Database\\Connectors\\Connector->createConnection('mysql:host=loca...', Array, Array)
#3 C:\\wamp64\\www\\maasin_live_act\\vendor\\laravel\\framework\\src\\Illuminate\\Database\\Connectors\\ConnectionFactory.php(184): Illuminate\\Database\\Connectors\\MySqlConnector->connect(Array)
#4 [internal function]: Illuminate\\Database\\Connectors\\ConnectionFactory->{closure:Illuminate\\Database\\Connectors\\ConnectionFactory::createPdoResolverWithHosts():179}()
#5 C:\\wamp64\\www\\maasin_live_act\\vendor\\laravel\\framework\\src\\Illuminate\\Database\\Connection.php(1339): call_user_func(Object(Closure))
#6 C:\\wamp64\\www\\maasin_live_act\\vendor\\laravel\\framework\\src\\Illuminate\\Database\\Connection.php(1375): Illuminate\\Database\\Connection->getPdo()
#7 C:\\wamp64\\www\\maasin_live_act\\vendor\\laravel\\framework\\src\\Illuminate\\Database\\Connection.php(528): Illuminate\\Database\\Connection->getReadPdo()
#8 C:\\wamp64\\www\\maasin_live_act\\vendor\\laravel\\framework\\src\\Illuminate\\Database\\Connection.php(423): Illuminate\\Database\\Connection->getPdoForSelect(true)
#9 C:\\wamp64\\www\\maasin_live_act\\vendor\\laravel\\framework\\src\\Illuminate\\Database\\Connection.php(816): Illuminate\\Database\\Connection->{closure:Illuminate\\Database\\Connection::select():414}('select * from `...', Array)
#10 C:\\wamp64\\www\\maasin_live_act\\vendor\\laravel\\framework\\src\\Illuminate\\Database\\Connection.php(983): Illuminate\\Database\\Connection->runQueryCallback('select * from `...', Array, Object(Closure))
#11 C:\\wamp64\\www\\maasin_live_act\\vendor\\laravel\\framework\\src\\Illuminate\\Database\\Connection.php(962): Illuminate\\Database\\Connection->tryAgainIfCausedByLostConnection(Object(Illuminate\\Database\\QueryException), 'select * from `...', Array, Object(Closure))
#12 C:\\wamp64\\www\\maasin_live_act\\vendor\\laravel\\framework\\src\\Illuminate\\Database\\Connection.php(785): Illuminate\\Database\\Connection->handleQueryException(Object(Illuminate\\Database\\QueryException), 'select * from `...', Array, Object(Closure))
#13 C:\\wamp64\\www\\maasin_live_act\\vendor\\laravel\\framework\\src\\Illuminate\\Database\\Connection.php(414): Illuminate\\Database\\Connection->run('select * from `...', Array, Object(Closure))
#14 C:\\wamp64\\www\\maasin_live_act\\vendor\\laravel\\framework\\src\\Illuminate\\Database\\Query\\Builder.php(2913): Illuminate\\Database\\Connection->select('select * from `...', Array, true)
#15 C:\\wamp64\\www\\maasin_live_act\\vendor\\laravel\\framework\\src\\Illuminate\\Database\\Query\\Builder.php(2902): Illuminate\\Database\\Query\\Builder->runSelect()
#16 C:\\wamp64\\www\\maasin_live_act\\vendor\\laravel\\framework\\src\\Illuminate\\Database\\Query\\Builder.php(3456): Illuminate\\Database\\Query\\Builder->{closure:Illuminate\\Database\\Query\\Builder::get():2901}()
#17 C:\\wamp64\\www\\maasin_live_act\\vendor\\laravel\\framework\\src\\Illuminate\\Database\\Query\\Builder.php(2901): Illuminate\\Database\\Query\\Builder->onceWithColumns(Array, Object(Closure))
#18 C:\\wamp64\\www\\maasin_live_act\\vendor\\laravel\\framework\\src\\Illuminate\\Database\\Concerns\\BuildsQueries.php(333): Illuminate\\Database\\Query\\Builder->get(Array)
#19 C:\\wamp64\\www\\maasin_live_act\\vendor\\laravel\\framework\\src\\Illuminate\\Database\\Query\\Builder.php(2824): Illuminate\\Database\\Query\\Builder->first(Array)
#20 C:\\wamp64\\www\\maasin_live_act\\vendor\\laravel\\framework\\src\\Illuminate\\Session\\DatabaseSessionHandler.php(97): Illuminate\\Database\\Query\\Builder->find('IVcetuVLyrbmTch...')
#21 C:\\wamp64\\www\\maasin_live_act\\vendor\\laravel\\framework\\src\\Illuminate\\Session\\Store.php(113): Illuminate\\Session\\DatabaseSessionHandler->read('IVcetuVLyrbmTch...')
#22 C:\\wamp64\\www\\maasin_live_act\\vendor\\laravel\\framework\\src\\Illuminate\\Session\\Store.php(101): Illuminate\\Session\\Store->readFromHandler()
#23 C:\\wamp64\\www\\maasin_live_act\\vendor\\laravel\\framework\\src\\Illuminate\\Session\\Store.php(85): Illuminate\\Session\\Store->loadSession()
#24 C:\\wamp64\\www\\maasin_live_act\\vendor\\laravel\\framework\\src\\Illuminate\\Session\\Middleware\\StartSession.php(147): Illuminate\\Session\\Store->start()
#25 C:\\wamp64\\www\\maasin_live_act\\vendor\\laravel\\framework\\src\\Illuminate\\Support\\helpers.php(320): Illuminate\\Session\\Middleware\\StartSession->{closure:Illuminate\\Session\\Middleware\\StartSession::startSession():144}(Object(Illuminate\\Session\\Store))
#26 C:\\wamp64\\www\\maasin_live_act\\vendor\\laravel\\framework\\src\\Illuminate\\Session\\Middleware\\StartSession.php(144): tap(Object(Illuminate\\Session\\Store), Object(Closure))
#27 C:\\wamp64\\www\\maasin_live_act\\vendor\\laravel\\framework\\src\\Illuminate\\Session\\Middleware\\StartSession.php(116): Illuminate\\Session\\Middleware\\StartSession->startSession(Object(Illuminate\\Http\\Request), Object(Illuminate\\Session\\Store))
#28 C:\\wamp64\\www\\maasin_live_act\\vendor\\laravel\\framework\\src\\Illuminate\\Session\\Middleware\\StartSession.php(64): Illuminate\\Session\\Middleware\\StartSession->handleStatefulRequest(Object(Illuminate\\Http\\Request), Object(Illuminate\\Session\\Store), Object(Closure))
#29 C:\\wamp64\\www\\maasin_live_act\\vendor\\laravel\\framework\\src\\Illuminate\\Pipeline\\Pipeline.php(183): Illuminate\\Session\\Middleware\\StartSession->handle(Object(Illuminate\\Http\\Request), Object(Closure))
#30 C:\\wamp64\\www\\maasin_live_act\\vendor\\laravel\\framework\\src\\Illuminate\\Cookie\\Middleware\\AddQueuedCookiesToResponse.php(37): Illuminate\\Pipeline\\Pipeline->{closure:{closure:Illuminate\\Pipeline\\Pipeline::carry():158}:159}(Object(Illuminate\\Http\\Request))
#31 C:\\wamp64\\www\\maasin_live_act\\vendor\\laravel\\framework\\src\\Illuminate\\Pipeline\\Pipeline.php(183): Illuminate\\Cookie\\Middleware\\AddQueuedCookiesToResponse->handle(Object(Illuminate\\Http\\Request), Object(Closure))
#32 C:\\wamp64\\www\\maasin_live_act\\vendor\\laravel\\framework\\src\\Illuminate\\Cookie\\Middleware\\EncryptCookies.php(67): Illuminate\\Pipeline\\Pipeline->{closure:{closure:Illuminate\\Pipeline\\Pipeline::carry():158}:159}(Object(Illuminate\\Http\\Request))
#33 C:\\wamp64\\www\\maasin_live_act\\vendor\\laravel\\framework\\src\\Illuminate\\Pipeline\\Pipeline.php(183): Illuminate\\Cookie\\Middleware\\EncryptCookies->handle(Object(Illuminate\\Http\\Request), Object(Closure))
#34 C:\\wamp64\\www\\maasin_live_act\\vendor\\laravel\\framework\\src\\Illuminate\\Pipeline\\Pipeline.php(119): Illuminate\\Pipeline\\Pipeline->{closure:{closure:Illuminate\\Pipeline\\Pipeline::carry():158}:159}(Object(Illuminate\\Http\\Request))
#35 C:\\wamp64\\www\\maasin_live_act\\vendor\\laravel\\framework\\src\\Illuminate\\Routing\\Router.php(805): Illuminate\\Pipeline\\Pipeline->then(Object(Closure))
#36 C:\\wamp64\\www\\maasin_live_act\\vendor\\laravel\\framework\\src\\Illuminate\\Routing\\Router.php(784): Illuminate\\Routing\\Router->runRouteWithinStack(Object(Illuminate\\Routing\\Route), Object(Illuminate\\Http\\Request))
#37 C:\\wamp64\\www\\maasin_live_act\\vendor\\laravel\\framework\\src\\Illuminate\\Routing\\Router.php(748): Illuminate\\Routing\\Router->runRoute(Object(Illuminate\\Http\\Request), Object(Illuminate\\Routing\\Route))
#38 C:\\wamp64\\www\\maasin_live_act\\vendor\\laravel\\framework\\src\\Illuminate\\Routing\\Router.php(737): Illuminate\\Routing\\Router->dispatchToRoute(Object(Illuminate\\Http\\Request))
#39 C:\\wamp64\\www\\maasin_live_act\\vendor\\laravel\\framework\\src\\Illuminate\\Foundation\\Http\\Kernel.php(200): Illuminate\\Routing\\Router->dispatch(Object(Illuminate\\Http\\Request))
#40 C:\\wamp64\\www\\maasin_live_act\\vendor\\laravel\\framework\\src\\Illuminate\\Pipeline\\Pipeline.php(144): Illuminate\\Foundation\\Http\\Kernel->{closure:Illuminate\\Foundation\\Http\\Kernel::dispatchToRouter():197}(Object(Illuminate\\Http\\Request))
#41 C:\\wamp64\\www\\maasin_live_act\\vendor\\laravel\\framework\\src\\Illuminate\\Foundation\\Http\\Middleware\\TransformsRequest.php(21): Illuminate\\Pipeline\\Pipeline->{closure:Illuminate\\Pipeline\\Pipeline::prepareDestination():142}(Object(Illuminate\\Http\\Request))
#42 C:\\wamp64\\www\\maasin_live_act\\vendor\\laravel\\framework\\src\\Illuminate\\Foundation\\Http\\Middleware\\ConvertEmptyStringsToNull.php(31): Illuminate\\Foundation\\Http\\Middleware\\TransformsRequest->handle(Object(Illuminate\\Http\\Request), Object(Closure))
#43 C:\\wamp64\\www\\maasin_live_act\\vendor\\laravel\\framework\\src\\Illuminate\\Pipeline\\Pipeline.php(183): Illuminate\\Foundation\\Http\\Middleware\\ConvertEmptyStringsToNull->handle(Object(Illuminate\\Http\\Request), Object(Closure))
#44 C:\\wamp64\\www\\maasin_live_act\\vendor\\laravel\\framework\\src\\Illuminate\\Foundation\\Http\\Middleware\\TransformsRequest.php(21): Illuminate\\Pipeline\\Pipeline->{closure:{closure:Illuminate\\Pipeline\\Pipeline::carry():158}:159}(Object(Illuminate\\Http\\Request))
#45 C:\\wamp64\\www\\maasin_live_act\\vendor\\laravel\\framework\\src\\Illuminate\\Foundation\\Http\\Middleware\\TrimStrings.php(40): Illuminate\\Foundation\\Http\\Middleware\\TransformsRequest->handle(Object(Illuminate\\Http\\Request), Object(Closure))
#46 C:\\wamp64\\www\\maasin_live_act\\vendor\\laravel\\framework\\src\\Illuminate\\Pipeline\\Pipeline.php(183): Illuminate\\Foundation\\Http\\Middleware\\TrimStrings->handle(Object(Illuminate\\Http\\Request), Object(Closure))
#47 C:\\wamp64\\www\\maasin_live_act\\vendor\\laravel\\framework\\src\\Illuminate\\Foundation\\Http\\Middleware\\ValidatePostSize.php(27): Illuminate\\Pipeline\\Pipeline->{closure:{closure:Illuminate\\Pipeline\\Pipeline::carry():158}:159}(Object(Illuminate\\Http\\Request))
#48 C:\\wamp64\\www\\maasin_live_act\\vendor\\laravel\\framework\\src\\Illuminate\\Pipeline\\Pipeline.php(183): Illuminate\\Foundation\\Http\\Middleware\\ValidatePostSize->handle(Object(Illuminate\\Http\\Request), Object(Closure))
#49 C:\\wamp64\\www\\maasin_live_act\\vendor\\laravel\\framework\\src\\Illuminate\\Foundation\\Http\\Middleware\\PreventRequestsDuringMaintenance.php(99): Illuminate\\Pipeline\\Pipeline->{closure:{closure:Illuminate\\Pipeline\\Pipeline::carry():158}:159}(Object(Illuminate\\Http\\Request))
#50 C:\\wamp64\\www\\maasin_live_act\\vendor\\laravel\\framework\\src\\Illuminate\\Pipeline\\Pipeline.php(183): Illuminate\\Foundation\\Http\\Middleware\\PreventRequestsDuringMaintenance->handle(Object(Illuminate\\Http\\Request), Object(Closure))
#51 C:\\wamp64\\www\\maasin_live_act\\vendor\\laravel\\framework\\src\\Illuminate\\Http\\Middleware\\TrustProxies.php(39): Illuminate\\Pipeline\\Pipeline->{closure:{closure:Illuminate\\Pipeline\\Pipeline::carry():158}:159}(Object(Illuminate\\Http\\Request))
#52 C:\\wamp64\\www\\maasin_live_act\\vendor\\laravel\\framework\\src\\Illuminate\\Pipeline\\Pipeline.php(183): Illuminate\\Http\\Middleware\\TrustProxies->handle(Object(Illuminate\\Http\\Request), Object(Closure))
#53 C:\\wamp64\\www\\maasin_live_act\\vendor\\laravel\\framework\\src\\Illuminate\\Pipeline\\Pipeline.php(119): Illuminate\\Pipeline\\Pipeline->{closure:{closure:Illuminate\\Pipeline\\Pipeline::carry():158}:159}(Object(Illuminate\\Http\\Request))
#54 C:\\wamp64\\www\\maasin_live_act\\vendor\\laravel\\framework\\src\\Illuminate\\Foundation\\Http\\Kernel.php(175): Illuminate\\Pipeline\\Pipeline->then(Object(Closure))
#55 C:\\wamp64\\www\\maasin_live_act\\vendor\\laravel\\framework\\src\\Illuminate\\Foundation\\Http\\Kernel.php(144): Illuminate\\Foundation\\Http\\Kernel->sendRequestThroughRouter(Object(Illuminate\\Http\\Request))
#56 C:\\wamp64\\www\\maasin_live_act\\public\\index.php(54): Illuminate\\Foundation\\Http\\Kernel->handle(Object(Illuminate\\Http\\Request))
#57 {main}
"} 
[2025-10-04 13:08:38] local.ERROR: Cannot redeclare class App\MySession (previously declared in C:\wamp64\www\maasin_live_act\app\MySession.php:8) {"exception":"[object] (Symfony\\Component\\ErrorHandler\\Error\\FatalError(code: 0): Cannot redeclare class App\\MySession (previously declared in C:\\wamp64\\www\\maasin_live_act\\app\\MySession.php:8) at C:\\wamp64\\www\\maasin_live_act\\app\\Models\\MySession.php:8)
[stacktrace]
#0 C:\\wamp64\\www\\maasin_live_act\\vendor\\laravel\\framework\\src\\Illuminate\\Foundation\\Bootstrap\\HandleExceptions.php(244): Symfony\\Component\\ErrorHandler\\Error\\FatalError->__construct(message: ''Cannot redecla...', code: '0', error: '['type' => 64, ...', traceOffset: '0', traceArgs: '???', trace: '???')
#1 C:\\wamp64\\www\\maasin_live_act\\vendor\\laravel\\framework\\src\\Illuminate\\Foundation\\Bootstrap\\HandleExceptions.php(231): Illuminate\\Foundation\\Bootstrap\\HandleExceptions->fatalErrorFromPhpError(error: '['type' => 64, ...', traceOffset: '0')
#2 C:\\wamp64\\www\\maasin_live_act\\vendor\\laravel\\framework\\src\\Illuminate\\Foundation\\Bootstrap\\HandleExceptions.php(255): Illuminate\\Foundation\\Bootstrap\\HandleExceptions->handleShutdown()
#3 C:\\wamp64\\www\\maasin_live_act\\vendor\\laravel\\framework\\src\\Illuminate\\Foundation\\Bootstrap\\HandleExceptions.php(0): Illuminate\\Foundation\\Bootstrap\\HandleExceptions->{closure:C:\\wamp64\\www\\maasin_live_act\\vendor\\laravel\\framework\\src\\Illuminate\\Foundation\\Bootstrap\\HandleExceptions.php:254-256}()
#4 {main}
"} 
[2025-10-04 13:09:37] local.ERROR: Cannot redeclare class App\MySession (previously declared in C:\wamp64\www\maasin_live_act\app\MySession.php:8) {"exception":"[object] (Symfony\\Component\\ErrorHandler\\Error\\FatalError(code: 0): Cannot redeclare class App\\MySession (previously declared in C:\\wamp64\\www\\maasin_live_act\\app\\MySession.php:8) at C:\\wamp64\\www\\maasin_live_act\\app\\Models\\MySession.php:8)
[stacktrace]
#0 C:\\wamp64\\www\\maasin_live_act\\vendor\\laravel\\framework\\src\\Illuminate\\Foundation\\Bootstrap\\HandleExceptions.php(244): Symfony\\Component\\ErrorHandler\\Error\\FatalError->__construct(message: ''Cannot redecla...', code: '0', error: '['type' => 64, ...', traceOffset: '0', traceArgs: '???', trace: '???')
#1 C:\\wamp64\\www\\maasin_live_act\\vendor\\laravel\\framework\\src\\Illuminate\\Foundation\\Bootstrap\\HandleExceptions.php(231): Illuminate\\Foundation\\Bootstrap\\HandleExceptions->fatalErrorFromPhpError(error: '['type' => 64, ...', traceOffset: '0')
#2 C:\\wamp64\\www\\maasin_live_act\\vendor\\laravel\\framework\\src\\Illuminate\\Foundation\\Bootstrap\\HandleExceptions.php(255): Illuminate\\Foundation\\Bootstrap\\HandleExceptions->handleShutdown()
#3 C:\\wamp64\\www\\maasin_live_act\\vendor\\laravel\\framework\\src\\Illuminate\\Foundation\\Bootstrap\\HandleExceptions.php(0): Illuminate\\Foundation\\Bootstrap\\HandleExceptions->{closure:C:\\wamp64\\www\\maasin_live_act\\vendor\\laravel\\framework\\src\\Illuminate\\Foundation\\Bootstrap\\HandleExceptions.php:254-256}()
#4 {main}
"} 
[2025-10-04 13:10:37] local.ERROR: Cannot redeclare class App\MySession (previously declared in C:\wamp64\www\maasin_live_act\app\MySession.php:8) {"exception":"[object] (Symfony\\Component\\ErrorHandler\\Error\\FatalError(code: 0): Cannot redeclare class App\\MySession (previously declared in C:\\wamp64\\www\\maasin_live_act\\app\\MySession.php:8) at C:\\wamp64\\www\\maasin_live_act\\app\\Models\\MySession.php:8)
[stacktrace]
#0 C:\\wamp64\\www\\maasin_live_act\\vendor\\laravel\\framework\\src\\Illuminate\\Foundation\\Bootstrap\\HandleExceptions.php(244): Symfony\\Component\\ErrorHandler\\Error\\FatalError->__construct(message: ''Cannot redecla...', code: '0', error: '['type' => 64, ...', traceOffset: '0', traceArgs: '???', trace: '???')
#1 C:\\wamp64\\www\\maasin_live_act\\vendor\\laravel\\framework\\src\\Illuminate\\Foundation\\Bootstrap\\HandleExceptions.php(231): Illuminate\\Foundation\\Bootstrap\\HandleExceptions->fatalErrorFromPhpError(error: '['type' => 64, ...', traceOffset: '0')
#2 C:\\wamp64\\www\\maasin_live_act\\vendor\\laravel\\framework\\src\\Illuminate\\Foundation\\Bootstrap\\HandleExceptions.php(255): Illuminate\\Foundation\\Bootstrap\\HandleExceptions->handleShutdown()
#3 C:\\wamp64\\www\\maasin_live_act\\vendor\\laravel\\framework\\src\\Illuminate\\Foundation\\Bootstrap\\HandleExceptions.php(0): Illuminate\\Foundation\\Bootstrap\\HandleExceptions->{closure:C:\\wamp64\\www\\maasin_live_act\\vendor\\laravel\\framework\\src\\Illuminate\\Foundation\\Bootstrap\\HandleExceptions.php:254-256}()
#4 {main}
"} 
[2025-10-04 13:11:37] local.ERROR: Cannot redeclare class App\MySession (previously declared in C:\wamp64\www\maasin_live_act\app\MySession.php:8) {"exception":"[object] (Symfony\\Component\\ErrorHandler\\Error\\FatalError(code: 0): Cannot redeclare class App\\MySession (previously declared in C:\\wamp64\\www\\maasin_live_act\\app\\MySession.php:8) at C:\\wamp64\\www\\maasin_live_act\\app\\Models\\MySession.php:8)
[stacktrace]
#0 C:\\wamp64\\www\\maasin_live_act\\vendor\\laravel\\framework\\src\\Illuminate\\Foundation\\Bootstrap\\HandleExceptions.php(244): Symfony\\Component\\ErrorHandler\\Error\\FatalError->__construct(message: ''Cannot redecla...', code: '0', error: '['type' => 64, ...', traceOffset: '0', traceArgs: '???', trace: '???')
#1 C:\\wamp64\\www\\maasin_live_act\\vendor\\laravel\\framework\\src\\Illuminate\\Foundation\\Bootstrap\\HandleExceptions.php(231): Illuminate\\Foundation\\Bootstrap\\HandleExceptions->fatalErrorFromPhpError(error: '['type' => 64, ...', traceOffset: '0')
#2 C:\\wamp64\\www\\maasin_live_act\\vendor\\laravel\\framework\\src\\Illuminate\\Foundation\\Bootstrap\\HandleExceptions.php(255): Illuminate\\Foundation\\Bootstrap\\HandleExceptions->handleShutdown()
#3 C:\\wamp64\\www\\maasin_live_act\\vendor\\laravel\\framework\\src\\Illuminate\\Foundation\\Bootstrap\\HandleExceptions.php(0): Illuminate\\Foundation\\Bootstrap\\HandleExceptions->{closure:C:\\wamp64\\www\\maasin_live_act\\vendor\\laravel\\framework\\src\\Illuminate\\Foundation\\Bootstrap\\HandleExceptions.php:254-256}()
#4 {main}
"} 
[2025-10-04 13:12:37] local.ERROR: Cannot redeclare class App\MySession (previously declared in C:\wamp64\www\maasin_live_act\app\MySession.php:8) {"exception":"[object] (Symfony\\Component\\ErrorHandler\\Error\\FatalError(code: 0): Cannot redeclare class App\\MySession (previously declared in C:\\wamp64\\www\\maasin_live_act\\app\\MySession.php:8) at C:\\wamp64\\www\\maasin_live_act\\app\\Models\\MySession.php:8)
[stacktrace]
#0 C:\\wamp64\\www\\maasin_live_act\\vendor\\laravel\\framework\\src\\Illuminate\\Foundation\\Bootstrap\\HandleExceptions.php(244): Symfony\\Component\\ErrorHandler\\Error\\FatalError->__construct(message: ''Cannot redecla...', code: '0', error: '['type' => 64, ...', traceOffset: '0', traceArgs: '???', trace: '???')
#1 C:\\wamp64\\www\\maasin_live_act\\vendor\\laravel\\framework\\src\\Illuminate\\Foundation\\Bootstrap\\HandleExceptions.php(231): Illuminate\\Foundation\\Bootstrap\\HandleExceptions->fatalErrorFromPhpError(error: '['type' => 64, ...', traceOffset: '0')
#2 C:\\wamp64\\www\\maasin_live_act\\vendor\\laravel\\framework\\src\\Illuminate\\Foundation\\Bootstrap\\HandleExceptions.php(255): Illuminate\\Foundation\\Bootstrap\\HandleExceptions->handleShutdown()
#3 C:\\wamp64\\www\\maasin_live_act\\vendor\\laravel\\framework\\src\\Illuminate\\Foundation\\Bootstrap\\HandleExceptions.php(0): Illuminate\\Foundation\\Bootstrap\\HandleExceptions->{closure:C:\\wamp64\\www\\maasin_live_act\\vendor\\laravel\\framework\\src\\Illuminate\\Foundation\\Bootstrap\\HandleExceptions.php:254-256}()
#4 {main}
"} 
[2025-10-04 13:13:38] local.ERROR: Cannot redeclare class App\MySession (previously declared in C:\wamp64\www\maasin_live_act\app\MySession.php:8) {"exception":"[object] (Symfony\\Component\\ErrorHandler\\Error\\FatalError(code: 0): Cannot redeclare class App\\MySession (previously declared in C:\\wamp64\\www\\maasin_live_act\\app\\MySession.php:8) at C:\\wamp64\\www\\maasin_live_act\\app\\Models\\MySession.php:8)
[stacktrace]
#0 C:\\wamp64\\www\\maasin_live_act\\vendor\\laravel\\framework\\src\\Illuminate\\Foundation\\Bootstrap\\HandleExceptions.php(244): Symfony\\Component\\ErrorHandler\\Error\\FatalError->__construct(message: ''Cannot redecla...', code: '0', error: '['type' => 64, ...', traceOffset: '0', traceArgs: '???', trace: '???')
#1 C:\\wamp64\\www\\maasin_live_act\\vendor\\laravel\\framework\\src\\Illuminate\\Foundation\\Bootstrap\\HandleExceptions.php(231): Illuminate\\Foundation\\Bootstrap\\HandleExceptions->fatalErrorFromPhpError(error: '['type' => 64, ...', traceOffset: '0')
#2 C:\\wamp64\\www\\maasin_live_act\\vendor\\laravel\\framework\\src\\Illuminate\\Foundation\\Bootstrap\\HandleExceptions.php(255): Illuminate\\Foundation\\Bootstrap\\HandleExceptions->handleShutdown()
#3 C:\\wamp64\\www\\maasin_live_act\\vendor\\laravel\\framework\\src\\Illuminate\\Foundation\\Bootstrap\\HandleExceptions.php(0): Illuminate\\Foundation\\Bootstrap\\HandleExceptions->{closure:C:\\wamp64\\www\\maasin_live_act\\vendor\\laravel\\framework\\src\\Illuminate\\Foundation\\Bootstrap\\HandleExceptions.php:254-256}()
#4 {main}
"} 
[2025-10-04 13:14:37] local.ERROR: Cannot redeclare class App\MySession (previously declared in C:\wamp64\www\maasin_live_act\app\MySession.php:8) {"exception":"[object] (Symfony\\Component\\ErrorHandler\\Error\\FatalError(code: 0): Cannot redeclare class App\\MySession (previously declared in C:\\wamp64\\www\\maasin_live_act\\app\\MySession.php:8) at C:\\wamp64\\www\\maasin_live_act\\app\\Models\\MySession.php:8)
[stacktrace]
#0 C:\\wamp64\\www\\maasin_live_act\\vendor\\laravel\\framework\\src\\Illuminate\\Foundation\\Bootstrap\\HandleExceptions.php(244): Symfony\\Component\\ErrorHandler\\Error\\FatalError->__construct(message: ''Cannot redecla...', code: '0', error: '['type' => 64, ...', traceOffset: '0', traceArgs: '???', trace: '???')
#1 C:\\wamp64\\www\\maasin_live_act\\vendor\\laravel\\framework\\src\\Illuminate\\Foundation\\Bootstrap\\HandleExceptions.php(231): Illuminate\\Foundation\\Bootstrap\\HandleExceptions->fatalErrorFromPhpError(error: '['type' => 64, ...', traceOffset: '0')
#2 C:\\wamp64\\www\\maasin_live_act\\vendor\\laravel\\framework\\src\\Illuminate\\Foundation\\Bootstrap\\HandleExceptions.php(255): Illuminate\\Foundation\\Bootstrap\\HandleExceptions->handleShutdown()
#3 C:\\wamp64\\www\\maasin_live_act\\vendor\\laravel\\framework\\src\\Illuminate\\Foundation\\Bootstrap\\HandleExceptions.php(0): Illuminate\\Foundation\\Bootstrap\\HandleExceptions->{closure:C:\\wamp64\\www\\maasin_live_act\\vendor\\laravel\\framework\\src\\Illuminate\\Foundation\\Bootstrap\\HandleExceptions.php:254-256}()
#4 {main}
"} 
[2025-10-04 13:15:37] local.ERROR: Cannot redeclare class App\MySession (previously declared in C:\wamp64\www\maasin_live_act\app\MySession.php:8) {"exception":"[object] (Symfony\\Component\\ErrorHandler\\Error\\FatalError(code: 0): Cannot redeclare class App\\MySession (previously declared in C:\\wamp64\\www\\maasin_live_act\\app\\MySession.php:8) at C:\\wamp64\\www\\maasin_live_act\\app\\Models\\MySession.php:8)
[stacktrace]
#0 C:\\wamp64\\www\\maasin_live_act\\vendor\\laravel\\framework\\src\\Illuminate\\Foundation\\Bootstrap\\HandleExceptions.php(244): Symfony\\Component\\ErrorHandler\\Error\\FatalError->__construct(message: ''Cannot redecla...', code: '0', error: '['type' => 64, ...', traceOffset: '0', traceArgs: '???', trace: '???')
#1 C:\\wamp64\\www\\maasin_live_act\\vendor\\laravel\\framework\\src\\Illuminate\\Foundation\\Bootstrap\\HandleExceptions.php(231): Illuminate\\Foundation\\Bootstrap\\HandleExceptions->fatalErrorFromPhpError(error: '['type' => 64, ...', traceOffset: '0')
#2 C:\\wamp64\\www\\maasin_live_act\\vendor\\laravel\\framework\\src\\Illuminate\\Foundation\\Bootstrap\\HandleExceptions.php(255): Illuminate\\Foundation\\Bootstrap\\HandleExceptions->handleShutdown()
#3 C:\\wamp64\\www\\maasin_live_act\\vendor\\laravel\\framework\\src\\Illuminate\\Foundation\\Bootstrap\\HandleExceptions.php(0): Illuminate\\Foundation\\Bootstrap\\HandleExceptions->{closure:C:\\wamp64\\www\\maasin_live_act\\vendor\\laravel\\framework\\src\\Illuminate\\Foundation\\Bootstrap\\HandleExceptions.php:254-256}()
#4 {main}
"} 
[2025-10-04 13:16:37] local.ERROR: Cannot redeclare class App\MySession (previously declared in C:\wamp64\www\maasin_live_act\app\MySession.php:8) {"exception":"[object] (Symfony\\Component\\ErrorHandler\\Error\\FatalError(code: 0): Cannot redeclare class App\\MySession (previously declared in C:\\wamp64\\www\\maasin_live_act\\app\\MySession.php:8) at C:\\wamp64\\www\\maasin_live_act\\app\\Models\\MySession.php:8)
[stacktrace]
#0 C:\\wamp64\\www\\maasin_live_act\\vendor\\laravel\\framework\\src\\Illuminate\\Foundation\\Bootstrap\\HandleExceptions.php(244): Symfony\\Component\\ErrorHandler\\Error\\FatalError->__construct(message: ''Cannot redecla...', code: '0', error: '['type' => 64, ...', traceOffset: '0', traceArgs: '???', trace: '???')
#1 C:\\wamp64\\www\\maasin_live_act\\vendor\\laravel\\framework\\src\\Illuminate\\Foundation\\Bootstrap\\HandleExceptions.php(231): Illuminate\\Foundation\\Bootstrap\\HandleExceptions->fatalErrorFromPhpError(error: '['type' => 64, ...', traceOffset: '0')
#2 C:\\wamp64\\www\\maasin_live_act\\vendor\\laravel\\framework\\src\\Illuminate\\Foundation\\Bootstrap\\HandleExceptions.php(255): Illuminate\\Foundation\\Bootstrap\\HandleExceptions->handleShutdown()
#3 C:\\wamp64\\www\\maasin_live_act\\vendor\\laravel\\framework\\src\\Illuminate\\Foundation\\Bootstrap\\HandleExceptions.php(0): Illuminate\\Foundation\\Bootstrap\\HandleExceptions->{closure:C:\\wamp64\\www\\maasin_live_act\\vendor\\laravel\\framework\\src\\Illuminate\\Foundation\\Bootstrap\\HandleExceptions.php:254-256}()
#4 {main}
"} 
[2025-10-04 13:17:37] local.ERROR: Cannot redeclare class App\MySession (previously declared in C:\wamp64\www\maasin_live_act\app\MySession.php:8) {"exception":"[object] (Symfony\\Component\\ErrorHandler\\Error\\FatalError(code: 0): Cannot redeclare class App\\MySession (previously declared in C:\\wamp64\\www\\maasin_live_act\\app\\MySession.php:8) at C:\\wamp64\\www\\maasin_live_act\\app\\Models\\MySession.php:8)
[stacktrace]
#0 C:\\wamp64\\www\\maasin_live_act\\vendor\\laravel\\framework\\src\\Illuminate\\Foundation\\Bootstrap\\HandleExceptions.php(244): Symfony\\Component\\ErrorHandler\\Error\\FatalError->__construct(message: ''Cannot redecla...', code: '0', error: '['type' => 64, ...', traceOffset: '0', traceArgs: '???', trace: '???')
#1 C:\\wamp64\\www\\maasin_live_act\\vendor\\laravel\\framework\\src\\Illuminate\\Foundation\\Bootstrap\\HandleExceptions.php(231): Illuminate\\Foundation\\Bootstrap\\HandleExceptions->fatalErrorFromPhpError(error: '['type' => 64, ...', traceOffset: '0')
#2 C:\\wamp64\\www\\maasin_live_act\\vendor\\laravel\\framework\\src\\Illuminate\\Foundation\\Bootstrap\\HandleExceptions.php(255): Illuminate\\Foundation\\Bootstrap\\HandleExceptions->handleShutdown()
#3 C:\\wamp64\\www\\maasin_live_act\\vendor\\laravel\\framework\\src\\Illuminate\\Foundation\\Bootstrap\\HandleExceptions.php(0): Illuminate\\Foundation\\Bootstrap\\HandleExceptions->{closure:C:\\wamp64\\www\\maasin_live_act\\vendor\\laravel\\framework\\src\\Illuminate\\Foundation\\Bootstrap\\HandleExceptions.php:254-256}()
#4 {main}
"} 
[2025-10-04 13:18:37] local.ERROR: Cannot redeclare class App\MySession (previously declared in C:\wamp64\www\maasin_live_act\app\MySession.php:8) {"exception":"[object] (Symfony\\Component\\ErrorHandler\\Error\\FatalError(code: 0): Cannot redeclare class App\\MySession (previously declared in C:\\wamp64\\www\\maasin_live_act\\app\\MySession.php:8) at C:\\wamp64\\www\\maasin_live_act\\app\\Models\\MySession.php:8)
[stacktrace]
#0 C:\\wamp64\\www\\maasin_live_act\\vendor\\laravel\\framework\\src\\Illuminate\\Foundation\\Bootstrap\\HandleExceptions.php(244): Symfony\\Component\\ErrorHandler\\Error\\FatalError->__construct(message: ''Cannot redecla...', code: '0', error: '['type' => 64, ...', traceOffset: '0', traceArgs: '???', trace: '???')
#1 C:\\wamp64\\www\\maasin_live_act\\vendor\\laravel\\framework\\src\\Illuminate\\Foundation\\Bootstrap\\HandleExceptions.php(231): Illuminate\\Foundation\\Bootstrap\\HandleExceptions->fatalErrorFromPhpError(error: '['type' => 64, ...', traceOffset: '0')
#2 C:\\wamp64\\www\\maasin_live_act\\vendor\\laravel\\framework\\src\\Illuminate\\Foundation\\Bootstrap\\HandleExceptions.php(255): Illuminate\\Foundation\\Bootstrap\\HandleExceptions->handleShutdown()
#3 C:\\wamp64\\www\\maasin_live_act\\vendor\\laravel\\framework\\src\\Illuminate\\Foundation\\Bootstrap\\HandleExceptions.php(0): Illuminate\\Foundation\\Bootstrap\\HandleExceptions->{closure:C:\\wamp64\\www\\maasin_live_act\\vendor\\laravel\\framework\\src\\Illuminate\\Foundation\\Bootstrap\\HandleExceptions.php:254-256}()
#4 {main}
"} 
[2025-10-04 13:19:37] local.ERROR: Cannot redeclare class App\MySession (previously declared in C:\wamp64\www\maasin_live_act\app\MySession.php:8) {"exception":"[object] (Symfony\\Component\\ErrorHandler\\Error\\FatalError(code: 0): Cannot redeclare class App\\MySession (previously declared in C:\\wamp64\\www\\maasin_live_act\\app\\MySession.php:8) at C:\\wamp64\\www\\maasin_live_act\\app\\Models\\MySession.php:8)
[stacktrace]
#0 C:\\wamp64\\www\\maasin_live_act\\vendor\\laravel\\framework\\src\\Illuminate\\Foundation\\Bootstrap\\HandleExceptions.php(244): Symfony\\Component\\ErrorHandler\\Error\\FatalError->__construct(message: ''Cannot redecla...', code: '0', error: '['type' => 64, ...', traceOffset: '0', traceArgs: '???', trace: '???')
#1 C:\\wamp64\\www\\maasin_live_act\\vendor\\laravel\\framework\\src\\Illuminate\\Foundation\\Bootstrap\\HandleExceptions.php(231): Illuminate\\Foundation\\Bootstrap\\HandleExceptions->fatalErrorFromPhpError(error: '['type' => 64, ...', traceOffset: '0')
#2 C:\\wamp64\\www\\maasin_live_act\\vendor\\laravel\\framework\\src\\Illuminate\\Foundation\\Bootstrap\\HandleExceptions.php(255): Illuminate\\Foundation\\Bootstrap\\HandleExceptions->handleShutdown()
#3 C:\\wamp64\\www\\maasin_live_act\\vendor\\laravel\\framework\\src\\Illuminate\\Foundation\\Bootstrap\\HandleExceptions.php(0): Illuminate\\Foundation\\Bootstrap\\HandleExceptions->{closure:C:\\wamp64\\www\\maasin_live_act\\vendor\\laravel\\framework\\src\\Illuminate\\Foundation\\Bootstrap\\HandleExceptions.php:254-256}()
#4 {main}
"} 
[2025-10-04 13:20:37] local.ERROR: Cannot redeclare class App\MySession (previously declared in C:\wamp64\www\maasin_live_act\app\MySession.php:8) {"exception":"[object] (Symfony\\Component\\ErrorHandler\\Error\\FatalError(code: 0): Cannot redeclare class App\\MySession (previously declared in C:\\wamp64\\www\\maasin_live_act\\app\\MySession.php:8) at C:\\wamp64\\www\\maasin_live_act\\app\\Models\\MySession.php:8)
[stacktrace]
#0 C:\\wamp64\\www\\maasin_live_act\\vendor\\laravel\\framework\\src\\Illuminate\\Foundation\\Bootstrap\\HandleExceptions.php(244): Symfony\\Component\\ErrorHandler\\Error\\FatalError->__construct(message: ''Cannot redecla...', code: '0', error: '['type' => 64, ...', traceOffset: '0', traceArgs: '???', trace: '???')
#1 C:\\wamp64\\www\\maasin_live_act\\vendor\\laravel\\framework\\src\\Illuminate\\Foundation\\Bootstrap\\HandleExceptions.php(231): Illuminate\\Foundation\\Bootstrap\\HandleExceptions->fatalErrorFromPhpError(error: '['type' => 64, ...', traceOffset: '0')
#2 C:\\wamp64\\www\\maasin_live_act\\vendor\\laravel\\framework\\src\\Illuminate\\Foundation\\Bootstrap\\HandleExceptions.php(255): Illuminate\\Foundation\\Bootstrap\\HandleExceptions->handleShutdown()
#3 C:\\wamp64\\www\\maasin_live_act\\vendor\\laravel\\framework\\src\\Illuminate\\Foundation\\Bootstrap\\HandleExceptions.php(0): Illuminate\\Foundation\\Bootstrap\\HandleExceptions->{closure:C:\\wamp64\\www\\maasin_live_act\\vendor\\laravel\\framework\\src\\Illuminate\\Foundation\\Bootstrap\\HandleExceptions.php:254-256}()
#4 {main}
"} 
[2025-10-04 13:21:37] local.ERROR: Cannot redeclare class App\MySession (previously declared in C:\wamp64\www\maasin_live_act\app\MySession.php:8) {"exception":"[object] (Symfony\\Component\\ErrorHandler\\Error\\FatalError(code: 0): Cannot redeclare class App\\MySession (previously declared in C:\\wamp64\\www\\maasin_live_act\\app\\MySession.php:8) at C:\\wamp64\\www\\maasin_live_act\\app\\Models\\MySession.php:8)
[stacktrace]
#0 C:\\wamp64\\www\\maasin_live_act\\vendor\\laravel\\framework\\src\\Illuminate\\Foundation\\Bootstrap\\HandleExceptions.php(244): Symfony\\Component\\ErrorHandler\\Error\\FatalError->__construct(message: ''Cannot redecla...', code: '0', error: '['type' => 64, ...', traceOffset: '0', traceArgs: '???', trace: '???')
#1 C:\\wamp64\\www\\maasin_live_act\\vendor\\laravel\\framework\\src\\Illuminate\\Foundation\\Bootstrap\\HandleExceptions.php(231): Illuminate\\Foundation\\Bootstrap\\HandleExceptions->fatalErrorFromPhpError(error: '['type' => 64, ...', traceOffset: '0')
#2 C:\\wamp64\\www\\maasin_live_act\\vendor\\laravel\\framework\\src\\Illuminate\\Foundation\\Bootstrap\\HandleExceptions.php(255): Illuminate\\Foundation\\Bootstrap\\HandleExceptions->handleShutdown()
#3 C:\\wamp64\\www\\maasin_live_act\\vendor\\laravel\\framework\\src\\Illuminate\\Foundation\\Bootstrap\\HandleExceptions.php(0): Illuminate\\Foundation\\Bootstrap\\HandleExceptions->{closure:C:\\wamp64\\www\\maasin_live_act\\vendor\\laravel\\framework\\src\\Illuminate\\Foundation\\Bootstrap\\HandleExceptions.php:254-256}()
#4 {main}
"} 
[2025-10-04 13:22:37] local.ERROR: Cannot redeclare class App\MySession (previously declared in C:\wamp64\www\maasin_live_act\app\MySession.php:8) {"exception":"[object] (Symfony\\Component\\ErrorHandler\\Error\\FatalError(code: 0): Cannot redeclare class App\\MySession (previously declared in C:\\wamp64\\www\\maasin_live_act\\app\\MySession.php:8) at C:\\wamp64\\www\\maasin_live_act\\app\\Models\\MySession.php:8)
[stacktrace]
#0 C:\\wamp64\\www\\maasin_live_act\\vendor\\laravel\\framework\\src\\Illuminate\\Foundation\\Bootstrap\\HandleExceptions.php(244): Symfony\\Component\\ErrorHandler\\Error\\FatalError->__construct(message: ''Cannot redecla...', code: '0', error: '['type' => 64, ...', traceOffset: '0', traceArgs: '???', trace: '???')
#1 C:\\wamp64\\www\\maasin_live_act\\vendor\\laravel\\framework\\src\\Illuminate\\Foundation\\Bootstrap\\HandleExceptions.php(231): Illuminate\\Foundation\\Bootstrap\\HandleExceptions->fatalErrorFromPhpError(error: '['type' => 64, ...', traceOffset: '0')
#2 C:\\wamp64\\www\\maasin_live_act\\vendor\\laravel\\framework\\src\\Illuminate\\Foundation\\Bootstrap\\HandleExceptions.php(255): Illuminate\\Foundation\\Bootstrap\\HandleExceptions->handleShutdown()
#3 C:\\wamp64\\www\\maasin_live_act\\vendor\\laravel\\framework\\src\\Illuminate\\Foundation\\Bootstrap\\HandleExceptions.php(0): Illuminate\\Foundation\\Bootstrap\\HandleExceptions->{closure:C:\\wamp64\\www\\maasin_live_act\\vendor\\laravel\\framework\\src\\Illuminate\\Foundation\\Bootstrap\\HandleExceptions.php:254-256}()
#4 {main}
"} 
[2025-10-04 13:23:37] local.ERROR: Cannot redeclare class App\MySession (previously declared in C:\wamp64\www\maasin_live_act\app\MySession.php:8) {"exception":"[object] (Symfony\\Component\\ErrorHandler\\Error\\FatalError(code: 0): Cannot redeclare class App\\MySession (previously declared in C:\\wamp64\\www\\maasin_live_act\\app\\MySession.php:8) at C:\\wamp64\\www\\maasin_live_act\\app\\Models\\MySession.php:8)
[stacktrace]
#0 C:\\wamp64\\www\\maasin_live_act\\vendor\\laravel\\framework\\src\\Illuminate\\Foundation\\Bootstrap\\HandleExceptions.php(244): Symfony\\Component\\ErrorHandler\\Error\\FatalError->__construct(message: ''Cannot redecla...', code: '0', error: '['type' => 64, ...', traceOffset: '0', traceArgs: '???', trace: '???')
#1 C:\\wamp64\\www\\maasin_live_act\\vendor\\laravel\\framework\\src\\Illuminate\\Foundation\\Bootstrap\\HandleExceptions.php(231): Illuminate\\Foundation\\Bootstrap\\HandleExceptions->fatalErrorFromPhpError(error: '['type' => 64, ...', traceOffset: '0')
#2 C:\\wamp64\\www\\maasin_live_act\\vendor\\laravel\\framework\\src\\Illuminate\\Foundation\\Bootstrap\\HandleExceptions.php(255): Illuminate\\Foundation\\Bootstrap\\HandleExceptions->handleShutdown()
#3 C:\\wamp64\\www\\maasin_live_act\\vendor\\laravel\\framework\\src\\Illuminate\\Foundation\\Bootstrap\\HandleExceptions.php(0): Illuminate\\Foundation\\Bootstrap\\HandleExceptions->{closure:C:\\wamp64\\www\\maasin_live_act\\vendor\\laravel\\framework\\src\\Illuminate\\Foundation\\Bootstrap\\HandleExceptions.php:254-256}()
#4 {main}
"} 
[2025-10-04 13:24:37] local.ERROR: Cannot redeclare class App\MySession (previously declared in C:\wamp64\www\maasin_live_act\app\MySession.php:8) {"exception":"[object] (Symfony\\Component\\ErrorHandler\\Error\\FatalError(code: 0): Cannot redeclare class App\\MySession (previously declared in C:\\wamp64\\www\\maasin_live_act\\app\\MySession.php:8) at C:\\wamp64\\www\\maasin_live_act\\app\\Models\\MySession.php:8)
[stacktrace]
#0 C:\\wamp64\\www\\maasin_live_act\\vendor\\laravel\\framework\\src\\Illuminate\\Foundation\\Bootstrap\\HandleExceptions.php(244): Symfony\\Component\\ErrorHandler\\Error\\FatalError->__construct(message: ''Cannot redecla...', code: '0', error: '['type' => 64, ...', traceOffset: '0', traceArgs: '???', trace: '???')
#1 C:\\wamp64\\www\\maasin_live_act\\vendor\\laravel\\framework\\src\\Illuminate\\Foundation\\Bootstrap\\HandleExceptions.php(231): Illuminate\\Foundation\\Bootstrap\\HandleExceptions->fatalErrorFromPhpError(error: '['type' => 64, ...', traceOffset: '0')
#2 C:\\wamp64\\www\\maasin_live_act\\vendor\\laravel\\framework\\src\\Illuminate\\Foundation\\Bootstrap\\HandleExceptions.php(255): Illuminate\\Foundation\\Bootstrap\\HandleExceptions->handleShutdown()
#3 C:\\wamp64\\www\\maasin_live_act\\vendor\\laravel\\framework\\src\\Illuminate\\Foundation\\Bootstrap\\HandleExceptions.php(0): Illuminate\\Foundation\\Bootstrap\\HandleExceptions->{closure:C:\\wamp64\\www\\maasin_live_act\\vendor\\laravel\\framework\\src\\Illuminate\\Foundation\\Bootstrap\\HandleExceptions.php:254-256}()
#4 {main}
"} 
[2025-10-04 13:25:37] local.ERROR: Cannot redeclare class App\MySession (previously declared in C:\wamp64\www\maasin_live_act\app\MySession.php:8) {"exception":"[object] (Symfony\\Component\\ErrorHandler\\Error\\FatalError(code: 0): Cannot redeclare class App\\MySession (previously declared in C:\\wamp64\\www\\maasin_live_act\\app\\MySession.php:8) at C:\\wamp64\\www\\maasin_live_act\\app\\Models\\MySession.php:8)
[stacktrace]
#0 C:\\wamp64\\www\\maasin_live_act\\vendor\\laravel\\framework\\src\\Illuminate\\Foundation\\Bootstrap\\HandleExceptions.php(244): Symfony\\Component\\ErrorHandler\\Error\\FatalError->__construct(message: ''Cannot redecla...', code: '0', error: '['type' => 64, ...', traceOffset: '0', traceArgs: '???', trace: '???')
#1 C:\\wamp64\\www\\maasin_live_act\\vendor\\laravel\\framework\\src\\Illuminate\\Foundation\\Bootstrap\\HandleExceptions.php(231): Illuminate\\Foundation\\Bootstrap\\HandleExceptions->fatalErrorFromPhpError(error: '['type' => 64, ...', traceOffset: '0')
#2 C:\\wamp64\\www\\maasin_live_act\\vendor\\laravel\\framework\\src\\Illuminate\\Foundation\\Bootstrap\\HandleExceptions.php(255): Illuminate\\Foundation\\Bootstrap\\HandleExceptions->handleShutdown()
#3 C:\\wamp64\\www\\maasin_live_act\\vendor\\laravel\\framework\\src\\Illuminate\\Foundation\\Bootstrap\\HandleExceptions.php(0): Illuminate\\Foundation\\Bootstrap\\HandleExceptions->{closure:C:\\wamp64\\www\\maasin_live_act\\vendor\\laravel\\framework\\src\\Illuminate\\Foundation\\Bootstrap\\HandleExceptions.php:254-256}()
#4 {main}
"} 
[2025-10-04 13:26:37] local.ERROR: Cannot redeclare class App\MySession (previously declared in C:\wamp64\www\maasin_live_act\app\MySession.php:8) {"exception":"[object] (Symfony\\Component\\ErrorHandler\\Error\\FatalError(code: 0): Cannot redeclare class App\\MySession (previously declared in C:\\wamp64\\www\\maasin_live_act\\app\\MySession.php:8) at C:\\wamp64\\www\\maasin_live_act\\app\\Models\\MySession.php:8)
[stacktrace]
#0 C:\\wamp64\\www\\maasin_live_act\\vendor\\laravel\\framework\\src\\Illuminate\\Foundation\\Bootstrap\\HandleExceptions.php(244): Symfony\\Component\\ErrorHandler\\Error\\FatalError->__construct(message: ''Cannot redecla...', code: '0', error: '['type' => 64, ...', traceOffset: '0', traceArgs: '???', trace: '???')
#1 C:\\wamp64\\www\\maasin_live_act\\vendor\\laravel\\framework\\src\\Illuminate\\Foundation\\Bootstrap\\HandleExceptions.php(231): Illuminate\\Foundation\\Bootstrap\\HandleExceptions->fatalErrorFromPhpError(error: '['type' => 64, ...', traceOffset: '0')
#2 C:\\wamp64\\www\\maasin_live_act\\vendor\\laravel\\framework\\src\\Illuminate\\Foundation\\Bootstrap\\HandleExceptions.php(255): Illuminate\\Foundation\\Bootstrap\\HandleExceptions->handleShutdown()
#3 C:\\wamp64\\www\\maasin_live_act\\vendor\\laravel\\framework\\src\\Illuminate\\Foundation\\Bootstrap\\HandleExceptions.php(0): Illuminate\\Foundation\\Bootstrap\\HandleExceptions->{closure:C:\\wamp64\\www\\maasin_live_act\\vendor\\laravel\\framework\\src\\Illuminate\\Foundation\\Bootstrap\\HandleExceptions.php:254-256}()
#4 {main}
"} 
[2025-10-04 13:27:37] local.ERROR: Cannot redeclare class App\MySession (previously declared in C:\wamp64\www\maasin_live_act\app\MySession.php:8) {"exception":"[object] (Symfony\\Component\\ErrorHandler\\Error\\FatalError(code: 0): Cannot redeclare class App\\MySession (previously declared in C:\\wamp64\\www\\maasin_live_act\\app\\MySession.php:8) at C:\\wamp64\\www\\maasin_live_act\\app\\Models\\MySession.php:8)
[stacktrace]
#0 C:\\wamp64\\www\\maasin_live_act\\vendor\\laravel\\framework\\src\\Illuminate\\Foundation\\Bootstrap\\HandleExceptions.php(244): Symfony\\Component\\ErrorHandler\\Error\\FatalError->__construct(message: ''Cannot redecla...', code: '0', error: '['type' => 64, ...', traceOffset: '0', traceArgs: '???', trace: '???')
#1 C:\\wamp64\\www\\maasin_live_act\\vendor\\laravel\\framework\\src\\Illuminate\\Foundation\\Bootstrap\\HandleExceptions.php(231): Illuminate\\Foundation\\Bootstrap\\HandleExceptions->fatalErrorFromPhpError(error: '['type' => 64, ...', traceOffset: '0')
#2 C:\\wamp64\\www\\maasin_live_act\\vendor\\laravel\\framework\\src\\Illuminate\\Foundation\\Bootstrap\\HandleExceptions.php(255): Illuminate\\Foundation\\Bootstrap\\HandleExceptions->handleShutdown()
#3 C:\\wamp64\\www\\maasin_live_act\\vendor\\laravel\\framework\\src\\Illuminate\\Foundation\\Bootstrap\\HandleExceptions.php(0): Illuminate\\Foundation\\Bootstrap\\HandleExceptions->{closure:C:\\wamp64\\www\\maasin_live_act\\vendor\\laravel\\framework\\src\\Illuminate\\Foundation\\Bootstrap\\HandleExceptions.php:254-256}()
#4 {main}
"} 
[2025-10-04 13:28:37] local.ERROR: Cannot redeclare class App\MySession (previously declared in C:\wamp64\www\maasin_live_act\app\MySession.php:8) {"exception":"[object] (Symfony\\Component\\ErrorHandler\\Error\\FatalError(code: 0): Cannot redeclare class App\\MySession (previously declared in C:\\wamp64\\www\\maasin_live_act\\app\\MySession.php:8) at C:\\wamp64\\www\\maasin_live_act\\app\\Models\\MySession.php:8)
[stacktrace]
#0 C:\\wamp64\\www\\maasin_live_act\\vendor\\laravel\\framework\\src\\Illuminate\\Foundation\\Bootstrap\\HandleExceptions.php(244): Symfony\\Component\\ErrorHandler\\Error\\FatalError->__construct(message: ''Cannot redecla...', code: '0', error: '['type' => 64, ...', traceOffset: '0', traceArgs: '???', trace: '???')
#1 C:\\wamp64\\www\\maasin_live_act\\vendor\\laravel\\framework\\src\\Illuminate\\Foundation\\Bootstrap\\HandleExceptions.php(231): Illuminate\\Foundation\\Bootstrap\\HandleExceptions->fatalErrorFromPhpError(error: '['type' => 64, ...', traceOffset: '0')
#2 C:\\wamp64\\www\\maasin_live_act\\vendor\\laravel\\framework\\src\\Illuminate\\Foundation\\Bootstrap\\HandleExceptions.php(255): Illuminate\\Foundation\\Bootstrap\\HandleExceptions->handleShutdown()
#3 C:\\wamp64\\www\\maasin_live_act\\vendor\\laravel\\framework\\src\\Illuminate\\Foundation\\Bootstrap\\HandleExceptions.php(0): Illuminate\\Foundation\\Bootstrap\\HandleExceptions->{closure:C:\\wamp64\\www\\maasin_live_act\\vendor\\laravel\\framework\\src\\Illuminate\\Foundation\\Bootstrap\\HandleExceptions.php:254-256}()
#4 {main}
"} 
[2025-10-04 13:29:37] local.ERROR: Cannot redeclare class App\MySession (previously declared in C:\wamp64\www\maasin_live_act\app\MySession.php:8) {"exception":"[object] (Symfony\\Component\\ErrorHandler\\Error\\FatalError(code: 0): Cannot redeclare class App\\MySession (previously declared in C:\\wamp64\\www\\maasin_live_act\\app\\MySession.php:8) at C:\\wamp64\\www\\maasin_live_act\\app\\Models\\MySession.php:8)
[stacktrace]
#0 C:\\wamp64\\www\\maasin_live_act\\vendor\\laravel\\framework\\src\\Illuminate\\Foundation\\Bootstrap\\HandleExceptions.php(244): Symfony\\Component\\ErrorHandler\\Error\\FatalError->__construct(message: ''Cannot redecla...', code: '0', error: '['type' => 64, ...', traceOffset: '0', traceArgs: '???', trace: '???')
#1 C:\\wamp64\\www\\maasin_live_act\\vendor\\laravel\\framework\\src\\Illuminate\\Foundation\\Bootstrap\\HandleExceptions.php(231): Illuminate\\Foundation\\Bootstrap\\HandleExceptions->fatalErrorFromPhpError(error: '['type' => 64, ...', traceOffset: '0')
#2 C:\\wamp64\\www\\maasin_live_act\\vendor\\laravel\\framework\\src\\Illuminate\\Foundation\\Bootstrap\\HandleExceptions.php(255): Illuminate\\Foundation\\Bootstrap\\HandleExceptions->handleShutdown()
#3 C:\\wamp64\\www\\maasin_live_act\\vendor\\laravel\\framework\\src\\Illuminate\\Foundation\\Bootstrap\\HandleExceptions.php(0): Illuminate\\Foundation\\Bootstrap\\HandleExceptions->{closure:C:\\wamp64\\www\\maasin_live_act\\vendor\\laravel\\framework\\src\\Illuminate\\Foundation\\Bootstrap\\HandleExceptions.php:254-256}()
#4 {main}
"} 
[2025-10-04 13:30:37] local.ERROR: Cannot redeclare class App\MySession (previously declared in C:\wamp64\www\maasin_live_act\app\MySession.php:8) {"exception":"[object] (Symfony\\Component\\ErrorHandler\\Error\\FatalError(code: 0): Cannot redeclare class App\\MySession (previously declared in C:\\wamp64\\www\\maasin_live_act\\app\\MySession.php:8) at C:\\wamp64\\www\\maasin_live_act\\app\\Models\\MySession.php:8)
[stacktrace]
#0 C:\\wamp64\\www\\maasin_live_act\\vendor\\laravel\\framework\\src\\Illuminate\\Foundation\\Bootstrap\\HandleExceptions.php(244): Symfony\\Component\\ErrorHandler\\Error\\FatalError->__construct(message: ''Cannot redecla...', code: '0', error: '['type' => 64, ...', traceOffset: '0', traceArgs: '???', trace: '???')
#1 C:\\wamp64\\www\\maasin_live_act\\vendor\\laravel\\framework\\src\\Illuminate\\Foundation\\Bootstrap\\HandleExceptions.php(231): Illuminate\\Foundation\\Bootstrap\\HandleExceptions->fatalErrorFromPhpError(error: '['type' => 64, ...', traceOffset: '0')
#2 C:\\wamp64\\www\\maasin_live_act\\vendor\\laravel\\framework\\src\\Illuminate\\Foundation\\Bootstrap\\HandleExceptions.php(255): Illuminate\\Foundation\\Bootstrap\\HandleExceptions->handleShutdown()
#3 C:\\wamp64\\www\\maasin_live_act\\vendor\\laravel\\framework\\src\\Illuminate\\Foundation\\Bootstrap\\HandleExceptions.php(0): Illuminate\\Foundation\\Bootstrap\\HandleExceptions->{closure:C:\\wamp64\\www\\maasin_live_act\\vendor\\laravel\\framework\\src\\Illuminate\\Foundation\\Bootstrap\\HandleExceptions.php:254-256}()
#4 {main}
"} 
[2025-10-04 13:31:37] local.ERROR: Cannot redeclare class App\MySession (previously declared in C:\wamp64\www\maasin_live_act\app\MySession.php:8) {"exception":"[object] (Symfony\\Component\\ErrorHandler\\Error\\FatalError(code: 0): Cannot redeclare class App\\MySession (previously declared in C:\\wamp64\\www\\maasin_live_act\\app\\MySession.php:8) at C:\\wamp64\\www\\maasin_live_act\\app\\Models\\MySession.php:8)
[stacktrace]
#0 C:\\wamp64\\www\\maasin_live_act\\vendor\\laravel\\framework\\src\\Illuminate\\Foundation\\Bootstrap\\HandleExceptions.php(244): Symfony\\Component\\ErrorHandler\\Error\\FatalError->__construct(message: ''Cannot redecla...', code: '0', error: '['type' => 64, ...', traceOffset: '0', traceArgs: '???', trace: '???')
#1 C:\\wamp64\\www\\maasin_live_act\\vendor\\laravel\\framework\\src\\Illuminate\\Foundation\\Bootstrap\\HandleExceptions.php(231): Illuminate\\Foundation\\Bootstrap\\HandleExceptions->fatalErrorFromPhpError(error: '['type' => 64, ...', traceOffset: '0')
#2 C:\\wamp64\\www\\maasin_live_act\\vendor\\laravel\\framework\\src\\Illuminate\\Foundation\\Bootstrap\\HandleExceptions.php(255): Illuminate\\Foundation\\Bootstrap\\HandleExceptions->handleShutdown()
#3 C:\\wamp64\\www\\maasin_live_act\\vendor\\laravel\\framework\\src\\Illuminate\\Foundation\\Bootstrap\\HandleExceptions.php(0): Illuminate\\Foundation\\Bootstrap\\HandleExceptions->{closure:C:\\wamp64\\www\\maasin_live_act\\vendor\\laravel\\framework\\src\\Illuminate\\Foundation\\Bootstrap\\HandleExceptions.php:254-256}()
#4 {main}
"} 
[2025-10-04 13:32:37] local.ERROR: Cannot redeclare class App\MySession (previously declared in C:\wamp64\www\maasin_live_act\app\MySession.php:8) {"exception":"[object] (Symfony\\Component\\ErrorHandler\\Error\\FatalError(code: 0): Cannot redeclare class App\\MySession (previously declared in C:\\wamp64\\www\\maasin_live_act\\app\\MySession.php:8) at C:\\wamp64\\www\\maasin_live_act\\app\\Models\\MySession.php:8)
[stacktrace]
#0 C:\\wamp64\\www\\maasin_live_act\\vendor\\laravel\\framework\\src\\Illuminate\\Foundation\\Bootstrap\\HandleExceptions.php(244): Symfony\\Component\\ErrorHandler\\Error\\FatalError->__construct(message: ''Cannot redecla...', code: '0', error: '['type' => 64, ...', traceOffset: '0', traceArgs: '???', trace: '???')
#1 C:\\wamp64\\www\\maasin_live_act\\vendor\\laravel\\framework\\src\\Illuminate\\Foundation\\Bootstrap\\HandleExceptions.php(231): Illuminate\\Foundation\\Bootstrap\\HandleExceptions->fatalErrorFromPhpError(error: '['type' => 64, ...', traceOffset: '0')
#2 C:\\wamp64\\www\\maasin_live_act\\vendor\\laravel\\framework\\src\\Illuminate\\Foundation\\Bootstrap\\HandleExceptions.php(255): Illuminate\\Foundation\\Bootstrap\\HandleExceptions->handleShutdown()
#3 C:\\wamp64\\www\\maasin_live_act\\vendor\\laravel\\framework\\src\\Illuminate\\Foundation\\Bootstrap\\HandleExceptions.php(0): Illuminate\\Foundation\\Bootstrap\\HandleExceptions->{closure:C:\\wamp64\\www\\maasin_live_act\\vendor\\laravel\\framework\\src\\Illuminate\\Foundation\\Bootstrap\\HandleExceptions.php:254-256}()
#4 {main}
"} 
[2025-10-04 13:33:37] local.ERROR: Cannot redeclare class App\MySession (previously declared in C:\wamp64\www\maasin_live_act\app\MySession.php:8) {"exception":"[object] (Symfony\\Component\\ErrorHandler\\Error\\FatalError(code: 0): Cannot redeclare class App\\MySession (previously declared in C:\\wamp64\\www\\maasin_live_act\\app\\MySession.php:8) at C:\\wamp64\\www\\maasin_live_act\\app\\Models\\MySession.php:8)
[stacktrace]
#0 C:\\wamp64\\www\\maasin_live_act\\vendor\\laravel\\framework\\src\\Illuminate\\Foundation\\Bootstrap\\HandleExceptions.php(244): Symfony\\Component\\ErrorHandler\\Error\\FatalError->__construct(message: ''Cannot redecla...', code: '0', error: '['type' => 64, ...', traceOffset: '0', traceArgs: '???', trace: '???')
#1 C:\\wamp64\\www\\maasin_live_act\\vendor\\laravel\\framework\\src\\Illuminate\\Foundation\\Bootstrap\\HandleExceptions.php(231): Illuminate\\Foundation\\Bootstrap\\HandleExceptions->fatalErrorFromPhpError(error: '['type' => 64, ...', traceOffset: '0')
#2 C:\\wamp64\\www\\maasin_live_act\\vendor\\laravel\\framework\\src\\Illuminate\\Foundation\\Bootstrap\\HandleExceptions.php(255): Illuminate\\Foundation\\Bootstrap\\HandleExceptions->handleShutdown()
#3 C:\\wamp64\\www\\maasin_live_act\\vendor\\laravel\\framework\\src\\Illuminate\\Foundation\\Bootstrap\\HandleExceptions.php(0): Illuminate\\Foundation\\Bootstrap\\HandleExceptions->{closure:C:\\wamp64\\www\\maasin_live_act\\vendor\\laravel\\framework\\src\\Illuminate\\Foundation\\Bootstrap\\HandleExceptions.php:254-256}()
#4 {main}
"} 
[2025-10-04 13:34:37] local.ERROR: Cannot redeclare class App\MySession (previously declared in C:\wamp64\www\maasin_live_act\app\MySession.php:8) {"exception":"[object] (Symfony\\Component\\ErrorHandler\\Error\\FatalError(code: 0): Cannot redeclare class App\\MySession (previously declared in C:\\wamp64\\www\\maasin_live_act\\app\\MySession.php:8) at C:\\wamp64\\www\\maasin_live_act\\app\\Models\\MySession.php:8)
[stacktrace]
#0 C:\\wamp64\\www\\maasin_live_act\\vendor\\laravel\\framework\\src\\Illuminate\\Foundation\\Bootstrap\\HandleExceptions.php(244): Symfony\\Component\\ErrorHandler\\Error\\FatalError->__construct(message: ''Cannot redecla...', code: '0', error: '['type' => 64, ...', traceOffset: '0', traceArgs: '???', trace: '???')
#1 C:\\wamp64\\www\\maasin_live_act\\vendor\\laravel\\framework\\src\\Illuminate\\Foundation\\Bootstrap\\HandleExceptions.php(231): Illuminate\\Foundation\\Bootstrap\\HandleExceptions->fatalErrorFromPhpError(error: '['type' => 64, ...', traceOffset: '0')
#2 C:\\wamp64\\www\\maasin_live_act\\vendor\\laravel\\framework\\src\\Illuminate\\Foundation\\Bootstrap\\HandleExceptions.php(255): Illuminate\\Foundation\\Bootstrap\\HandleExceptions->handleShutdown()
#3 C:\\wamp64\\www\\maasin_live_act\\vendor\\laravel\\framework\\src\\Illuminate\\Foundation\\Bootstrap\\HandleExceptions.php(0): Illuminate\\Foundation\\Bootstrap\\HandleExceptions->{closure:C:\\wamp64\\www\\maasin_live_act\\vendor\\laravel\\framework\\src\\Illuminate\\Foundation\\Bootstrap\\HandleExceptions.php:254-256}()
#4 {main}
"} 
[2025-10-04 13:35:37] local.ERROR: Cannot redeclare class App\MySession (previously declared in C:\wamp64\www\maasin_live_act\app\MySession.php:8) {"exception":"[object] (Symfony\\Component\\ErrorHandler\\Error\\FatalError(code: 0): Cannot redeclare class App\\MySession (previously declared in C:\\wamp64\\www\\maasin_live_act\\app\\MySession.php:8) at C:\\wamp64\\www\\maasin_live_act\\app\\Models\\MySession.php:8)
[stacktrace]
#0 C:\\wamp64\\www\\maasin_live_act\\vendor\\laravel\\framework\\src\\Illuminate\\Foundation\\Bootstrap\\HandleExceptions.php(244): Symfony\\Component\\ErrorHandler\\Error\\FatalError->__construct(message: ''Cannot redecla...', code: '0', error: '['type' => 64, ...', traceOffset: '0', traceArgs: '???', trace: '???')
#1 C:\\wamp64\\www\\maasin_live_act\\vendor\\laravel\\framework\\src\\Illuminate\\Foundation\\Bootstrap\\HandleExceptions.php(231): Illuminate\\Foundation\\Bootstrap\\HandleExceptions->fatalErrorFromPhpError(error: '['type' => 64, ...', traceOffset: '0')
#2 C:\\wamp64\\www\\maasin_live_act\\vendor\\laravel\\framework\\src\\Illuminate\\Foundation\\Bootstrap\\HandleExceptions.php(255): Illuminate\\Foundation\\Bootstrap\\HandleExceptions->handleShutdown()
#3 C:\\wamp64\\www\\maasin_live_act\\vendor\\laravel\\framework\\src\\Illuminate\\Foundation\\Bootstrap\\HandleExceptions.php(0): Illuminate\\Foundation\\Bootstrap\\HandleExceptions->{closure:C:\\wamp64\\www\\maasin_live_act\\vendor\\laravel\\framework\\src\\Illuminate\\Foundation\\Bootstrap\\HandleExceptions.php:254-256}()
#4 {main}
"} 
[2025-10-04 13:36:37] local.ERROR: Cannot redeclare class App\MySession (previously declared in C:\wamp64\www\maasin_live_act\app\MySession.php:8) {"exception":"[object] (Symfony\\Component\\ErrorHandler\\Error\\FatalError(code: 0): Cannot redeclare class App\\MySession (previously declared in C:\\wamp64\\www\\maasin_live_act\\app\\MySession.php:8) at C:\\wamp64\\www\\maasin_live_act\\app\\Models\\MySession.php:8)
[stacktrace]
#0 C:\\wamp64\\www\\maasin_live_act\\vendor\\laravel\\framework\\src\\Illuminate\\Foundation\\Bootstrap\\HandleExceptions.php(244): Symfony\\Component\\ErrorHandler\\Error\\FatalError->__construct(message: ''Cannot redecla...', code: '0', error: '['type' => 64, ...', traceOffset: '0', traceArgs: '???', trace: '???')
#1 C:\\wamp64\\www\\maasin_live_act\\vendor\\laravel\\framework\\src\\Illuminate\\Foundation\\Bootstrap\\HandleExceptions.php(231): Illuminate\\Foundation\\Bootstrap\\HandleExceptions->fatalErrorFromPhpError(error: '['type' => 64, ...', traceOffset: '0')
#2 C:\\wamp64\\www\\maasin_live_act\\vendor\\laravel\\framework\\src\\Illuminate\\Foundation\\Bootstrap\\HandleExceptions.php(255): Illuminate\\Foundation\\Bootstrap\\HandleExceptions->handleShutdown()
#3 C:\\wamp64\\www\\maasin_live_act\\vendor\\laravel\\framework\\src\\Illuminate\\Foundation\\Bootstrap\\HandleExceptions.php(0): Illuminate\\Foundation\\Bootstrap\\HandleExceptions->{closure:C:\\wamp64\\www\\maasin_live_act\\vendor\\laravel\\framework\\src\\Illuminate\\Foundation\\Bootstrap\\HandleExceptions.php:254-256}()
#4 {main}
"} 
[2025-10-04 13:37:37] local.ERROR: Cannot redeclare class App\MySession (previously declared in C:\wamp64\www\maasin_live_act\app\MySession.php:8) {"exception":"[object] (Symfony\\Component\\ErrorHandler\\Error\\FatalError(code: 0): Cannot redeclare class App\\MySession (previously declared in C:\\wamp64\\www\\maasin_live_act\\app\\MySession.php:8) at C:\\wamp64\\www\\maasin_live_act\\app\\Models\\MySession.php:8)
[stacktrace]
#0 C:\\wamp64\\www\\maasin_live_act\\vendor\\laravel\\framework\\src\\Illuminate\\Foundation\\Bootstrap\\HandleExceptions.php(244): Symfony\\Component\\ErrorHandler\\Error\\FatalError->__construct(message: ''Cannot redecla...', code: '0', error: '['type' => 64, ...', traceOffset: '0', traceArgs: '???', trace: '???')
#1 C:\\wamp64\\www\\maasin_live_act\\vendor\\laravel\\framework\\src\\Illuminate\\Foundation\\Bootstrap\\HandleExceptions.php(231): Illuminate\\Foundation\\Bootstrap\\HandleExceptions->fatalErrorFromPhpError(error: '['type' => 64, ...', traceOffset: '0')
#2 C:\\wamp64\\www\\maasin_live_act\\vendor\\laravel\\framework\\src\\Illuminate\\Foundation\\Bootstrap\\HandleExceptions.php(255): Illuminate\\Foundation\\Bootstrap\\HandleExceptions->handleShutdown()
#3 C:\\wamp64\\www\\maasin_live_act\\vendor\\laravel\\framework\\src\\Illuminate\\Foundation\\Bootstrap\\HandleExceptions.php(0): Illuminate\\Foundation\\Bootstrap\\HandleExceptions->{closure:C:\\wamp64\\www\\maasin_live_act\\vendor\\laravel\\framework\\src\\Illuminate\\Foundation\\Bootstrap\\HandleExceptions.php:254-256}()
#4 {main}
"} 
[2025-10-04 13:38:38] local.ERROR: Cannot redeclare class App\MySession (previously declared in C:\wamp64\www\maasin_live_act\app\MySession.php:8) {"exception":"[object] (Symfony\\Component\\ErrorHandler\\Error\\FatalError(code: 0): Cannot redeclare class App\\MySession (previously declared in C:\\wamp64\\www\\maasin_live_act\\app\\MySession.php:8) at C:\\wamp64\\www\\maasin_live_act\\app\\Models\\MySession.php:8)
[stacktrace]
#0 C:\\wamp64\\www\\maasin_live_act\\vendor\\laravel\\framework\\src\\Illuminate\\Foundation\\Bootstrap\\HandleExceptions.php(244): Symfony\\Component\\ErrorHandler\\Error\\FatalError->__construct(message: ''Cannot redecla...', code: '0', error: '['type' => 64, ...', traceOffset: '0', traceArgs: '???', trace: '???')
#1 C:\\wamp64\\www\\maasin_live_act\\vendor\\laravel\\framework\\src\\Illuminate\\Foundation\\Bootstrap\\HandleExceptions.php(231): Illuminate\\Foundation\\Bootstrap\\HandleExceptions->fatalErrorFromPhpError(error: '['type' => 64, ...', traceOffset: '0')
#2 C:\\wamp64\\www\\maasin_live_act\\vendor\\laravel\\framework\\src\\Illuminate\\Foundation\\Bootstrap\\HandleExceptions.php(255): Illuminate\\Foundation\\Bootstrap\\HandleExceptions->handleShutdown()
#3 C:\\wamp64\\www\\maasin_live_act\\vendor\\laravel\\framework\\src\\Illuminate\\Foundation\\Bootstrap\\HandleExceptions.php(0): Illuminate\\Foundation\\Bootstrap\\HandleExceptions->{closure:C:\\wamp64\\www\\maasin_live_act\\vendor\\laravel\\framework\\src\\Illuminate\\Foundation\\Bootstrap\\HandleExceptions.php:254-256}()
#4 {main}
"} 
[2025-10-04 13:39:37] local.ERROR: Cannot redeclare class App\MySession (previously declared in C:\wamp64\www\maasin_live_act\app\MySession.php:8) {"exception":"[object] (Symfony\\Component\\ErrorHandler\\Error\\FatalError(code: 0): Cannot redeclare class App\\MySession (previously declared in C:\\wamp64\\www\\maasin_live_act\\app\\MySession.php:8) at C:\\wamp64\\www\\maasin_live_act\\app\\Models\\MySession.php:8)
[stacktrace]
#0 C:\\wamp64\\www\\maasin_live_act\\vendor\\laravel\\framework\\src\\Illuminate\\Foundation\\Bootstrap\\HandleExceptions.php(244): Symfony\\Component\\ErrorHandler\\Error\\FatalError->__construct(message: ''Cannot redecla...', code: '0', error: '['type' => 64, ...', traceOffset: '0', traceArgs: '???', trace: '???')
#1 C:\\wamp64\\www\\maasin_live_act\\vendor\\laravel\\framework\\src\\Illuminate\\Foundation\\Bootstrap\\HandleExceptions.php(231): Illuminate\\Foundation\\Bootstrap\\HandleExceptions->fatalErrorFromPhpError(error: '['type' => 64, ...', traceOffset: '0')
#2 C:\\wamp64\\www\\maasin_live_act\\vendor\\laravel\\framework\\src\\Illuminate\\Foundation\\Bootstrap\\HandleExceptions.php(255): Illuminate\\Foundation\\Bootstrap\\HandleExceptions->handleShutdown()
#3 C:\\wamp64\\www\\maasin_live_act\\vendor\\laravel\\framework\\src\\Illuminate\\Foundation\\Bootstrap\\HandleExceptions.php(0): Illuminate\\Foundation\\Bootstrap\\HandleExceptions->{closure:C:\\wamp64\\www\\maasin_live_act\\vendor\\laravel\\framework\\src\\Illuminate\\Foundation\\Bootstrap\\HandleExceptions.php:254-256}()
#4 {main}
"} 
[2025-10-04 13:40:37] local.ERROR: Cannot redeclare class App\MySession (previously declared in C:\wamp64\www\maasin_live_act\app\MySession.php:8) {"exception":"[object] (Symfony\\Component\\ErrorHandler\\Error\\FatalError(code: 0): Cannot redeclare class App\\MySession (previously declared in C:\\wamp64\\www\\maasin_live_act\\app\\MySession.php:8) at C:\\wamp64\\www\\maasin_live_act\\app\\Models\\MySession.php:8)
[stacktrace]
#0 C:\\wamp64\\www\\maasin_live_act\\vendor\\laravel\\framework\\src\\Illuminate\\Foundation\\Bootstrap\\HandleExceptions.php(244): Symfony\\Component\\ErrorHandler\\Error\\FatalError->__construct(message: ''Cannot redecla...', code: '0', error: '['type' => 64, ...', traceOffset: '0', traceArgs: '???', trace: '???')
#1 C:\\wamp64\\www\\maasin_live_act\\vendor\\laravel\\framework\\src\\Illuminate\\Foundation\\Bootstrap\\HandleExceptions.php(231): Illuminate\\Foundation\\Bootstrap\\HandleExceptions->fatalErrorFromPhpError(error: '['type' => 64, ...', traceOffset: '0')
#2 C:\\wamp64\\www\\maasin_live_act\\vendor\\laravel\\framework\\src\\Illuminate\\Foundation\\Bootstrap\\HandleExceptions.php(255): Illuminate\\Foundation\\Bootstrap\\HandleExceptions->handleShutdown()
#3 C:\\wamp64\\www\\maasin_live_act\\vendor\\laravel\\framework\\src\\Illuminate\\Foundation\\Bootstrap\\HandleExceptions.php(0): Illuminate\\Foundation\\Bootstrap\\HandleExceptions->{closure:C:\\wamp64\\www\\maasin_live_act\\vendor\\laravel\\framework\\src\\Illuminate\\Foundation\\Bootstrap\\HandleExceptions.php:254-256}()
#4 {main}
"} 
[2025-10-04 13:41:37] local.ERROR: Cannot redeclare class App\MySession (previously declared in C:\wamp64\www\maasin_live_act\app\MySession.php:8) {"exception":"[object] (Symfony\\Component\\ErrorHandler\\Error\\FatalError(code: 0): Cannot redeclare class App\\MySession (previously declared in C:\\wamp64\\www\\maasin_live_act\\app\\MySession.php:8) at C:\\wamp64\\www\\maasin_live_act\\app\\Models\\MySession.php:8)
[stacktrace]
#0 C:\\wamp64\\www\\maasin_live_act\\vendor\\laravel\\framework\\src\\Illuminate\\Foundation\\Bootstrap\\HandleExceptions.php(244): Symfony\\Component\\ErrorHandler\\Error\\FatalError->__construct(message: ''Cannot redecla...', code: '0', error: '['type' => 64, ...', traceOffset: '0', traceArgs: '???', trace: '???')
#1 C:\\wamp64\\www\\maasin_live_act\\vendor\\laravel\\framework\\src\\Illuminate\\Foundation\\Bootstrap\\HandleExceptions.php(231): Illuminate\\Foundation\\Bootstrap\\HandleExceptions->fatalErrorFromPhpError(error: '['type' => 64, ...', traceOffset: '0')
#2 C:\\wamp64\\www\\maasin_live_act\\vendor\\laravel\\framework\\src\\Illuminate\\Foundation\\Bootstrap\\HandleExceptions.php(255): Illuminate\\Foundation\\Bootstrap\\HandleExceptions->handleShutdown()
#3 C:\\wamp64\\www\\maasin_live_act\\vendor\\laravel\\framework\\src\\Illuminate\\Foundation\\Bootstrap\\HandleExceptions.php(0): Illuminate\\Foundation\\Bootstrap\\HandleExceptions->{closure:C:\\wamp64\\www\\maasin_live_act\\vendor\\laravel\\framework\\src\\Illuminate\\Foundation\\Bootstrap\\HandleExceptions.php:254-256}()
#4 {main}
"} 
[2025-10-04 13:42:37] local.ERROR: Cannot redeclare class App\MySession (previously declared in C:\wamp64\www\maasin_live_act\app\MySession.php:8) {"exception":"[object] (Symfony\\Component\\ErrorHandler\\Error\\FatalError(code: 0): Cannot redeclare class App\\MySession (previously declared in C:\\wamp64\\www\\maasin_live_act\\app\\MySession.php:8) at C:\\wamp64\\www\\maasin_live_act\\app\\Models\\MySession.php:8)
[stacktrace]
#0 C:\\wamp64\\www\\maasin_live_act\\vendor\\laravel\\framework\\src\\Illuminate\\Foundation\\Bootstrap\\HandleExceptions.php(244): Symfony\\Component\\ErrorHandler\\Error\\FatalError->__construct(message: ''Cannot redecla...', code: '0', error: '['type' => 64, ...', traceOffset: '0', traceArgs: '???', trace: '???')
#1 C:\\wamp64\\www\\maasin_live_act\\vendor\\laravel\\framework\\src\\Illuminate\\Foundation\\Bootstrap\\HandleExceptions.php(231): Illuminate\\Foundation\\Bootstrap\\HandleExceptions->fatalErrorFromPhpError(error: '['type' => 64, ...', traceOffset: '0')
#2 C:\\wamp64\\www\\maasin_live_act\\vendor\\laravel\\framework\\src\\Illuminate\\Foundation\\Bootstrap\\HandleExceptions.php(255): Illuminate\\Foundation\\Bootstrap\\HandleExceptions->handleShutdown()
#3 C:\\wamp64\\www\\maasin_live_act\\vendor\\laravel\\framework\\src\\Illuminate\\Foundation\\Bootstrap\\HandleExceptions.php(0): Illuminate\\Foundation\\Bootstrap\\HandleExceptions->{closure:C:\\wamp64\\www\\maasin_live_act\\vendor\\laravel\\framework\\src\\Illuminate\\Foundation\\Bootstrap\\HandleExceptions.php:254-256}()
#4 {main}
"} 
[2025-10-04 13:43:37] local.ERROR: Cannot redeclare class App\MySession (previously declared in C:\wamp64\www\maasin_live_act\app\MySession.php:8) {"exception":"[object] (Symfony\\Component\\ErrorHandler\\Error\\FatalError(code: 0): Cannot redeclare class App\\MySession (previously declared in C:\\wamp64\\www\\maasin_live_act\\app\\MySession.php:8) at C:\\wamp64\\www\\maasin_live_act\\app\\Models\\MySession.php:8)
[stacktrace]
#0 C:\\wamp64\\www\\maasin_live_act\\vendor\\laravel\\framework\\src\\Illuminate\\Foundation\\Bootstrap\\HandleExceptions.php(244): Symfony\\Component\\ErrorHandler\\Error\\FatalError->__construct(message: ''Cannot redecla...', code: '0', error: '['type' => 64, ...', traceOffset: '0', traceArgs: '???', trace: '???')
#1 C:\\wamp64\\www\\maasin_live_act\\vendor\\laravel\\framework\\src\\Illuminate\\Foundation\\Bootstrap\\HandleExceptions.php(231): Illuminate\\Foundation\\Bootstrap\\HandleExceptions->fatalErrorFromPhpError(error: '['type' => 64, ...', traceOffset: '0')
#2 C:\\wamp64\\www\\maasin_live_act\\vendor\\laravel\\framework\\src\\Illuminate\\Foundation\\Bootstrap\\HandleExceptions.php(255): Illuminate\\Foundation\\Bootstrap\\HandleExceptions->handleShutdown()
#3 C:\\wamp64\\www\\maasin_live_act\\vendor\\laravel\\framework\\src\\Illuminate\\Foundation\\Bootstrap\\HandleExceptions.php(0): Illuminate\\Foundation\\Bootstrap\\HandleExceptions->{closure:C:\\wamp64\\www\\maasin_live_act\\vendor\\laravel\\framework\\src\\Illuminate\\Foundation\\Bootstrap\\HandleExceptions.php:254-256}()
#4 {main}
"} 
[2025-10-04 13:44:37] local.ERROR: Cannot redeclare class App\MySession (previously declared in C:\wamp64\www\maasin_live_act\app\MySession.php:8) {"exception":"[object] (Symfony\\Component\\ErrorHandler\\Error\\FatalError(code: 0): Cannot redeclare class App\\MySession (previously declared in C:\\wamp64\\www\\maasin_live_act\\app\\MySession.php:8) at C:\\wamp64\\www\\maasin_live_act\\app\\Models\\MySession.php:8)
[stacktrace]
#0 C:\\wamp64\\www\\maasin_live_act\\vendor\\laravel\\framework\\src\\Illuminate\\Foundation\\Bootstrap\\HandleExceptions.php(244): Symfony\\Component\\ErrorHandler\\Error\\FatalError->__construct(message: ''Cannot redecla...', code: '0', error: '['type' => 64, ...', traceOffset: '0', traceArgs: '???', trace: '???')
#1 C:\\wamp64\\www\\maasin_live_act\\vendor\\laravel\\framework\\src\\Illuminate\\Foundation\\Bootstrap\\HandleExceptions.php(231): Illuminate\\Foundation\\Bootstrap\\HandleExceptions->fatalErrorFromPhpError(error: '['type' => 64, ...', traceOffset: '0')
#2 C:\\wamp64\\www\\maasin_live_act\\vendor\\laravel\\framework\\src\\Illuminate\\Foundation\\Bootstrap\\HandleExceptions.php(255): Illuminate\\Foundation\\Bootstrap\\HandleExceptions->handleShutdown()
#3 C:\\wamp64\\www\\maasin_live_act\\vendor\\laravel\\framework\\src\\Illuminate\\Foundation\\Bootstrap\\HandleExceptions.php(0): Illuminate\\Foundation\\Bootstrap\\HandleExceptions->{closure:C:\\wamp64\\www\\maasin_live_act\\vendor\\laravel\\framework\\src\\Illuminate\\Foundation\\Bootstrap\\HandleExceptions.php:254-256}()
#4 {main}
"} 
[2025-10-04 13:45:37] local.ERROR: Cannot redeclare class App\MySession (previously declared in C:\wamp64\www\maasin_live_act\app\MySession.php:8) {"exception":"[object] (Symfony\\Component\\ErrorHandler\\Error\\FatalError(code: 0): Cannot redeclare class App\\MySession (previously declared in C:\\wamp64\\www\\maasin_live_act\\app\\MySession.php:8) at C:\\wamp64\\www\\maasin_live_act\\app\\Models\\MySession.php:8)
[stacktrace]
#0 C:\\wamp64\\www\\maasin_live_act\\vendor\\laravel\\framework\\src\\Illuminate\\Foundation\\Bootstrap\\HandleExceptions.php(244): Symfony\\Component\\ErrorHandler\\Error\\FatalError->__construct(message: ''Cannot redecla...', code: '0', error: '['type' => 64, ...', traceOffset: '0', traceArgs: '???', trace: '???')
#1 C:\\wamp64\\www\\maasin_live_act\\vendor\\laravel\\framework\\src\\Illuminate\\Foundation\\Bootstrap\\HandleExceptions.php(231): Illuminate\\Foundation\\Bootstrap\\HandleExceptions->fatalErrorFromPhpError(error: '['type' => 64, ...', traceOffset: '0')
#2 C:\\wamp64\\www\\maasin_live_act\\vendor\\laravel\\framework\\src\\Illuminate\\Foundation\\Bootstrap\\HandleExceptions.php(255): Illuminate\\Foundation\\Bootstrap\\HandleExceptions->handleShutdown()
#3 C:\\wamp64\\www\\maasin_live_act\\vendor\\laravel\\framework\\src\\Illuminate\\Foundation\\Bootstrap\\HandleExceptions.php(0): Illuminate\\Foundation\\Bootstrap\\HandleExceptions->{closure:C:\\wamp64\\www\\maasin_live_act\\vendor\\laravel\\framework\\src\\Illuminate\\Foundation\\Bootstrap\\HandleExceptions.php:254-256}()
#4 {main}
"} 
[2025-10-04 13:46:37] local.ERROR: Cannot redeclare class App\MySession (previously declared in C:\wamp64\www\maasin_live_act\app\MySession.php:8) {"exception":"[object] (Symfony\\Component\\ErrorHandler\\Error\\FatalError(code: 0): Cannot redeclare class App\\MySession (previously declared in C:\\wamp64\\www\\maasin_live_act\\app\\MySession.php:8) at C:\\wamp64\\www\\maasin_live_act\\app\\Models\\MySession.php:8)
[stacktrace]
#0 C:\\wamp64\\www\\maasin_live_act\\vendor\\laravel\\framework\\src\\Illuminate\\Foundation\\Bootstrap\\HandleExceptions.php(244): Symfony\\Component\\ErrorHandler\\Error\\FatalError->__construct(message: ''Cannot redecla...', code: '0', error: '['type' => 64, ...', traceOffset: '0', traceArgs: '???', trace: '???')
#1 C:\\wamp64\\www\\maasin_live_act\\vendor\\laravel\\framework\\src\\Illuminate\\Foundation\\Bootstrap\\HandleExceptions.php(231): Illuminate\\Foundation\\Bootstrap\\HandleExceptions->fatalErrorFromPhpError(error: '['type' => 64, ...', traceOffset: '0')
#2 C:\\wamp64\\www\\maasin_live_act\\vendor\\laravel\\framework\\src\\Illuminate\\Foundation\\Bootstrap\\HandleExceptions.php(255): Illuminate\\Foundation\\Bootstrap\\HandleExceptions->handleShutdown()
#3 C:\\wamp64\\www\\maasin_live_act\\vendor\\laravel\\framework\\src\\Illuminate\\Foundation\\Bootstrap\\HandleExceptions.php(0): Illuminate\\Foundation\\Bootstrap\\HandleExceptions->{closure:C:\\wamp64\\www\\maasin_live_act\\vendor\\laravel\\framework\\src\\Illuminate\\Foundation\\Bootstrap\\HandleExceptions.php:254-256}()
#4 {main}
"} 
[2025-10-04 13:47:37] local.ERROR: Cannot redeclare class App\MySession (previously declared in C:\wamp64\www\maasin_live_act\app\MySession.php:8) {"exception":"[object] (Symfony\\Component\\ErrorHandler\\Error\\FatalError(code: 0): Cannot redeclare class App\\MySession (previously declared in C:\\wamp64\\www\\maasin_live_act\\app\\MySession.php:8) at C:\\wamp64\\www\\maasin_live_act\\app\\Models\\MySession.php:8)
[stacktrace]
#0 C:\\wamp64\\www\\maasin_live_act\\vendor\\laravel\\framework\\src\\Illuminate\\Foundation\\Bootstrap\\HandleExceptions.php(244): Symfony\\Component\\ErrorHandler\\Error\\FatalError->__construct(message: ''Cannot redecla...', code: '0', error: '['type' => 64, ...', traceOffset: '0', traceArgs: '???', trace: '???')
#1 C:\\wamp64\\www\\maasin_live_act\\vendor\\laravel\\framework\\src\\Illuminate\\Foundation\\Bootstrap\\HandleExceptions.php(231): Illuminate\\Foundation\\Bootstrap\\HandleExceptions->fatalErrorFromPhpError(error: '['type' => 64, ...', traceOffset: '0')
#2 C:\\wamp64\\www\\maasin_live_act\\vendor\\laravel\\framework\\src\\Illuminate\\Foundation\\Bootstrap\\HandleExceptions.php(255): Illuminate\\Foundation\\Bootstrap\\HandleExceptions->handleShutdown()
#3 C:\\wamp64\\www\\maasin_live_act\\vendor\\laravel\\framework\\src\\Illuminate\\Foundation\\Bootstrap\\HandleExceptions.php(0): Illuminate\\Foundation\\Bootstrap\\HandleExceptions->{closure:C:\\wamp64\\www\\maasin_live_act\\vendor\\laravel\\framework\\src\\Illuminate\\Foundation\\Bootstrap\\HandleExceptions.php:254-256}()
#4 {main}
"} 
[2025-10-04 13:48:37] local.ERROR: Cannot redeclare class App\MySession (previously declared in C:\wamp64\www\maasin_live_act\app\MySession.php:8) {"exception":"[object] (Symfony\\Component\\ErrorHandler\\Error\\FatalError(code: 0): Cannot redeclare class App\\MySession (previously declared in C:\\wamp64\\www\\maasin_live_act\\app\\MySession.php:8) at C:\\wamp64\\www\\maasin_live_act\\app\\Models\\MySession.php:8)
[stacktrace]
#0 C:\\wamp64\\www\\maasin_live_act\\vendor\\laravel\\framework\\src\\Illuminate\\Foundation\\Bootstrap\\HandleExceptions.php(244): Symfony\\Component\\ErrorHandler\\Error\\FatalError->__construct(message: ''Cannot redecla...', code: '0', error: '['type' => 64, ...', traceOffset: '0', traceArgs: '???', trace: '???')
#1 C:\\wamp64\\www\\maasin_live_act\\vendor\\laravel\\framework\\src\\Illuminate\\Foundation\\Bootstrap\\HandleExceptions.php(231): Illuminate\\Foundation\\Bootstrap\\HandleExceptions->fatalErrorFromPhpError(error: '['type' => 64, ...', traceOffset: '0')
#2 C:\\wamp64\\www\\maasin_live_act\\vendor\\laravel\\framework\\src\\Illuminate\\Foundation\\Bootstrap\\HandleExceptions.php(255): Illuminate\\Foundation\\Bootstrap\\HandleExceptions->handleShutdown()
#3 C:\\wamp64\\www\\maasin_live_act\\vendor\\laravel\\framework\\src\\Illuminate\\Foundation\\Bootstrap\\HandleExceptions.php(0): Illuminate\\Foundation\\Bootstrap\\HandleExceptions->{closure:C:\\wamp64\\www\\maasin_live_act\\vendor\\laravel\\framework\\src\\Illuminate\\Foundation\\Bootstrap\\HandleExceptions.php:254-256}()
#4 {main}
"} 
[2025-10-04 13:49:37] local.ERROR: Cannot redeclare class App\MySession (previously declared in C:\wamp64\www\maasin_live_act\app\MySession.php:8) {"exception":"[object] (Symfony\\Component\\ErrorHandler\\Error\\FatalError(code: 0): Cannot redeclare class App\\MySession (previously declared in C:\\wamp64\\www\\maasin_live_act\\app\\MySession.php:8) at C:\\wamp64\\www\\maasin_live_act\\app\\Models\\MySession.php:8)
[stacktrace]
#0 C:\\wamp64\\www\\maasin_live_act\\vendor\\laravel\\framework\\src\\Illuminate\\Foundation\\Bootstrap\\HandleExceptions.php(244): Symfony\\Component\\ErrorHandler\\Error\\FatalError->__construct(message: ''Cannot redecla...', code: '0', error: '['type' => 64, ...', traceOffset: '0', traceArgs: '???', trace: '???')
#1 C:\\wamp64\\www\\maasin_live_act\\vendor\\laravel\\framework\\src\\Illuminate\\Foundation\\Bootstrap\\HandleExceptions.php(231): Illuminate\\Foundation\\Bootstrap\\HandleExceptions->fatalErrorFromPhpError(error: '['type' => 64, ...', traceOffset: '0')
#2 C:\\wamp64\\www\\maasin_live_act\\vendor\\laravel\\framework\\src\\Illuminate\\Foundation\\Bootstrap\\HandleExceptions.php(255): Illuminate\\Foundation\\Bootstrap\\HandleExceptions->handleShutdown()
#3 C:\\wamp64\\www\\maasin_live_act\\vendor\\laravel\\framework\\src\\Illuminate\\Foundation\\Bootstrap\\HandleExceptions.php(0): Illuminate\\Foundation\\Bootstrap\\HandleExceptions->{closure:C:\\wamp64\\www\\maasin_live_act\\vendor\\laravel\\framework\\src\\Illuminate\\Foundation\\Bootstrap\\HandleExceptions.php:254-256}()
#4 {main}
"} 
[2025-10-04 13:50:37] local.ERROR: Cannot redeclare class App\MySession (previously declared in C:\wamp64\www\maasin_live_act\app\MySession.php:8) {"exception":"[object] (Symfony\\Component\\ErrorHandler\\Error\\FatalError(code: 0): Cannot redeclare class App\\MySession (previously declared in C:\\wamp64\\www\\maasin_live_act\\app\\MySession.php:8) at C:\\wamp64\\www\\maasin_live_act\\app\\Models\\MySession.php:8)
[stacktrace]
#0 C:\\wamp64\\www\\maasin_live_act\\vendor\\laravel\\framework\\src\\Illuminate\\Foundation\\Bootstrap\\HandleExceptions.php(244): Symfony\\Component\\ErrorHandler\\Error\\FatalError->__construct(message: ''Cannot redecla...', code: '0', error: '['type' => 64, ...', traceOffset: '0', traceArgs: '???', trace: '???')
#1 C:\\wamp64\\www\\maasin_live_act\\vendor\\laravel\\framework\\src\\Illuminate\\Foundation\\Bootstrap\\HandleExceptions.php(231): Illuminate\\Foundation\\Bootstrap\\HandleExceptions->fatalErrorFromPhpError(error: '['type' => 64, ...', traceOffset: '0')
#2 C:\\wamp64\\www\\maasin_live_act\\vendor\\laravel\\framework\\src\\Illuminate\\Foundation\\Bootstrap\\HandleExceptions.php(255): Illuminate\\Foundation\\Bootstrap\\HandleExceptions->handleShutdown()
#3 C:\\wamp64\\www\\maasin_live_act\\vendor\\laravel\\framework\\src\\Illuminate\\Foundation\\Bootstrap\\HandleExceptions.php(0): Illuminate\\Foundation\\Bootstrap\\HandleExceptions->{closure:C:\\wamp64\\www\\maasin_live_act\\vendor\\laravel\\framework\\src\\Illuminate\\Foundation\\Bootstrap\\HandleExceptions.php:254-256}()
#4 {main}
"} 
[2025-10-04 13:51:37] local.ERROR: Cannot redeclare class App\MySession (previously declared in C:\wamp64\www\maasin_live_act\app\MySession.php:8) {"exception":"[object] (Symfony\\Component\\ErrorHandler\\Error\\FatalError(code: 0): Cannot redeclare class App\\MySession (previously declared in C:\\wamp64\\www\\maasin_live_act\\app\\MySession.php:8) at C:\\wamp64\\www\\maasin_live_act\\app\\Models\\MySession.php:8)
[stacktrace]
#0 C:\\wamp64\\www\\maasin_live_act\\vendor\\laravel\\framework\\src\\Illuminate\\Foundation\\Bootstrap\\HandleExceptions.php(244): Symfony\\Component\\ErrorHandler\\Error\\FatalError->__construct(message: ''Cannot redecla...', code: '0', error: '['type' => 64, ...', traceOffset: '0', traceArgs: '???', trace: '???')
#1 C:\\wamp64\\www\\maasin_live_act\\vendor\\laravel\\framework\\src\\Illuminate\\Foundation\\Bootstrap\\HandleExceptions.php(231): Illuminate\\Foundation\\Bootstrap\\HandleExceptions->fatalErrorFromPhpError(error: '['type' => 64, ...', traceOffset: '0')
#2 C:\\wamp64\\www\\maasin_live_act\\vendor\\laravel\\framework\\src\\Illuminate\\Foundation\\Bootstrap\\HandleExceptions.php(255): Illuminate\\Foundation\\Bootstrap\\HandleExceptions->handleShutdown()
#3 C:\\wamp64\\www\\maasin_live_act\\vendor\\laravel\\framework\\src\\Illuminate\\Foundation\\Bootstrap\\HandleExceptions.php(0): Illuminate\\Foundation\\Bootstrap\\HandleExceptions->{closure:C:\\wamp64\\www\\maasin_live_act\\vendor\\laravel\\framework\\src\\Illuminate\\Foundation\\Bootstrap\\HandleExceptions.php:254-256}()
#4 {main}
"} 
[2025-10-04 13:52:37] local.ERROR: Cannot redeclare class App\MySession (previously declared in C:\wamp64\www\maasin_live_act\app\MySession.php:8) {"exception":"[object] (Symfony\\Component\\ErrorHandler\\Error\\FatalError(code: 0): Cannot redeclare class App\\MySession (previously declared in C:\\wamp64\\www\\maasin_live_act\\app\\MySession.php:8) at C:\\wamp64\\www\\maasin_live_act\\app\\Models\\MySession.php:8)
[stacktrace]
#0 C:\\wamp64\\www\\maasin_live_act\\vendor\\laravel\\framework\\src\\Illuminate\\Foundation\\Bootstrap\\HandleExceptions.php(244): Symfony\\Component\\ErrorHandler\\Error\\FatalError->__construct(message: ''Cannot redecla...', code: '0', error: '['type' => 64, ...', traceOffset: '0', traceArgs: '???', trace: '???')
#1 C:\\wamp64\\www\\maasin_live_act\\vendor\\laravel\\framework\\src\\Illuminate\\Foundation\\Bootstrap\\HandleExceptions.php(231): Illuminate\\Foundation\\Bootstrap\\HandleExceptions->fatalErrorFromPhpError(error: '['type' => 64, ...', traceOffset: '0')
#2 C:\\wamp64\\www\\maasin_live_act\\vendor\\laravel\\framework\\src\\Illuminate\\Foundation\\Bootstrap\\HandleExceptions.php(255): Illuminate\\Foundation\\Bootstrap\\HandleExceptions->handleShutdown()
#3 C:\\wamp64\\www\\maasin_live_act\\vendor\\laravel\\framework\\src\\Illuminate\\Foundation\\Bootstrap\\HandleExceptions.php(0): Illuminate\\Foundation\\Bootstrap\\HandleExceptions->{closure:C:\\wamp64\\www\\maasin_live_act\\vendor\\laravel\\framework\\src\\Illuminate\\Foundation\\Bootstrap\\HandleExceptions.php:254-256}()
#4 {main}
"} 
[2025-10-04 13:53:37] local.ERROR: Cannot redeclare class App\MySession (previously declared in C:\wamp64\www\maasin_live_act\app\MySession.php:8) {"exception":"[object] (Symfony\\Component\\ErrorHandler\\Error\\FatalError(code: 0): Cannot redeclare class App\\MySession (previously declared in C:\\wamp64\\www\\maasin_live_act\\app\\MySession.php:8) at C:\\wamp64\\www\\maasin_live_act\\app\\Models\\MySession.php:8)
[stacktrace]
#0 C:\\wamp64\\www\\maasin_live_act\\vendor\\laravel\\framework\\src\\Illuminate\\Foundation\\Bootstrap\\HandleExceptions.php(244): Symfony\\Component\\ErrorHandler\\Error\\FatalError->__construct(message: ''Cannot redecla...', code: '0', error: '['type' => 64, ...', traceOffset: '0', traceArgs: '???', trace: '???')
#1 C:\\wamp64\\www\\maasin_live_act\\vendor\\laravel\\framework\\src\\Illuminate\\Foundation\\Bootstrap\\HandleExceptions.php(231): Illuminate\\Foundation\\Bootstrap\\HandleExceptions->fatalErrorFromPhpError(error: '['type' => 64, ...', traceOffset: '0')
#2 C:\\wamp64\\www\\maasin_live_act\\vendor\\laravel\\framework\\src\\Illuminate\\Foundation\\Bootstrap\\HandleExceptions.php(255): Illuminate\\Foundation\\Bootstrap\\HandleExceptions->handleShutdown()
#3 C:\\wamp64\\www\\maasin_live_act\\vendor\\laravel\\framework\\src\\Illuminate\\Foundation\\Bootstrap\\HandleExceptions.php(0): Illuminate\\Foundation\\Bootstrap\\HandleExceptions->{closure:C:\\wamp64\\www\\maasin_live_act\\vendor\\laravel\\framework\\src\\Illuminate\\Foundation\\Bootstrap\\HandleExceptions.php:254-256}()
#4 {main}
"} 
[2025-10-04 13:54:37] local.ERROR: Cannot redeclare class App\MySession (previously declared in C:\wamp64\www\maasin_live_act\app\MySession.php:8) {"exception":"[object] (Symfony\\Component\\ErrorHandler\\Error\\FatalError(code: 0): Cannot redeclare class App\\MySession (previously declared in C:\\wamp64\\www\\maasin_live_act\\app\\MySession.php:8) at C:\\wamp64\\www\\maasin_live_act\\app\\Models\\MySession.php:8)
[stacktrace]
#0 C:\\wamp64\\www\\maasin_live_act\\vendor\\laravel\\framework\\src\\Illuminate\\Foundation\\Bootstrap\\HandleExceptions.php(244): Symfony\\Component\\ErrorHandler\\Error\\FatalError->__construct(message: ''Cannot redecla...', code: '0', error: '['type' => 64, ...', traceOffset: '0', traceArgs: '???', trace: '???')
#1 C:\\wamp64\\www\\maasin_live_act\\vendor\\laravel\\framework\\src\\Illuminate\\Foundation\\Bootstrap\\HandleExceptions.php(231): Illuminate\\Foundation\\Bootstrap\\HandleExceptions->fatalErrorFromPhpError(error: '['type' => 64, ...', traceOffset: '0')
#2 C:\\wamp64\\www\\maasin_live_act\\vendor\\laravel\\framework\\src\\Illuminate\\Foundation\\Bootstrap\\HandleExceptions.php(255): Illuminate\\Foundation\\Bootstrap\\HandleExceptions->handleShutdown()
#3 C:\\wamp64\\www\\maasin_live_act\\vendor\\laravel\\framework\\src\\Illuminate\\Foundation\\Bootstrap\\HandleExceptions.php(0): Illuminate\\Foundation\\Bootstrap\\HandleExceptions->{closure:C:\\wamp64\\www\\maasin_live_act\\vendor\\laravel\\framework\\src\\Illuminate\\Foundation\\Bootstrap\\HandleExceptions.php:254-256}()
#4 {main}
"} 
[2025-10-04 13:55:37] local.ERROR: Cannot redeclare class App\MySession (previously declared in C:\wamp64\www\maasin_live_act\app\MySession.php:8) {"exception":"[object] (Symfony\\Component\\ErrorHandler\\Error\\FatalError(code: 0): Cannot redeclare class App\\MySession (previously declared in C:\\wamp64\\www\\maasin_live_act\\app\\MySession.php:8) at C:\\wamp64\\www\\maasin_live_act\\app\\Models\\MySession.php:8)
[stacktrace]
#0 C:\\wamp64\\www\\maasin_live_act\\vendor\\laravel\\framework\\src\\Illuminate\\Foundation\\Bootstrap\\HandleExceptions.php(244): Symfony\\Component\\ErrorHandler\\Error\\FatalError->__construct(message: ''Cannot redecla...', code: '0', error: '['type' => 64, ...', traceOffset: '0', traceArgs: '???', trace: '???')
#1 C:\\wamp64\\www\\maasin_live_act\\vendor\\laravel\\framework\\src\\Illuminate\\Foundation\\Bootstrap\\HandleExceptions.php(231): Illuminate\\Foundation\\Bootstrap\\HandleExceptions->fatalErrorFromPhpError(error: '['type' => 64, ...', traceOffset: '0')
#2 C:\\wamp64\\www\\maasin_live_act\\vendor\\laravel\\framework\\src\\Illuminate\\Foundation\\Bootstrap\\HandleExceptions.php(255): Illuminate\\Foundation\\Bootstrap\\HandleExceptions->handleShutdown()
#3 C:\\wamp64\\www\\maasin_live_act\\vendor\\laravel\\framework\\src\\Illuminate\\Foundation\\Bootstrap\\HandleExceptions.php(0): Illuminate\\Foundation\\Bootstrap\\HandleExceptions->{closure:C:\\wamp64\\www\\maasin_live_act\\vendor\\laravel\\framework\\src\\Illuminate\\Foundation\\Bootstrap\\HandleExceptions.php:254-256}()
#4 {main}
"} 
[2025-10-04 13:56:39] local.ERROR: Cannot redeclare class App\MySession (previously declared in C:\wamp64\www\maasin_live_act\app\MySession.php:8) {"exception":"[object] (Symfony\\Component\\ErrorHandler\\Error\\FatalError(code: 0): Cannot redeclare class App\\MySession (previously declared in C:\\wamp64\\www\\maasin_live_act\\app\\MySession.php:8) at C:\\wamp64\\www\\maasin_live_act\\app\\Models\\MySession.php:8)
[stacktrace]
#0 C:\\wamp64\\www\\maasin_live_act\\vendor\\laravel\\framework\\src\\Illuminate\\Foundation\\Bootstrap\\HandleExceptions.php(244): Symfony\\Component\\ErrorHandler\\Error\\FatalError->__construct(message: ''Cannot redecla...', code: '0', error: '['type' => 64, ...', traceOffset: '0', traceArgs: '???', trace: '???')
#1 C:\\wamp64\\www\\maasin_live_act\\vendor\\laravel\\framework\\src\\Illuminate\\Foundation\\Bootstrap\\HandleExceptions.php(231): Illuminate\\Foundation\\Bootstrap\\HandleExceptions->fatalErrorFromPhpError(error: '['type' => 64, ...', traceOffset: '0')
#2 C:\\wamp64\\www\\maasin_live_act\\vendor\\laravel\\framework\\src\\Illuminate\\Foundation\\Bootstrap\\HandleExceptions.php(255): Illuminate\\Foundation\\Bootstrap\\HandleExceptions->handleShutdown()
#3 C:\\wamp64\\www\\maasin_live_act\\vendor\\laravel\\framework\\src\\Illuminate\\Foundation\\Bootstrap\\HandleExceptions.php(0): Illuminate\\Foundation\\Bootstrap\\HandleExceptions->{closure:C:\\wamp64\\www\\maasin_live_act\\vendor\\laravel\\framework\\src\\Illuminate\\Foundation\\Bootstrap\\HandleExceptions.php:254-256}()
#4 {main}
"} 
[2025-10-04 13:57:37] local.ERROR: Cannot redeclare class App\MySession (previously declared in C:\wamp64\www\maasin_live_act\app\MySession.php:8) {"exception":"[object] (Symfony\\Component\\ErrorHandler\\Error\\FatalError(code: 0): Cannot redeclare class App\\MySession (previously declared in C:\\wamp64\\www\\maasin_live_act\\app\\MySession.php:8) at C:\\wamp64\\www\\maasin_live_act\\app\\Models\\MySession.php:8)
[stacktrace]
#0 C:\\wamp64\\www\\maasin_live_act\\vendor\\laravel\\framework\\src\\Illuminate\\Foundation\\Bootstrap\\HandleExceptions.php(244): Symfony\\Component\\ErrorHandler\\Error\\FatalError->__construct(message: ''Cannot redecla...', code: '0', error: '['type' => 64, ...', traceOffset: '0', traceArgs: '???', trace: '???')
#1 C:\\wamp64\\www\\maasin_live_act\\vendor\\laravel\\framework\\src\\Illuminate\\Foundation\\Bootstrap\\HandleExceptions.php(231): Illuminate\\Foundation\\Bootstrap\\HandleExceptions->fatalErrorFromPhpError(error: '['type' => 64, ...', traceOffset: '0')
#2 C:\\wamp64\\www\\maasin_live_act\\vendor\\laravel\\framework\\src\\Illuminate\\Foundation\\Bootstrap\\HandleExceptions.php(255): Illuminate\\Foundation\\Bootstrap\\HandleExceptions->handleShutdown()
#3 C:\\wamp64\\www\\maasin_live_act\\vendor\\laravel\\framework\\src\\Illuminate\\Foundation\\Bootstrap\\HandleExceptions.php(0): Illuminate\\Foundation\\Bootstrap\\HandleExceptions->{closure:C:\\wamp64\\www\\maasin_live_act\\vendor\\laravel\\framework\\src\\Illuminate\\Foundation\\Bootstrap\\HandleExceptions.php:254-256}()
#4 {main}
"} 
[2025-10-04 13:58:37] local.ERROR: Cannot redeclare class App\MySession (previously declared in C:\wamp64\www\maasin_live_act\app\MySession.php:8) {"exception":"[object] (Symfony\\Component\\ErrorHandler\\Error\\FatalError(code: 0): Cannot redeclare class App\\MySession (previously declared in C:\\wamp64\\www\\maasin_live_act\\app\\MySession.php:8) at C:\\wamp64\\www\\maasin_live_act\\app\\Models\\MySession.php:8)
[stacktrace]
#0 C:\\wamp64\\www\\maasin_live_act\\vendor\\laravel\\framework\\src\\Illuminate\\Foundation\\Bootstrap\\HandleExceptions.php(244): Symfony\\Component\\ErrorHandler\\Error\\FatalError->__construct(message: ''Cannot redecla...', code: '0', error: '['type' => 64, ...', traceOffset: '0', traceArgs: '???', trace: '???')
#1 C:\\wamp64\\www\\maasin_live_act\\vendor\\laravel\\framework\\src\\Illuminate\\Foundation\\Bootstrap\\HandleExceptions.php(231): Illuminate\\Foundation\\Bootstrap\\HandleExceptions->fatalErrorFromPhpError(error: '['type' => 64, ...', traceOffset: '0')
#2 C:\\wamp64\\www\\maasin_live_act\\vendor\\laravel\\framework\\src\\Illuminate\\Foundation\\Bootstrap\\HandleExceptions.php(255): Illuminate\\Foundation\\Bootstrap\\HandleExceptions->handleShutdown()
#3 C:\\wamp64\\www\\maasin_live_act\\vendor\\laravel\\framework\\src\\Illuminate\\Foundation\\Bootstrap\\HandleExceptions.php(0): Illuminate\\Foundation\\Bootstrap\\HandleExceptions->{closure:C:\\wamp64\\www\\maasin_live_act\\vendor\\laravel\\framework\\src\\Illuminate\\Foundation\\Bootstrap\\HandleExceptions.php:254-256}()
#4 {main}
"} 
[2025-10-04 13:59:37] local.ERROR: Cannot redeclare class App\MySession (previously declared in C:\wamp64\www\maasin_live_act\app\MySession.php:8) {"exception":"[object] (Symfony\\Component\\ErrorHandler\\Error\\FatalError(code: 0): Cannot redeclare class App\\MySession (previously declared in C:\\wamp64\\www\\maasin_live_act\\app\\MySession.php:8) at C:\\wamp64\\www\\maasin_live_act\\app\\Models\\MySession.php:8)
[stacktrace]
#0 C:\\wamp64\\www\\maasin_live_act\\vendor\\laravel\\framework\\src\\Illuminate\\Foundation\\Bootstrap\\HandleExceptions.php(244): Symfony\\Component\\ErrorHandler\\Error\\FatalError->__construct(message: ''Cannot redecla...', code: '0', error: '['type' => 64, ...', traceOffset: '0', traceArgs: '???', trace: '???')
#1 C:\\wamp64\\www\\maasin_live_act\\vendor\\laravel\\framework\\src\\Illuminate\\Foundation\\Bootstrap\\HandleExceptions.php(231): Illuminate\\Foundation\\Bootstrap\\HandleExceptions->fatalErrorFromPhpError(error: '['type' => 64, ...', traceOffset: '0')
#2 C:\\wamp64\\www\\maasin_live_act\\vendor\\laravel\\framework\\src\\Illuminate\\Foundation\\Bootstrap\\HandleExceptions.php(255): Illuminate\\Foundation\\Bootstrap\\HandleExceptions->handleShutdown()
#3 C:\\wamp64\\www\\maasin_live_act\\vendor\\laravel\\framework\\src\\Illuminate\\Foundation\\Bootstrap\\HandleExceptions.php(0): Illuminate\\Foundation\\Bootstrap\\HandleExceptions->{closure:C:\\wamp64\\www\\maasin_live_act\\vendor\\laravel\\framework\\src\\Illuminate\\Foundation\\Bootstrap\\HandleExceptions.php:254-256}()
#4 {main}
"} 
[2025-10-04 14:00:37] local.ERROR: Cannot redeclare class App\MySession (previously declared in C:\wamp64\www\maasin_live_act\app\MySession.php:8) {"exception":"[object] (Symfony\\Component\\ErrorHandler\\Error\\FatalError(code: 0): Cannot redeclare class App\\MySession (previously declared in C:\\wamp64\\www\\maasin_live_act\\app\\MySession.php:8) at C:\\wamp64\\www\\maasin_live_act\\app\\Models\\MySession.php:8)
[stacktrace]
#0 C:\\wamp64\\www\\maasin_live_act\\vendor\\laravel\\framework\\src\\Illuminate\\Foundation\\Bootstrap\\HandleExceptions.php(244): Symfony\\Component\\ErrorHandler\\Error\\FatalError->__construct(message: ''Cannot redecla...', code: '0', error: '['type' => 64, ...', traceOffset: '0', traceArgs: '???', trace: '???')
#1 C:\\wamp64\\www\\maasin_live_act\\vendor\\laravel\\framework\\src\\Illuminate\\Foundation\\Bootstrap\\HandleExceptions.php(231): Illuminate\\Foundation\\Bootstrap\\HandleExceptions->fatalErrorFromPhpError(error: '['type' => 64, ...', traceOffset: '0')
#2 C:\\wamp64\\www\\maasin_live_act\\vendor\\laravel\\framework\\src\\Illuminate\\Foundation\\Bootstrap\\HandleExceptions.php(255): Illuminate\\Foundation\\Bootstrap\\HandleExceptions->handleShutdown()
#3 C:\\wamp64\\www\\maasin_live_act\\vendor\\laravel\\framework\\src\\Illuminate\\Foundation\\Bootstrap\\HandleExceptions.php(0): Illuminate\\Foundation\\Bootstrap\\HandleExceptions->{closure:C:\\wamp64\\www\\maasin_live_act\\vendor\\laravel\\framework\\src\\Illuminate\\Foundation\\Bootstrap\\HandleExceptions.php:254-256}()
#4 {main}
"} 
[2025-10-04 14:01:37] local.ERROR: Cannot redeclare class App\MySession (previously declared in C:\wamp64\www\maasin_live_act\app\MySession.php:8) {"exception":"[object] (Symfony\\Component\\ErrorHandler\\Error\\FatalError(code: 0): Cannot redeclare class App\\MySession (previously declared in C:\\wamp64\\www\\maasin_live_act\\app\\MySession.php:8) at C:\\wamp64\\www\\maasin_live_act\\app\\Models\\MySession.php:8)
[stacktrace]
#0 C:\\wamp64\\www\\maasin_live_act\\vendor\\laravel\\framework\\src\\Illuminate\\Foundation\\Bootstrap\\HandleExceptions.php(244): Symfony\\Component\\ErrorHandler\\Error\\FatalError->__construct(message: ''Cannot redecla...', code: '0', error: '['type' => 64, ...', traceOffset: '0', traceArgs: '???', trace: '???')
#1 C:\\wamp64\\www\\maasin_live_act\\vendor\\laravel\\framework\\src\\Illuminate\\Foundation\\Bootstrap\\HandleExceptions.php(231): Illuminate\\Foundation\\Bootstrap\\HandleExceptions->fatalErrorFromPhpError(error: '['type' => 64, ...', traceOffset: '0')
#2 C:\\wamp64\\www\\maasin_live_act\\vendor\\laravel\\framework\\src\\Illuminate\\Foundation\\Bootstrap\\HandleExceptions.php(255): Illuminate\\Foundation\\Bootstrap\\HandleExceptions->handleShutdown()
#3 C:\\wamp64\\www\\maasin_live_act\\vendor\\laravel\\framework\\src\\Illuminate\\Foundation\\Bootstrap\\HandleExceptions.php(0): Illuminate\\Foundation\\Bootstrap\\HandleExceptions->{closure:C:\\wamp64\\www\\maasin_live_act\\vendor\\laravel\\framework\\src\\Illuminate\\Foundation\\Bootstrap\\HandleExceptions.php:254-256}()
#4 {main}
"} 
[2025-10-04 14:02:37] local.ERROR: Cannot redeclare class App\MySession (previously declared in C:\wamp64\www\maasin_live_act\app\MySession.php:8) {"exception":"[object] (Symfony\\Component\\ErrorHandler\\Error\\FatalError(code: 0): Cannot redeclare class App\\MySession (previously declared in C:\\wamp64\\www\\maasin_live_act\\app\\MySession.php:8) at C:\\wamp64\\www\\maasin_live_act\\app\\Models\\MySession.php:8)
[stacktrace]
#0 C:\\wamp64\\www\\maasin_live_act\\vendor\\laravel\\framework\\src\\Illuminate\\Foundation\\Bootstrap\\HandleExceptions.php(244): Symfony\\Component\\ErrorHandler\\Error\\FatalError->__construct(message: ''Cannot redecla...', code: '0', error: '['type' => 64, ...', traceOffset: '0', traceArgs: '???', trace: '???')
#1 C:\\wamp64\\www\\maasin_live_act\\vendor\\laravel\\framework\\src\\Illuminate\\Foundation\\Bootstrap\\HandleExceptions.php(231): Illuminate\\Foundation\\Bootstrap\\HandleExceptions->fatalErrorFromPhpError(error: '['type' => 64, ...', traceOffset: '0')
#2 C:\\wamp64\\www\\maasin_live_act\\vendor\\laravel\\framework\\src\\Illuminate\\Foundation\\Bootstrap\\HandleExceptions.php(255): Illuminate\\Foundation\\Bootstrap\\HandleExceptions->handleShutdown()
#3 C:\\wamp64\\www\\maasin_live_act\\vendor\\laravel\\framework\\src\\Illuminate\\Foundation\\Bootstrap\\HandleExceptions.php(0): Illuminate\\Foundation\\Bootstrap\\HandleExceptions->{closure:C:\\wamp64\\www\\maasin_live_act\\vendor\\laravel\\framework\\src\\Illuminate\\Foundation\\Bootstrap\\HandleExceptions.php:254-256}()
#4 {main}
"} 
[2025-10-04 14:03:37] local.ERROR: Cannot redeclare class App\MySession (previously declared in C:\wamp64\www\maasin_live_act\app\MySession.php:8) {"exception":"[object] (Symfony\\Component\\ErrorHandler\\Error\\FatalError(code: 0): Cannot redeclare class App\\MySession (previously declared in C:\\wamp64\\www\\maasin_live_act\\app\\MySession.php:8) at C:\\wamp64\\www\\maasin_live_act\\app\\Models\\MySession.php:8)
[stacktrace]
#0 C:\\wamp64\\www\\maasin_live_act\\vendor\\laravel\\framework\\src\\Illuminate\\Foundation\\Bootstrap\\HandleExceptions.php(244): Symfony\\Component\\ErrorHandler\\Error\\FatalError->__construct(message: ''Cannot redecla...', code: '0', error: '['type' => 64, ...', traceOffset: '0', traceArgs: '???', trace: '???')
#1 C:\\wamp64\\www\\maasin_live_act\\vendor\\laravel\\framework\\src\\Illuminate\\Foundation\\Bootstrap\\HandleExceptions.php(231): Illuminate\\Foundation\\Bootstrap\\HandleExceptions->fatalErrorFromPhpError(error: '['type' => 64, ...', traceOffset: '0')
#2 C:\\wamp64\\www\\maasin_live_act\\vendor\\laravel\\framework\\src\\Illuminate\\Foundation\\Bootstrap\\HandleExceptions.php(255): Illuminate\\Foundation\\Bootstrap\\HandleExceptions->handleShutdown()
#3 C:\\wamp64\\www\\maasin_live_act\\vendor\\laravel\\framework\\src\\Illuminate\\Foundation\\Bootstrap\\HandleExceptions.php(0): Illuminate\\Foundation\\Bootstrap\\HandleExceptions->{closure:C:\\wamp64\\www\\maasin_live_act\\vendor\\laravel\\framework\\src\\Illuminate\\Foundation\\Bootstrap\\HandleExceptions.php:254-256}()
#4 {main}
"} 
[2025-10-04 14:04:37] local.ERROR: Cannot redeclare class App\MySession (previously declared in C:\wamp64\www\maasin_live_act\app\MySession.php:8) {"exception":"[object] (Symfony\\Component\\ErrorHandler\\Error\\FatalError(code: 0): Cannot redeclare class App\\MySession (previously declared in C:\\wamp64\\www\\maasin_live_act\\app\\MySession.php:8) at C:\\wamp64\\www\\maasin_live_act\\app\\Models\\MySession.php:8)
[stacktrace]
#0 C:\\wamp64\\www\\maasin_live_act\\vendor\\laravel\\framework\\src\\Illuminate\\Foundation\\Bootstrap\\HandleExceptions.php(244): Symfony\\Component\\ErrorHandler\\Error\\FatalError->__construct(message: ''Cannot redecla...', code: '0', error: '['type' => 64, ...', traceOffset: '0', traceArgs: '???', trace: '???')
#1 C:\\wamp64\\www\\maasin_live_act\\vendor\\laravel\\framework\\src\\Illuminate\\Foundation\\Bootstrap\\HandleExceptions.php(231): Illuminate\\Foundation\\Bootstrap\\HandleExceptions->fatalErrorFromPhpError(error: '['type' => 64, ...', traceOffset: '0')
#2 C:\\wamp64\\www\\maasin_live_act\\vendor\\laravel\\framework\\src\\Illuminate\\Foundation\\Bootstrap\\HandleExceptions.php(255): Illuminate\\Foundation\\Bootstrap\\HandleExceptions->handleShutdown()
#3 C:\\wamp64\\www\\maasin_live_act\\vendor\\laravel\\framework\\src\\Illuminate\\Foundation\\Bootstrap\\HandleExceptions.php(0): Illuminate\\Foundation\\Bootstrap\\HandleExceptions->{closure:C:\\wamp64\\www\\maasin_live_act\\vendor\\laravel\\framework\\src\\Illuminate\\Foundation\\Bootstrap\\HandleExceptions.php:254-256}()
#4 {main}
"} 
[2025-10-04 14:05:37] local.ERROR: Cannot redeclare class App\MySession (previously declared in C:\wamp64\www\maasin_live_act\app\MySession.php:8) {"exception":"[object] (Symfony\\Component\\ErrorHandler\\Error\\FatalError(code: 0): Cannot redeclare class App\\MySession (previously declared in C:\\wamp64\\www\\maasin_live_act\\app\\MySession.php:8) at C:\\wamp64\\www\\maasin_live_act\\app\\Models\\MySession.php:8)
[stacktrace]
#0 C:\\wamp64\\www\\maasin_live_act\\vendor\\laravel\\framework\\src\\Illuminate\\Foundation\\Bootstrap\\HandleExceptions.php(244): Symfony\\Component\\ErrorHandler\\Error\\FatalError->__construct(message: ''Cannot redecla...', code: '0', error: '['type' => 64, ...', traceOffset: '0', traceArgs: '???', trace: '???')
#1 C:\\wamp64\\www\\maasin_live_act\\vendor\\laravel\\framework\\src\\Illuminate\\Foundation\\Bootstrap\\HandleExceptions.php(231): Illuminate\\Foundation\\Bootstrap\\HandleExceptions->fatalErrorFromPhpError(error: '['type' => 64, ...', traceOffset: '0')
#2 C:\\wamp64\\www\\maasin_live_act\\vendor\\laravel\\framework\\src\\Illuminate\\Foundation\\Bootstrap\\HandleExceptions.php(255): Illuminate\\Foundation\\Bootstrap\\HandleExceptions->handleShutdown()
#3 C:\\wamp64\\www\\maasin_live_act\\vendor\\laravel\\framework\\src\\Illuminate\\Foundation\\Bootstrap\\HandleExceptions.php(0): Illuminate\\Foundation\\Bootstrap\\HandleExceptions->{closure:C:\\wamp64\\www\\maasin_live_act\\vendor\\laravel\\framework\\src\\Illuminate\\Foundation\\Bootstrap\\HandleExceptions.php:254-256}()
#4 {main}
"} 
[2025-10-04 14:06:37] local.ERROR: Cannot redeclare class App\MySession (previously declared in C:\wamp64\www\maasin_live_act\app\MySession.php:8) {"exception":"[object] (Symfony\\Component\\ErrorHandler\\Error\\FatalError(code: 0): Cannot redeclare class App\\MySession (previously declared in C:\\wamp64\\www\\maasin_live_act\\app\\MySession.php:8) at C:\\wamp64\\www\\maasin_live_act\\app\\Models\\MySession.php:8)
[stacktrace]
#0 C:\\wamp64\\www\\maasin_live_act\\vendor\\laravel\\framework\\src\\Illuminate\\Foundation\\Bootstrap\\HandleExceptions.php(244): Symfony\\Component\\ErrorHandler\\Error\\FatalError->__construct(message: ''Cannot redecla...', code: '0', error: '['type' => 64, ...', traceOffset: '0', traceArgs: '???', trace: '???')
#1 C:\\wamp64\\www\\maasin_live_act\\vendor\\laravel\\framework\\src\\Illuminate\\Foundation\\Bootstrap\\HandleExceptions.php(231): Illuminate\\Foundation\\Bootstrap\\HandleExceptions->fatalErrorFromPhpError(error: '['type' => 64, ...', traceOffset: '0')
#2 C:\\wamp64\\www\\maasin_live_act\\vendor\\laravel\\framework\\src\\Illuminate\\Foundation\\Bootstrap\\HandleExceptions.php(255): Illuminate\\Foundation\\Bootstrap\\HandleExceptions->handleShutdown()
#3 C:\\wamp64\\www\\maasin_live_act\\vendor\\laravel\\framework\\src\\Illuminate\\Foundation\\Bootstrap\\HandleExceptions.php(0): Illuminate\\Foundation\\Bootstrap\\HandleExceptions->{closure:C:\\wamp64\\www\\maasin_live_act\\vendor\\laravel\\framework\\src\\Illuminate\\Foundation\\Bootstrap\\HandleExceptions.php:254-256}()
#4 {main}
"} 
[2025-10-04 14:07:38] local.ERROR: Cannot redeclare class App\MySession (previously declared in C:\wamp64\www\maasin_live_act\app\MySession.php:8) {"exception":"[object] (Symfony\\Component\\ErrorHandler\\Error\\FatalError(code: 0): Cannot redeclare class App\\MySession (previously declared in C:\\wamp64\\www\\maasin_live_act\\app\\MySession.php:8) at C:\\wamp64\\www\\maasin_live_act\\app\\Models\\MySession.php:8)
[stacktrace]
#0 C:\\wamp64\\www\\maasin_live_act\\vendor\\laravel\\framework\\src\\Illuminate\\Foundation\\Bootstrap\\HandleExceptions.php(244): Symfony\\Component\\ErrorHandler\\Error\\FatalError->__construct(message: ''Cannot redecla...', code: '0', error: '['type' => 64, ...', traceOffset: '0', traceArgs: '???', trace: '???')
#1 C:\\wamp64\\www\\maasin_live_act\\vendor\\laravel\\framework\\src\\Illuminate\\Foundation\\Bootstrap\\HandleExceptions.php(231): Illuminate\\Foundation\\Bootstrap\\HandleExceptions->fatalErrorFromPhpError(error: '['type' => 64, ...', traceOffset: '0')
#2 C:\\wamp64\\www\\maasin_live_act\\vendor\\laravel\\framework\\src\\Illuminate\\Foundation\\Bootstrap\\HandleExceptions.php(255): Illuminate\\Foundation\\Bootstrap\\HandleExceptions->handleShutdown()
#3 C:\\wamp64\\www\\maasin_live_act\\vendor\\laravel\\framework\\src\\Illuminate\\Foundation\\Bootstrap\\HandleExceptions.php(0): Illuminate\\Foundation\\Bootstrap\\HandleExceptions->{closure:C:\\wamp64\\www\\maasin_live_act\\vendor\\laravel\\framework\\src\\Illuminate\\Foundation\\Bootstrap\\HandleExceptions.php:254-256}()
#4 {main}
"} 
[2025-10-04 14:08:38] local.ERROR: Cannot redeclare class App\MySession (previously declared in C:\wamp64\www\maasin_live_act\app\MySession.php:8) {"exception":"[object] (Symfony\\Component\\ErrorHandler\\Error\\FatalError(code: 0): Cannot redeclare class App\\MySession (previously declared in C:\\wamp64\\www\\maasin_live_act\\app\\MySession.php:8) at C:\\wamp64\\www\\maasin_live_act\\app\\Models\\MySession.php:8)
[stacktrace]
#0 C:\\wamp64\\www\\maasin_live_act\\vendor\\laravel\\framework\\src\\Illuminate\\Foundation\\Bootstrap\\HandleExceptions.php(244): Symfony\\Component\\ErrorHandler\\Error\\FatalError->__construct(message: ''Cannot redecla...', code: '0', error: '['type' => 64, ...', traceOffset: '0', traceArgs: '???', trace: '???')
#1 C:\\wamp64\\www\\maasin_live_act\\vendor\\laravel\\framework\\src\\Illuminate\\Foundation\\Bootstrap\\HandleExceptions.php(231): Illuminate\\Foundation\\Bootstrap\\HandleExceptions->fatalErrorFromPhpError(error: '['type' => 64, ...', traceOffset: '0')
#2 C:\\wamp64\\www\\maasin_live_act\\vendor\\laravel\\framework\\src\\Illuminate\\Foundation\\Bootstrap\\HandleExceptions.php(255): Illuminate\\Foundation\\Bootstrap\\HandleExceptions->handleShutdown()
#3 C:\\wamp64\\www\\maasin_live_act\\vendor\\laravel\\framework\\src\\Illuminate\\Foundation\\Bootstrap\\HandleExceptions.php(0): Illuminate\\Foundation\\Bootstrap\\HandleExceptions->{closure:C:\\wamp64\\www\\maasin_live_act\\vendor\\laravel\\framework\\src\\Illuminate\\Foundation\\Bootstrap\\HandleExceptions.php:254-256}()
#4 {main}
"} 
[2025-10-04 14:09:38] local.ERROR: Cannot redeclare class App\MySession (previously declared in C:\wamp64\www\maasin_live_act\app\MySession.php:8) {"exception":"[object] (Symfony\\Component\\ErrorHandler\\Error\\FatalError(code: 0): Cannot redeclare class App\\MySession (previously declared in C:\\wamp64\\www\\maasin_live_act\\app\\MySession.php:8) at C:\\wamp64\\www\\maasin_live_act\\app\\Models\\MySession.php:8)
[stacktrace]
#0 C:\\wamp64\\www\\maasin_live_act\\vendor\\laravel\\framework\\src\\Illuminate\\Foundation\\Bootstrap\\HandleExceptions.php(244): Symfony\\Component\\ErrorHandler\\Error\\FatalError->__construct(message: ''Cannot redecla...', code: '0', error: '['type' => 64, ...', traceOffset: '0', traceArgs: '???', trace: '???')
#1 C:\\wamp64\\www\\maasin_live_act\\vendor\\laravel\\framework\\src\\Illuminate\\Foundation\\Bootstrap\\HandleExceptions.php(231): Illuminate\\Foundation\\Bootstrap\\HandleExceptions->fatalErrorFromPhpError(error: '['type' => 64, ...', traceOffset: '0')
#2 C:\\wamp64\\www\\maasin_live_act\\vendor\\laravel\\framework\\src\\Illuminate\\Foundation\\Bootstrap\\HandleExceptions.php(255): Illuminate\\Foundation\\Bootstrap\\HandleExceptions->handleShutdown()
#3 C:\\wamp64\\www\\maasin_live_act\\vendor\\laravel\\framework\\src\\Illuminate\\Foundation\\Bootstrap\\HandleExceptions.php(0): Illuminate\\Foundation\\Bootstrap\\HandleExceptions->{closure:C:\\wamp64\\www\\maasin_live_act\\vendor\\laravel\\framework\\src\\Illuminate\\Foundation\\Bootstrap\\HandleExceptions.php:254-256}()
#4 {main}
"} 
[2025-10-04 14:10:38] local.ERROR: Cannot redeclare class App\MySession (previously declared in C:\wamp64\www\maasin_live_act\app\MySession.php:8) {"exception":"[object] (Symfony\\Component\\ErrorHandler\\Error\\FatalError(code: 0): Cannot redeclare class App\\MySession (previously declared in C:\\wamp64\\www\\maasin_live_act\\app\\MySession.php:8) at C:\\wamp64\\www\\maasin_live_act\\app\\Models\\MySession.php:8)
[stacktrace]
#0 C:\\wamp64\\www\\maasin_live_act\\vendor\\laravel\\framework\\src\\Illuminate\\Foundation\\Bootstrap\\HandleExceptions.php(244): Symfony\\Component\\ErrorHandler\\Error\\FatalError->__construct(message: ''Cannot redecla...', code: '0', error: '['type' => 64, ...', traceOffset: '0', traceArgs: '???', trace: '???')
#1 C:\\wamp64\\www\\maasin_live_act\\vendor\\laravel\\framework\\src\\Illuminate\\Foundation\\Bootstrap\\HandleExceptions.php(231): Illuminate\\Foundation\\Bootstrap\\HandleExceptions->fatalErrorFromPhpError(error: '['type' => 64, ...', traceOffset: '0')
#2 C:\\wamp64\\www\\maasin_live_act\\vendor\\laravel\\framework\\src\\Illuminate\\Foundation\\Bootstrap\\HandleExceptions.php(255): Illuminate\\Foundation\\Bootstrap\\HandleExceptions->handleShutdown()
#3 C:\\wamp64\\www\\maasin_live_act\\vendor\\laravel\\framework\\src\\Illuminate\\Foundation\\Bootstrap\\HandleExceptions.php(0): Illuminate\\Foundation\\Bootstrap\\HandleExceptions->{closure:C:\\wamp64\\www\\maasin_live_act\\vendor\\laravel\\framework\\src\\Illuminate\\Foundation\\Bootstrap\\HandleExceptions.php:254-256}()
#4 {main}
"} 
[2025-10-04 14:11:38] local.ERROR: Cannot redeclare class App\MySession (previously declared in C:\wamp64\www\maasin_live_act\app\MySession.php:8) {"exception":"[object] (Symfony\\Component\\ErrorHandler\\Error\\FatalError(code: 0): Cannot redeclare class App\\MySession (previously declared in C:\\wamp64\\www\\maasin_live_act\\app\\MySession.php:8) at C:\\wamp64\\www\\maasin_live_act\\app\\Models\\MySession.php:8)
[stacktrace]
#0 C:\\wamp64\\www\\maasin_live_act\\vendor\\laravel\\framework\\src\\Illuminate\\Foundation\\Bootstrap\\HandleExceptions.php(244): Symfony\\Component\\ErrorHandler\\Error\\FatalError->__construct(message: ''Cannot redecla...', code: '0', error: '['type' => 64, ...', traceOffset: '0', traceArgs: '???', trace: '???')
#1 C:\\wamp64\\www\\maasin_live_act\\vendor\\laravel\\framework\\src\\Illuminate\\Foundation\\Bootstrap\\HandleExceptions.php(231): Illuminate\\Foundation\\Bootstrap\\HandleExceptions->fatalErrorFromPhpError(error: '['type' => 64, ...', traceOffset: '0')
#2 C:\\wamp64\\www\\maasin_live_act\\vendor\\laravel\\framework\\src\\Illuminate\\Foundation\\Bootstrap\\HandleExceptions.php(255): Illuminate\\Foundation\\Bootstrap\\HandleExceptions->handleShutdown()
#3 C:\\wamp64\\www\\maasin_live_act\\vendor\\laravel\\framework\\src\\Illuminate\\Foundation\\Bootstrap\\HandleExceptions.php(0): Illuminate\\Foundation\\Bootstrap\\HandleExceptions->{closure:C:\\wamp64\\www\\maasin_live_act\\vendor\\laravel\\framework\\src\\Illuminate\\Foundation\\Bootstrap\\HandleExceptions.php:254-256}()
#4 {main}
"} 
[2025-10-04 14:12:38] local.ERROR: Cannot redeclare class App\MySession (previously declared in C:\wamp64\www\maasin_live_act\app\MySession.php:8) {"exception":"[object] (Symfony\\Component\\ErrorHandler\\Error\\FatalError(code: 0): Cannot redeclare class App\\MySession (previously declared in C:\\wamp64\\www\\maasin_live_act\\app\\MySession.php:8) at C:\\wamp64\\www\\maasin_live_act\\app\\Models\\MySession.php:8)
[stacktrace]
#0 C:\\wamp64\\www\\maasin_live_act\\vendor\\laravel\\framework\\src\\Illuminate\\Foundation\\Bootstrap\\HandleExceptions.php(244): Symfony\\Component\\ErrorHandler\\Error\\FatalError->__construct(message: ''Cannot redecla...', code: '0', error: '['type' => 64, ...', traceOffset: '0', traceArgs: '???', trace: '???')
#1 C:\\wamp64\\www\\maasin_live_act\\vendor\\laravel\\framework\\src\\Illuminate\\Foundation\\Bootstrap\\HandleExceptions.php(231): Illuminate\\Foundation\\Bootstrap\\HandleExceptions->fatalErrorFromPhpError(error: '['type' => 64, ...', traceOffset: '0')
#2 C:\\wamp64\\www\\maasin_live_act\\vendor\\laravel\\framework\\src\\Illuminate\\Foundation\\Bootstrap\\HandleExceptions.php(255): Illuminate\\Foundation\\Bootstrap\\HandleExceptions->handleShutdown()
#3 C:\\wamp64\\www\\maasin_live_act\\vendor\\laravel\\framework\\src\\Illuminate\\Foundation\\Bootstrap\\HandleExceptions.php(0): Illuminate\\Foundation\\Bootstrap\\HandleExceptions->{closure:C:\\wamp64\\www\\maasin_live_act\\vendor\\laravel\\framework\\src\\Illuminate\\Foundation\\Bootstrap\\HandleExceptions.php:254-256}()
#4 {main}
"} 
[2025-10-04 14:13:38] local.ERROR: Cannot redeclare class App\MySession (previously declared in C:\wamp64\www\maasin_live_act\app\MySession.php:8) {"exception":"[object] (Symfony\\Component\\ErrorHandler\\Error\\FatalError(code: 0): Cannot redeclare class App\\MySession (previously declared in C:\\wamp64\\www\\maasin_live_act\\app\\MySession.php:8) at C:\\wamp64\\www\\maasin_live_act\\app\\Models\\MySession.php:8)
[stacktrace]
#0 C:\\wamp64\\www\\maasin_live_act\\vendor\\laravel\\framework\\src\\Illuminate\\Foundation\\Bootstrap\\HandleExceptions.php(244): Symfony\\Component\\ErrorHandler\\Error\\FatalError->__construct(message: ''Cannot redecla...', code: '0', error: '['type' => 64, ...', traceOffset: '0', traceArgs: '???', trace: '???')
#1 C:\\wamp64\\www\\maasin_live_act\\vendor\\laravel\\framework\\src\\Illuminate\\Foundation\\Bootstrap\\HandleExceptions.php(231): Illuminate\\Foundation\\Bootstrap\\HandleExceptions->fatalErrorFromPhpError(error: '['type' => 64, ...', traceOffset: '0')
#2 C:\\wamp64\\www\\maasin_live_act\\vendor\\laravel\\framework\\src\\Illuminate\\Foundation\\Bootstrap\\HandleExceptions.php(255): Illuminate\\Foundation\\Bootstrap\\HandleExceptions->handleShutdown()
#3 C:\\wamp64\\www\\maasin_live_act\\vendor\\laravel\\framework\\src\\Illuminate\\Foundation\\Bootstrap\\HandleExceptions.php(0): Illuminate\\Foundation\\Bootstrap\\HandleExceptions->{closure:C:\\wamp64\\www\\maasin_live_act\\vendor\\laravel\\framework\\src\\Illuminate\\Foundation\\Bootstrap\\HandleExceptions.php:254-256}()
#4 {main}
"} 
[2025-10-04 14:14:38] local.ERROR: Cannot redeclare class App\MySession (previously declared in C:\wamp64\www\maasin_live_act\app\MySession.php:8) {"exception":"[object] (Symfony\\Component\\ErrorHandler\\Error\\FatalError(code: 0): Cannot redeclare class App\\MySession (previously declared in C:\\wamp64\\www\\maasin_live_act\\app\\MySession.php:8) at C:\\wamp64\\www\\maasin_live_act\\app\\Models\\MySession.php:8)
[stacktrace]
#0 C:\\wamp64\\www\\maasin_live_act\\vendor\\laravel\\framework\\src\\Illuminate\\Foundation\\Bootstrap\\HandleExceptions.php(244): Symfony\\Component\\ErrorHandler\\Error\\FatalError->__construct(message: ''Cannot redecla...', code: '0', error: '['type' => 64, ...', traceOffset: '0', traceArgs: '???', trace: '???')
#1 C:\\wamp64\\www\\maasin_live_act\\vendor\\laravel\\framework\\src\\Illuminate\\Foundation\\Bootstrap\\HandleExceptions.php(231): Illuminate\\Foundation\\Bootstrap\\HandleExceptions->fatalErrorFromPhpError(error: '['type' => 64, ...', traceOffset: '0')
#2 C:\\wamp64\\www\\maasin_live_act\\vendor\\laravel\\framework\\src\\Illuminate\\Foundation\\Bootstrap\\HandleExceptions.php(255): Illuminate\\Foundation\\Bootstrap\\HandleExceptions->handleShutdown()
#3 C:\\wamp64\\www\\maasin_live_act\\vendor\\laravel\\framework\\src\\Illuminate\\Foundation\\Bootstrap\\HandleExceptions.php(0): Illuminate\\Foundation\\Bootstrap\\HandleExceptions->{closure:C:\\wamp64\\www\\maasin_live_act\\vendor\\laravel\\framework\\src\\Illuminate\\Foundation\\Bootstrap\\HandleExceptions.php:254-256}()
#4 {main}
"} 
[2025-10-04 14:15:38] local.ERROR: Cannot redeclare class App\MySession (previously declared in C:\wamp64\www\maasin_live_act\app\MySession.php:8) {"exception":"[object] (Symfony\\Component\\ErrorHandler\\Error\\FatalError(code: 0): Cannot redeclare class App\\MySession (previously declared in C:\\wamp64\\www\\maasin_live_act\\app\\MySession.php:8) at C:\\wamp64\\www\\maasin_live_act\\app\\Models\\MySession.php:8)
[stacktrace]
#0 C:\\wamp64\\www\\maasin_live_act\\vendor\\laravel\\framework\\src\\Illuminate\\Foundation\\Bootstrap\\HandleExceptions.php(244): Symfony\\Component\\ErrorHandler\\Error\\FatalError->__construct(message: ''Cannot redecla...', code: '0', error: '['type' => 64, ...', traceOffset: '0', traceArgs: '???', trace: '???')
#1 C:\\wamp64\\www\\maasin_live_act\\vendor\\laravel\\framework\\src\\Illuminate\\Foundation\\Bootstrap\\HandleExceptions.php(231): Illuminate\\Foundation\\Bootstrap\\HandleExceptions->fatalErrorFromPhpError(error: '['type' => 64, ...', traceOffset: '0')
#2 C:\\wamp64\\www\\maasin_live_act\\vendor\\laravel\\framework\\src\\Illuminate\\Foundation\\Bootstrap\\HandleExceptions.php(255): Illuminate\\Foundation\\Bootstrap\\HandleExceptions->handleShutdown()
#3 C:\\wamp64\\www\\maasin_live_act\\vendor\\laravel\\framework\\src\\Illuminate\\Foundation\\Bootstrap\\HandleExceptions.php(0): Illuminate\\Foundation\\Bootstrap\\HandleExceptions->{closure:C:\\wamp64\\www\\maasin_live_act\\vendor\\laravel\\framework\\src\\Illuminate\\Foundation\\Bootstrap\\HandleExceptions.php:254-256}()
#4 {main}
"} 
[2025-10-04 14:16:38] local.ERROR: Cannot redeclare class App\MySession (previously declared in C:\wamp64\www\maasin_live_act\app\MySession.php:8) {"exception":"[object] (Symfony\\Component\\ErrorHandler\\Error\\FatalError(code: 0): Cannot redeclare class App\\MySession (previously declared in C:\\wamp64\\www\\maasin_live_act\\app\\MySession.php:8) at C:\\wamp64\\www\\maasin_live_act\\app\\Models\\MySession.php:8)
[stacktrace]
#0 C:\\wamp64\\www\\maasin_live_act\\vendor\\laravel\\framework\\src\\Illuminate\\Foundation\\Bootstrap\\HandleExceptions.php(244): Symfony\\Component\\ErrorHandler\\Error\\FatalError->__construct(message: ''Cannot redecla...', code: '0', error: '['type' => 64, ...', traceOffset: '0', traceArgs: '???', trace: '???')
#1 C:\\wamp64\\www\\maasin_live_act\\vendor\\laravel\\framework\\src\\Illuminate\\Foundation\\Bootstrap\\HandleExceptions.php(231): Illuminate\\Foundation\\Bootstrap\\HandleExceptions->fatalErrorFromPhpError(error: '['type' => 64, ...', traceOffset: '0')
#2 C:\\wamp64\\www\\maasin_live_act\\vendor\\laravel\\framework\\src\\Illuminate\\Foundation\\Bootstrap\\HandleExceptions.php(255): Illuminate\\Foundation\\Bootstrap\\HandleExceptions->handleShutdown()
#3 C:\\wamp64\\www\\maasin_live_act\\vendor\\laravel\\framework\\src\\Illuminate\\Foundation\\Bootstrap\\HandleExceptions.php(0): Illuminate\\Foundation\\Bootstrap\\HandleExceptions->{closure:C:\\wamp64\\www\\maasin_live_act\\vendor\\laravel\\framework\\src\\Illuminate\\Foundation\\Bootstrap\\HandleExceptions.php:254-256}()
#4 {main}
"} 
[2025-10-04 14:17:38] local.ERROR: Cannot redeclare class App\MySession (previously declared in C:\wamp64\www\maasin_live_act\app\MySession.php:8) {"exception":"[object] (Symfony\\Component\\ErrorHandler\\Error\\FatalError(code: 0): Cannot redeclare class App\\MySession (previously declared in C:\\wamp64\\www\\maasin_live_act\\app\\MySession.php:8) at C:\\wamp64\\www\\maasin_live_act\\app\\Models\\MySession.php:8)
[stacktrace]
#0 C:\\wamp64\\www\\maasin_live_act\\vendor\\laravel\\framework\\src\\Illuminate\\Foundation\\Bootstrap\\HandleExceptions.php(244): Symfony\\Component\\ErrorHandler\\Error\\FatalError->__construct(message: ''Cannot redecla...', code: '0', error: '['type' => 64, ...', traceOffset: '0', traceArgs: '???', trace: '???')
#1 C:\\wamp64\\www\\maasin_live_act\\vendor\\laravel\\framework\\src\\Illuminate\\Foundation\\Bootstrap\\HandleExceptions.php(231): Illuminate\\Foundation\\Bootstrap\\HandleExceptions->fatalErrorFromPhpError(error: '['type' => 64, ...', traceOffset: '0')
#2 C:\\wamp64\\www\\maasin_live_act\\vendor\\laravel\\framework\\src\\Illuminate\\Foundation\\Bootstrap\\HandleExceptions.php(255): Illuminate\\Foundation\\Bootstrap\\HandleExceptions->handleShutdown()
#3 C:\\wamp64\\www\\maasin_live_act\\vendor\\laravel\\framework\\src\\Illuminate\\Foundation\\Bootstrap\\HandleExceptions.php(0): Illuminate\\Foundation\\Bootstrap\\HandleExceptions->{closure:C:\\wamp64\\www\\maasin_live_act\\vendor\\laravel\\framework\\src\\Illuminate\\Foundation\\Bootstrap\\HandleExceptions.php:254-256}()
#4 {main}
"} 
[2025-10-04 14:18:38] local.ERROR: Cannot redeclare class App\MySession (previously declared in C:\wamp64\www\maasin_live_act\app\MySession.php:8) {"exception":"[object] (Symfony\\Component\\ErrorHandler\\Error\\FatalError(code: 0): Cannot redeclare class App\\MySession (previously declared in C:\\wamp64\\www\\maasin_live_act\\app\\MySession.php:8) at C:\\wamp64\\www\\maasin_live_act\\app\\Models\\MySession.php:8)
[stacktrace]
#0 C:\\wamp64\\www\\maasin_live_act\\vendor\\laravel\\framework\\src\\Illuminate\\Foundation\\Bootstrap\\HandleExceptions.php(244): Symfony\\Component\\ErrorHandler\\Error\\FatalError->__construct(message: ''Cannot redecla...', code: '0', error: '['type' => 64, ...', traceOffset: '0', traceArgs: '???', trace: '???')
#1 C:\\wamp64\\www\\maasin_live_act\\vendor\\laravel\\framework\\src\\Illuminate\\Foundation\\Bootstrap\\HandleExceptions.php(231): Illuminate\\Foundation\\Bootstrap\\HandleExceptions->fatalErrorFromPhpError(error: '['type' => 64, ...', traceOffset: '0')
#2 C:\\wamp64\\www\\maasin_live_act\\vendor\\laravel\\framework\\src\\Illuminate\\Foundation\\Bootstrap\\HandleExceptions.php(255): Illuminate\\Foundation\\Bootstrap\\HandleExceptions->handleShutdown()
#3 C:\\wamp64\\www\\maasin_live_act\\vendor\\laravel\\framework\\src\\Illuminate\\Foundation\\Bootstrap\\HandleExceptions.php(0): Illuminate\\Foundation\\Bootstrap\\HandleExceptions->{closure:C:\\wamp64\\www\\maasin_live_act\\vendor\\laravel\\framework\\src\\Illuminate\\Foundation\\Bootstrap\\HandleExceptions.php:254-256}()
#4 {main}
"} 
[2025-10-04 14:19:38] local.ERROR: Cannot redeclare class App\MySession (previously declared in C:\wamp64\www\maasin_live_act\app\MySession.php:8) {"exception":"[object] (Symfony\\Component\\ErrorHandler\\Error\\FatalError(code: 0): Cannot redeclare class App\\MySession (previously declared in C:\\wamp64\\www\\maasin_live_act\\app\\MySession.php:8) at C:\\wamp64\\www\\maasin_live_act\\app\\Models\\MySession.php:8)
[stacktrace]
#0 C:\\wamp64\\www\\maasin_live_act\\vendor\\laravel\\framework\\src\\Illuminate\\Foundation\\Bootstrap\\HandleExceptions.php(244): Symfony\\Component\\ErrorHandler\\Error\\FatalError->__construct(message: ''Cannot redecla...', code: '0', error: '['type' => 64, ...', traceOffset: '0', traceArgs: '???', trace: '???')
#1 C:\\wamp64\\www\\maasin_live_act\\vendor\\laravel\\framework\\src\\Illuminate\\Foundation\\Bootstrap\\HandleExceptions.php(231): Illuminate\\Foundation\\Bootstrap\\HandleExceptions->fatalErrorFromPhpError(error: '['type' => 64, ...', traceOffset: '0')
#2 C:\\wamp64\\www\\maasin_live_act\\vendor\\laravel\\framework\\src\\Illuminate\\Foundation\\Bootstrap\\HandleExceptions.php(255): Illuminate\\Foundation\\Bootstrap\\HandleExceptions->handleShutdown()
#3 C:\\wamp64\\www\\maasin_live_act\\vendor\\laravel\\framework\\src\\Illuminate\\Foundation\\Bootstrap\\HandleExceptions.php(0): Illuminate\\Foundation\\Bootstrap\\HandleExceptions->{closure:C:\\wamp64\\www\\maasin_live_act\\vendor\\laravel\\framework\\src\\Illuminate\\Foundation\\Bootstrap\\HandleExceptions.php:254-256}()
#4 {main}
"} 
[2025-10-04 14:20:38] local.ERROR: Cannot redeclare class App\MySession (previously declared in C:\wamp64\www\maasin_live_act\app\MySession.php:8) {"exception":"[object] (Symfony\\Component\\ErrorHandler\\Error\\FatalError(code: 0): Cannot redeclare class App\\MySession (previously declared in C:\\wamp64\\www\\maasin_live_act\\app\\MySession.php:8) at C:\\wamp64\\www\\maasin_live_act\\app\\Models\\MySession.php:8)
[stacktrace]
#0 C:\\wamp64\\www\\maasin_live_act\\vendor\\laravel\\framework\\src\\Illuminate\\Foundation\\Bootstrap\\HandleExceptions.php(244): Symfony\\Component\\ErrorHandler\\Error\\FatalError->__construct(message: ''Cannot redecla...', code: '0', error: '['type' => 64, ...', traceOffset: '0', traceArgs: '???', trace: '???')
#1 C:\\wamp64\\www\\maasin_live_act\\vendor\\laravel\\framework\\src\\Illuminate\\Foundation\\Bootstrap\\HandleExceptions.php(231): Illuminate\\Foundation\\Bootstrap\\HandleExceptions->fatalErrorFromPhpError(error: '['type' => 64, ...', traceOffset: '0')
#2 C:\\wamp64\\www\\maasin_live_act\\vendor\\laravel\\framework\\src\\Illuminate\\Foundation\\Bootstrap\\HandleExceptions.php(255): Illuminate\\Foundation\\Bootstrap\\HandleExceptions->handleShutdown()
#3 C:\\wamp64\\www\\maasin_live_act\\vendor\\laravel\\framework\\src\\Illuminate\\Foundation\\Bootstrap\\HandleExceptions.php(0): Illuminate\\Foundation\\Bootstrap\\HandleExceptions->{closure:C:\\wamp64\\www\\maasin_live_act\\vendor\\laravel\\framework\\src\\Illuminate\\Foundation\\Bootstrap\\HandleExceptions.php:254-256}()
#4 {main}
"} 
[2025-10-04 14:21:38] local.ERROR: Cannot redeclare class App\MySession (previously declared in C:\wamp64\www\maasin_live_act\app\MySession.php:8) {"exception":"[object] (Symfony\\Component\\ErrorHandler\\Error\\FatalError(code: 0): Cannot redeclare class App\\MySession (previously declared in C:\\wamp64\\www\\maasin_live_act\\app\\MySession.php:8) at C:\\wamp64\\www\\maasin_live_act\\app\\Models\\MySession.php:8)
[stacktrace]
#0 C:\\wamp64\\www\\maasin_live_act\\vendor\\laravel\\framework\\src\\Illuminate\\Foundation\\Bootstrap\\HandleExceptions.php(244): Symfony\\Component\\ErrorHandler\\Error\\FatalError->__construct(message: ''Cannot redecla...', code: '0', error: '['type' => 64, ...', traceOffset: '0', traceArgs: '???', trace: '???')
#1 C:\\wamp64\\www\\maasin_live_act\\vendor\\laravel\\framework\\src\\Illuminate\\Foundation\\Bootstrap\\HandleExceptions.php(231): Illuminate\\Foundation\\Bootstrap\\HandleExceptions->fatalErrorFromPhpError(error: '['type' => 64, ...', traceOffset: '0')
#2 C:\\wamp64\\www\\maasin_live_act\\vendor\\laravel\\framework\\src\\Illuminate\\Foundation\\Bootstrap\\HandleExceptions.php(255): Illuminate\\Foundation\\Bootstrap\\HandleExceptions->handleShutdown()
#3 C:\\wamp64\\www\\maasin_live_act\\vendor\\laravel\\framework\\src\\Illuminate\\Foundation\\Bootstrap\\HandleExceptions.php(0): Illuminate\\Foundation\\Bootstrap\\HandleExceptions->{closure:C:\\wamp64\\www\\maasin_live_act\\vendor\\laravel\\framework\\src\\Illuminate\\Foundation\\Bootstrap\\HandleExceptions.php:254-256}()
#4 {main}
"} 
[2025-10-04 14:22:38] local.ERROR: Cannot redeclare class App\MySession (previously declared in C:\wamp64\www\maasin_live_act\app\MySession.php:8) {"exception":"[object] (Symfony\\Component\\ErrorHandler\\Error\\FatalError(code: 0): Cannot redeclare class App\\MySession (previously declared in C:\\wamp64\\www\\maasin_live_act\\app\\MySession.php:8) at C:\\wamp64\\www\\maasin_live_act\\app\\Models\\MySession.php:8)
[stacktrace]
#0 C:\\wamp64\\www\\maasin_live_act\\vendor\\laravel\\framework\\src\\Illuminate\\Foundation\\Bootstrap\\HandleExceptions.php(244): Symfony\\Component\\ErrorHandler\\Error\\FatalError->__construct(message: ''Cannot redecla...', code: '0', error: '['type' => 64, ...', traceOffset: '0', traceArgs: '???', trace: '???')
#1 C:\\wamp64\\www\\maasin_live_act\\vendor\\laravel\\framework\\src\\Illuminate\\Foundation\\Bootstrap\\HandleExceptions.php(231): Illuminate\\Foundation\\Bootstrap\\HandleExceptions->fatalErrorFromPhpError(error: '['type' => 64, ...', traceOffset: '0')
#2 C:\\wamp64\\www\\maasin_live_act\\vendor\\laravel\\framework\\src\\Illuminate\\Foundation\\Bootstrap\\HandleExceptions.php(255): Illuminate\\Foundation\\Bootstrap\\HandleExceptions->handleShutdown()
#3 C:\\wamp64\\www\\maasin_live_act\\vendor\\laravel\\framework\\src\\Illuminate\\Foundation\\Bootstrap\\HandleExceptions.php(0): Illuminate\\Foundation\\Bootstrap\\HandleExceptions->{closure:C:\\wamp64\\www\\maasin_live_act\\vendor\\laravel\\framework\\src\\Illuminate\\Foundation\\Bootstrap\\HandleExceptions.php:254-256}()
#4 {main}
"} 
[2025-10-04 14:23:38] local.ERROR: Cannot redeclare class App\MySession (previously declared in C:\wamp64\www\maasin_live_act\app\MySession.php:8) {"exception":"[object] (Symfony\\Component\\ErrorHandler\\Error\\FatalError(code: 0): Cannot redeclare class App\\MySession (previously declared in C:\\wamp64\\www\\maasin_live_act\\app\\MySession.php:8) at C:\\wamp64\\www\\maasin_live_act\\app\\Models\\MySession.php:8)
[stacktrace]
#0 C:\\wamp64\\www\\maasin_live_act\\vendor\\laravel\\framework\\src\\Illuminate\\Foundation\\Bootstrap\\HandleExceptions.php(244): Symfony\\Component\\ErrorHandler\\Error\\FatalError->__construct(message: ''Cannot redecla...', code: '0', error: '['type' => 64, ...', traceOffset: '0', traceArgs: '???', trace: '???')
#1 C:\\wamp64\\www\\maasin_live_act\\vendor\\laravel\\framework\\src\\Illuminate\\Foundation\\Bootstrap\\HandleExceptions.php(231): Illuminate\\Foundation\\Bootstrap\\HandleExceptions->fatalErrorFromPhpError(error: '['type' => 64, ...', traceOffset: '0')
#2 C:\\wamp64\\www\\maasin_live_act\\vendor\\laravel\\framework\\src\\Illuminate\\Foundation\\Bootstrap\\HandleExceptions.php(255): Illuminate\\Foundation\\Bootstrap\\HandleExceptions->handleShutdown()
#3 C:\\wamp64\\www\\maasin_live_act\\vendor\\laravel\\framework\\src\\Illuminate\\Foundation\\Bootstrap\\HandleExceptions.php(0): Illuminate\\Foundation\\Bootstrap\\HandleExceptions->{closure:C:\\wamp64\\www\\maasin_live_act\\vendor\\laravel\\framework\\src\\Illuminate\\Foundation\\Bootstrap\\HandleExceptions.php:254-256}()
#4 {main}
"} 
[2025-10-04 14:24:38] local.ERROR: Cannot redeclare class App\MySession (previously declared in C:\wamp64\www\maasin_live_act\app\MySession.php:8) {"exception":"[object] (Symfony\\Component\\ErrorHandler\\Error\\FatalError(code: 0): Cannot redeclare class App\\MySession (previously declared in C:\\wamp64\\www\\maasin_live_act\\app\\MySession.php:8) at C:\\wamp64\\www\\maasin_live_act\\app\\Models\\MySession.php:8)
[stacktrace]
#0 C:\\wamp64\\www\\maasin_live_act\\vendor\\laravel\\framework\\src\\Illuminate\\Foundation\\Bootstrap\\HandleExceptions.php(244): Symfony\\Component\\ErrorHandler\\Error\\FatalError->__construct(message: ''Cannot redecla...', code: '0', error: '['type' => 64, ...', traceOffset: '0', traceArgs: '???', trace: '???')
#1 C:\\wamp64\\www\\maasin_live_act\\vendor\\laravel\\framework\\src\\Illuminate\\Foundation\\Bootstrap\\HandleExceptions.php(231): Illuminate\\Foundation\\Bootstrap\\HandleExceptions->fatalErrorFromPhpError(error: '['type' => 64, ...', traceOffset: '0')
#2 C:\\wamp64\\www\\maasin_live_act\\vendor\\laravel\\framework\\src\\Illuminate\\Foundation\\Bootstrap\\HandleExceptions.php(255): Illuminate\\Foundation\\Bootstrap\\HandleExceptions->handleShutdown()
#3 C:\\wamp64\\www\\maasin_live_act\\vendor\\laravel\\framework\\src\\Illuminate\\Foundation\\Bootstrap\\HandleExceptions.php(0): Illuminate\\Foundation\\Bootstrap\\HandleExceptions->{closure:C:\\wamp64\\www\\maasin_live_act\\vendor\\laravel\\framework\\src\\Illuminate\\Foundation\\Bootstrap\\HandleExceptions.php:254-256}()
#4 {main}
"} 
[2025-10-04 14:25:38] local.ERROR: Cannot redeclare class App\MySession (previously declared in C:\wamp64\www\maasin_live_act\app\MySession.php:8) {"exception":"[object] (Symfony\\Component\\ErrorHandler\\Error\\FatalError(code: 0): Cannot redeclare class App\\MySession (previously declared in C:\\wamp64\\www\\maasin_live_act\\app\\MySession.php:8) at C:\\wamp64\\www\\maasin_live_act\\app\\Models\\MySession.php:8)
[stacktrace]
#0 C:\\wamp64\\www\\maasin_live_act\\vendor\\laravel\\framework\\src\\Illuminate\\Foundation\\Bootstrap\\HandleExceptions.php(244): Symfony\\Component\\ErrorHandler\\Error\\FatalError->__construct(message: ''Cannot redecla...', code: '0', error: '['type' => 64, ...', traceOffset: '0', traceArgs: '???', trace: '???')
#1 C:\\wamp64\\www\\maasin_live_act\\vendor\\laravel\\framework\\src\\Illuminate\\Foundation\\Bootstrap\\HandleExceptions.php(231): Illuminate\\Foundation\\Bootstrap\\HandleExceptions->fatalErrorFromPhpError(error: '['type' => 64, ...', traceOffset: '0')
#2 C:\\wamp64\\www\\maasin_live_act\\vendor\\laravel\\framework\\src\\Illuminate\\Foundation\\Bootstrap\\HandleExceptions.php(255): Illuminate\\Foundation\\Bootstrap\\HandleExceptions->handleShutdown()
#3 C:\\wamp64\\www\\maasin_live_act\\vendor\\laravel\\framework\\src\\Illuminate\\Foundation\\Bootstrap\\HandleExceptions.php(0): Illuminate\\Foundation\\Bootstrap\\HandleExceptions->{closure:C:\\wamp64\\www\\maasin_live_act\\vendor\\laravel\\framework\\src\\Illuminate\\Foundation\\Bootstrap\\HandleExceptions.php:254-256}()
#4 {main}
"} 
[2025-10-04 14:26:38] local.ERROR: Cannot redeclare class App\MySession (previously declared in C:\wamp64\www\maasin_live_act\app\MySession.php:8) {"exception":"[object] (Symfony\\Component\\ErrorHandler\\Error\\FatalError(code: 0): Cannot redeclare class App\\MySession (previously declared in C:\\wamp64\\www\\maasin_live_act\\app\\MySession.php:8) at C:\\wamp64\\www\\maasin_live_act\\app\\Models\\MySession.php:8)
[stacktrace]
#0 C:\\wamp64\\www\\maasin_live_act\\vendor\\laravel\\framework\\src\\Illuminate\\Foundation\\Bootstrap\\HandleExceptions.php(244): Symfony\\Component\\ErrorHandler\\Error\\FatalError->__construct(message: ''Cannot redecla...', code: '0', error: '['type' => 64, ...', traceOffset: '0', traceArgs: '???', trace: '???')
#1 C:\\wamp64\\www\\maasin_live_act\\vendor\\laravel\\framework\\src\\Illuminate\\Foundation\\Bootstrap\\HandleExceptions.php(231): Illuminate\\Foundation\\Bootstrap\\HandleExceptions->fatalErrorFromPhpError(error: '['type' => 64, ...', traceOffset: '0')
#2 C:\\wamp64\\www\\maasin_live_act\\vendor\\laravel\\framework\\src\\Illuminate\\Foundation\\Bootstrap\\HandleExceptions.php(255): Illuminate\\Foundation\\Bootstrap\\HandleExceptions->handleShutdown()
#3 C:\\wamp64\\www\\maasin_live_act\\vendor\\laravel\\framework\\src\\Illuminate\\Foundation\\Bootstrap\\HandleExceptions.php(0): Illuminate\\Foundation\\Bootstrap\\HandleExceptions->{closure:C:\\wamp64\\www\\maasin_live_act\\vendor\\laravel\\framework\\src\\Illuminate\\Foundation\\Bootstrap\\HandleExceptions.php:254-256}()
#4 {main}
"} 
[2025-10-04 14:27:38] local.ERROR: Cannot redeclare class App\MySession (previously declared in C:\wamp64\www\maasin_live_act\app\MySession.php:8) {"exception":"[object] (Symfony\\Component\\ErrorHandler\\Error\\FatalError(code: 0): Cannot redeclare class App\\MySession (previously declared in C:\\wamp64\\www\\maasin_live_act\\app\\MySession.php:8) at C:\\wamp64\\www\\maasin_live_act\\app\\Models\\MySession.php:8)
[stacktrace]
#0 C:\\wamp64\\www\\maasin_live_act\\vendor\\laravel\\framework\\src\\Illuminate\\Foundation\\Bootstrap\\HandleExceptions.php(244): Symfony\\Component\\ErrorHandler\\Error\\FatalError->__construct(message: ''Cannot redecla...', code: '0', error: '['type' => 64, ...', traceOffset: '0', traceArgs: '???', trace: '???')
#1 C:\\wamp64\\www\\maasin_live_act\\vendor\\laravel\\framework\\src\\Illuminate\\Foundation\\Bootstrap\\HandleExceptions.php(231): Illuminate\\Foundation\\Bootstrap\\HandleExceptions->fatalErrorFromPhpError(error: '['type' => 64, ...', traceOffset: '0')
#2 C:\\wamp64\\www\\maasin_live_act\\vendor\\laravel\\framework\\src\\Illuminate\\Foundation\\Bootstrap\\HandleExceptions.php(255): Illuminate\\Foundation\\Bootstrap\\HandleExceptions->handleShutdown()
#3 C:\\wamp64\\www\\maasin_live_act\\vendor\\laravel\\framework\\src\\Illuminate\\Foundation\\Bootstrap\\HandleExceptions.php(0): Illuminate\\Foundation\\Bootstrap\\HandleExceptions->{closure:C:\\wamp64\\www\\maasin_live_act\\vendor\\laravel\\framework\\src\\Illuminate\\Foundation\\Bootstrap\\HandleExceptions.php:254-256}()
#4 {main}
"} 
[2025-10-04 14:28:38] local.ERROR: Cannot redeclare class App\MySession (previously declared in C:\wamp64\www\maasin_live_act\app\MySession.php:8) {"exception":"[object] (Symfony\\Component\\ErrorHandler\\Error\\FatalError(code: 0): Cannot redeclare class App\\MySession (previously declared in C:\\wamp64\\www\\maasin_live_act\\app\\MySession.php:8) at C:\\wamp64\\www\\maasin_live_act\\app\\Models\\MySession.php:8)
[stacktrace]
#0 C:\\wamp64\\www\\maasin_live_act\\vendor\\laravel\\framework\\src\\Illuminate\\Foundation\\Bootstrap\\HandleExceptions.php(244): Symfony\\Component\\ErrorHandler\\Error\\FatalError->__construct(message: ''Cannot redecla...', code: '0', error: '['type' => 64, ...', traceOffset: '0', traceArgs: '???', trace: '???')
#1 C:\\wamp64\\www\\maasin_live_act\\vendor\\laravel\\framework\\src\\Illuminate\\Foundation\\Bootstrap\\HandleExceptions.php(231): Illuminate\\Foundation\\Bootstrap\\HandleExceptions->fatalErrorFromPhpError(error: '['type' => 64, ...', traceOffset: '0')
#2 C:\\wamp64\\www\\maasin_live_act\\vendor\\laravel\\framework\\src\\Illuminate\\Foundation\\Bootstrap\\HandleExceptions.php(255): Illuminate\\Foundation\\Bootstrap\\HandleExceptions->handleShutdown()
#3 C:\\wamp64\\www\\maasin_live_act\\vendor\\laravel\\framework\\src\\Illuminate\\Foundation\\Bootstrap\\HandleExceptions.php(0): Illuminate\\Foundation\\Bootstrap\\HandleExceptions->{closure:C:\\wamp64\\www\\maasin_live_act\\vendor\\laravel\\framework\\src\\Illuminate\\Foundation\\Bootstrap\\HandleExceptions.php:254-256}()
#4 {main}
"} 
[2025-10-04 14:29:38] local.ERROR: Cannot redeclare class App\MySession (previously declared in C:\wamp64\www\maasin_live_act\app\MySession.php:8) {"exception":"[object] (Symfony\\Component\\ErrorHandler\\Error\\FatalError(code: 0): Cannot redeclare class App\\MySession (previously declared in C:\\wamp64\\www\\maasin_live_act\\app\\MySession.php:8) at C:\\wamp64\\www\\maasin_live_act\\app\\Models\\MySession.php:8)
[stacktrace]
#0 C:\\wamp64\\www\\maasin_live_act\\vendor\\laravel\\framework\\src\\Illuminate\\Foundation\\Bootstrap\\HandleExceptions.php(244): Symfony\\Component\\ErrorHandler\\Error\\FatalError->__construct(message: ''Cannot redecla...', code: '0', error: '['type' => 64, ...', traceOffset: '0', traceArgs: '???', trace: '???')
#1 C:\\wamp64\\www\\maasin_live_act\\vendor\\laravel\\framework\\src\\Illuminate\\Foundation\\Bootstrap\\HandleExceptions.php(231): Illuminate\\Foundation\\Bootstrap\\HandleExceptions->fatalErrorFromPhpError(error: '['type' => 64, ...', traceOffset: '0')
#2 C:\\wamp64\\www\\maasin_live_act\\vendor\\laravel\\framework\\src\\Illuminate\\Foundation\\Bootstrap\\HandleExceptions.php(255): Illuminate\\Foundation\\Bootstrap\\HandleExceptions->handleShutdown()
#3 C:\\wamp64\\www\\maasin_live_act\\vendor\\laravel\\framework\\src\\Illuminate\\Foundation\\Bootstrap\\HandleExceptions.php(0): Illuminate\\Foundation\\Bootstrap\\HandleExceptions->{closure:C:\\wamp64\\www\\maasin_live_act\\vendor\\laravel\\framework\\src\\Illuminate\\Foundation\\Bootstrap\\HandleExceptions.php:254-256}()
#4 {main}
"} 
[2025-10-04 14:30:38] local.ERROR: Cannot redeclare class App\MySession (previously declared in C:\wamp64\www\maasin_live_act\app\MySession.php:8) {"exception":"[object] (Symfony\\Component\\ErrorHandler\\Error\\FatalError(code: 0): Cannot redeclare class App\\MySession (previously declared in C:\\wamp64\\www\\maasin_live_act\\app\\MySession.php:8) at C:\\wamp64\\www\\maasin_live_act\\app\\Models\\MySession.php:8)
[stacktrace]
#0 C:\\wamp64\\www\\maasin_live_act\\vendor\\laravel\\framework\\src\\Illuminate\\Foundation\\Bootstrap\\HandleExceptions.php(244): Symfony\\Component\\ErrorHandler\\Error\\FatalError->__construct(message: ''Cannot redecla...', code: '0', error: '['type' => 64, ...', traceOffset: '0', traceArgs: '???', trace: '???')
#1 C:\\wamp64\\www\\maasin_live_act\\vendor\\laravel\\framework\\src\\Illuminate\\Foundation\\Bootstrap\\HandleExceptions.php(231): Illuminate\\Foundation\\Bootstrap\\HandleExceptions->fatalErrorFromPhpError(error: '['type' => 64, ...', traceOffset: '0')
#2 C:\\wamp64\\www\\maasin_live_act\\vendor\\laravel\\framework\\src\\Illuminate\\Foundation\\Bootstrap\\HandleExceptions.php(255): Illuminate\\Foundation\\Bootstrap\\HandleExceptions->handleShutdown()
#3 C:\\wamp64\\www\\maasin_live_act\\vendor\\laravel\\framework\\src\\Illuminate\\Foundation\\Bootstrap\\HandleExceptions.php(0): Illuminate\\Foundation\\Bootstrap\\HandleExceptions->{closure:C:\\wamp64\\www\\maasin_live_act\\vendor\\laravel\\framework\\src\\Illuminate\\Foundation\\Bootstrap\\HandleExceptions.php:254-256}()
#4 {main}
"} 
[2025-10-04 14:31:38] local.ERROR: Cannot redeclare class App\MySession (previously declared in C:\wamp64\www\maasin_live_act\app\MySession.php:8) {"exception":"[object] (Symfony\\Component\\ErrorHandler\\Error\\FatalError(code: 0): Cannot redeclare class App\\MySession (previously declared in C:\\wamp64\\www\\maasin_live_act\\app\\MySession.php:8) at C:\\wamp64\\www\\maasin_live_act\\app\\Models\\MySession.php:8)
[stacktrace]
#0 C:\\wamp64\\www\\maasin_live_act\\vendor\\laravel\\framework\\src\\Illuminate\\Foundation\\Bootstrap\\HandleExceptions.php(244): Symfony\\Component\\ErrorHandler\\Error\\FatalError->__construct(message: ''Cannot redecla...', code: '0', error: '['type' => 64, ...', traceOffset: '0', traceArgs: '???', trace: '???')
#1 C:\\wamp64\\www\\maasin_live_act\\vendor\\laravel\\framework\\src\\Illuminate\\Foundation\\Bootstrap\\HandleExceptions.php(231): Illuminate\\Foundation\\Bootstrap\\HandleExceptions->fatalErrorFromPhpError(error: '['type' => 64, ...', traceOffset: '0')
#2 C:\\wamp64\\www\\maasin_live_act\\vendor\\laravel\\framework\\src\\Illuminate\\Foundation\\Bootstrap\\HandleExceptions.php(255): Illuminate\\Foundation\\Bootstrap\\HandleExceptions->handleShutdown()
#3 C:\\wamp64\\www\\maasin_live_act\\vendor\\laravel\\framework\\src\\Illuminate\\Foundation\\Bootstrap\\HandleExceptions.php(0): Illuminate\\Foundation\\Bootstrap\\HandleExceptions->{closure:C:\\wamp64\\www\\maasin_live_act\\vendor\\laravel\\framework\\src\\Illuminate\\Foundation\\Bootstrap\\HandleExceptions.php:254-256}()
#4 {main}
"} 
[2025-10-04 14:32:38] local.ERROR: Cannot redeclare class App\MySession (previously declared in C:\wamp64\www\maasin_live_act\app\MySession.php:8) {"exception":"[object] (Symfony\\Component\\ErrorHandler\\Error\\FatalError(code: 0): Cannot redeclare class App\\MySession (previously declared in C:\\wamp64\\www\\maasin_live_act\\app\\MySession.php:8) at C:\\wamp64\\www\\maasin_live_act\\app\\Models\\MySession.php:8)
[stacktrace]
#0 C:\\wamp64\\www\\maasin_live_act\\vendor\\laravel\\framework\\src\\Illuminate\\Foundation\\Bootstrap\\HandleExceptions.php(244): Symfony\\Component\\ErrorHandler\\Error\\FatalError->__construct(message: ''Cannot redecla...', code: '0', error: '['type' => 64, ...', traceOffset: '0', traceArgs: '???', trace: '???')
#1 C:\\wamp64\\www\\maasin_live_act\\vendor\\laravel\\framework\\src\\Illuminate\\Foundation\\Bootstrap\\HandleExceptions.php(231): Illuminate\\Foundation\\Bootstrap\\HandleExceptions->fatalErrorFromPhpError(error: '['type' => 64, ...', traceOffset: '0')
#2 C:\\wamp64\\www\\maasin_live_act\\vendor\\laravel\\framework\\src\\Illuminate\\Foundation\\Bootstrap\\HandleExceptions.php(255): Illuminate\\Foundation\\Bootstrap\\HandleExceptions->handleShutdown()
#3 C:\\wamp64\\www\\maasin_live_act\\vendor\\laravel\\framework\\src\\Illuminate\\Foundation\\Bootstrap\\HandleExceptions.php(0): Illuminate\\Foundation\\Bootstrap\\HandleExceptions->{closure:C:\\wamp64\\www\\maasin_live_act\\vendor\\laravel\\framework\\src\\Illuminate\\Foundation\\Bootstrap\\HandleExceptions.php:254-256}()
#4 {main}
"} 
[2025-10-04 14:33:38] local.ERROR: Cannot redeclare class App\MySession (previously declared in C:\wamp64\www\maasin_live_act\app\MySession.php:8) {"exception":"[object] (Symfony\\Component\\ErrorHandler\\Error\\FatalError(code: 0): Cannot redeclare class App\\MySession (previously declared in C:\\wamp64\\www\\maasin_live_act\\app\\MySession.php:8) at C:\\wamp64\\www\\maasin_live_act\\app\\Models\\MySession.php:8)
[stacktrace]
#0 C:\\wamp64\\www\\maasin_live_act\\vendor\\laravel\\framework\\src\\Illuminate\\Foundation\\Bootstrap\\HandleExceptions.php(244): Symfony\\Component\\ErrorHandler\\Error\\FatalError->__construct(message: ''Cannot redecla...', code: '0', error: '['type' => 64, ...', traceOffset: '0', traceArgs: '???', trace: '???')
#1 C:\\wamp64\\www\\maasin_live_act\\vendor\\laravel\\framework\\src\\Illuminate\\Foundation\\Bootstrap\\HandleExceptions.php(231): Illuminate\\Foundation\\Bootstrap\\HandleExceptions->fatalErrorFromPhpError(error: '['type' => 64, ...', traceOffset: '0')
#2 C:\\wamp64\\www\\maasin_live_act\\vendor\\laravel\\framework\\src\\Illuminate\\Foundation\\Bootstrap\\HandleExceptions.php(255): Illuminate\\Foundation\\Bootstrap\\HandleExceptions->handleShutdown()
#3 C:\\wamp64\\www\\maasin_live_act\\vendor\\laravel\\framework\\src\\Illuminate\\Foundation\\Bootstrap\\HandleExceptions.php(0): Illuminate\\Foundation\\Bootstrap\\HandleExceptions->{closure:C:\\wamp64\\www\\maasin_live_act\\vendor\\laravel\\framework\\src\\Illuminate\\Foundation\\Bootstrap\\HandleExceptions.php:254-256}()
#4 {main}
"} 
[2025-10-04 14:34:38] local.ERROR: Cannot redeclare class App\MySession (previously declared in C:\wamp64\www\maasin_live_act\app\MySession.php:8) {"exception":"[object] (Symfony\\Component\\ErrorHandler\\Error\\FatalError(code: 0): Cannot redeclare class App\\MySession (previously declared in C:\\wamp64\\www\\maasin_live_act\\app\\MySession.php:8) at C:\\wamp64\\www\\maasin_live_act\\app\\Models\\MySession.php:8)
[stacktrace]
#0 C:\\wamp64\\www\\maasin_live_act\\vendor\\laravel\\framework\\src\\Illuminate\\Foundation\\Bootstrap\\HandleExceptions.php(244): Symfony\\Component\\ErrorHandler\\Error\\FatalError->__construct(message: ''Cannot redecla...', code: '0', error: '['type' => 64, ...', traceOffset: '0', traceArgs: '???', trace: '???')
#1 C:\\wamp64\\www\\maasin_live_act\\vendor\\laravel\\framework\\src\\Illuminate\\Foundation\\Bootstrap\\HandleExceptions.php(231): Illuminate\\Foundation\\Bootstrap\\HandleExceptions->fatalErrorFromPhpError(error: '['type' => 64, ...', traceOffset: '0')
#2 C:\\wamp64\\www\\maasin_live_act\\vendor\\laravel\\framework\\src\\Illuminate\\Foundation\\Bootstrap\\HandleExceptions.php(255): Illuminate\\Foundation\\Bootstrap\\HandleExceptions->handleShutdown()
#3 C:\\wamp64\\www\\maasin_live_act\\vendor\\laravel\\framework\\src\\Illuminate\\Foundation\\Bootstrap\\HandleExceptions.php(0): Illuminate\\Foundation\\Bootstrap\\HandleExceptions->{closure:C:\\wamp64\\www\\maasin_live_act\\vendor\\laravel\\framework\\src\\Illuminate\\Foundation\\Bootstrap\\HandleExceptions.php:254-256}()
#4 {main}
"} 
[2025-10-04 14:35:38] local.ERROR: Cannot redeclare class App\MySession (previously declared in C:\wamp64\www\maasin_live_act\app\MySession.php:8) {"exception":"[object] (Symfony\\Component\\ErrorHandler\\Error\\FatalError(code: 0): Cannot redeclare class App\\MySession (previously declared in C:\\wamp64\\www\\maasin_live_act\\app\\MySession.php:8) at C:\\wamp64\\www\\maasin_live_act\\app\\Models\\MySession.php:8)
[stacktrace]
#0 C:\\wamp64\\www\\maasin_live_act\\vendor\\laravel\\framework\\src\\Illuminate\\Foundation\\Bootstrap\\HandleExceptions.php(244): Symfony\\Component\\ErrorHandler\\Error\\FatalError->__construct(message: ''Cannot redecla...', code: '0', error: '['type' => 64, ...', traceOffset: '0', traceArgs: '???', trace: '???')
#1 C:\\wamp64\\www\\maasin_live_act\\vendor\\laravel\\framework\\src\\Illuminate\\Foundation\\Bootstrap\\HandleExceptions.php(231): Illuminate\\Foundation\\Bootstrap\\HandleExceptions->fatalErrorFromPhpError(error: '['type' => 64, ...', traceOffset: '0')
#2 C:\\wamp64\\www\\maasin_live_act\\vendor\\laravel\\framework\\src\\Illuminate\\Foundation\\Bootstrap\\HandleExceptions.php(255): Illuminate\\Foundation\\Bootstrap\\HandleExceptions->handleShutdown()
#3 C:\\wamp64\\www\\maasin_live_act\\vendor\\laravel\\framework\\src\\Illuminate\\Foundation\\Bootstrap\\HandleExceptions.php(0): Illuminate\\Foundation\\Bootstrap\\HandleExceptions->{closure:C:\\wamp64\\www\\maasin_live_act\\vendor\\laravel\\framework\\src\\Illuminate\\Foundation\\Bootstrap\\HandleExceptions.php:254-256}()
#4 {main}
"} 
[2025-10-04 14:36:38] local.ERROR: Cannot redeclare class App\MySession (previously declared in C:\wamp64\www\maasin_live_act\app\MySession.php:8) {"exception":"[object] (Symfony\\Component\\ErrorHandler\\Error\\FatalError(code: 0): Cannot redeclare class App\\MySession (previously declared in C:\\wamp64\\www\\maasin_live_act\\app\\MySession.php:8) at C:\\wamp64\\www\\maasin_live_act\\app\\Models\\MySession.php:8)
[stacktrace]
#0 C:\\wamp64\\www\\maasin_live_act\\vendor\\laravel\\framework\\src\\Illuminate\\Foundation\\Bootstrap\\HandleExceptions.php(244): Symfony\\Component\\ErrorHandler\\Error\\FatalError->__construct(message: ''Cannot redecla...', code: '0', error: '['type' => 64, ...', traceOffset: '0', traceArgs: '???', trace: '???')
#1 C:\\wamp64\\www\\maasin_live_act\\vendor\\laravel\\framework\\src\\Illuminate\\Foundation\\Bootstrap\\HandleExceptions.php(231): Illuminate\\Foundation\\Bootstrap\\HandleExceptions->fatalErrorFromPhpError(error: '['type' => 64, ...', traceOffset: '0')
#2 C:\\wamp64\\www\\maasin_live_act\\vendor\\laravel\\framework\\src\\Illuminate\\Foundation\\Bootstrap\\HandleExceptions.php(255): Illuminate\\Foundation\\Bootstrap\\HandleExceptions->handleShutdown()
#3 C:\\wamp64\\www\\maasin_live_act\\vendor\\laravel\\framework\\src\\Illuminate\\Foundation\\Bootstrap\\HandleExceptions.php(0): Illuminate\\Foundation\\Bootstrap\\HandleExceptions->{closure:C:\\wamp64\\www\\maasin_live_act\\vendor\\laravel\\framework\\src\\Illuminate\\Foundation\\Bootstrap\\HandleExceptions.php:254-256}()
#4 {main}
"} 
[2025-10-04 14:37:38] local.ERROR: Cannot redeclare class App\MySession (previously declared in C:\wamp64\www\maasin_live_act\app\MySession.php:8) {"exception":"[object] (Symfony\\Component\\ErrorHandler\\Error\\FatalError(code: 0): Cannot redeclare class App\\MySession (previously declared in C:\\wamp64\\www\\maasin_live_act\\app\\MySession.php:8) at C:\\wamp64\\www\\maasin_live_act\\app\\Models\\MySession.php:8)
[stacktrace]
#0 C:\\wamp64\\www\\maasin_live_act\\vendor\\laravel\\framework\\src\\Illuminate\\Foundation\\Bootstrap\\HandleExceptions.php(244): Symfony\\Component\\ErrorHandler\\Error\\FatalError->__construct(message: ''Cannot redecla...', code: '0', error: '['type' => 64, ...', traceOffset: '0', traceArgs: '???', trace: '???')
#1 C:\\wamp64\\www\\maasin_live_act\\vendor\\laravel\\framework\\src\\Illuminate\\Foundation\\Bootstrap\\HandleExceptions.php(231): Illuminate\\Foundation\\Bootstrap\\HandleExceptions->fatalErrorFromPhpError(error: '['type' => 64, ...', traceOffset: '0')
#2 C:\\wamp64\\www\\maasin_live_act\\vendor\\laravel\\framework\\src\\Illuminate\\Foundation\\Bootstrap\\HandleExceptions.php(255): Illuminate\\Foundation\\Bootstrap\\HandleExceptions->handleShutdown()
#3 C:\\wamp64\\www\\maasin_live_act\\vendor\\laravel\\framework\\src\\Illuminate\\Foundation\\Bootstrap\\HandleExceptions.php(0): Illuminate\\Foundation\\Bootstrap\\HandleExceptions->{closure:C:\\wamp64\\www\\maasin_live_act\\vendor\\laravel\\framework\\src\\Illuminate\\Foundation\\Bootstrap\\HandleExceptions.php:254-256}()
#4 {main}
"} 
[2025-10-04 14:38:38] local.ERROR: Cannot redeclare class App\MySession (previously declared in C:\wamp64\www\maasin_live_act\app\MySession.php:8) {"exception":"[object] (Symfony\\Component\\ErrorHandler\\Error\\FatalError(code: 0): Cannot redeclare class App\\MySession (previously declared in C:\\wamp64\\www\\maasin_live_act\\app\\MySession.php:8) at C:\\wamp64\\www\\maasin_live_act\\app\\Models\\MySession.php:8)
[stacktrace]
#0 C:\\wamp64\\www\\maasin_live_act\\vendor\\laravel\\framework\\src\\Illuminate\\Foundation\\Bootstrap\\HandleExceptions.php(244): Symfony\\Component\\ErrorHandler\\Error\\FatalError->__construct(message: ''Cannot redecla...', code: '0', error: '['type' => 64, ...', traceOffset: '0', traceArgs: '???', trace: '???')
#1 C:\\wamp64\\www\\maasin_live_act\\vendor\\laravel\\framework\\src\\Illuminate\\Foundation\\Bootstrap\\HandleExceptions.php(231): Illuminate\\Foundation\\Bootstrap\\HandleExceptions->fatalErrorFromPhpError(error: '['type' => 64, ...', traceOffset: '0')
#2 C:\\wamp64\\www\\maasin_live_act\\vendor\\laravel\\framework\\src\\Illuminate\\Foundation\\Bootstrap\\HandleExceptions.php(255): Illuminate\\Foundation\\Bootstrap\\HandleExceptions->handleShutdown()
#3 C:\\wamp64\\www\\maasin_live_act\\vendor\\laravel\\framework\\src\\Illuminate\\Foundation\\Bootstrap\\HandleExceptions.php(0): Illuminate\\Foundation\\Bootstrap\\HandleExceptions->{closure:C:\\wamp64\\www\\maasin_live_act\\vendor\\laravel\\framework\\src\\Illuminate\\Foundation\\Bootstrap\\HandleExceptions.php:254-256}()
#4 {main}
"} 
[2025-10-04 14:39:38] local.ERROR: Cannot redeclare class App\MySession (previously declared in C:\wamp64\www\maasin_live_act\app\MySession.php:8) {"exception":"[object] (Symfony\\Component\\ErrorHandler\\Error\\FatalError(code: 0): Cannot redeclare class App\\MySession (previously declared in C:\\wamp64\\www\\maasin_live_act\\app\\MySession.php:8) at C:\\wamp64\\www\\maasin_live_act\\app\\Models\\MySession.php:8)
[stacktrace]
#0 C:\\wamp64\\www\\maasin_live_act\\vendor\\laravel\\framework\\src\\Illuminate\\Foundation\\Bootstrap\\HandleExceptions.php(244): Symfony\\Component\\ErrorHandler\\Error\\FatalError->__construct(message: ''Cannot redecla...', code: '0', error: '['type' => 64, ...', traceOffset: '0', traceArgs: '???', trace: '???')
#1 C:\\wamp64\\www\\maasin_live_act\\vendor\\laravel\\framework\\src\\Illuminate\\Foundation\\Bootstrap\\HandleExceptions.php(231): Illuminate\\Foundation\\Bootstrap\\HandleExceptions->fatalErrorFromPhpError(error: '['type' => 64, ...', traceOffset: '0')
#2 C:\\wamp64\\www\\maasin_live_act\\vendor\\laravel\\framework\\src\\Illuminate\\Foundation\\Bootstrap\\HandleExceptions.php(255): Illuminate\\Foundation\\Bootstrap\\HandleExceptions->handleShutdown()
#3 C:\\wamp64\\www\\maasin_live_act\\vendor\\laravel\\framework\\src\\Illuminate\\Foundation\\Bootstrap\\HandleExceptions.php(0): Illuminate\\Foundation\\Bootstrap\\HandleExceptions->{closure:C:\\wamp64\\www\\maasin_live_act\\vendor\\laravel\\framework\\src\\Illuminate\\Foundation\\Bootstrap\\HandleExceptions.php:254-256}()
#4 {main}
"} 
[2025-10-04 14:40:38] local.ERROR: Cannot redeclare class App\MySession (previously declared in C:\wamp64\www\maasin_live_act\app\MySession.php:8) {"exception":"[object] (Symfony\\Component\\ErrorHandler\\Error\\FatalError(code: 0): Cannot redeclare class App\\MySession (previously declared in C:\\wamp64\\www\\maasin_live_act\\app\\MySession.php:8) at C:\\wamp64\\www\\maasin_live_act\\app\\Models\\MySession.php:8)
[stacktrace]
#0 C:\\wamp64\\www\\maasin_live_act\\vendor\\laravel\\framework\\src\\Illuminate\\Foundation\\Bootstrap\\HandleExceptions.php(244): Symfony\\Component\\ErrorHandler\\Error\\FatalError->__construct(message: ''Cannot redecla...', code: '0', error: '['type' => 64, ...', traceOffset: '0', traceArgs: '???', trace: '???')
#1 C:\\wamp64\\www\\maasin_live_act\\vendor\\laravel\\framework\\src\\Illuminate\\Foundation\\Bootstrap\\HandleExceptions.php(231): Illuminate\\Foundation\\Bootstrap\\HandleExceptions->fatalErrorFromPhpError(error: '['type' => 64, ...', traceOffset: '0')
#2 C:\\wamp64\\www\\maasin_live_act\\vendor\\laravel\\framework\\src\\Illuminate\\Foundation\\Bootstrap\\HandleExceptions.php(255): Illuminate\\Foundation\\Bootstrap\\HandleExceptions->handleShutdown()
#3 C:\\wamp64\\www\\maasin_live_act\\vendor\\laravel\\framework\\src\\Illuminate\\Foundation\\Bootstrap\\HandleExceptions.php(0): Illuminate\\Foundation\\Bootstrap\\HandleExceptions->{closure:C:\\wamp64\\www\\maasin_live_act\\vendor\\laravel\\framework\\src\\Illuminate\\Foundation\\Bootstrap\\HandleExceptions.php:254-256}()
#4 {main}
"} 
[2025-10-04 14:41:38] local.ERROR: Cannot redeclare class App\MySession (previously declared in C:\wamp64\www\maasin_live_act\app\MySession.php:8) {"exception":"[object] (Symfony\\Component\\ErrorHandler\\Error\\FatalError(code: 0): Cannot redeclare class App\\MySession (previously declared in C:\\wamp64\\www\\maasin_live_act\\app\\MySession.php:8) at C:\\wamp64\\www\\maasin_live_act\\app\\Models\\MySession.php:8)
[stacktrace]
#0 C:\\wamp64\\www\\maasin_live_act\\vendor\\laravel\\framework\\src\\Illuminate\\Foundation\\Bootstrap\\HandleExceptions.php(244): Symfony\\Component\\ErrorHandler\\Error\\FatalError->__construct(message: ''Cannot redecla...', code: '0', error: '['type' => 64, ...', traceOffset: '0', traceArgs: '???', trace: '???')
#1 C:\\wamp64\\www\\maasin_live_act\\vendor\\laravel\\framework\\src\\Illuminate\\Foundation\\Bootstrap\\HandleExceptions.php(231): Illuminate\\Foundation\\Bootstrap\\HandleExceptions->fatalErrorFromPhpError(error: '['type' => 64, ...', traceOffset: '0')
#2 C:\\wamp64\\www\\maasin_live_act\\vendor\\laravel\\framework\\src\\Illuminate\\Foundation\\Bootstrap\\HandleExceptions.php(255): Illuminate\\Foundation\\Bootstrap\\HandleExceptions->handleShutdown()
#3 C:\\wamp64\\www\\maasin_live_act\\vendor\\laravel\\framework\\src\\Illuminate\\Foundation\\Bootstrap\\HandleExceptions.php(0): Illuminate\\Foundation\\Bootstrap\\HandleExceptions->{closure:C:\\wamp64\\www\\maasin_live_act\\vendor\\laravel\\framework\\src\\Illuminate\\Foundation\\Bootstrap\\HandleExceptions.php:254-256}()
#4 {main}
"} 
[2025-10-04 14:42:38] local.ERROR: Cannot redeclare class App\MySession (previously declared in C:\wamp64\www\maasin_live_act\app\MySession.php:8) {"exception":"[object] (Symfony\\Component\\ErrorHandler\\Error\\FatalError(code: 0): Cannot redeclare class App\\MySession (previously declared in C:\\wamp64\\www\\maasin_live_act\\app\\MySession.php:8) at C:\\wamp64\\www\\maasin_live_act\\app\\Models\\MySession.php:8)
[stacktrace]
#0 C:\\wamp64\\www\\maasin_live_act\\vendor\\laravel\\framework\\src\\Illuminate\\Foundation\\Bootstrap\\HandleExceptions.php(244): Symfony\\Component\\ErrorHandler\\Error\\FatalError->__construct(message: ''Cannot redecla...', code: '0', error: '['type' => 64, ...', traceOffset: '0', traceArgs: '???', trace: '???')
#1 C:\\wamp64\\www\\maasin_live_act\\vendor\\laravel\\framework\\src\\Illuminate\\Foundation\\Bootstrap\\HandleExceptions.php(231): Illuminate\\Foundation\\Bootstrap\\HandleExceptions->fatalErrorFromPhpError(error: '['type' => 64, ...', traceOffset: '0')
#2 C:\\wamp64\\www\\maasin_live_act\\vendor\\laravel\\framework\\src\\Illuminate\\Foundation\\Bootstrap\\HandleExceptions.php(255): Illuminate\\Foundation\\Bootstrap\\HandleExceptions->handleShutdown()
#3 C:\\wamp64\\www\\maasin_live_act\\vendor\\laravel\\framework\\src\\Illuminate\\Foundation\\Bootstrap\\HandleExceptions.php(0): Illuminate\\Foundation\\Bootstrap\\HandleExceptions->{closure:C:\\wamp64\\www\\maasin_live_act\\vendor\\laravel\\framework\\src\\Illuminate\\Foundation\\Bootstrap\\HandleExceptions.php:254-256}()
#4 {main}
"} 
[2025-10-04 14:43:38] local.ERROR: Cannot redeclare class App\MySession (previously declared in C:\wamp64\www\maasin_live_act\app\MySession.php:8) {"exception":"[object] (Symfony\\Component\\ErrorHandler\\Error\\FatalError(code: 0): Cannot redeclare class App\\MySession (previously declared in C:\\wamp64\\www\\maasin_live_act\\app\\MySession.php:8) at C:\\wamp64\\www\\maasin_live_act\\app\\Models\\MySession.php:8)
[stacktrace]
#0 C:\\wamp64\\www\\maasin_live_act\\vendor\\laravel\\framework\\src\\Illuminate\\Foundation\\Bootstrap\\HandleExceptions.php(244): Symfony\\Component\\ErrorHandler\\Error\\FatalError->__construct(message: ''Cannot redecla...', code: '0', error: '['type' => 64, ...', traceOffset: '0', traceArgs: '???', trace: '???')
#1 C:\\wamp64\\www\\maasin_live_act\\vendor\\laravel\\framework\\src\\Illuminate\\Foundation\\Bootstrap\\HandleExceptions.php(231): Illuminate\\Foundation\\Bootstrap\\HandleExceptions->fatalErrorFromPhpError(error: '['type' => 64, ...', traceOffset: '0')
#2 C:\\wamp64\\www\\maasin_live_act\\vendor\\laravel\\framework\\src\\Illuminate\\Foundation\\Bootstrap\\HandleExceptions.php(255): Illuminate\\Foundation\\Bootstrap\\HandleExceptions->handleShutdown()
#3 C:\\wamp64\\www\\maasin_live_act\\vendor\\laravel\\framework\\src\\Illuminate\\Foundation\\Bootstrap\\HandleExceptions.php(0): Illuminate\\Foundation\\Bootstrap\\HandleExceptions->{closure:C:\\wamp64\\www\\maasin_live_act\\vendor\\laravel\\framework\\src\\Illuminate\\Foundation\\Bootstrap\\HandleExceptions.php:254-256}()
#4 {main}
"} 
[2025-10-04 14:44:38] local.ERROR: Cannot redeclare class App\MySession (previously declared in C:\wamp64\www\maasin_live_act\app\MySession.php:8) {"exception":"[object] (Symfony\\Component\\ErrorHandler\\Error\\FatalError(code: 0): Cannot redeclare class App\\MySession (previously declared in C:\\wamp64\\www\\maasin_live_act\\app\\MySession.php:8) at C:\\wamp64\\www\\maasin_live_act\\app\\Models\\MySession.php:8)
[stacktrace]
#0 C:\\wamp64\\www\\maasin_live_act\\vendor\\laravel\\framework\\src\\Illuminate\\Foundation\\Bootstrap\\HandleExceptions.php(244): Symfony\\Component\\ErrorHandler\\Error\\FatalError->__construct(message: ''Cannot redecla...', code: '0', error: '['type' => 64, ...', traceOffset: '0', traceArgs: '???', trace: '???')
#1 C:\\wamp64\\www\\maasin_live_act\\vendor\\laravel\\framework\\src\\Illuminate\\Foundation\\Bootstrap\\HandleExceptions.php(231): Illuminate\\Foundation\\Bootstrap\\HandleExceptions->fatalErrorFromPhpError(error: '['type' => 64, ...', traceOffset: '0')
#2 C:\\wamp64\\www\\maasin_live_act\\vendor\\laravel\\framework\\src\\Illuminate\\Foundation\\Bootstrap\\HandleExceptions.php(255): Illuminate\\Foundation\\Bootstrap\\HandleExceptions->handleShutdown()
#3 C:\\wamp64\\www\\maasin_live_act\\vendor\\laravel\\framework\\src\\Illuminate\\Foundation\\Bootstrap\\HandleExceptions.php(0): Illuminate\\Foundation\\Bootstrap\\HandleExceptions->{closure:C:\\wamp64\\www\\maasin_live_act\\vendor\\laravel\\framework\\src\\Illuminate\\Foundation\\Bootstrap\\HandleExceptions.php:254-256}()
#4 {main}
"} 
[2025-10-04 14:45:38] local.ERROR: Cannot redeclare class App\MySession (previously declared in C:\wamp64\www\maasin_live_act\app\MySession.php:8) {"exception":"[object] (Symfony\\Component\\ErrorHandler\\Error\\FatalError(code: 0): Cannot redeclare class App\\MySession (previously declared in C:\\wamp64\\www\\maasin_live_act\\app\\MySession.php:8) at C:\\wamp64\\www\\maasin_live_act\\app\\Models\\MySession.php:8)
[stacktrace]
#0 C:\\wamp64\\www\\maasin_live_act\\vendor\\laravel\\framework\\src\\Illuminate\\Foundation\\Bootstrap\\HandleExceptions.php(244): Symfony\\Component\\ErrorHandler\\Error\\FatalError->__construct(message: ''Cannot redecla...', code: '0', error: '['type' => 64, ...', traceOffset: '0', traceArgs: '???', trace: '???')
#1 C:\\wamp64\\www\\maasin_live_act\\vendor\\laravel\\framework\\src\\Illuminate\\Foundation\\Bootstrap\\HandleExceptions.php(231): Illuminate\\Foundation\\Bootstrap\\HandleExceptions->fatalErrorFromPhpError(error: '['type' => 64, ...', traceOffset: '0')
#2 C:\\wamp64\\www\\maasin_live_act\\vendor\\laravel\\framework\\src\\Illuminate\\Foundation\\Bootstrap\\HandleExceptions.php(255): Illuminate\\Foundation\\Bootstrap\\HandleExceptions->handleShutdown()
#3 C:\\wamp64\\www\\maasin_live_act\\vendor\\laravel\\framework\\src\\Illuminate\\Foundation\\Bootstrap\\HandleExceptions.php(0): Illuminate\\Foundation\\Bootstrap\\HandleExceptions->{closure:C:\\wamp64\\www\\maasin_live_act\\vendor\\laravel\\framework\\src\\Illuminate\\Foundation\\Bootstrap\\HandleExceptions.php:254-256}()
#4 {main}
"} 
[2025-10-04 14:46:38] local.ERROR: Cannot redeclare class App\MySession (previously declared in C:\wamp64\www\maasin_live_act\app\MySession.php:8) {"exception":"[object] (Symfony\\Component\\ErrorHandler\\Error\\FatalError(code: 0): Cannot redeclare class App\\MySession (previously declared in C:\\wamp64\\www\\maasin_live_act\\app\\MySession.php:8) at C:\\wamp64\\www\\maasin_live_act\\app\\Models\\MySession.php:8)
[stacktrace]
#0 C:\\wamp64\\www\\maasin_live_act\\vendor\\laravel\\framework\\src\\Illuminate\\Foundation\\Bootstrap\\HandleExceptions.php(244): Symfony\\Component\\ErrorHandler\\Error\\FatalError->__construct(message: ''Cannot redecla...', code: '0', error: '['type' => 64, ...', traceOffset: '0', traceArgs: '???', trace: '???')
#1 C:\\wamp64\\www\\maasin_live_act\\vendor\\laravel\\framework\\src\\Illuminate\\Foundation\\Bootstrap\\HandleExceptions.php(231): Illuminate\\Foundation\\Bootstrap\\HandleExceptions->fatalErrorFromPhpError(error: '['type' => 64, ...', traceOffset: '0')
#2 C:\\wamp64\\www\\maasin_live_act\\vendor\\laravel\\framework\\src\\Illuminate\\Foundation\\Bootstrap\\HandleExceptions.php(255): Illuminate\\Foundation\\Bootstrap\\HandleExceptions->handleShutdown()
#3 C:\\wamp64\\www\\maasin_live_act\\vendor\\laravel\\framework\\src\\Illuminate\\Foundation\\Bootstrap\\HandleExceptions.php(0): Illuminate\\Foundation\\Bootstrap\\HandleExceptions->{closure:C:\\wamp64\\www\\maasin_live_act\\vendor\\laravel\\framework\\src\\Illuminate\\Foundation\\Bootstrap\\HandleExceptions.php:254-256}()
#4 {main}
"} 
[2025-10-04 14:47:38] local.ERROR: Cannot redeclare class App\MySession (previously declared in C:\wamp64\www\maasin_live_act\app\MySession.php:8) {"exception":"[object] (Symfony\\Component\\ErrorHandler\\Error\\FatalError(code: 0): Cannot redeclare class App\\MySession (previously declared in C:\\wamp64\\www\\maasin_live_act\\app\\MySession.php:8) at C:\\wamp64\\www\\maasin_live_act\\app\\Models\\MySession.php:8)
[stacktrace]
#0 C:\\wamp64\\www\\maasin_live_act\\vendor\\laravel\\framework\\src\\Illuminate\\Foundation\\Bootstrap\\HandleExceptions.php(244): Symfony\\Component\\ErrorHandler\\Error\\FatalError->__construct(message: ''Cannot redecla...', code: '0', error: '['type' => 64, ...', traceOffset: '0', traceArgs: '???', trace: '???')
#1 C:\\wamp64\\www\\maasin_live_act\\vendor\\laravel\\framework\\src\\Illuminate\\Foundation\\Bootstrap\\HandleExceptions.php(231): Illuminate\\Foundation\\Bootstrap\\HandleExceptions->fatalErrorFromPhpError(error: '['type' => 64, ...', traceOffset: '0')
#2 C:\\wamp64\\www\\maasin_live_act\\vendor\\laravel\\framework\\src\\Illuminate\\Foundation\\Bootstrap\\HandleExceptions.php(255): Illuminate\\Foundation\\Bootstrap\\HandleExceptions->handleShutdown()
#3 C:\\wamp64\\www\\maasin_live_act\\vendor\\laravel\\framework\\src\\Illuminate\\Foundation\\Bootstrap\\HandleExceptions.php(0): Illuminate\\Foundation\\Bootstrap\\HandleExceptions->{closure:C:\\wamp64\\www\\maasin_live_act\\vendor\\laravel\\framework\\src\\Illuminate\\Foundation\\Bootstrap\\HandleExceptions.php:254-256}()
#4 {main}
"} 
[2025-10-04 14:48:38] local.ERROR: Cannot redeclare class App\MySession (previously declared in C:\wamp64\www\maasin_live_act\app\MySession.php:8) {"exception":"[object] (Symfony\\Component\\ErrorHandler\\Error\\FatalError(code: 0): Cannot redeclare class App\\MySession (previously declared in C:\\wamp64\\www\\maasin_live_act\\app\\MySession.php:8) at C:\\wamp64\\www\\maasin_live_act\\app\\Models\\MySession.php:8)
[stacktrace]
#0 C:\\wamp64\\www\\maasin_live_act\\vendor\\laravel\\framework\\src\\Illuminate\\Foundation\\Bootstrap\\HandleExceptions.php(244): Symfony\\Component\\ErrorHandler\\Error\\FatalError->__construct(message: ''Cannot redecla...', code: '0', error: '['type' => 64, ...', traceOffset: '0', traceArgs: '???', trace: '???')
#1 C:\\wamp64\\www\\maasin_live_act\\vendor\\laravel\\framework\\src\\Illuminate\\Foundation\\Bootstrap\\HandleExceptions.php(231): Illuminate\\Foundation\\Bootstrap\\HandleExceptions->fatalErrorFromPhpError(error: '['type' => 64, ...', traceOffset: '0')
#2 C:\\wamp64\\www\\maasin_live_act\\vendor\\laravel\\framework\\src\\Illuminate\\Foundation\\Bootstrap\\HandleExceptions.php(255): Illuminate\\Foundation\\Bootstrap\\HandleExceptions->handleShutdown()
#3 C:\\wamp64\\www\\maasin_live_act\\vendor\\laravel\\framework\\src\\Illuminate\\Foundation\\Bootstrap\\HandleExceptions.php(0): Illuminate\\Foundation\\Bootstrap\\HandleExceptions->{closure:C:\\wamp64\\www\\maasin_live_act\\vendor\\laravel\\framework\\src\\Illuminate\\Foundation\\Bootstrap\\HandleExceptions.php:254-256}()
#4 {main}
"} 
[2025-10-04 14:49:38] local.ERROR: Cannot redeclare class App\MySession (previously declared in C:\wamp64\www\maasin_live_act\app\MySession.php:8) {"exception":"[object] (Symfony\\Component\\ErrorHandler\\Error\\FatalError(code: 0): Cannot redeclare class App\\MySession (previously declared in C:\\wamp64\\www\\maasin_live_act\\app\\MySession.php:8) at C:\\wamp64\\www\\maasin_live_act\\app\\Models\\MySession.php:8)
[stacktrace]
#0 C:\\wamp64\\www\\maasin_live_act\\vendor\\laravel\\framework\\src\\Illuminate\\Foundation\\Bootstrap\\HandleExceptions.php(244): Symfony\\Component\\ErrorHandler\\Error\\FatalError->__construct(message: ''Cannot redecla...', code: '0', error: '['type' => 64, ...', traceOffset: '0', traceArgs: '???', trace: '???')
#1 C:\\wamp64\\www\\maasin_live_act\\vendor\\laravel\\framework\\src\\Illuminate\\Foundation\\Bootstrap\\HandleExceptions.php(231): Illuminate\\Foundation\\Bootstrap\\HandleExceptions->fatalErrorFromPhpError(error: '['type' => 64, ...', traceOffset: '0')
#2 C:\\wamp64\\www\\maasin_live_act\\vendor\\laravel\\framework\\src\\Illuminate\\Foundation\\Bootstrap\\HandleExceptions.php(255): Illuminate\\Foundation\\Bootstrap\\HandleExceptions->handleShutdown()
#3 C:\\wamp64\\www\\maasin_live_act\\vendor\\laravel\\framework\\src\\Illuminate\\Foundation\\Bootstrap\\HandleExceptions.php(0): Illuminate\\Foundation\\Bootstrap\\HandleExceptions->{closure:C:\\wamp64\\www\\maasin_live_act\\vendor\\laravel\\framework\\src\\Illuminate\\Foundation\\Bootstrap\\HandleExceptions.php:254-256}()
#4 {main}
"} 
[2025-10-04 14:50:38] local.ERROR: Cannot redeclare class App\MySession (previously declared in C:\wamp64\www\maasin_live_act\app\MySession.php:8) {"exception":"[object] (Symfony\\Component\\ErrorHandler\\Error\\FatalError(code: 0): Cannot redeclare class App\\MySession (previously declared in C:\\wamp64\\www\\maasin_live_act\\app\\MySession.php:8) at C:\\wamp64\\www\\maasin_live_act\\app\\Models\\MySession.php:8)
[stacktrace]
#0 C:\\wamp64\\www\\maasin_live_act\\vendor\\laravel\\framework\\src\\Illuminate\\Foundation\\Bootstrap\\HandleExceptions.php(244): Symfony\\Component\\ErrorHandler\\Error\\FatalError->__construct(message: ''Cannot redecla...', code: '0', error: '['type' => 64, ...', traceOffset: '0', traceArgs: '???', trace: '???')
#1 C:\\wamp64\\www\\maasin_live_act\\vendor\\laravel\\framework\\src\\Illuminate\\Foundation\\Bootstrap\\HandleExceptions.php(231): Illuminate\\Foundation\\Bootstrap\\HandleExceptions->fatalErrorFromPhpError(error: '['type' => 64, ...', traceOffset: '0')
#2 C:\\wamp64\\www\\maasin_live_act\\vendor\\laravel\\framework\\src\\Illuminate\\Foundation\\Bootstrap\\HandleExceptions.php(255): Illuminate\\Foundation\\Bootstrap\\HandleExceptions->handleShutdown()
#3 C:\\wamp64\\www\\maasin_live_act\\vendor\\laravel\\framework\\src\\Illuminate\\Foundation\\Bootstrap\\HandleExceptions.php(0): Illuminate\\Foundation\\Bootstrap\\HandleExceptions->{closure:C:\\wamp64\\www\\maasin_live_act\\vendor\\laravel\\framework\\src\\Illuminate\\Foundation\\Bootstrap\\HandleExceptions.php:254-256}()
#4 {main}
"} 
[2025-10-04 14:51:38] local.ERROR: Cannot redeclare class App\MySession (previously declared in C:\wamp64\www\maasin_live_act\app\MySession.php:8) {"exception":"[object] (Symfony\\Component\\ErrorHandler\\Error\\FatalError(code: 0): Cannot redeclare class App\\MySession (previously declared in C:\\wamp64\\www\\maasin_live_act\\app\\MySession.php:8) at C:\\wamp64\\www\\maasin_live_act\\app\\Models\\MySession.php:8)
[stacktrace]
#0 C:\\wamp64\\www\\maasin_live_act\\vendor\\laravel\\framework\\src\\Illuminate\\Foundation\\Bootstrap\\HandleExceptions.php(244): Symfony\\Component\\ErrorHandler\\Error\\FatalError->__construct(message: ''Cannot redecla...', code: '0', error: '['type' => 64, ...', traceOffset: '0', traceArgs: '???', trace: '???')
#1 C:\\wamp64\\www\\maasin_live_act\\vendor\\laravel\\framework\\src\\Illuminate\\Foundation\\Bootstrap\\HandleExceptions.php(231): Illuminate\\Foundation\\Bootstrap\\HandleExceptions->fatalErrorFromPhpError(error: '['type' => 64, ...', traceOffset: '0')
#2 C:\\wamp64\\www\\maasin_live_act\\vendor\\laravel\\framework\\src\\Illuminate\\Foundation\\Bootstrap\\HandleExceptions.php(255): Illuminate\\Foundation\\Bootstrap\\HandleExceptions->handleShutdown()
#3 C:\\wamp64\\www\\maasin_live_act\\vendor\\laravel\\framework\\src\\Illuminate\\Foundation\\Bootstrap\\HandleExceptions.php(0): Illuminate\\Foundation\\Bootstrap\\HandleExceptions->{closure:C:\\wamp64\\www\\maasin_live_act\\vendor\\laravel\\framework\\src\\Illuminate\\Foundation\\Bootstrap\\HandleExceptions.php:254-256}()
#4 {main}
"} 
[2025-10-04 14:52:38] local.ERROR: Cannot redeclare class App\MySession (previously declared in C:\wamp64\www\maasin_live_act\app\MySession.php:8) {"exception":"[object] (Symfony\\Component\\ErrorHandler\\Error\\FatalError(code: 0): Cannot redeclare class App\\MySession (previously declared in C:\\wamp64\\www\\maasin_live_act\\app\\MySession.php:8) at C:\\wamp64\\www\\maasin_live_act\\app\\Models\\MySession.php:8)
[stacktrace]
#0 C:\\wamp64\\www\\maasin_live_act\\vendor\\laravel\\framework\\src\\Illuminate\\Foundation\\Bootstrap\\HandleExceptions.php(244): Symfony\\Component\\ErrorHandler\\Error\\FatalError->__construct(message: ''Cannot redecla...', code: '0', error: '['type' => 64, ...', traceOffset: '0', traceArgs: '???', trace: '???')
#1 C:\\wamp64\\www\\maasin_live_act\\vendor\\laravel\\framework\\src\\Illuminate\\Foundation\\Bootstrap\\HandleExceptions.php(231): Illuminate\\Foundation\\Bootstrap\\HandleExceptions->fatalErrorFromPhpError(error: '['type' => 64, ...', traceOffset: '0')
#2 C:\\wamp64\\www\\maasin_live_act\\vendor\\laravel\\framework\\src\\Illuminate\\Foundation\\Bootstrap\\HandleExceptions.php(255): Illuminate\\Foundation\\Bootstrap\\HandleExceptions->handleShutdown()
#3 C:\\wamp64\\www\\maasin_live_act\\vendor\\laravel\\framework\\src\\Illuminate\\Foundation\\Bootstrap\\HandleExceptions.php(0): Illuminate\\Foundation\\Bootstrap\\HandleExceptions->{closure:C:\\wamp64\\www\\maasin_live_act\\vendor\\laravel\\framework\\src\\Illuminate\\Foundation\\Bootstrap\\HandleExceptions.php:254-256}()
#4 {main}
"} 
[2025-10-04 14:53:38] local.ERROR: Cannot redeclare class App\MySession (previously declared in C:\wamp64\www\maasin_live_act\app\MySession.php:8) {"exception":"[object] (Symfony\\Component\\ErrorHandler\\Error\\FatalError(code: 0): Cannot redeclare class App\\MySession (previously declared in C:\\wamp64\\www\\maasin_live_act\\app\\MySession.php:8) at C:\\wamp64\\www\\maasin_live_act\\app\\Models\\MySession.php:8)
[stacktrace]
#0 C:\\wamp64\\www\\maasin_live_act\\vendor\\laravel\\framework\\src\\Illuminate\\Foundation\\Bootstrap\\HandleExceptions.php(244): Symfony\\Component\\ErrorHandler\\Error\\FatalError->__construct(message: ''Cannot redecla...', code: '0', error: '['type' => 64, ...', traceOffset: '0', traceArgs: '???', trace: '???')
#1 C:\\wamp64\\www\\maasin_live_act\\vendor\\laravel\\framework\\src\\Illuminate\\Foundation\\Bootstrap\\HandleExceptions.php(231): Illuminate\\Foundation\\Bootstrap\\HandleExceptions->fatalErrorFromPhpError(error: '['type' => 64, ...', traceOffset: '0')
#2 C:\\wamp64\\www\\maasin_live_act\\vendor\\laravel\\framework\\src\\Illuminate\\Foundation\\Bootstrap\\HandleExceptions.php(255): Illuminate\\Foundation\\Bootstrap\\HandleExceptions->handleShutdown()
#3 C:\\wamp64\\www\\maasin_live_act\\vendor\\laravel\\framework\\src\\Illuminate\\Foundation\\Bootstrap\\HandleExceptions.php(0): Illuminate\\Foundation\\Bootstrap\\HandleExceptions->{closure:C:\\wamp64\\www\\maasin_live_act\\vendor\\laravel\\framework\\src\\Illuminate\\Foundation\\Bootstrap\\HandleExceptions.php:254-256}()
#4 {main}
"} 
[2025-10-04 14:54:38] local.ERROR: Cannot redeclare class App\MySession (previously declared in C:\wamp64\www\maasin_live_act\app\MySession.php:8) {"exception":"[object] (Symfony\\Component\\ErrorHandler\\Error\\FatalError(code: 0): Cannot redeclare class App\\MySession (previously declared in C:\\wamp64\\www\\maasin_live_act\\app\\MySession.php:8) at C:\\wamp64\\www\\maasin_live_act\\app\\Models\\MySession.php:8)
[stacktrace]
#0 C:\\wamp64\\www\\maasin_live_act\\vendor\\laravel\\framework\\src\\Illuminate\\Foundation\\Bootstrap\\HandleExceptions.php(244): Symfony\\Component\\ErrorHandler\\Error\\FatalError->__construct(message: ''Cannot redecla...', code: '0', error: '['type' => 64, ...', traceOffset: '0', traceArgs: '???', trace: '???')
#1 C:\\wamp64\\www\\maasin_live_act\\vendor\\laravel\\framework\\src\\Illuminate\\Foundation\\Bootstrap\\HandleExceptions.php(231): Illuminate\\Foundation\\Bootstrap\\HandleExceptions->fatalErrorFromPhpError(error: '['type' => 64, ...', traceOffset: '0')
#2 C:\\wamp64\\www\\maasin_live_act\\vendor\\laravel\\framework\\src\\Illuminate\\Foundation\\Bootstrap\\HandleExceptions.php(255): Illuminate\\Foundation\\Bootstrap\\HandleExceptions->handleShutdown()
#3 C:\\wamp64\\www\\maasin_live_act\\vendor\\laravel\\framework\\src\\Illuminate\\Foundation\\Bootstrap\\HandleExceptions.php(0): Illuminate\\Foundation\\Bootstrap\\HandleExceptions->{closure:C:\\wamp64\\www\\maasin_live_act\\vendor\\laravel\\framework\\src\\Illuminate\\Foundation\\Bootstrap\\HandleExceptions.php:254-256}()
#4 {main}
"} 
[2025-10-04 14:55:38] local.ERROR: Cannot redeclare class App\MySession (previously declared in C:\wamp64\www\maasin_live_act\app\MySession.php:8) {"exception":"[object] (Symfony\\Component\\ErrorHandler\\Error\\FatalError(code: 0): Cannot redeclare class App\\MySession (previously declared in C:\\wamp64\\www\\maasin_live_act\\app\\MySession.php:8) at C:\\wamp64\\www\\maasin_live_act\\app\\Models\\MySession.php:8)
[stacktrace]
#0 C:\\wamp64\\www\\maasin_live_act\\vendor\\laravel\\framework\\src\\Illuminate\\Foundation\\Bootstrap\\HandleExceptions.php(244): Symfony\\Component\\ErrorHandler\\Error\\FatalError->__construct(message: ''Cannot redecla...', code: '0', error: '['type' => 64, ...', traceOffset: '0', traceArgs: '???', trace: '???')
#1 C:\\wamp64\\www\\maasin_live_act\\vendor\\laravel\\framework\\src\\Illuminate\\Foundation\\Bootstrap\\HandleExceptions.php(231): Illuminate\\Foundation\\Bootstrap\\HandleExceptions->fatalErrorFromPhpError(error: '['type' => 64, ...', traceOffset: '0')
#2 C:\\wamp64\\www\\maasin_live_act\\vendor\\laravel\\framework\\src\\Illuminate\\Foundation\\Bootstrap\\HandleExceptions.php(255): Illuminate\\Foundation\\Bootstrap\\HandleExceptions->handleShutdown()
#3 C:\\wamp64\\www\\maasin_live_act\\vendor\\laravel\\framework\\src\\Illuminate\\Foundation\\Bootstrap\\HandleExceptions.php(0): Illuminate\\Foundation\\Bootstrap\\HandleExceptions->{closure:C:\\wamp64\\www\\maasin_live_act\\vendor\\laravel\\framework\\src\\Illuminate\\Foundation\\Bootstrap\\HandleExceptions.php:254-256}()
#4 {main}
"} 
[2025-10-04 14:56:47] local.ERROR: Cannot redeclare class App\MySession (previously declared in C:\wamp64\www\maasin_live_act\app\MySession.php:8) {"exception":"[object] (Symfony\\Component\\ErrorHandler\\Error\\FatalError(code: 0): Cannot redeclare class App\\MySession (previously declared in C:\\wamp64\\www\\maasin_live_act\\app\\MySession.php:8) at C:\\wamp64\\www\\maasin_live_act\\app\\Models\\MySession.php:8)
[stacktrace]
#0 C:\\wamp64\\www\\maasin_live_act\\vendor\\laravel\\framework\\src\\Illuminate\\Foundation\\Bootstrap\\HandleExceptions.php(244): Symfony\\Component\\ErrorHandler\\Error\\FatalError->__construct(message: ''Cannot redecla...', code: '0', error: '['type' => 64, ...', traceOffset: '0', traceArgs: '???', trace: '???')
#1 C:\\wamp64\\www\\maasin_live_act\\vendor\\laravel\\framework\\src\\Illuminate\\Foundation\\Bootstrap\\HandleExceptions.php(231): Illuminate\\Foundation\\Bootstrap\\HandleExceptions->fatalErrorFromPhpError(error: '['type' => 64, ...', traceOffset: '0')
#2 C:\\wamp64\\www\\maasin_live_act\\vendor\\laravel\\framework\\src\\Illuminate\\Foundation\\Bootstrap\\HandleExceptions.php(255): Illuminate\\Foundation\\Bootstrap\\HandleExceptions->handleShutdown()
#3 C:\\wamp64\\www\\maasin_live_act\\vendor\\laravel\\framework\\src\\Illuminate\\Foundation\\Bootstrap\\HandleExceptions.php(0): Illuminate\\Foundation\\Bootstrap\\HandleExceptions->{closure:C:\\wamp64\\www\\maasin_live_act\\vendor\\laravel\\framework\\src\\Illuminate\\Foundation\\Bootstrap\\HandleExceptions.php:254-256}()
#4 {main}
"} 
[2025-10-04 14:57:38] local.ERROR: Cannot redeclare class App\MySession (previously declared in C:\wamp64\www\maasin_live_act\app\MySession.php:8) {"exception":"[object] (Symfony\\Component\\ErrorHandler\\Error\\FatalError(code: 0): Cannot redeclare class App\\MySession (previously declared in C:\\wamp64\\www\\maasin_live_act\\app\\MySession.php:8) at C:\\wamp64\\www\\maasin_live_act\\app\\Models\\MySession.php:8)
[stacktrace]
#0 C:\\wamp64\\www\\maasin_live_act\\vendor\\laravel\\framework\\src\\Illuminate\\Foundation\\Bootstrap\\HandleExceptions.php(244): Symfony\\Component\\ErrorHandler\\Error\\FatalError->__construct(message: ''Cannot redecla...', code: '0', error: '['type' => 64, ...', traceOffset: '0', traceArgs: '???', trace: '???')
#1 C:\\wamp64\\www\\maasin_live_act\\vendor\\laravel\\framework\\src\\Illuminate\\Foundation\\Bootstrap\\HandleExceptions.php(231): Illuminate\\Foundation\\Bootstrap\\HandleExceptions->fatalErrorFromPhpError(error: '['type' => 64, ...', traceOffset: '0')
#2 C:\\wamp64\\www\\maasin_live_act\\vendor\\laravel\\framework\\src\\Illuminate\\Foundation\\Bootstrap\\HandleExceptions.php(255): Illuminate\\Foundation\\Bootstrap\\HandleExceptions->handleShutdown()
#3 C:\\wamp64\\www\\maasin_live_act\\vendor\\laravel\\framework\\src\\Illuminate\\Foundation\\Bootstrap\\HandleExceptions.php(0): Illuminate\\Foundation\\Bootstrap\\HandleExceptions->{closure:C:\\wamp64\\www\\maasin_live_act\\vendor\\laravel\\framework\\src\\Illuminate\\Foundation\\Bootstrap\\HandleExceptions.php:254-256}()
#4 {main}
"} 
[2025-10-04 14:58:38] local.ERROR: Cannot redeclare class App\MySession (previously declared in C:\wamp64\www\maasin_live_act\app\MySession.php:8) {"exception":"[object] (Symfony\\Component\\ErrorHandler\\Error\\FatalError(code: 0): Cannot redeclare class App\\MySession (previously declared in C:\\wamp64\\www\\maasin_live_act\\app\\MySession.php:8) at C:\\wamp64\\www\\maasin_live_act\\app\\Models\\MySession.php:8)
[stacktrace]
#0 C:\\wamp64\\www\\maasin_live_act\\vendor\\laravel\\framework\\src\\Illuminate\\Foundation\\Bootstrap\\HandleExceptions.php(244): Symfony\\Component\\ErrorHandler\\Error\\FatalError->__construct(message: ''Cannot redecla...', code: '0', error: '['type' => 64, ...', traceOffset: '0', traceArgs: '???', trace: '???')
#1 C:\\wamp64\\www\\maasin_live_act\\vendor\\laravel\\framework\\src\\Illuminate\\Foundation\\Bootstrap\\HandleExceptions.php(231): Illuminate\\Foundation\\Bootstrap\\HandleExceptions->fatalErrorFromPhpError(error: '['type' => 64, ...', traceOffset: '0')
#2 C:\\wamp64\\www\\maasin_live_act\\vendor\\laravel\\framework\\src\\Illuminate\\Foundation\\Bootstrap\\HandleExceptions.php(255): Illuminate\\Foundation\\Bootstrap\\HandleExceptions->handleShutdown()
#3 C:\\wamp64\\www\\maasin_live_act\\vendor\\laravel\\framework\\src\\Illuminate\\Foundation\\Bootstrap\\HandleExceptions.php(0): Illuminate\\Foundation\\Bootstrap\\HandleExceptions->{closure:C:\\wamp64\\www\\maasin_live_act\\vendor\\laravel\\framework\\src\\Illuminate\\Foundation\\Bootstrap\\HandleExceptions.php:254-256}()
#4 {main}
"} 
[2025-10-04 14:59:38] local.ERROR: Cannot redeclare class App\MySession (previously declared in C:\wamp64\www\maasin_live_act\app\MySession.php:8) {"exception":"[object] (Symfony\\Component\\ErrorHandler\\Error\\FatalError(code: 0): Cannot redeclare class App\\MySession (previously declared in C:\\wamp64\\www\\maasin_live_act\\app\\MySession.php:8) at C:\\wamp64\\www\\maasin_live_act\\app\\Models\\MySession.php:8)
[stacktrace]
#0 C:\\wamp64\\www\\maasin_live_act\\vendor\\laravel\\framework\\src\\Illuminate\\Foundation\\Bootstrap\\HandleExceptions.php(244): Symfony\\Component\\ErrorHandler\\Error\\FatalError->__construct(message: ''Cannot redecla...', code: '0', error: '['type' => 64, ...', traceOffset: '0', traceArgs: '???', trace: '???')
#1 C:\\wamp64\\www\\maasin_live_act\\vendor\\laravel\\framework\\src\\Illuminate\\Foundation\\Bootstrap\\HandleExceptions.php(231): Illuminate\\Foundation\\Bootstrap\\HandleExceptions->fatalErrorFromPhpError(error: '['type' => 64, ...', traceOffset: '0')
#2 C:\\wamp64\\www\\maasin_live_act\\vendor\\laravel\\framework\\src\\Illuminate\\Foundation\\Bootstrap\\HandleExceptions.php(255): Illuminate\\Foundation\\Bootstrap\\HandleExceptions->handleShutdown()
#3 C:\\wamp64\\www\\maasin_live_act\\vendor\\laravel\\framework\\src\\Illuminate\\Foundation\\Bootstrap\\HandleExceptions.php(0): Illuminate\\Foundation\\Bootstrap\\HandleExceptions->{closure:C:\\wamp64\\www\\maasin_live_act\\vendor\\laravel\\framework\\src\\Illuminate\\Foundation\\Bootstrap\\HandleExceptions.php:254-256}()
#4 {main}
"} 
[2025-10-04 15:00:38] local.ERROR: Cannot redeclare class App\MySession (previously declared in C:\wamp64\www\maasin_live_act\app\MySession.php:8) {"exception":"[object] (Symfony\\Component\\ErrorHandler\\Error\\FatalError(code: 0): Cannot redeclare class App\\MySession (previously declared in C:\\wamp64\\www\\maasin_live_act\\app\\MySession.php:8) at C:\\wamp64\\www\\maasin_live_act\\app\\Models\\MySession.php:8)
[stacktrace]
#0 C:\\wamp64\\www\\maasin_live_act\\vendor\\laravel\\framework\\src\\Illuminate\\Foundation\\Bootstrap\\HandleExceptions.php(244): Symfony\\Component\\ErrorHandler\\Error\\FatalError->__construct(message: ''Cannot redecla...', code: '0', error: '['type' => 64, ...', traceOffset: '0', traceArgs: '???', trace: '???')
#1 C:\\wamp64\\www\\maasin_live_act\\vendor\\laravel\\framework\\src\\Illuminate\\Foundation\\Bootstrap\\HandleExceptions.php(231): Illuminate\\Foundation\\Bootstrap\\HandleExceptions->fatalErrorFromPhpError(error: '['type' => 64, ...', traceOffset: '0')
#2 C:\\wamp64\\www\\maasin_live_act\\vendor\\laravel\\framework\\src\\Illuminate\\Foundation\\Bootstrap\\HandleExceptions.php(255): Illuminate\\Foundation\\Bootstrap\\HandleExceptions->handleShutdown()
#3 C:\\wamp64\\www\\maasin_live_act\\vendor\\laravel\\framework\\src\\Illuminate\\Foundation\\Bootstrap\\HandleExceptions.php(0): Illuminate\\Foundation\\Bootstrap\\HandleExceptions->{closure:C:\\wamp64\\www\\maasin_live_act\\vendor\\laravel\\framework\\src\\Illuminate\\Foundation\\Bootstrap\\HandleExceptions.php:254-256}()
#4 {main}
"} 
[2025-10-04 15:01:38] local.ERROR: Cannot redeclare class App\MySession (previously declared in C:\wamp64\www\maasin_live_act\app\MySession.php:8) {"exception":"[object] (Symfony\\Component\\ErrorHandler\\Error\\FatalError(code: 0): Cannot redeclare class App\\MySession (previously declared in C:\\wamp64\\www\\maasin_live_act\\app\\MySession.php:8) at C:\\wamp64\\www\\maasin_live_act\\app\\Models\\MySession.php:8)
[stacktrace]
#0 C:\\wamp64\\www\\maasin_live_act\\vendor\\laravel\\framework\\src\\Illuminate\\Foundation\\Bootstrap\\HandleExceptions.php(244): Symfony\\Component\\ErrorHandler\\Error\\FatalError->__construct(message: ''Cannot redecla...', code: '0', error: '['type' => 64, ...', traceOffset: '0', traceArgs: '???', trace: '???')
#1 C:\\wamp64\\www\\maasin_live_act\\vendor\\laravel\\framework\\src\\Illuminate\\Foundation\\Bootstrap\\HandleExceptions.php(231): Illuminate\\Foundation\\Bootstrap\\HandleExceptions->fatalErrorFromPhpError(error: '['type' => 64, ...', traceOffset: '0')
#2 C:\\wamp64\\www\\maasin_live_act\\vendor\\laravel\\framework\\src\\Illuminate\\Foundation\\Bootstrap\\HandleExceptions.php(255): Illuminate\\Foundation\\Bootstrap\\HandleExceptions->handleShutdown()
#3 C:\\wamp64\\www\\maasin_live_act\\vendor\\laravel\\framework\\src\\Illuminate\\Foundation\\Bootstrap\\HandleExceptions.php(0): Illuminate\\Foundation\\Bootstrap\\HandleExceptions->{closure:C:\\wamp64\\www\\maasin_live_act\\vendor\\laravel\\framework\\src\\Illuminate\\Foundation\\Bootstrap\\HandleExceptions.php:254-256}()
#4 {main}
"} 
[2025-10-04 15:02:38] local.ERROR: Cannot redeclare class App\MySession (previously declared in C:\wamp64\www\maasin_live_act\app\MySession.php:8) {"exception":"[object] (Symfony\\Component\\ErrorHandler\\Error\\FatalError(code: 0): Cannot redeclare class App\\MySession (previously declared in C:\\wamp64\\www\\maasin_live_act\\app\\MySession.php:8) at C:\\wamp64\\www\\maasin_live_act\\app\\Models\\MySession.php:8)
[stacktrace]
#0 C:\\wamp64\\www\\maasin_live_act\\vendor\\laravel\\framework\\src\\Illuminate\\Foundation\\Bootstrap\\HandleExceptions.php(244): Symfony\\Component\\ErrorHandler\\Error\\FatalError->__construct(message: ''Cannot redecla...', code: '0', error: '['type' => 64, ...', traceOffset: '0', traceArgs: '???', trace: '???')
#1 C:\\wamp64\\www\\maasin_live_act\\vendor\\laravel\\framework\\src\\Illuminate\\Foundation\\Bootstrap\\HandleExceptions.php(231): Illuminate\\Foundation\\Bootstrap\\HandleExceptions->fatalErrorFromPhpError(error: '['type' => 64, ...', traceOffset: '0')
#2 C:\\wamp64\\www\\maasin_live_act\\vendor\\laravel\\framework\\src\\Illuminate\\Foundation\\Bootstrap\\HandleExceptions.php(255): Illuminate\\Foundation\\Bootstrap\\HandleExceptions->handleShutdown()
#3 C:\\wamp64\\www\\maasin_live_act\\vendor\\laravel\\framework\\src\\Illuminate\\Foundation\\Bootstrap\\HandleExceptions.php(0): Illuminate\\Foundation\\Bootstrap\\HandleExceptions->{closure:C:\\wamp64\\www\\maasin_live_act\\vendor\\laravel\\framework\\src\\Illuminate\\Foundation\\Bootstrap\\HandleExceptions.php:254-256}()
#4 {main}
"} 
[2025-10-04 15:03:38] local.ERROR: Cannot redeclare class App\MySession (previously declared in C:\wamp64\www\maasin_live_act\app\MySession.php:8) {"exception":"[object] (Symfony\\Component\\ErrorHandler\\Error\\FatalError(code: 0): Cannot redeclare class App\\MySession (previously declared in C:\\wamp64\\www\\maasin_live_act\\app\\MySession.php:8) at C:\\wamp64\\www\\maasin_live_act\\app\\Models\\MySession.php:8)
[stacktrace]
#0 C:\\wamp64\\www\\maasin_live_act\\vendor\\laravel\\framework\\src\\Illuminate\\Foundation\\Bootstrap\\HandleExceptions.php(244): Symfony\\Component\\ErrorHandler\\Error\\FatalError->__construct(message: ''Cannot redecla...', code: '0', error: '['type' => 64, ...', traceOffset: '0', traceArgs: '???', trace: '???')
#1 C:\\wamp64\\www\\maasin_live_act\\vendor\\laravel\\framework\\src\\Illuminate\\Foundation\\Bootstrap\\HandleExceptions.php(231): Illuminate\\Foundation\\Bootstrap\\HandleExceptions->fatalErrorFromPhpError(error: '['type' => 64, ...', traceOffset: '0')
#2 C:\\wamp64\\www\\maasin_live_act\\vendor\\laravel\\framework\\src\\Illuminate\\Foundation\\Bootstrap\\HandleExceptions.php(255): Illuminate\\Foundation\\Bootstrap\\HandleExceptions->handleShutdown()
#3 C:\\wamp64\\www\\maasin_live_act\\vendor\\laravel\\framework\\src\\Illuminate\\Foundation\\Bootstrap\\HandleExceptions.php(0): Illuminate\\Foundation\\Bootstrap\\HandleExceptions->{closure:C:\\wamp64\\www\\maasin_live_act\\vendor\\laravel\\framework\\src\\Illuminate\\Foundation\\Bootstrap\\HandleExceptions.php:254-256}()
#4 {main}
"} 
[2025-10-04 15:04:38] local.ERROR: Cannot redeclare class App\MySession (previously declared in C:\wamp64\www\maasin_live_act\app\MySession.php:8) {"exception":"[object] (Symfony\\Component\\ErrorHandler\\Error\\FatalError(code: 0): Cannot redeclare class App\\MySession (previously declared in C:\\wamp64\\www\\maasin_live_act\\app\\MySession.php:8) at C:\\wamp64\\www\\maasin_live_act\\app\\Models\\MySession.php:8)
[stacktrace]
#0 C:\\wamp64\\www\\maasin_live_act\\vendor\\laravel\\framework\\src\\Illuminate\\Foundation\\Bootstrap\\HandleExceptions.php(244): Symfony\\Component\\ErrorHandler\\Error\\FatalError->__construct(message: ''Cannot redecla...', code: '0', error: '['type' => 64, ...', traceOffset: '0', traceArgs: '???', trace: '???')
#1 C:\\wamp64\\www\\maasin_live_act\\vendor\\laravel\\framework\\src\\Illuminate\\Foundation\\Bootstrap\\HandleExceptions.php(231): Illuminate\\Foundation\\Bootstrap\\HandleExceptions->fatalErrorFromPhpError(error: '['type' => 64, ...', traceOffset: '0')
#2 C:\\wamp64\\www\\maasin_live_act\\vendor\\laravel\\framework\\src\\Illuminate\\Foundation\\Bootstrap\\HandleExceptions.php(255): Illuminate\\Foundation\\Bootstrap\\HandleExceptions->handleShutdown()
#3 C:\\wamp64\\www\\maasin_live_act\\vendor\\laravel\\framework\\src\\Illuminate\\Foundation\\Bootstrap\\HandleExceptions.php(0): Illuminate\\Foundation\\Bootstrap\\HandleExceptions->{closure:C:\\wamp64\\www\\maasin_live_act\\vendor\\laravel\\framework\\src\\Illuminate\\Foundation\\Bootstrap\\HandleExceptions.php:254-256}()
#4 {main}
"} 
[2025-10-04 15:05:38] local.ERROR: Cannot redeclare class App\MySession (previously declared in C:\wamp64\www\maasin_live_act\app\MySession.php:8) {"exception":"[object] (Symfony\\Component\\ErrorHandler\\Error\\FatalError(code: 0): Cannot redeclare class App\\MySession (previously declared in C:\\wamp64\\www\\maasin_live_act\\app\\MySession.php:8) at C:\\wamp64\\www\\maasin_live_act\\app\\Models\\MySession.php:8)
[stacktrace]
#0 C:\\wamp64\\www\\maasin_live_act\\vendor\\laravel\\framework\\src\\Illuminate\\Foundation\\Bootstrap\\HandleExceptions.php(244): Symfony\\Component\\ErrorHandler\\Error\\FatalError->__construct(message: ''Cannot redecla...', code: '0', error: '['type' => 64, ...', traceOffset: '0', traceArgs: '???', trace: '???')
#1 C:\\wamp64\\www\\maasin_live_act\\vendor\\laravel\\framework\\src\\Illuminate\\Foundation\\Bootstrap\\HandleExceptions.php(231): Illuminate\\Foundation\\Bootstrap\\HandleExceptions->fatalErrorFromPhpError(error: '['type' => 64, ...', traceOffset: '0')
#2 C:\\wamp64\\www\\maasin_live_act\\vendor\\laravel\\framework\\src\\Illuminate\\Foundation\\Bootstrap\\HandleExceptions.php(255): Illuminate\\Foundation\\Bootstrap\\HandleExceptions->handleShutdown()
#3 C:\\wamp64\\www\\maasin_live_act\\vendor\\laravel\\framework\\src\\Illuminate\\Foundation\\Bootstrap\\HandleExceptions.php(0): Illuminate\\Foundation\\Bootstrap\\HandleExceptions->{closure:C:\\wamp64\\www\\maasin_live_act\\vendor\\laravel\\framework\\src\\Illuminate\\Foundation\\Bootstrap\\HandleExceptions.php:254-256}()
#4 {main}
"} 
[2025-10-04 15:06:38] local.ERROR: Cannot redeclare class App\MySession (previously declared in C:\wamp64\www\maasin_live_act\app\MySession.php:8) {"exception":"[object] (Symfony\\Component\\ErrorHandler\\Error\\FatalError(code: 0): Cannot redeclare class App\\MySession (previously declared in C:\\wamp64\\www\\maasin_live_act\\app\\MySession.php:8) at C:\\wamp64\\www\\maasin_live_act\\app\\Models\\MySession.php:8)
[stacktrace]
#0 C:\\wamp64\\www\\maasin_live_act\\vendor\\laravel\\framework\\src\\Illuminate\\Foundation\\Bootstrap\\HandleExceptions.php(244): Symfony\\Component\\ErrorHandler\\Error\\FatalError->__construct(message: ''Cannot redecla...', code: '0', error: '['type' => 64, ...', traceOffset: '0', traceArgs: '???', trace: '???')
#1 C:\\wamp64\\www\\maasin_live_act\\vendor\\laravel\\framework\\src\\Illuminate\\Foundation\\Bootstrap\\HandleExceptions.php(231): Illuminate\\Foundation\\Bootstrap\\HandleExceptions->fatalErrorFromPhpError(error: '['type' => 64, ...', traceOffset: '0')
#2 C:\\wamp64\\www\\maasin_live_act\\vendor\\laravel\\framework\\src\\Illuminate\\Foundation\\Bootstrap\\HandleExceptions.php(255): Illuminate\\Foundation\\Bootstrap\\HandleExceptions->handleShutdown()
#3 C:\\wamp64\\www\\maasin_live_act\\vendor\\laravel\\framework\\src\\Illuminate\\Foundation\\Bootstrap\\HandleExceptions.php(0): Illuminate\\Foundation\\Bootstrap\\HandleExceptions->{closure:C:\\wamp64\\www\\maasin_live_act\\vendor\\laravel\\framework\\src\\Illuminate\\Foundation\\Bootstrap\\HandleExceptions.php:254-256}()
#4 {main}
"} 
[2025-10-04 15:07:38] local.ERROR: Cannot redeclare class App\MySession (previously declared in C:\wamp64\www\maasin_live_act\app\MySession.php:8) {"exception":"[object] (Symfony\\Component\\ErrorHandler\\Error\\FatalError(code: 0): Cannot redeclare class App\\MySession (previously declared in C:\\wamp64\\www\\maasin_live_act\\app\\MySession.php:8) at C:\\wamp64\\www\\maasin_live_act\\app\\Models\\MySession.php:8)
[stacktrace]
#0 C:\\wamp64\\www\\maasin_live_act\\vendor\\laravel\\framework\\src\\Illuminate\\Foundation\\Bootstrap\\HandleExceptions.php(244): Symfony\\Component\\ErrorHandler\\Error\\FatalError->__construct(message: ''Cannot redecla...', code: '0', error: '['type' => 64, ...', traceOffset: '0', traceArgs: '???', trace: '???')
#1 C:\\wamp64\\www\\maasin_live_act\\vendor\\laravel\\framework\\src\\Illuminate\\Foundation\\Bootstrap\\HandleExceptions.php(231): Illuminate\\Foundation\\Bootstrap\\HandleExceptions->fatalErrorFromPhpError(error: '['type' => 64, ...', traceOffset: '0')
#2 C:\\wamp64\\www\\maasin_live_act\\vendor\\laravel\\framework\\src\\Illuminate\\Foundation\\Bootstrap\\HandleExceptions.php(255): Illuminate\\Foundation\\Bootstrap\\HandleExceptions->handleShutdown()
#3 C:\\wamp64\\www\\maasin_live_act\\vendor\\laravel\\framework\\src\\Illuminate\\Foundation\\Bootstrap\\HandleExceptions.php(0): Illuminate\\Foundation\\Bootstrap\\HandleExceptions->{closure:C:\\wamp64\\www\\maasin_live_act\\vendor\\laravel\\framework\\src\\Illuminate\\Foundation\\Bootstrap\\HandleExceptions.php:254-256}()
#4 {main}
"} 
[2025-10-04 15:08:38] local.ERROR: Cannot redeclare class App\MySession (previously declared in C:\wamp64\www\maasin_live_act\app\MySession.php:8) {"exception":"[object] (Symfony\\Component\\ErrorHandler\\Error\\FatalError(code: 0): Cannot redeclare class App\\MySession (previously declared in C:\\wamp64\\www\\maasin_live_act\\app\\MySession.php:8) at C:\\wamp64\\www\\maasin_live_act\\app\\Models\\MySession.php:8)
[stacktrace]
#0 C:\\wamp64\\www\\maasin_live_act\\vendor\\laravel\\framework\\src\\Illuminate\\Foundation\\Bootstrap\\HandleExceptions.php(244): Symfony\\Component\\ErrorHandler\\Error\\FatalError->__construct(message: ''Cannot redecla...', code: '0', error: '['type' => 64, ...', traceOffset: '0', traceArgs: '???', trace: '???')
#1 C:\\wamp64\\www\\maasin_live_act\\vendor\\laravel\\framework\\src\\Illuminate\\Foundation\\Bootstrap\\HandleExceptions.php(231): Illuminate\\Foundation\\Bootstrap\\HandleExceptions->fatalErrorFromPhpError(error: '['type' => 64, ...', traceOffset: '0')
#2 C:\\wamp64\\www\\maasin_live_act\\vendor\\laravel\\framework\\src\\Illuminate\\Foundation\\Bootstrap\\HandleExceptions.php(255): Illuminate\\Foundation\\Bootstrap\\HandleExceptions->handleShutdown()
#3 C:\\wamp64\\www\\maasin_live_act\\vendor\\laravel\\framework\\src\\Illuminate\\Foundation\\Bootstrap\\HandleExceptions.php(0): Illuminate\\Foundation\\Bootstrap\\HandleExceptions->{closure:C:\\wamp64\\www\\maasin_live_act\\vendor\\laravel\\framework\\src\\Illuminate\\Foundation\\Bootstrap\\HandleExceptions.php:254-256}()
#4 {main}
"} 
[2025-10-04 15:09:38] local.ERROR: Cannot redeclare class App\MySession (previously declared in C:\wamp64\www\maasin_live_act\app\MySession.php:8) {"exception":"[object] (Symfony\\Component\\ErrorHandler\\Error\\FatalError(code: 0): Cannot redeclare class App\\MySession (previously declared in C:\\wamp64\\www\\maasin_live_act\\app\\MySession.php:8) at C:\\wamp64\\www\\maasin_live_act\\app\\Models\\MySession.php:8)
[stacktrace]
#0 C:\\wamp64\\www\\maasin_live_act\\vendor\\laravel\\framework\\src\\Illuminate\\Foundation\\Bootstrap\\HandleExceptions.php(244): Symfony\\Component\\ErrorHandler\\Error\\FatalError->__construct(message: ''Cannot redecla...', code: '0', error: '['type' => 64, ...', traceOffset: '0', traceArgs: '???', trace: '???')
#1 C:\\wamp64\\www\\maasin_live_act\\vendor\\laravel\\framework\\src\\Illuminate\\Foundation\\Bootstrap\\HandleExceptions.php(231): Illuminate\\Foundation\\Bootstrap\\HandleExceptions->fatalErrorFromPhpError(error: '['type' => 64, ...', traceOffset: '0')
#2 C:\\wamp64\\www\\maasin_live_act\\vendor\\laravel\\framework\\src\\Illuminate\\Foundation\\Bootstrap\\HandleExceptions.php(255): Illuminate\\Foundation\\Bootstrap\\HandleExceptions->handleShutdown()
#3 C:\\wamp64\\www\\maasin_live_act\\vendor\\laravel\\framework\\src\\Illuminate\\Foundation\\Bootstrap\\HandleExceptions.php(0): Illuminate\\Foundation\\Bootstrap\\HandleExceptions->{closure:C:\\wamp64\\www\\maasin_live_act\\vendor\\laravel\\framework\\src\\Illuminate\\Foundation\\Bootstrap\\HandleExceptions.php:254-256}()
#4 {main}
"} 
[2025-10-04 15:10:38] local.ERROR: Cannot redeclare class App\MySession (previously declared in C:\wamp64\www\maasin_live_act\app\MySession.php:8) {"exception":"[object] (Symfony\\Component\\ErrorHandler\\Error\\FatalError(code: 0): Cannot redeclare class App\\MySession (previously declared in C:\\wamp64\\www\\maasin_live_act\\app\\MySession.php:8) at C:\\wamp64\\www\\maasin_live_act\\app\\Models\\MySession.php:8)
[stacktrace]
#0 C:\\wamp64\\www\\maasin_live_act\\vendor\\laravel\\framework\\src\\Illuminate\\Foundation\\Bootstrap\\HandleExceptions.php(244): Symfony\\Component\\ErrorHandler\\Error\\FatalError->__construct(message: ''Cannot redecla...', code: '0', error: '['type' => 64, ...', traceOffset: '0', traceArgs: '???', trace: '???')
#1 C:\\wamp64\\www\\maasin_live_act\\vendor\\laravel\\framework\\src\\Illuminate\\Foundation\\Bootstrap\\HandleExceptions.php(231): Illuminate\\Foundation\\Bootstrap\\HandleExceptions->fatalErrorFromPhpError(error: '['type' => 64, ...', traceOffset: '0')
#2 C:\\wamp64\\www\\maasin_live_act\\vendor\\laravel\\framework\\src\\Illuminate\\Foundation\\Bootstrap\\HandleExceptions.php(255): Illuminate\\Foundation\\Bootstrap\\HandleExceptions->handleShutdown()
#3 C:\\wamp64\\www\\maasin_live_act\\vendor\\laravel\\framework\\src\\Illuminate\\Foundation\\Bootstrap\\HandleExceptions.php(0): Illuminate\\Foundation\\Bootstrap\\HandleExceptions->{closure:C:\\wamp64\\www\\maasin_live_act\\vendor\\laravel\\framework\\src\\Illuminate\\Foundation\\Bootstrap\\HandleExceptions.php:254-256}()
#4 {main}
"} 
[2025-10-04 15:11:38] local.ERROR: Cannot redeclare class App\MySession (previously declared in C:\wamp64\www\maasin_live_act\app\MySession.php:8) {"exception":"[object] (Symfony\\Component\\ErrorHandler\\Error\\FatalError(code: 0): Cannot redeclare class App\\MySession (previously declared in C:\\wamp64\\www\\maasin_live_act\\app\\MySession.php:8) at C:\\wamp64\\www\\maasin_live_act\\app\\Models\\MySession.php:8)
[stacktrace]
#0 C:\\wamp64\\www\\maasin_live_act\\vendor\\laravel\\framework\\src\\Illuminate\\Foundation\\Bootstrap\\HandleExceptions.php(244): Symfony\\Component\\ErrorHandler\\Error\\FatalError->__construct(message: ''Cannot redecla...', code: '0', error: '['type' => 64, ...', traceOffset: '0', traceArgs: '???', trace: '???')
#1 C:\\wamp64\\www\\maasin_live_act\\vendor\\laravel\\framework\\src\\Illuminate\\Foundation\\Bootstrap\\HandleExceptions.php(231): Illuminate\\Foundation\\Bootstrap\\HandleExceptions->fatalErrorFromPhpError(error: '['type' => 64, ...', traceOffset: '0')
#2 C:\\wamp64\\www\\maasin_live_act\\vendor\\laravel\\framework\\src\\Illuminate\\Foundation\\Bootstrap\\HandleExceptions.php(255): Illuminate\\Foundation\\Bootstrap\\HandleExceptions->handleShutdown()
#3 C:\\wamp64\\www\\maasin_live_act\\vendor\\laravel\\framework\\src\\Illuminate\\Foundation\\Bootstrap\\HandleExceptions.php(0): Illuminate\\Foundation\\Bootstrap\\HandleExceptions->{closure:C:\\wamp64\\www\\maasin_live_act\\vendor\\laravel\\framework\\src\\Illuminate\\Foundation\\Bootstrap\\HandleExceptions.php:254-256}()
#4 {main}
"} 
[2025-10-04 16:14:46] local.ERROR: Trying to access array offset on null {"exception":"[object] (ErrorException(code: 0): Trying to access array offset on null at C:\\wamp64\\www\\maasin_live_act\\app\\Http\\Controllers\\LoanApplicationController.php:576)
[stacktrace]
#0 C:\\wamp64\\www\\maasin_live_act\\vendor\\laravel\\framework\\src\\Illuminate\\Foundation\\Bootstrap\\HandleExceptions.php(255): Illuminate\\Foundation\\Bootstrap\\HandleExceptions->handleError(2, 'Trying to acces...', 'C:\\\\wamp64\\\\www\\\\m...', 576)
#1 C:\\wamp64\\www\\maasin_live_act\\app\\Http\\Controllers\\LoanApplicationController.php(576): Illuminate\\Foundation\\Bootstrap\\HandleExceptions->{closure:Illuminate\\Foundation\\Bootstrap\\HandleExceptions::forwardsTo():254}(2, 'Trying to acces...', 'C:\\\\wamp64\\\\www\\\\m...', 576)
#2 C:\\wamp64\\www\\maasin_live_act\\vendor\\laravel\\framework\\src\\Illuminate\\Routing\\Controller.php(54): App\\Http\\Controllers\\LoanApplicationController->table_loan_frame(Object(Illuminate\\Http\\Request))
#3 C:\\wamp64\\www\\maasin_live_act\\vendor\\laravel\\framework\\src\\Illuminate\\Routing\\ControllerDispatcher.php(43): Illuminate\\Routing\\Controller->callAction('table_loan_fram...', Array)
#4 C:\\wamp64\\www\\maasin_live_act\\vendor\\laravel\\framework\\src\\Illuminate\\Routing\\Route.php(259): Illuminate\\Routing\\ControllerDispatcher->dispatch(Object(Illuminate\\Routing\\Route), Object(App\\Http\\Controllers\\LoanApplicationController), 'table_loan_fram...')
#5 C:\\wamp64\\www\\maasin_live_act\\vendor\\laravel\\framework\\src\\Illuminate\\Routing\\Route.php(205): Illuminate\\Routing\\Route->runController()
#6 C:\\wamp64\\www\\maasin_live_act\\vendor\\laravel\\framework\\src\\Illuminate\\Routing\\Router.php(806): Illuminate\\Routing\\Route->run()
#7 C:\\wamp64\\www\\maasin_live_act\\vendor\\laravel\\framework\\src\\Illuminate\\Pipeline\\Pipeline.php(144): Illuminate\\Routing\\Router->{closure:Illuminate\\Routing\\Router::runRouteWithinStack():805}(Object(Illuminate\\Http\\Request))
#8 C:\\wamp64\\www\\maasin_live_act\\app\\Http\\Middleware\\SessionExpired.php(48): Illuminate\\Pipeline\\Pipeline->{closure:Illuminate\\Pipeline\\Pipeline::prepareDestination():142}(Object(Illuminate\\Http\\Request))
#9 C:\\wamp64\\www\\maasin_live_act\\vendor\\laravel\\framework\\src\\Illuminate\\Pipeline\\Pipeline.php(183): App\\Http\\Middleware\\SessionExpired->handle(Object(Illuminate\\Http\\Request), Object(Closure))
#10 C:\\wamp64\\www\\maasin_live_act\\vendor\\laravel\\framework\\src\\Illuminate\\Routing\\Middleware\\SubstituteBindings.php(50): Illuminate\\Pipeline\\Pipeline->{closure:{closure:Illuminate\\Pipeline\\Pipeline::carry():158}:159}(Object(Illuminate\\Http\\Request))
#11 C:\\wamp64\\www\\maasin_live_act\\vendor\\laravel\\framework\\src\\Illuminate\\Pipeline\\Pipeline.php(183): Illuminate\\Routing\\Middleware\\SubstituteBindings->handle(Object(Illuminate\\Http\\Request), Object(Closure))
#12 C:\\wamp64\\www\\maasin_live_act\\vendor\\laravel\\framework\\src\\Illuminate\\Foundation\\Http\\Middleware\\VerifyCsrfToken.php(78): Illuminate\\Pipeline\\Pipeline->{closure:{closure:Illuminate\\Pipeline\\Pipeline::carry():158}:159}(Object(Illuminate\\Http\\Request))
#13 C:\\wamp64\\www\\maasin_live_act\\vendor\\laravel\\framework\\src\\Illuminate\\Pipeline\\Pipeline.php(183): Illuminate\\Foundation\\Http\\Middleware\\VerifyCsrfToken->handle(Object(Illuminate\\Http\\Request), Object(Closure))
#14 C:\\wamp64\\www\\maasin_live_act\\vendor\\laravel\\framework\\src\\Illuminate\\View\\Middleware\\ShareErrorsFromSession.php(49): Illuminate\\Pipeline\\Pipeline->{closure:{closure:Illuminate\\Pipeline\\Pipeline::carry():158}:159}(Object(Illuminate\\Http\\Request))
#15 C:\\wamp64\\www\\maasin_live_act\\vendor\\laravel\\framework\\src\\Illuminate\\Pipeline\\Pipeline.php(183): Illuminate\\View\\Middleware\\ShareErrorsFromSession->handle(Object(Illuminate\\Http\\Request), Object(Closure))
#16 C:\\wamp64\\www\\maasin_live_act\\vendor\\laravel\\framework\\src\\Illuminate\\Session\\Middleware\\StartSession.php(121): Illuminate\\Pipeline\\Pipeline->{closure:{closure:Illuminate\\Pipeline\\Pipeline::carry():158}:159}(Object(Illuminate\\Http\\Request))
#17 C:\\wamp64\\www\\maasin_live_act\\vendor\\laravel\\framework\\src\\Illuminate\\Session\\Middleware\\StartSession.php(64): Illuminate\\Session\\Middleware\\StartSession->handleStatefulRequest(Object(Illuminate\\Http\\Request), Object(Illuminate\\Session\\Store), Object(Closure))
#18 C:\\wamp64\\www\\maasin_live_act\\vendor\\laravel\\framework\\src\\Illuminate\\Pipeline\\Pipeline.php(183): Illuminate\\Session\\Middleware\\StartSession->handle(Object(Illuminate\\Http\\Request), Object(Closure))
#19 C:\\wamp64\\www\\maasin_live_act\\vendor\\laravel\\framework\\src\\Illuminate\\Cookie\\Middleware\\AddQueuedCookiesToResponse.php(37): Illuminate\\Pipeline\\Pipeline->{closure:{closure:Illuminate\\Pipeline\\Pipeline::carry():158}:159}(Object(Illuminate\\Http\\Request))
#20 C:\\wamp64\\www\\maasin_live_act\\vendor\\laravel\\framework\\src\\Illuminate\\Pipeline\\Pipeline.php(183): Illuminate\\Cookie\\Middleware\\AddQueuedCookiesToResponse->handle(Object(Illuminate\\Http\\Request), Object(Closure))
#21 C:\\wamp64\\www\\maasin_live_act\\vendor\\laravel\\framework\\src\\Illuminate\\Cookie\\Middleware\\EncryptCookies.php(67): Illuminate\\Pipeline\\Pipeline->{closure:{closure:Illuminate\\Pipeline\\Pipeline::carry():158}:159}(Object(Illuminate\\Http\\Request))
#22 C:\\wamp64\\www\\maasin_live_act\\vendor\\laravel\\framework\\src\\Illuminate\\Pipeline\\Pipeline.php(183): Illuminate\\Cookie\\Middleware\\EncryptCookies->handle(Object(Illuminate\\Http\\Request), Object(Closure))
#23 C:\\wamp64\\www\\maasin_live_act\\vendor\\laravel\\framework\\src\\Illuminate\\Pipeline\\Pipeline.php(119): Illuminate\\Pipeline\\Pipeline->{closure:{closure:Illuminate\\Pipeline\\Pipeline::carry():158}:159}(Object(Illuminate\\Http\\Request))
#24 C:\\wamp64\\www\\maasin_live_act\\vendor\\laravel\\framework\\src\\Illuminate\\Routing\\Router.php(805): Illuminate\\Pipeline\\Pipeline->then(Object(Closure))
#25 C:\\wamp64\\www\\maasin_live_act\\vendor\\laravel\\framework\\src\\Illuminate\\Routing\\Router.php(784): Illuminate\\Routing\\Router->runRouteWithinStack(Object(Illuminate\\Routing\\Route), Object(Illuminate\\Http\\Request))
#26 C:\\wamp64\\www\\maasin_live_act\\vendor\\laravel\\framework\\src\\Illuminate\\Routing\\Router.php(748): Illuminate\\Routing\\Router->runRoute(Object(Illuminate\\Http\\Request), Object(Illuminate\\Routing\\Route))
#27 C:\\wamp64\\www\\maasin_live_act\\vendor\\laravel\\framework\\src\\Illuminate\\Routing\\Router.php(737): Illuminate\\Routing\\Router->dispatchToRoute(Object(Illuminate\\Http\\Request))
#28 C:\\wamp64\\www\\maasin_live_act\\vendor\\laravel\\framework\\src\\Illuminate\\Foundation\\Http\\Kernel.php(200): Illuminate\\Routing\\Router->dispatch(Object(Illuminate\\Http\\Request))
#29 C:\\wamp64\\www\\maasin_live_act\\vendor\\laravel\\framework\\src\\Illuminate\\Pipeline\\Pipeline.php(144): Illuminate\\Foundation\\Http\\Kernel->{closure:Illuminate\\Foundation\\Http\\Kernel::dispatchToRouter():197}(Object(Illuminate\\Http\\Request))
#30 C:\\wamp64\\www\\maasin_live_act\\vendor\\laravel\\framework\\src\\Illuminate\\Foundation\\Http\\Middleware\\TransformsRequest.php(21): Illuminate\\Pipeline\\Pipeline->{closure:Illuminate\\Pipeline\\Pipeline::prepareDestination():142}(Object(Illuminate\\Http\\Request))
#31 C:\\wamp64\\www\\maasin_live_act\\vendor\\laravel\\framework\\src\\Illuminate\\Foundation\\Http\\Middleware\\ConvertEmptyStringsToNull.php(31): Illuminate\\Foundation\\Http\\Middleware\\TransformsRequest->handle(Object(Illuminate\\Http\\Request), Object(Closure))
#32 C:\\wamp64\\www\\maasin_live_act\\vendor\\laravel\\framework\\src\\Illuminate\\Pipeline\\Pipeline.php(183): Illuminate\\Foundation\\Http\\Middleware\\ConvertEmptyStringsToNull->handle(Object(Illuminate\\Http\\Request), Object(Closure))
#33 C:\\wamp64\\www\\maasin_live_act\\vendor\\laravel\\framework\\src\\Illuminate\\Foundation\\Http\\Middleware\\TransformsRequest.php(21): Illuminate\\Pipeline\\Pipeline->{closure:{closure:Illuminate\\Pipeline\\Pipeline::carry():158}:159}(Object(Illuminate\\Http\\Request))
#34 C:\\wamp64\\www\\maasin_live_act\\vendor\\laravel\\framework\\src\\Illuminate\\Foundation\\Http\\Middleware\\TrimStrings.php(40): Illuminate\\Foundation\\Http\\Middleware\\TransformsRequest->handle(Object(Illuminate\\Http\\Request), Object(Closure))
#35 C:\\wamp64\\www\\maasin_live_act\\vendor\\laravel\\framework\\src\\Illuminate\\Pipeline\\Pipeline.php(183): Illuminate\\Foundation\\Http\\Middleware\\TrimStrings->handle(Object(Illuminate\\Http\\Request), Object(Closure))
#36 C:\\wamp64\\www\\maasin_live_act\\vendor\\laravel\\framework\\src\\Illuminate\\Foundation\\Http\\Middleware\\ValidatePostSize.php(27): Illuminate\\Pipeline\\Pipeline->{closure:{closure:Illuminate\\Pipeline\\Pipeline::carry():158}:159}(Object(Illuminate\\Http\\Request))
#37 C:\\wamp64\\www\\maasin_live_act\\vendor\\laravel\\framework\\src\\Illuminate\\Pipeline\\Pipeline.php(183): Illuminate\\Foundation\\Http\\Middleware\\ValidatePostSize->handle(Object(Illuminate\\Http\\Request), Object(Closure))
#38 C:\\wamp64\\www\\maasin_live_act\\vendor\\laravel\\framework\\src\\Illuminate\\Foundation\\Http\\Middleware\\PreventRequestsDuringMaintenance.php(99): Illuminate\\Pipeline\\Pipeline->{closure:{closure:Illuminate\\Pipeline\\Pipeline::carry():158}:159}(Object(Illuminate\\Http\\Request))
#39 C:\\wamp64\\www\\maasin_live_act\\vendor\\laravel\\framework\\src\\Illuminate\\Pipeline\\Pipeline.php(183): Illuminate\\Foundation\\Http\\Middleware\\PreventRequestsDuringMaintenance->handle(Object(Illuminate\\Http\\Request), Object(Closure))
#40 C:\\wamp64\\www\\maasin_live_act\\vendor\\laravel\\framework\\src\\Illuminate\\Http\\Middleware\\TrustProxies.php(39): Illuminate\\Pipeline\\Pipeline->{closure:{closure:Illuminate\\Pipeline\\Pipeline::carry():158}:159}(Object(Illuminate\\Http\\Request))
#41 C:\\wamp64\\www\\maasin_live_act\\vendor\\laravel\\framework\\src\\Illuminate\\Pipeline\\Pipeline.php(183): Illuminate\\Http\\Middleware\\TrustProxies->handle(Object(Illuminate\\Http\\Request), Object(Closure))
#42 C:\\wamp64\\www\\maasin_live_act\\vendor\\laravel\\framework\\src\\Illuminate\\Pipeline\\Pipeline.php(119): Illuminate\\Pipeline\\Pipeline->{closure:{closure:Illuminate\\Pipeline\\Pipeline::carry():158}:159}(Object(Illuminate\\Http\\Request))
#43 C:\\wamp64\\www\\maasin_live_act\\vendor\\laravel\\framework\\src\\Illuminate\\Foundation\\Http\\Kernel.php(175): Illuminate\\Pipeline\\Pipeline->then(Object(Closure))
#44 C:\\wamp64\\www\\maasin_live_act\\vendor\\laravel\\framework\\src\\Illuminate\\Foundation\\Http\\Kernel.php(144): Illuminate\\Foundation\\Http\\Kernel->sendRequestThroughRouter(Object(Illuminate\\Http\\Request))
#45 C:\\wamp64\\www\\maasin_live_act\\public\\index.php(54): Illuminate\\Foundation\\Http\\Kernel->handle(Object(Illuminate\\Http\\Request))
#46 {main}
"} 
[2025-10-04 16:17:34] local.ERROR: Cannot redeclare class App\MySession (previously declared in C:\wamp64\www\maasin_live_act\app\MySession.php:8) {"exception":"[object] (Symfony\\Component\\ErrorHandler\\Error\\FatalError(code: 0): Cannot redeclare class App\\MySession (previously declared in C:\\wamp64\\www\\maasin_live_act\\app\\MySession.php:8) at C:\\wamp64\\www\\maasin_live_act\\app\\Models\\MySession.php:8)
[stacktrace]
#0 C:\\wamp64\\www\\maasin_live_act\\vendor\\laravel\\framework\\src\\Illuminate\\Foundation\\Bootstrap\\HandleExceptions.php(244): Symfony\\Component\\ErrorHandler\\Error\\FatalError->__construct(message: ''Cannot redecla...', code: '0', error: '['type' => 64, ...', traceOffset: '0', traceArgs: '???', trace: '???')
#1 C:\\wamp64\\www\\maasin_live_act\\vendor\\laravel\\framework\\src\\Illuminate\\Foundation\\Bootstrap\\HandleExceptions.php(231): Illuminate\\Foundation\\Bootstrap\\HandleExceptions->fatalErrorFromPhpError(error: '['type' => 64, ...', traceOffset: '0')
#2 C:\\wamp64\\www\\maasin_live_act\\vendor\\laravel\\framework\\src\\Illuminate\\Foundation\\Bootstrap\\HandleExceptions.php(255): Illuminate\\Foundation\\Bootstrap\\HandleExceptions->handleShutdown()
#3 C:\\wamp64\\www\\maasin_live_act\\vendor\\laravel\\framework\\src\\Illuminate\\Foundation\\Bootstrap\\HandleExceptions.php(0): Illuminate\\Foundation\\Bootstrap\\HandleExceptions->{closure:C:\\wamp64\\www\\maasin_live_act\\vendor\\laravel\\framework\\src\\Illuminate\\Foundation\\Bootstrap\\HandleExceptions.php:254-256}()
#4 {main}
"} 
[2025-10-04 16:17:34] local.ERROR: Cannot redeclare class App\MySession (previously declared in C:\wamp64\www\maasin_live_act\app\MySession.php:8) {"exception":"[object] (Symfony\\Component\\ErrorHandler\\Error\\FatalError(code: 0): Cannot redeclare class App\\MySession (previously declared in C:\\wamp64\\www\\maasin_live_act\\app\\MySession.php:8) at C:\\wamp64\\www\\maasin_live_act\\app\\Models\\MySession.php:8)
[stacktrace]
#0 C:\\wamp64\\www\\maasin_live_act\\vendor\\laravel\\framework\\src\\Illuminate\\Foundation\\Bootstrap\\HandleExceptions.php(244): Symfony\\Component\\ErrorHandler\\Error\\FatalError->__construct(message: ''Cannot redecla...', code: '0', error: '['type' => 64, ...', traceOffset: '0', traceArgs: '???', trace: '???')
#1 C:\\wamp64\\www\\maasin_live_act\\vendor\\laravel\\framework\\src\\Illuminate\\Foundation\\Bootstrap\\HandleExceptions.php(231): Illuminate\\Foundation\\Bootstrap\\HandleExceptions->fatalErrorFromPhpError(error: '['type' => 64, ...', traceOffset: '0')
#2 C:\\wamp64\\www\\maasin_live_act\\vendor\\laravel\\framework\\src\\Illuminate\\Foundation\\Bootstrap\\HandleExceptions.php(255): Illuminate\\Foundation\\Bootstrap\\HandleExceptions->handleShutdown()
#3 C:\\wamp64\\www\\maasin_live_act\\vendor\\laravel\\framework\\src\\Illuminate\\Foundation\\Bootstrap\\HandleExceptions.php(0): Illuminate\\Foundation\\Bootstrap\\HandleExceptions->{closure:C:\\wamp64\\www\\maasin_live_act\\vendor\\laravel\\framework\\src\\Illuminate\\Foundation\\Bootstrap\\HandleExceptions.php:254-256}()
#4 {main}
"} 
[2025-10-04 16:18:33] local.ERROR: Cannot redeclare class App\MySession (previously declared in C:\wamp64\www\maasin_live_act\app\MySession.php:8) {"exception":"[object] (Symfony\\Component\\ErrorHandler\\Error\\FatalError(code: 0): Cannot redeclare class App\\MySession (previously declared in C:\\wamp64\\www\\maasin_live_act\\app\\MySession.php:8) at C:\\wamp64\\www\\maasin_live_act\\app\\Models\\MySession.php:8)
[stacktrace]
#0 C:\\wamp64\\www\\maasin_live_act\\vendor\\laravel\\framework\\src\\Illuminate\\Foundation\\Bootstrap\\HandleExceptions.php(244): Symfony\\Component\\ErrorHandler\\Error\\FatalError->__construct(message: ''Cannot redecla...', code: '0', error: '['type' => 64, ...', traceOffset: '0', traceArgs: '???', trace: '???')
#1 C:\\wamp64\\www\\maasin_live_act\\vendor\\laravel\\framework\\src\\Illuminate\\Foundation\\Bootstrap\\HandleExceptions.php(231): Illuminate\\Foundation\\Bootstrap\\HandleExceptions->fatalErrorFromPhpError(error: '['type' => 64, ...', traceOffset: '0')
#2 C:\\wamp64\\www\\maasin_live_act\\vendor\\laravel\\framework\\src\\Illuminate\\Foundation\\Bootstrap\\HandleExceptions.php(255): Illuminate\\Foundation\\Bootstrap\\HandleExceptions->handleShutdown()
#3 C:\\wamp64\\www\\maasin_live_act\\vendor\\laravel\\framework\\src\\Illuminate\\Foundation\\Bootstrap\\HandleExceptions.php(0): Illuminate\\Foundation\\Bootstrap\\HandleExceptions->{closure:C:\\wamp64\\www\\maasin_live_act\\vendor\\laravel\\framework\\src\\Illuminate\\Foundation\\Bootstrap\\HandleExceptions.php:254-256}()
#4 {main}
"} 
[2025-10-04 16:19:33] local.ERROR: Cannot redeclare class App\MySession (previously declared in C:\wamp64\www\maasin_live_act\app\MySession.php:8) {"exception":"[object] (Symfony\\Component\\ErrorHandler\\Error\\FatalError(code: 0): Cannot redeclare class App\\MySession (previously declared in C:\\wamp64\\www\\maasin_live_act\\app\\MySession.php:8) at C:\\wamp64\\www\\maasin_live_act\\app\\Models\\MySession.php:8)
[stacktrace]
#0 C:\\wamp64\\www\\maasin_live_act\\vendor\\laravel\\framework\\src\\Illuminate\\Foundation\\Bootstrap\\HandleExceptions.php(244): Symfony\\Component\\ErrorHandler\\Error\\FatalError->__construct(message: ''Cannot redecla...', code: '0', error: '['type' => 64, ...', traceOffset: '0', traceArgs: '???', trace: '???')
#1 C:\\wamp64\\www\\maasin_live_act\\vendor\\laravel\\framework\\src\\Illuminate\\Foundation\\Bootstrap\\HandleExceptions.php(231): Illuminate\\Foundation\\Bootstrap\\HandleExceptions->fatalErrorFromPhpError(error: '['type' => 64, ...', traceOffset: '0')
#2 C:\\wamp64\\www\\maasin_live_act\\vendor\\laravel\\framework\\src\\Illuminate\\Foundation\\Bootstrap\\HandleExceptions.php(255): Illuminate\\Foundation\\Bootstrap\\HandleExceptions->handleShutdown()
#3 C:\\wamp64\\www\\maasin_live_act\\vendor\\laravel\\framework\\src\\Illuminate\\Foundation\\Bootstrap\\HandleExceptions.php(0): Illuminate\\Foundation\\Bootstrap\\HandleExceptions->{closure:C:\\wamp64\\www\\maasin_live_act\\vendor\\laravel\\framework\\src\\Illuminate\\Foundation\\Bootstrap\\HandleExceptions.php:254-256}()
#4 {main}
"} 
[2025-10-04 16:20:33] local.ERROR: Cannot redeclare class App\MySession (previously declared in C:\wamp64\www\maasin_live_act\app\MySession.php:8) {"exception":"[object] (Symfony\\Component\\ErrorHandler\\Error\\FatalError(code: 0): Cannot redeclare class App\\MySession (previously declared in C:\\wamp64\\www\\maasin_live_act\\app\\MySession.php:8) at C:\\wamp64\\www\\maasin_live_act\\app\\Models\\MySession.php:8)
[stacktrace]
#0 C:\\wamp64\\www\\maasin_live_act\\vendor\\laravel\\framework\\src\\Illuminate\\Foundation\\Bootstrap\\HandleExceptions.php(244): Symfony\\Component\\ErrorHandler\\Error\\FatalError->__construct(message: ''Cannot redecla...', code: '0', error: '['type' => 64, ...', traceOffset: '0', traceArgs: '???', trace: '???')
#1 C:\\wamp64\\www\\maasin_live_act\\vendor\\laravel\\framework\\src\\Illuminate\\Foundation\\Bootstrap\\HandleExceptions.php(231): Illuminate\\Foundation\\Bootstrap\\HandleExceptions->fatalErrorFromPhpError(error: '['type' => 64, ...', traceOffset: '0')
#2 C:\\wamp64\\www\\maasin_live_act\\vendor\\laravel\\framework\\src\\Illuminate\\Foundation\\Bootstrap\\HandleExceptions.php(255): Illuminate\\Foundation\\Bootstrap\\HandleExceptions->handleShutdown()
#3 C:\\wamp64\\www\\maasin_live_act\\vendor\\laravel\\framework\\src\\Illuminate\\Foundation\\Bootstrap\\HandleExceptions.php(0): Illuminate\\Foundation\\Bootstrap\\HandleExceptions->{closure:C:\\wamp64\\www\\maasin_live_act\\vendor\\laravel\\framework\\src\\Illuminate\\Foundation\\Bootstrap\\HandleExceptions.php:254-256}()
#4 {main}
"} 
[2025-10-04 16:21:33] local.ERROR: Cannot redeclare class App\MySession (previously declared in C:\wamp64\www\maasin_live_act\app\MySession.php:8) {"exception":"[object] (Symfony\\Component\\ErrorHandler\\Error\\FatalError(code: 0): Cannot redeclare class App\\MySession (previously declared in C:\\wamp64\\www\\maasin_live_act\\app\\MySession.php:8) at C:\\wamp64\\www\\maasin_live_act\\app\\Models\\MySession.php:8)
[stacktrace]
#0 C:\\wamp64\\www\\maasin_live_act\\vendor\\laravel\\framework\\src\\Illuminate\\Foundation\\Bootstrap\\HandleExceptions.php(244): Symfony\\Component\\ErrorHandler\\Error\\FatalError->__construct(message: ''Cannot redecla...', code: '0', error: '['type' => 64, ...', traceOffset: '0', traceArgs: '???', trace: '???')
#1 C:\\wamp64\\www\\maasin_live_act\\vendor\\laravel\\framework\\src\\Illuminate\\Foundation\\Bootstrap\\HandleExceptions.php(231): Illuminate\\Foundation\\Bootstrap\\HandleExceptions->fatalErrorFromPhpError(error: '['type' => 64, ...', traceOffset: '0')
#2 C:\\wamp64\\www\\maasin_live_act\\vendor\\laravel\\framework\\src\\Illuminate\\Foundation\\Bootstrap\\HandleExceptions.php(255): Illuminate\\Foundation\\Bootstrap\\HandleExceptions->handleShutdown()
#3 C:\\wamp64\\www\\maasin_live_act\\vendor\\laravel\\framework\\src\\Illuminate\\Foundation\\Bootstrap\\HandleExceptions.php(0): Illuminate\\Foundation\\Bootstrap\\HandleExceptions->{closure:C:\\wamp64\\www\\maasin_live_act\\vendor\\laravel\\framework\\src\\Illuminate\\Foundation\\Bootstrap\\HandleExceptions.php:254-256}()
#4 {main}
"} 
[2025-10-04 16:22:33] local.ERROR: Cannot redeclare class App\MySession (previously declared in C:\wamp64\www\maasin_live_act\app\MySession.php:8) {"exception":"[object] (Symfony\\Component\\ErrorHandler\\Error\\FatalError(code: 0): Cannot redeclare class App\\MySession (previously declared in C:\\wamp64\\www\\maasin_live_act\\app\\MySession.php:8) at C:\\wamp64\\www\\maasin_live_act\\app\\Models\\MySession.php:8)
[stacktrace]
#0 C:\\wamp64\\www\\maasin_live_act\\vendor\\laravel\\framework\\src\\Illuminate\\Foundation\\Bootstrap\\HandleExceptions.php(244): Symfony\\Component\\ErrorHandler\\Error\\FatalError->__construct(message: ''Cannot redecla...', code: '0', error: '['type' => 64, ...', traceOffset: '0', traceArgs: '???', trace: '???')
#1 C:\\wamp64\\www\\maasin_live_act\\vendor\\laravel\\framework\\src\\Illuminate\\Foundation\\Bootstrap\\HandleExceptions.php(231): Illuminate\\Foundation\\Bootstrap\\HandleExceptions->fatalErrorFromPhpError(error: '['type' => 64, ...', traceOffset: '0')
#2 C:\\wamp64\\www\\maasin_live_act\\vendor\\laravel\\framework\\src\\Illuminate\\Foundation\\Bootstrap\\HandleExceptions.php(255): Illuminate\\Foundation\\Bootstrap\\HandleExceptions->handleShutdown()
#3 C:\\wamp64\\www\\maasin_live_act\\vendor\\laravel\\framework\\src\\Illuminate\\Foundation\\Bootstrap\\HandleExceptions.php(0): Illuminate\\Foundation\\Bootstrap\\HandleExceptions->{closure:C:\\wamp64\\www\\maasin_live_act\\vendor\\laravel\\framework\\src\\Illuminate\\Foundation\\Bootstrap\\HandleExceptions.php:254-256}()
#4 {main}
"} 
[2025-10-04 16:23:33] local.ERROR: Cannot redeclare class App\MySession (previously declared in C:\wamp64\www\maasin_live_act\app\MySession.php:8) {"exception":"[object] (Symfony\\Component\\ErrorHandler\\Error\\FatalError(code: 0): Cannot redeclare class App\\MySession (previously declared in C:\\wamp64\\www\\maasin_live_act\\app\\MySession.php:8) at C:\\wamp64\\www\\maasin_live_act\\app\\Models\\MySession.php:8)
[stacktrace]
#0 C:\\wamp64\\www\\maasin_live_act\\vendor\\laravel\\framework\\src\\Illuminate\\Foundation\\Bootstrap\\HandleExceptions.php(244): Symfony\\Component\\ErrorHandler\\Error\\FatalError->__construct(message: ''Cannot redecla...', code: '0', error: '['type' => 64, ...', traceOffset: '0', traceArgs: '???', trace: '???')
#1 C:\\wamp64\\www\\maasin_live_act\\vendor\\laravel\\framework\\src\\Illuminate\\Foundation\\Bootstrap\\HandleExceptions.php(231): Illuminate\\Foundation\\Bootstrap\\HandleExceptions->fatalErrorFromPhpError(error: '['type' => 64, ...', traceOffset: '0')
#2 C:\\wamp64\\www\\maasin_live_act\\vendor\\laravel\\framework\\src\\Illuminate\\Foundation\\Bootstrap\\HandleExceptions.php(255): Illuminate\\Foundation\\Bootstrap\\HandleExceptions->handleShutdown()
#3 C:\\wamp64\\www\\maasin_live_act\\vendor\\laravel\\framework\\src\\Illuminate\\Foundation\\Bootstrap\\HandleExceptions.php(0): Illuminate\\Foundation\\Bootstrap\\HandleExceptions->{closure:C:\\wamp64\\www\\maasin_live_act\\vendor\\laravel\\framework\\src\\Illuminate\\Foundation\\Bootstrap\\HandleExceptions.php:254-256}()
#4 {main}
"} 
[2025-10-04 16:24:33] local.ERROR: Cannot redeclare class App\MySession (previously declared in C:\wamp64\www\maasin_live_act\app\MySession.php:8) {"exception":"[object] (Symfony\\Component\\ErrorHandler\\Error\\FatalError(code: 0): Cannot redeclare class App\\MySession (previously declared in C:\\wamp64\\www\\maasin_live_act\\app\\MySession.php:8) at C:\\wamp64\\www\\maasin_live_act\\app\\Models\\MySession.php:8)
[stacktrace]
#0 C:\\wamp64\\www\\maasin_live_act\\vendor\\laravel\\framework\\src\\Illuminate\\Foundation\\Bootstrap\\HandleExceptions.php(244): Symfony\\Component\\ErrorHandler\\Error\\FatalError->__construct(message: ''Cannot redecla...', code: '0', error: '['type' => 64, ...', traceOffset: '0', traceArgs: '???', trace: '???')
#1 C:\\wamp64\\www\\maasin_live_act\\vendor\\laravel\\framework\\src\\Illuminate\\Foundation\\Bootstrap\\HandleExceptions.php(231): Illuminate\\Foundation\\Bootstrap\\HandleExceptions->fatalErrorFromPhpError(error: '['type' => 64, ...', traceOffset: '0')
#2 C:\\wamp64\\www\\maasin_live_act\\vendor\\laravel\\framework\\src\\Illuminate\\Foundation\\Bootstrap\\HandleExceptions.php(255): Illuminate\\Foundation\\Bootstrap\\HandleExceptions->handleShutdown()
#3 C:\\wamp64\\www\\maasin_live_act\\vendor\\laravel\\framework\\src\\Illuminate\\Foundation\\Bootstrap\\HandleExceptions.php(0): Illuminate\\Foundation\\Bootstrap\\HandleExceptions->{closure:C:\\wamp64\\www\\maasin_live_act\\vendor\\laravel\\framework\\src\\Illuminate\\Foundation\\Bootstrap\\HandleExceptions.php:254-256}()
#4 {main}
"} 
[2025-10-04 16:25:33] local.ERROR: Cannot redeclare class App\MySession (previously declared in C:\wamp64\www\maasin_live_act\app\MySession.php:8) {"exception":"[object] (Symfony\\Component\\ErrorHandler\\Error\\FatalError(code: 0): Cannot redeclare class App\\MySession (previously declared in C:\\wamp64\\www\\maasin_live_act\\app\\MySession.php:8) at C:\\wamp64\\www\\maasin_live_act\\app\\Models\\MySession.php:8)
[stacktrace]
#0 C:\\wamp64\\www\\maasin_live_act\\vendor\\laravel\\framework\\src\\Illuminate\\Foundation\\Bootstrap\\HandleExceptions.php(244): Symfony\\Component\\ErrorHandler\\Error\\FatalError->__construct(message: ''Cannot redecla...', code: '0', error: '['type' => 64, ...', traceOffset: '0', traceArgs: '???', trace: '???')
#1 C:\\wamp64\\www\\maasin_live_act\\vendor\\laravel\\framework\\src\\Illuminate\\Foundation\\Bootstrap\\HandleExceptions.php(231): Illuminate\\Foundation\\Bootstrap\\HandleExceptions->fatalErrorFromPhpError(error: '['type' => 64, ...', traceOffset: '0')
#2 C:\\wamp64\\www\\maasin_live_act\\vendor\\laravel\\framework\\src\\Illuminate\\Foundation\\Bootstrap\\HandleExceptions.php(255): Illuminate\\Foundation\\Bootstrap\\HandleExceptions->handleShutdown()
#3 C:\\wamp64\\www\\maasin_live_act\\vendor\\laravel\\framework\\src\\Illuminate\\Foundation\\Bootstrap\\HandleExceptions.php(0): Illuminate\\Foundation\\Bootstrap\\HandleExceptions->{closure:C:\\wamp64\\www\\maasin_live_act\\vendor\\laravel\\framework\\src\\Illuminate\\Foundation\\Bootstrap\\HandleExceptions.php:254-256}()
#4 {main}
"} 
[2025-10-04 16:26:33] local.ERROR: Cannot redeclare class App\MySession (previously declared in C:\wamp64\www\maasin_live_act\app\MySession.php:8) {"exception":"[object] (Symfony\\Component\\ErrorHandler\\Error\\FatalError(code: 0): Cannot redeclare class App\\MySession (previously declared in C:\\wamp64\\www\\maasin_live_act\\app\\MySession.php:8) at C:\\wamp64\\www\\maasin_live_act\\app\\Models\\MySession.php:8)
[stacktrace]
#0 C:\\wamp64\\www\\maasin_live_act\\vendor\\laravel\\framework\\src\\Illuminate\\Foundation\\Bootstrap\\HandleExceptions.php(244): Symfony\\Component\\ErrorHandler\\Error\\FatalError->__construct(message: ''Cannot redecla...', code: '0', error: '['type' => 64, ...', traceOffset: '0', traceArgs: '???', trace: '???')
#1 C:\\wamp64\\www\\maasin_live_act\\vendor\\laravel\\framework\\src\\Illuminate\\Foundation\\Bootstrap\\HandleExceptions.php(231): Illuminate\\Foundation\\Bootstrap\\HandleExceptions->fatalErrorFromPhpError(error: '['type' => 64, ...', traceOffset: '0')
#2 C:\\wamp64\\www\\maasin_live_act\\vendor\\laravel\\framework\\src\\Illuminate\\Foundation\\Bootstrap\\HandleExceptions.php(255): Illuminate\\Foundation\\Bootstrap\\HandleExceptions->handleShutdown()
#3 C:\\wamp64\\www\\maasin_live_act\\vendor\\laravel\\framework\\src\\Illuminate\\Foundation\\Bootstrap\\HandleExceptions.php(0): Illuminate\\Foundation\\Bootstrap\\HandleExceptions->{closure:C:\\wamp64\\www\\maasin_live_act\\vendor\\laravel\\framework\\src\\Illuminate\\Foundation\\Bootstrap\\HandleExceptions.php:254-256}()
#4 {main}
"} 
[2025-10-04 16:27:33] local.ERROR: Cannot redeclare class App\MySession (previously declared in C:\wamp64\www\maasin_live_act\app\MySession.php:8) {"exception":"[object] (Symfony\\Component\\ErrorHandler\\Error\\FatalError(code: 0): Cannot redeclare class App\\MySession (previously declared in C:\\wamp64\\www\\maasin_live_act\\app\\MySession.php:8) at C:\\wamp64\\www\\maasin_live_act\\app\\Models\\MySession.php:8)
[stacktrace]
#0 C:\\wamp64\\www\\maasin_live_act\\vendor\\laravel\\framework\\src\\Illuminate\\Foundation\\Bootstrap\\HandleExceptions.php(244): Symfony\\Component\\ErrorHandler\\Error\\FatalError->__construct(message: ''Cannot redecla...', code: '0', error: '['type' => 64, ...', traceOffset: '0', traceArgs: '???', trace: '???')
#1 C:\\wamp64\\www\\maasin_live_act\\vendor\\laravel\\framework\\src\\Illuminate\\Foundation\\Bootstrap\\HandleExceptions.php(231): Illuminate\\Foundation\\Bootstrap\\HandleExceptions->fatalErrorFromPhpError(error: '['type' => 64, ...', traceOffset: '0')
#2 C:\\wamp64\\www\\maasin_live_act\\vendor\\laravel\\framework\\src\\Illuminate\\Foundation\\Bootstrap\\HandleExceptions.php(255): Illuminate\\Foundation\\Bootstrap\\HandleExceptions->handleShutdown()
#3 C:\\wamp64\\www\\maasin_live_act\\vendor\\laravel\\framework\\src\\Illuminate\\Foundation\\Bootstrap\\HandleExceptions.php(0): Illuminate\\Foundation\\Bootstrap\\HandleExceptions->{closure:C:\\wamp64\\www\\maasin_live_act\\vendor\\laravel\\framework\\src\\Illuminate\\Foundation\\Bootstrap\\HandleExceptions.php:254-256}()
#4 {main}
"} 
[2025-10-04 16:28:33] local.ERROR: Cannot redeclare class App\MySession (previously declared in C:\wamp64\www\maasin_live_act\app\MySession.php:8) {"exception":"[object] (Symfony\\Component\\ErrorHandler\\Error\\FatalError(code: 0): Cannot redeclare class App\\MySession (previously declared in C:\\wamp64\\www\\maasin_live_act\\app\\MySession.php:8) at C:\\wamp64\\www\\maasin_live_act\\app\\Models\\MySession.php:8)
[stacktrace]
#0 C:\\wamp64\\www\\maasin_live_act\\vendor\\laravel\\framework\\src\\Illuminate\\Foundation\\Bootstrap\\HandleExceptions.php(244): Symfony\\Component\\ErrorHandler\\Error\\FatalError->__construct(message: ''Cannot redecla...', code: '0', error: '['type' => 64, ...', traceOffset: '0', traceArgs: '???', trace: '???')
#1 C:\\wamp64\\www\\maasin_live_act\\vendor\\laravel\\framework\\src\\Illuminate\\Foundation\\Bootstrap\\HandleExceptions.php(231): Illuminate\\Foundation\\Bootstrap\\HandleExceptions->fatalErrorFromPhpError(error: '['type' => 64, ...', traceOffset: '0')
#2 C:\\wamp64\\www\\maasin_live_act\\vendor\\laravel\\framework\\src\\Illuminate\\Foundation\\Bootstrap\\HandleExceptions.php(255): Illuminate\\Foundation\\Bootstrap\\HandleExceptions->handleShutdown()
#3 C:\\wamp64\\www\\maasin_live_act\\vendor\\laravel\\framework\\src\\Illuminate\\Foundation\\Bootstrap\\HandleExceptions.php(0): Illuminate\\Foundation\\Bootstrap\\HandleExceptions->{closure:C:\\wamp64\\www\\maasin_live_act\\vendor\\laravel\\framework\\src\\Illuminate\\Foundation\\Bootstrap\\HandleExceptions.php:254-256}()
#4 {main}
"} 
[2025-10-04 16:29:33] local.ERROR: Cannot redeclare class App\MySession (previously declared in C:\wamp64\www\maasin_live_act\app\MySession.php:8) {"exception":"[object] (Symfony\\Component\\ErrorHandler\\Error\\FatalError(code: 0): Cannot redeclare class App\\MySession (previously declared in C:\\wamp64\\www\\maasin_live_act\\app\\MySession.php:8) at C:\\wamp64\\www\\maasin_live_act\\app\\Models\\MySession.php:8)
[stacktrace]
#0 C:\\wamp64\\www\\maasin_live_act\\vendor\\laravel\\framework\\src\\Illuminate\\Foundation\\Bootstrap\\HandleExceptions.php(244): Symfony\\Component\\ErrorHandler\\Error\\FatalError->__construct(message: ''Cannot redecla...', code: '0', error: '['type' => 64, ...', traceOffset: '0', traceArgs: '???', trace: '???')
#1 C:\\wamp64\\www\\maasin_live_act\\vendor\\laravel\\framework\\src\\Illuminate\\Foundation\\Bootstrap\\HandleExceptions.php(231): Illuminate\\Foundation\\Bootstrap\\HandleExceptions->fatalErrorFromPhpError(error: '['type' => 64, ...', traceOffset: '0')
#2 C:\\wamp64\\www\\maasin_live_act\\vendor\\laravel\\framework\\src\\Illuminate\\Foundation\\Bootstrap\\HandleExceptions.php(255): Illuminate\\Foundation\\Bootstrap\\HandleExceptions->handleShutdown()
#3 C:\\wamp64\\www\\maasin_live_act\\vendor\\laravel\\framework\\src\\Illuminate\\Foundation\\Bootstrap\\HandleExceptions.php(0): Illuminate\\Foundation\\Bootstrap\\HandleExceptions->{closure:C:\\wamp64\\www\\maasin_live_act\\vendor\\laravel\\framework\\src\\Illuminate\\Foundation\\Bootstrap\\HandleExceptions.php:254-256}()
#4 {main}
"} 
[2025-10-04 16:30:33] local.ERROR: Cannot redeclare class App\MySession (previously declared in C:\wamp64\www\maasin_live_act\app\MySession.php:8) {"exception":"[object] (Symfony\\Component\\ErrorHandler\\Error\\FatalError(code: 0): Cannot redeclare class App\\MySession (previously declared in C:\\wamp64\\www\\maasin_live_act\\app\\MySession.php:8) at C:\\wamp64\\www\\maasin_live_act\\app\\Models\\MySession.php:8)
[stacktrace]
#0 C:\\wamp64\\www\\maasin_live_act\\vendor\\laravel\\framework\\src\\Illuminate\\Foundation\\Bootstrap\\HandleExceptions.php(244): Symfony\\Component\\ErrorHandler\\Error\\FatalError->__construct(message: ''Cannot redecla...', code: '0', error: '['type' => 64, ...', traceOffset: '0', traceArgs: '???', trace: '???')
#1 C:\\wamp64\\www\\maasin_live_act\\vendor\\laravel\\framework\\src\\Illuminate\\Foundation\\Bootstrap\\HandleExceptions.php(231): Illuminate\\Foundation\\Bootstrap\\HandleExceptions->fatalErrorFromPhpError(error: '['type' => 64, ...', traceOffset: '0')
#2 C:\\wamp64\\www\\maasin_live_act\\vendor\\laravel\\framework\\src\\Illuminate\\Foundation\\Bootstrap\\HandleExceptions.php(255): Illuminate\\Foundation\\Bootstrap\\HandleExceptions->handleShutdown()
#3 C:\\wamp64\\www\\maasin_live_act\\vendor\\laravel\\framework\\src\\Illuminate\\Foundation\\Bootstrap\\HandleExceptions.php(0): Illuminate\\Foundation\\Bootstrap\\HandleExceptions->{closure:C:\\wamp64\\www\\maasin_live_act\\vendor\\laravel\\framework\\src\\Illuminate\\Foundation\\Bootstrap\\HandleExceptions.php:254-256}()
#4 {main}
"} 
[2025-10-04 16:31:33] local.ERROR: Cannot redeclare class App\MySession (previously declared in C:\wamp64\www\maasin_live_act\app\MySession.php:8) {"exception":"[object] (Symfony\\Component\\ErrorHandler\\Error\\FatalError(code: 0): Cannot redeclare class App\\MySession (previously declared in C:\\wamp64\\www\\maasin_live_act\\app\\MySession.php:8) at C:\\wamp64\\www\\maasin_live_act\\app\\Models\\MySession.php:8)
[stacktrace]
#0 C:\\wamp64\\www\\maasin_live_act\\vendor\\laravel\\framework\\src\\Illuminate\\Foundation\\Bootstrap\\HandleExceptions.php(244): Symfony\\Component\\ErrorHandler\\Error\\FatalError->__construct(message: ''Cannot redecla...', code: '0', error: '['type' => 64, ...', traceOffset: '0', traceArgs: '???', trace: '???')
#1 C:\\wamp64\\www\\maasin_live_act\\vendor\\laravel\\framework\\src\\Illuminate\\Foundation\\Bootstrap\\HandleExceptions.php(231): Illuminate\\Foundation\\Bootstrap\\HandleExceptions->fatalErrorFromPhpError(error: '['type' => 64, ...', traceOffset: '0')
#2 C:\\wamp64\\www\\maasin_live_act\\vendor\\laravel\\framework\\src\\Illuminate\\Foundation\\Bootstrap\\HandleExceptions.php(255): Illuminate\\Foundation\\Bootstrap\\HandleExceptions->handleShutdown()
#3 C:\\wamp64\\www\\maasin_live_act\\vendor\\laravel\\framework\\src\\Illuminate\\Foundation\\Bootstrap\\HandleExceptions.php(0): Illuminate\\Foundation\\Bootstrap\\HandleExceptions->{closure:C:\\wamp64\\www\\maasin_live_act\\vendor\\laravel\\framework\\src\\Illuminate\\Foundation\\Bootstrap\\HandleExceptions.php:254-256}()
#4 {main}
"} 
[2025-10-04 16:32:33] local.ERROR: Cannot redeclare class App\MySession (previously declared in C:\wamp64\www\maasin_live_act\app\MySession.php:8) {"exception":"[object] (Symfony\\Component\\ErrorHandler\\Error\\FatalError(code: 0): Cannot redeclare class App\\MySession (previously declared in C:\\wamp64\\www\\maasin_live_act\\app\\MySession.php:8) at C:\\wamp64\\www\\maasin_live_act\\app\\Models\\MySession.php:8)
[stacktrace]
#0 C:\\wamp64\\www\\maasin_live_act\\vendor\\laravel\\framework\\src\\Illuminate\\Foundation\\Bootstrap\\HandleExceptions.php(244): Symfony\\Component\\ErrorHandler\\Error\\FatalError->__construct(message: ''Cannot redecla...', code: '0', error: '['type' => 64, ...', traceOffset: '0', traceArgs: '???', trace: '???')
#1 C:\\wamp64\\www\\maasin_live_act\\vendor\\laravel\\framework\\src\\Illuminate\\Foundation\\Bootstrap\\HandleExceptions.php(231): Illuminate\\Foundation\\Bootstrap\\HandleExceptions->fatalErrorFromPhpError(error: '['type' => 64, ...', traceOffset: '0')
#2 C:\\wamp64\\www\\maasin_live_act\\vendor\\laravel\\framework\\src\\Illuminate\\Foundation\\Bootstrap\\HandleExceptions.php(255): Illuminate\\Foundation\\Bootstrap\\HandleExceptions->handleShutdown()
#3 C:\\wamp64\\www\\maasin_live_act\\vendor\\laravel\\framework\\src\\Illuminate\\Foundation\\Bootstrap\\HandleExceptions.php(0): Illuminate\\Foundation\\Bootstrap\\HandleExceptions->{closure:C:\\wamp64\\www\\maasin_live_act\\vendor\\laravel\\framework\\src\\Illuminate\\Foundation\\Bootstrap\\HandleExceptions.php:254-256}()
#4 {main}
"} 
[2025-10-04 16:33:33] local.ERROR: Cannot redeclare class App\MySession (previously declared in C:\wamp64\www\maasin_live_act\app\MySession.php:8) {"exception":"[object] (Symfony\\Component\\ErrorHandler\\Error\\FatalError(code: 0): Cannot redeclare class App\\MySession (previously declared in C:\\wamp64\\www\\maasin_live_act\\app\\MySession.php:8) at C:\\wamp64\\www\\maasin_live_act\\app\\Models\\MySession.php:8)
[stacktrace]
#0 C:\\wamp64\\www\\maasin_live_act\\vendor\\laravel\\framework\\src\\Illuminate\\Foundation\\Bootstrap\\HandleExceptions.php(244): Symfony\\Component\\ErrorHandler\\Error\\FatalError->__construct(message: ''Cannot redecla...', code: '0', error: '['type' => 64, ...', traceOffset: '0', traceArgs: '???', trace: '???')
#1 C:\\wamp64\\www\\maasin_live_act\\vendor\\laravel\\framework\\src\\Illuminate\\Foundation\\Bootstrap\\HandleExceptions.php(231): Illuminate\\Foundation\\Bootstrap\\HandleExceptions->fatalErrorFromPhpError(error: '['type' => 64, ...', traceOffset: '0')
#2 C:\\wamp64\\www\\maasin_live_act\\vendor\\laravel\\framework\\src\\Illuminate\\Foundation\\Bootstrap\\HandleExceptions.php(255): Illuminate\\Foundation\\Bootstrap\\HandleExceptions->handleShutdown()
#3 C:\\wamp64\\www\\maasin_live_act\\vendor\\laravel\\framework\\src\\Illuminate\\Foundation\\Bootstrap\\HandleExceptions.php(0): Illuminate\\Foundation\\Bootstrap\\HandleExceptions->{closure:C:\\wamp64\\www\\maasin_live_act\\vendor\\laravel\\framework\\src\\Illuminate\\Foundation\\Bootstrap\\HandleExceptions.php:254-256}()
#4 {main}
"} 
[2025-10-04 16:34:33] local.ERROR: Cannot redeclare class App\MySession (previously declared in C:\wamp64\www\maasin_live_act\app\MySession.php:8) {"exception":"[object] (Symfony\\Component\\ErrorHandler\\Error\\FatalError(code: 0): Cannot redeclare class App\\MySession (previously declared in C:\\wamp64\\www\\maasin_live_act\\app\\MySession.php:8) at C:\\wamp64\\www\\maasin_live_act\\app\\Models\\MySession.php:8)
[stacktrace]
#0 C:\\wamp64\\www\\maasin_live_act\\vendor\\laravel\\framework\\src\\Illuminate\\Foundation\\Bootstrap\\HandleExceptions.php(244): Symfony\\Component\\ErrorHandler\\Error\\FatalError->__construct(message: ''Cannot redecla...', code: '0', error: '['type' => 64, ...', traceOffset: '0', traceArgs: '???', trace: '???')
#1 C:\\wamp64\\www\\maasin_live_act\\vendor\\laravel\\framework\\src\\Illuminate\\Foundation\\Bootstrap\\HandleExceptions.php(231): Illuminate\\Foundation\\Bootstrap\\HandleExceptions->fatalErrorFromPhpError(error: '['type' => 64, ...', traceOffset: '0')
#2 C:\\wamp64\\www\\maasin_live_act\\vendor\\laravel\\framework\\src\\Illuminate\\Foundation\\Bootstrap\\HandleExceptions.php(255): Illuminate\\Foundation\\Bootstrap\\HandleExceptions->handleShutdown()
#3 C:\\wamp64\\www\\maasin_live_act\\vendor\\laravel\\framework\\src\\Illuminate\\Foundation\\Bootstrap\\HandleExceptions.php(0): Illuminate\\Foundation\\Bootstrap\\HandleExceptions->{closure:C:\\wamp64\\www\\maasin_live_act\\vendor\\laravel\\framework\\src\\Illuminate\\Foundation\\Bootstrap\\HandleExceptions.php:254-256}()
#4 {main}
"} 
[2025-10-04 16:35:33] local.ERROR: Cannot redeclare class App\MySession (previously declared in C:\wamp64\www\maasin_live_act\app\MySession.php:8) {"exception":"[object] (Symfony\\Component\\ErrorHandler\\Error\\FatalError(code: 0): Cannot redeclare class App\\MySession (previously declared in C:\\wamp64\\www\\maasin_live_act\\app\\MySession.php:8) at C:\\wamp64\\www\\maasin_live_act\\app\\Models\\MySession.php:8)
[stacktrace]
#0 C:\\wamp64\\www\\maasin_live_act\\vendor\\laravel\\framework\\src\\Illuminate\\Foundation\\Bootstrap\\HandleExceptions.php(244): Symfony\\Component\\ErrorHandler\\Error\\FatalError->__construct(message: ''Cannot redecla...', code: '0', error: '['type' => 64, ...', traceOffset: '0', traceArgs: '???', trace: '???')
#1 C:\\wamp64\\www\\maasin_live_act\\vendor\\laravel\\framework\\src\\Illuminate\\Foundation\\Bootstrap\\HandleExceptions.php(231): Illuminate\\Foundation\\Bootstrap\\HandleExceptions->fatalErrorFromPhpError(error: '['type' => 64, ...', traceOffset: '0')
#2 C:\\wamp64\\www\\maasin_live_act\\vendor\\laravel\\framework\\src\\Illuminate\\Foundation\\Bootstrap\\HandleExceptions.php(255): Illuminate\\Foundation\\Bootstrap\\HandleExceptions->handleShutdown()
#3 C:\\wamp64\\www\\maasin_live_act\\vendor\\laravel\\framework\\src\\Illuminate\\Foundation\\Bootstrap\\HandleExceptions.php(0): Illuminate\\Foundation\\Bootstrap\\HandleExceptions->{closure:C:\\wamp64\\www\\maasin_live_act\\vendor\\laravel\\framework\\src\\Illuminate\\Foundation\\Bootstrap\\HandleExceptions.php:254-256}()
#4 {main}
"} 
[2025-10-04 16:36:33] local.ERROR: Cannot redeclare class App\MySession (previously declared in C:\wamp64\www\maasin_live_act\app\MySession.php:8) {"exception":"[object] (Symfony\\Component\\ErrorHandler\\Error\\FatalError(code: 0): Cannot redeclare class App\\MySession (previously declared in C:\\wamp64\\www\\maasin_live_act\\app\\MySession.php:8) at C:\\wamp64\\www\\maasin_live_act\\app\\Models\\MySession.php:8)
[stacktrace]
#0 C:\\wamp64\\www\\maasin_live_act\\vendor\\laravel\\framework\\src\\Illuminate\\Foundation\\Bootstrap\\HandleExceptions.php(244): Symfony\\Component\\ErrorHandler\\Error\\FatalError->__construct(message: ''Cannot redecla...', code: '0', error: '['type' => 64, ...', traceOffset: '0', traceArgs: '???', trace: '???')
#1 C:\\wamp64\\www\\maasin_live_act\\vendor\\laravel\\framework\\src\\Illuminate\\Foundation\\Bootstrap\\HandleExceptions.php(231): Illuminate\\Foundation\\Bootstrap\\HandleExceptions->fatalErrorFromPhpError(error: '['type' => 64, ...', traceOffset: '0')
#2 C:\\wamp64\\www\\maasin_live_act\\vendor\\laravel\\framework\\src\\Illuminate\\Foundation\\Bootstrap\\HandleExceptions.php(255): Illuminate\\Foundation\\Bootstrap\\HandleExceptions->handleShutdown()
#3 C:\\wamp64\\www\\maasin_live_act\\vendor\\laravel\\framework\\src\\Illuminate\\Foundation\\Bootstrap\\HandleExceptions.php(0): Illuminate\\Foundation\\Bootstrap\\HandleExceptions->{closure:C:\\wamp64\\www\\maasin_live_act\\vendor\\laravel\\framework\\src\\Illuminate\\Foundation\\Bootstrap\\HandleExceptions.php:254-256}()
#4 {main}
>>>>>>> 9dddee03e882b2b107bd00071229bb4dc4b5a03e
"} 
