[2025-09-24 07:12:49] local.ERROR: Cannot redeclare class App\MySession (previously declared in C:\wamp64\www\maasin_live_act\app\MySession.php:8) {"exception":"[object] (Symfony\\Component\\ErrorHandler\\Error\\FatalError(code: 0): Cannot redeclare class App\\MySession (previously declared in C:\\wamp64\\www\\maasin_live_act\\app\\MySession.php:8) at C:\\wamp64\\www\\maasin_live_act\\app\\Models\\MySession.php:8)
[stacktrace]
#0 C:\\wamp64\\www\\maasin_live_act\\vendor\\laravel\\framework\\src\\Illuminate\\Foundation\\Bootstrap\\HandleExceptions.php(244): Symfony\\Component\\ErrorHandler\\Error\\FatalError->__construct(message: ''Cannot redecla...', code: '0', error: '['type' => 64, ...', traceOffset: '0', traceArgs: '???', trace: '???')
#1 C:\\wamp64\\www\\maasin_live_act\\vendor\\laravel\\framework\\src\\Illuminate\\Foundation\\Bootstrap\\HandleExceptions.php(231): Illuminate\\Foundation\\Bootstrap\\HandleExceptions->fatalErrorFromPhpError(error: '['type' => 64, ...', traceOffset: '0')
#2 C:\\wamp64\\www\\maasin_live_act\\vendor\\laravel\\framework\\src\\Illuminate\\Foundation\\Bootstrap\\HandleExceptions.php(255): Illuminate\\Foundation\\Bootstrap\\HandleExceptions->handleShutdown()
#3 C:\\wamp64\\www\\maasin_live_act\\vendor\\laravel\\framework\\src\\Illuminate\\Foundation\\Bootstrap\\HandleExceptions.php(0): Illuminate\\Foundation\\Bootstrap\\HandleExceptions->{closure:C:\\wamp64\\www\\maasin_live_act\\vendor\\laravel\\framework\\src\\Illuminate\\Foundation\\Bootstrap\\HandleExceptions.php:254-256}()
#4 {main}
"} 
[2025-09-24 07:13:25] local.ERROR: Cannot redeclare class App\MySession (previously declared in C:\wamp64\www\maasin_live_act\app\MySession.php:8) {"exception":"[object] (Symfony\\Component\\ErrorHandler\\Error\\FatalError(code: 0): Cannot redeclare class App\\MySession (previously declared in C:\\wamp64\\www\\maasin_live_act\\app\\MySession.php:8) at C:\\wamp64\\www\\maasin_live_act\\app\\Models\\MySession.php:8)
[stacktrace]
#0 C:\\wamp64\\www\\maasin_live_act\\vendor\\laravel\\framework\\src\\Illuminate\\Foundation\\Bootstrap\\HandleExceptions.php(244): Symfony\\Component\\ErrorHandler\\Error\\FatalError->__construct(message: ''Cannot redecla...', code: '0', error: '['type' => 64, ...', traceOffset: '0', traceArgs: '???', trace: '???')
#1 C:\\wamp64\\www\\maasin_live_act\\vendor\\laravel\\framework\\src\\Illuminate\\Foundation\\Bootstrap\\HandleExceptions.php(231): Illuminate\\Foundation\\Bootstrap\\HandleExceptions->fatalErrorFromPhpError(error: '['type' => 64, ...', traceOffset: '0')
#2 C:\\wamp64\\www\\maasin_live_act\\vendor\\laravel\\framework\\src\\Illuminate\\Foundation\\Bootstrap\\HandleExceptions.php(255): Illuminate\\Foundation\\Bootstrap\\HandleExceptions->handleShutdown()
#3 C:\\wamp64\\www\\maasin_live_act\\vendor\\laravel\\framework\\src\\Illuminate\\Foundation\\Bootstrap\\HandleExceptions.php(0): Illuminate\\Foundation\\Bootstrap\\HandleExceptions->{closure:C:\\wamp64\\www\\maasin_live_act\\vendor\\laravel\\framework\\src\\Illuminate\\Foundation\\Bootstrap\\HandleExceptions.php:254-256}()
#4 {main}
"} 
[2025-09-24 07:14:25] local.ERROR: Cannot redeclare class App\MySession (previously declared in C:\wamp64\www\maasin_live_act\app\MySession.php:8) {"exception":"[object] (Symfony\\Component\\ErrorHandler\\Error\\FatalError(code: 0): Cannot redeclare class App\\MySession (previously declared in C:\\wamp64\\www\\maasin_live_act\\app\\MySession.php:8) at C:\\wamp64\\www\\maasin_live_act\\app\\Models\\MySession.php:8)
[stacktrace]
#0 C:\\wamp64\\www\\maasin_live_act\\vendor\\laravel\\framework\\src\\Illuminate\\Foundation\\Bootstrap\\HandleExceptions.php(244): Symfony\\Component\\ErrorHandler\\Error\\FatalError->__construct(message: ''Cannot redecla...', code: '0', error: '['type' => 64, ...', traceOffset: '0', traceArgs: '???', trace: '???')
#1 C:\\wamp64\\www\\maasin_live_act\\vendor\\laravel\\framework\\src\\Illuminate\\Foundation\\Bootstrap\\HandleExceptions.php(231): Illuminate\\Foundation\\Bootstrap\\HandleExceptions->fatalErrorFromPhpError(error: '['type' => 64, ...', traceOffset: '0')
#2 C:\\wamp64\\www\\maasin_live_act\\vendor\\laravel\\framework\\src\\Illuminate\\Foundation\\Bootstrap\\HandleExceptions.php(255): Illuminate\\Foundation\\Bootstrap\\HandleExceptions->handleShutdown()
#3 C:\\wamp64\\www\\maasin_live_act\\vendor\\laravel\\framework\\src\\Illuminate\\Foundation\\Bootstrap\\HandleExceptions.php(0): Illuminate\\Foundation\\Bootstrap\\HandleExceptions->{closure:C:\\wamp64\\www\\maasin_live_act\\vendor\\laravel\\framework\\src\\Illuminate\\Foundation\\Bootstrap\\HandleExceptions.php:254-256}()
#4 {main}
"} 
[2025-09-24 07:15:25] local.ERROR: Cannot redeclare class App\MySession (previously declared in C:\wamp64\www\maasin_live_act\app\MySession.php:8) {"exception":"[object] (Symfony\\Component\\ErrorHandler\\Error\\FatalError(code: 0): Cannot redeclare class App\\MySession (previously declared in C:\\wamp64\\www\\maasin_live_act\\app\\MySession.php:8) at C:\\wamp64\\www\\maasin_live_act\\app\\Models\\MySession.php:8)
[stacktrace]
#0 C:\\wamp64\\www\\maasin_live_act\\vendor\\laravel\\framework\\src\\Illuminate\\Foundation\\Bootstrap\\HandleExceptions.php(244): Symfony\\Component\\ErrorHandler\\Error\\FatalError->__construct(message: ''Cannot redecla...', code: '0', error: '['type' => 64, ...', traceOffset: '0', traceArgs: '???', trace: '???')
#1 C:\\wamp64\\www\\maasin_live_act\\vendor\\laravel\\framework\\src\\Illuminate\\Foundation\\Bootstrap\\HandleExceptions.php(231): Illuminate\\Foundation\\Bootstrap\\HandleExceptions->fatalErrorFromPhpError(error: '['type' => 64, ...', traceOffset: '0')
#2 C:\\wamp64\\www\\maasin_live_act\\vendor\\laravel\\framework\\src\\Illuminate\\Foundation\\Bootstrap\\HandleExceptions.php(255): Illuminate\\Foundation\\Bootstrap\\HandleExceptions->handleShutdown()
#3 C:\\wamp64\\www\\maasin_live_act\\vendor\\laravel\\framework\\src\\Illuminate\\Foundation\\Bootstrap\\HandleExceptions.php(0): Illuminate\\Foundation\\Bootstrap\\HandleExceptions->{closure:C:\\wamp64\\www\\maasin_live_act\\vendor\\laravel\\framework\\src\\Illuminate\\Foundation\\Bootstrap\\HandleExceptions.php:254-256}()
#4 {main}
"} 
[2025-09-24 07:16:25] local.ERROR: Cannot redeclare class App\MySession (previously declared in C:\wamp64\www\maasin_live_act\app\MySession.php:8) {"exception":"[object] (Symfony\\Component\\ErrorHandler\\Error\\FatalError(code: 0): Cannot redeclare class App\\MySession (previously declared in C:\\wamp64\\www\\maasin_live_act\\app\\MySession.php:8) at C:\\wamp64\\www\\maasin_live_act\\app\\Models\\MySession.php:8)
[stacktrace]
#0 C:\\wamp64\\www\\maasin_live_act\\vendor\\laravel\\framework\\src\\Illuminate\\Foundation\\Bootstrap\\HandleExceptions.php(244): Symfony\\Component\\ErrorHandler\\Error\\FatalError->__construct(message: ''Cannot redecla...', code: '0', error: '['type' => 64, ...', traceOffset: '0', traceArgs: '???', trace: '???')
#1 C:\\wamp64\\www\\maasin_live_act\\vendor\\laravel\\framework\\src\\Illuminate\\Foundation\\Bootstrap\\HandleExceptions.php(231): Illuminate\\Foundation\\Bootstrap\\HandleExceptions->fatalErrorFromPhpError(error: '['type' => 64, ...', traceOffset: '0')
#2 C:\\wamp64\\www\\maasin_live_act\\vendor\\laravel\\framework\\src\\Illuminate\\Foundation\\Bootstrap\\HandleExceptions.php(255): Illuminate\\Foundation\\Bootstrap\\HandleExceptions->handleShutdown()
#3 C:\\wamp64\\www\\maasin_live_act\\vendor\\laravel\\framework\\src\\Illuminate\\Foundation\\Bootstrap\\HandleExceptions.php(0): Illuminate\\Foundation\\Bootstrap\\HandleExceptions->{closure:C:\\wamp64\\www\\maasin_live_act\\vendor\\laravel\\framework\\src\\Illuminate\\Foundation\\Bootstrap\\HandleExceptions.php:254-256}()
#4 {main}
"} 
[2025-09-24 07:17:25] local.ERROR: Cannot redeclare class App\MySession (previously declared in C:\wamp64\www\maasin_live_act\app\MySession.php:8) {"exception":"[object] (Symfony\\Component\\ErrorHandler\\Error\\FatalError(code: 0): Cannot redeclare class App\\MySession (previously declared in C:\\wamp64\\www\\maasin_live_act\\app\\MySession.php:8) at C:\\wamp64\\www\\maasin_live_act\\app\\Models\\MySession.php:8)
[stacktrace]
#0 C:\\wamp64\\www\\maasin_live_act\\vendor\\laravel\\framework\\src\\Illuminate\\Foundation\\Bootstrap\\HandleExceptions.php(244): Symfony\\Component\\ErrorHandler\\Error\\FatalError->__construct(message: ''Cannot redecla...', code: '0', error: '['type' => 64, ...', traceOffset: '0', traceArgs: '???', trace: '???')
#1 C:\\wamp64\\www\\maasin_live_act\\vendor\\laravel\\framework\\src\\Illuminate\\Foundation\\Bootstrap\\HandleExceptions.php(231): Illuminate\\Foundation\\Bootstrap\\HandleExceptions->fatalErrorFromPhpError(error: '['type' => 64, ...', traceOffset: '0')
#2 C:\\wamp64\\www\\maasin_live_act\\vendor\\laravel\\framework\\src\\Illuminate\\Foundation\\Bootstrap\\HandleExceptions.php(255): Illuminate\\Foundation\\Bootstrap\\HandleExceptions->handleShutdown()
#3 C:\\wamp64\\www\\maasin_live_act\\vendor\\laravel\\framework\\src\\Illuminate\\Foundation\\Bootstrap\\HandleExceptions.php(0): Illuminate\\Foundation\\Bootstrap\\HandleExceptions->{closure:C:\\wamp64\\www\\maasin_live_act\\vendor\\laravel\\framework\\src\\Illuminate\\Foundation\\Bootstrap\\HandleExceptions.php:254-256}()
#4 {main}
"} 
[2025-09-24 07:18:25] local.ERROR: Cannot redeclare class App\MySession (previously declared in C:\wamp64\www\maasin_live_act\app\MySession.php:8) {"exception":"[object] (Symfony\\Component\\ErrorHandler\\Error\\FatalError(code: 0): Cannot redeclare class App\\MySession (previously declared in C:\\wamp64\\www\\maasin_live_act\\app\\MySession.php:8) at C:\\wamp64\\www\\maasin_live_act\\app\\Models\\MySession.php:8)
[stacktrace]
#0 C:\\wamp64\\www\\maasin_live_act\\vendor\\laravel\\framework\\src\\Illuminate\\Foundation\\Bootstrap\\HandleExceptions.php(244): Symfony\\Component\\ErrorHandler\\Error\\FatalError->__construct(message: ''Cannot redecla...', code: '0', error: '['type' => 64, ...', traceOffset: '0', traceArgs: '???', trace: '???')
#1 C:\\wamp64\\www\\maasin_live_act\\vendor\\laravel\\framework\\src\\Illuminate\\Foundation\\Bootstrap\\HandleExceptions.php(231): Illuminate\\Foundation\\Bootstrap\\HandleExceptions->fatalErrorFromPhpError(error: '['type' => 64, ...', traceOffset: '0')
#2 C:\\wamp64\\www\\maasin_live_act\\vendor\\laravel\\framework\\src\\Illuminate\\Foundation\\Bootstrap\\HandleExceptions.php(255): Illuminate\\Foundation\\Bootstrap\\HandleExceptions->handleShutdown()
#3 C:\\wamp64\\www\\maasin_live_act\\vendor\\laravel\\framework\\src\\Illuminate\\Foundation\\Bootstrap\\HandleExceptions.php(0): Illuminate\\Foundation\\Bootstrap\\HandleExceptions->{closure:C:\\wamp64\\www\\maasin_live_act\\vendor\\laravel\\framework\\src\\Illuminate\\Foundation\\Bootstrap\\HandleExceptions.php:254-256}()
#4 {main}
"} 
[2025-09-24 07:19:25] local.ERROR: Cannot redeclare class App\MySession (previously declared in C:\wamp64\www\maasin_live_act\app\MySession.php:8) {"exception":"[object] (Symfony\\Component\\ErrorHandler\\Error\\FatalError(code: 0): Cannot redeclare class App\\MySession (previously declared in C:\\wamp64\\www\\maasin_live_act\\app\\MySession.php:8) at C:\\wamp64\\www\\maasin_live_act\\app\\Models\\MySession.php:8)
[stacktrace]
#0 C:\\wamp64\\www\\maasin_live_act\\vendor\\laravel\\framework\\src\\Illuminate\\Foundation\\Bootstrap\\HandleExceptions.php(244): Symfony\\Component\\ErrorHandler\\Error\\FatalError->__construct(message: ''Cannot redecla...', code: '0', error: '['type' => 64, ...', traceOffset: '0', traceArgs: '???', trace: '???')
#1 C:\\wamp64\\www\\maasin_live_act\\vendor\\laravel\\framework\\src\\Illuminate\\Foundation\\Bootstrap\\HandleExceptions.php(231): Illuminate\\Foundation\\Bootstrap\\HandleExceptions->fatalErrorFromPhpError(error: '['type' => 64, ...', traceOffset: '0')
#2 C:\\wamp64\\www\\maasin_live_act\\vendor\\laravel\\framework\\src\\Illuminate\\Foundation\\Bootstrap\\HandleExceptions.php(255): Illuminate\\Foundation\\Bootstrap\\HandleExceptions->handleShutdown()
#3 C:\\wamp64\\www\\maasin_live_act\\vendor\\laravel\\framework\\src\\Illuminate\\Foundation\\Bootstrap\\HandleExceptions.php(0): Illuminate\\Foundation\\Bootstrap\\HandleExceptions->{closure:C:\\wamp64\\www\\maasin_live_act\\vendor\\laravel\\framework\\src\\Illuminate\\Foundation\\Bootstrap\\HandleExceptions.php:254-256}()
#4 {main}
"} 
[2025-09-24 07:20:25] local.ERROR: Cannot redeclare class App\MySession (previously declared in C:\wamp64\www\maasin_live_act\app\MySession.php:8) {"exception":"[object] (Symfony\\Component\\ErrorHandler\\Error\\FatalError(code: 0): Cannot redeclare class App\\MySession (previously declared in C:\\wamp64\\www\\maasin_live_act\\app\\MySession.php:8) at C:\\wamp64\\www\\maasin_live_act\\app\\Models\\MySession.php:8)
[stacktrace]
#0 C:\\wamp64\\www\\maasin_live_act\\vendor\\laravel\\framework\\src\\Illuminate\\Foundation\\Bootstrap\\HandleExceptions.php(244): Symfony\\Component\\ErrorHandler\\Error\\FatalError->__construct(message: ''Cannot redecla...', code: '0', error: '['type' => 64, ...', traceOffset: '0', traceArgs: '???', trace: '???')
#1 C:\\wamp64\\www\\maasin_live_act\\vendor\\laravel\\framework\\src\\Illuminate\\Foundation\\Bootstrap\\HandleExceptions.php(231): Illuminate\\Foundation\\Bootstrap\\HandleExceptions->fatalErrorFromPhpError(error: '['type' => 64, ...', traceOffset: '0')
#2 C:\\wamp64\\www\\maasin_live_act\\vendor\\laravel\\framework\\src\\Illuminate\\Foundation\\Bootstrap\\HandleExceptions.php(255): Illuminate\\Foundation\\Bootstrap\\HandleExceptions->handleShutdown()
#3 C:\\wamp64\\www\\maasin_live_act\\vendor\\laravel\\framework\\src\\Illuminate\\Foundation\\Bootstrap\\HandleExceptions.php(0): Illuminate\\Foundation\\Bootstrap\\HandleExceptions->{closure:C:\\wamp64\\www\\maasin_live_act\\vendor\\laravel\\framework\\src\\Illuminate\\Foundation\\Bootstrap\\HandleExceptions.php:254-256}()
#4 {main}
"} 
[2025-09-24 07:21:25] local.ERROR: Cannot redeclare class App\MySession (previously declared in C:\wamp64\www\maasin_live_act\app\MySession.php:8) {"exception":"[object] (Symfony\\Component\\ErrorHandler\\Error\\FatalError(code: 0): Cannot redeclare class App\\MySession (previously declared in C:\\wamp64\\www\\maasin_live_act\\app\\MySession.php:8) at C:\\wamp64\\www\\maasin_live_act\\app\\Models\\MySession.php:8)
[stacktrace]
#0 C:\\wamp64\\www\\maasin_live_act\\vendor\\laravel\\framework\\src\\Illuminate\\Foundation\\Bootstrap\\HandleExceptions.php(244): Symfony\\Component\\ErrorHandler\\Error\\FatalError->__construct(message: ''Cannot redecla...', code: '0', error: '['type' => 64, ...', traceOffset: '0', traceArgs: '???', trace: '???')
#1 C:\\wamp64\\www\\maasin_live_act\\vendor\\laravel\\framework\\src\\Illuminate\\Foundation\\Bootstrap\\HandleExceptions.php(231): Illuminate\\Foundation\\Bootstrap\\HandleExceptions->fatalErrorFromPhpError(error: '['type' => 64, ...', traceOffset: '0')
#2 C:\\wamp64\\www\\maasin_live_act\\vendor\\laravel\\framework\\src\\Illuminate\\Foundation\\Bootstrap\\HandleExceptions.php(255): Illuminate\\Foundation\\Bootstrap\\HandleExceptions->handleShutdown()
#3 C:\\wamp64\\www\\maasin_live_act\\vendor\\laravel\\framework\\src\\Illuminate\\Foundation\\Bootstrap\\HandleExceptions.php(0): Illuminate\\Foundation\\Bootstrap\\HandleExceptions->{closure:C:\\wamp64\\www\\maasin_live_act\\vendor\\laravel\\framework\\src\\Illuminate\\Foundation\\Bootstrap\\HandleExceptions.php:254-256}()
#4 {main}
"} 
[2025-09-24 07:22:25] local.ERROR: Cannot redeclare class App\MySession (previously declared in C:\wamp64\www\maasin_live_act\app\MySession.php:8) {"exception":"[object] (Symfony\\Component\\ErrorHandler\\Error\\FatalError(code: 0): Cannot redeclare class App\\MySession (previously declared in C:\\wamp64\\www\\maasin_live_act\\app\\MySession.php:8) at C:\\wamp64\\www\\maasin_live_act\\app\\Models\\MySession.php:8)
[stacktrace]
#0 C:\\wamp64\\www\\maasin_live_act\\vendor\\laravel\\framework\\src\\Illuminate\\Foundation\\Bootstrap\\HandleExceptions.php(244): Symfony\\Component\\ErrorHandler\\Error\\FatalError->__construct(message: ''Cannot redecla...', code: '0', error: '['type' => 64, ...', traceOffset: '0', traceArgs: '???', trace: '???')
#1 C:\\wamp64\\www\\maasin_live_act\\vendor\\laravel\\framework\\src\\Illuminate\\Foundation\\Bootstrap\\HandleExceptions.php(231): Illuminate\\Foundation\\Bootstrap\\HandleExceptions->fatalErrorFromPhpError(error: '['type' => 64, ...', traceOffset: '0')
#2 C:\\wamp64\\www\\maasin_live_act\\vendor\\laravel\\framework\\src\\Illuminate\\Foundation\\Bootstrap\\HandleExceptions.php(255): Illuminate\\Foundation\\Bootstrap\\HandleExceptions->handleShutdown()
#3 C:\\wamp64\\www\\maasin_live_act\\vendor\\laravel\\framework\\src\\Illuminate\\Foundation\\Bootstrap\\HandleExceptions.php(0): Illuminate\\Foundation\\Bootstrap\\HandleExceptions->{closure:C:\\wamp64\\www\\maasin_live_act\\vendor\\laravel\\framework\\src\\Illuminate\\Foundation\\Bootstrap\\HandleExceptions.php:254-256}()
#4 {main}
"} 
[2025-09-24 07:23:25] local.ERROR: Cannot redeclare class App\MySession (previously declared in C:\wamp64\www\maasin_live_act\app\MySession.php:8) {"exception":"[object] (Symfony\\Component\\ErrorHandler\\Error\\FatalError(code: 0): Cannot redeclare class App\\MySession (previously declared in C:\\wamp64\\www\\maasin_live_act\\app\\MySession.php:8) at C:\\wamp64\\www\\maasin_live_act\\app\\Models\\MySession.php:8)
[stacktrace]
#0 C:\\wamp64\\www\\maasin_live_act\\vendor\\laravel\\framework\\src\\Illuminate\\Foundation\\Bootstrap\\HandleExceptions.php(244): Symfony\\Component\\ErrorHandler\\Error\\FatalError->__construct(message: ''Cannot redecla...', code: '0', error: '['type' => 64, ...', traceOffset: '0', traceArgs: '???', trace: '???')
#1 C:\\wamp64\\www\\maasin_live_act\\vendor\\laravel\\framework\\src\\Illuminate\\Foundation\\Bootstrap\\HandleExceptions.php(231): Illuminate\\Foundation\\Bootstrap\\HandleExceptions->fatalErrorFromPhpError(error: '['type' => 64, ...', traceOffset: '0')
#2 C:\\wamp64\\www\\maasin_live_act\\vendor\\laravel\\framework\\src\\Illuminate\\Foundation\\Bootstrap\\HandleExceptions.php(255): Illuminate\\Foundation\\Bootstrap\\HandleExceptions->handleShutdown()
#3 C:\\wamp64\\www\\maasin_live_act\\vendor\\laravel\\framework\\src\\Illuminate\\Foundation\\Bootstrap\\HandleExceptions.php(0): Illuminate\\Foundation\\Bootstrap\\HandleExceptions->{closure:C:\\wamp64\\www\\maasin_live_act\\vendor\\laravel\\framework\\src\\Illuminate\\Foundation\\Bootstrap\\HandleExceptions.php:254-256}()
#4 {main}
"} 
[2025-09-24 07:24:25] local.ERROR: Cannot redeclare class App\MySession (previously declared in C:\wamp64\www\maasin_live_act\app\MySession.php:8) {"exception":"[object] (Symfony\\Component\\ErrorHandler\\Error\\FatalError(code: 0): Cannot redeclare class App\\MySession (previously declared in C:\\wamp64\\www\\maasin_live_act\\app\\MySession.php:8) at C:\\wamp64\\www\\maasin_live_act\\app\\Models\\MySession.php:8)
[stacktrace]
#0 C:\\wamp64\\www\\maasin_live_act\\vendor\\laravel\\framework\\src\\Illuminate\\Foundation\\Bootstrap\\HandleExceptions.php(244): Symfony\\Component\\ErrorHandler\\Error\\FatalError->__construct(message: ''Cannot redecla...', code: '0', error: '['type' => 64, ...', traceOffset: '0', traceArgs: '???', trace: '???')
#1 C:\\wamp64\\www\\maasin_live_act\\vendor\\laravel\\framework\\src\\Illuminate\\Foundation\\Bootstrap\\HandleExceptions.php(231): Illuminate\\Foundation\\Bootstrap\\HandleExceptions->fatalErrorFromPhpError(error: '['type' => 64, ...', traceOffset: '0')
#2 C:\\wamp64\\www\\maasin_live_act\\vendor\\laravel\\framework\\src\\Illuminate\\Foundation\\Bootstrap\\HandleExceptions.php(255): Illuminate\\Foundation\\Bootstrap\\HandleExceptions->handleShutdown()
#3 C:\\wamp64\\www\\maasin_live_act\\vendor\\laravel\\framework\\src\\Illuminate\\Foundation\\Bootstrap\\HandleExceptions.php(0): Illuminate\\Foundation\\Bootstrap\\HandleExceptions->{closure:C:\\wamp64\\www\\maasin_live_act\\vendor\\laravel\\framework\\src\\Illuminate\\Foundation\\Bootstrap\\HandleExceptions.php:254-256}()
#4 {main}
"} 
[2025-09-24 07:25:25] local.ERROR: Cannot redeclare class App\MySession (previously declared in C:\wamp64\www\maasin_live_act\app\MySession.php:8) {"exception":"[object] (Symfony\\Component\\ErrorHandler\\Error\\FatalError(code: 0): Cannot redeclare class App\\MySession (previously declared in C:\\wamp64\\www\\maasin_live_act\\app\\MySession.php:8) at C:\\wamp64\\www\\maasin_live_act\\app\\Models\\MySession.php:8)
[stacktrace]
#0 C:\\wamp64\\www\\maasin_live_act\\vendor\\laravel\\framework\\src\\Illuminate\\Foundation\\Bootstrap\\HandleExceptions.php(244): Symfony\\Component\\ErrorHandler\\Error\\FatalError->__construct(message: ''Cannot redecla...', code: '0', error: '['type' => 64, ...', traceOffset: '0', traceArgs: '???', trace: '???')
#1 C:\\wamp64\\www\\maasin_live_act\\vendor\\laravel\\framework\\src\\Illuminate\\Foundation\\Bootstrap\\HandleExceptions.php(231): Illuminate\\Foundation\\Bootstrap\\HandleExceptions->fatalErrorFromPhpError(error: '['type' => 64, ...', traceOffset: '0')
#2 C:\\wamp64\\www\\maasin_live_act\\vendor\\laravel\\framework\\src\\Illuminate\\Foundation\\Bootstrap\\HandleExceptions.php(255): Illuminate\\Foundation\\Bootstrap\\HandleExceptions->handleShutdown()
#3 C:\\wamp64\\www\\maasin_live_act\\vendor\\laravel\\framework\\src\\Illuminate\\Foundation\\Bootstrap\\HandleExceptions.php(0): Illuminate\\Foundation\\Bootstrap\\HandleExceptions->{closure:C:\\wamp64\\www\\maasin_live_act\\vendor\\laravel\\framework\\src\\Illuminate\\Foundation\\Bootstrap\\HandleExceptions.php:254-256}()
#4 {main}
"} 
[2025-09-24 07:26:25] local.ERROR: Cannot redeclare class App\MySession (previously declared in C:\wamp64\www\maasin_live_act\app\MySession.php:8) {"exception":"[object] (Symfony\\Component\\ErrorHandler\\Error\\FatalError(code: 0): Cannot redeclare class App\\MySession (previously declared in C:\\wamp64\\www\\maasin_live_act\\app\\MySession.php:8) at C:\\wamp64\\www\\maasin_live_act\\app\\Models\\MySession.php:8)
[stacktrace]
#0 C:\\wamp64\\www\\maasin_live_act\\vendor\\laravel\\framework\\src\\Illuminate\\Foundation\\Bootstrap\\HandleExceptions.php(244): Symfony\\Component\\ErrorHandler\\Error\\FatalError->__construct(message: ''Cannot redecla...', code: '0', error: '['type' => 64, ...', traceOffset: '0', traceArgs: '???', trace: '???')
#1 C:\\wamp64\\www\\maasin_live_act\\vendor\\laravel\\framework\\src\\Illuminate\\Foundation\\Bootstrap\\HandleExceptions.php(231): Illuminate\\Foundation\\Bootstrap\\HandleExceptions->fatalErrorFromPhpError(error: '['type' => 64, ...', traceOffset: '0')
#2 C:\\wamp64\\www\\maasin_live_act\\vendor\\laravel\\framework\\src\\Illuminate\\Foundation\\Bootstrap\\HandleExceptions.php(255): Illuminate\\Foundation\\Bootstrap\\HandleExceptions->handleShutdown()
#3 C:\\wamp64\\www\\maasin_live_act\\vendor\\laravel\\framework\\src\\Illuminate\\Foundation\\Bootstrap\\HandleExceptions.php(0): Illuminate\\Foundation\\Bootstrap\\HandleExceptions->{closure:C:\\wamp64\\www\\maasin_live_act\\vendor\\laravel\\framework\\src\\Illuminate\\Foundation\\Bootstrap\\HandleExceptions.php:254-256}()
#4 {main}
"} 
[2025-09-24 07:27:25] local.ERROR: Cannot redeclare class App\MySession (previously declared in C:\wamp64\www\maasin_live_act\app\MySession.php:8) {"exception":"[object] (Symfony\\Component\\ErrorHandler\\Error\\FatalError(code: 0): Cannot redeclare class App\\MySession (previously declared in C:\\wamp64\\www\\maasin_live_act\\app\\MySession.php:8) at C:\\wamp64\\www\\maasin_live_act\\app\\Models\\MySession.php:8)
[stacktrace]
#0 C:\\wamp64\\www\\maasin_live_act\\vendor\\laravel\\framework\\src\\Illuminate\\Foundation\\Bootstrap\\HandleExceptions.php(244): Symfony\\Component\\ErrorHandler\\Error\\FatalError->__construct(message: ''Cannot redecla...', code: '0', error: '['type' => 64, ...', traceOffset: '0', traceArgs: '???', trace: '???')
#1 C:\\wamp64\\www\\maasin_live_act\\vendor\\laravel\\framework\\src\\Illuminate\\Foundation\\Bootstrap\\HandleExceptions.php(231): Illuminate\\Foundation\\Bootstrap\\HandleExceptions->fatalErrorFromPhpError(error: '['type' => 64, ...', traceOffset: '0')
#2 C:\\wamp64\\www\\maasin_live_act\\vendor\\laravel\\framework\\src\\Illuminate\\Foundation\\Bootstrap\\HandleExceptions.php(255): Illuminate\\Foundation\\Bootstrap\\HandleExceptions->handleShutdown()
#3 C:\\wamp64\\www\\maasin_live_act\\vendor\\laravel\\framework\\src\\Illuminate\\Foundation\\Bootstrap\\HandleExceptions.php(0): Illuminate\\Foundation\\Bootstrap\\HandleExceptions->{closure:C:\\wamp64\\www\\maasin_live_act\\vendor\\laravel\\framework\\src\\Illuminate\\Foundation\\Bootstrap\\HandleExceptions.php:254-256}()
#4 {main}
"} 
[2025-09-24 07:28:25] local.ERROR: Cannot redeclare class App\MySession (previously declared in C:\wamp64\www\maasin_live_act\app\MySession.php:8) {"exception":"[object] (Symfony\\Component\\ErrorHandler\\Error\\FatalError(code: 0): Cannot redeclare class App\\MySession (previously declared in C:\\wamp64\\www\\maasin_live_act\\app\\MySession.php:8) at C:\\wamp64\\www\\maasin_live_act\\app\\Models\\MySession.php:8)
[stacktrace]
#0 C:\\wamp64\\www\\maasin_live_act\\vendor\\laravel\\framework\\src\\Illuminate\\Foundation\\Bootstrap\\HandleExceptions.php(244): Symfony\\Component\\ErrorHandler\\Error\\FatalError->__construct(message: ''Cannot redecla...', code: '0', error: '['type' => 64, ...', traceOffset: '0', traceArgs: '???', trace: '???')
#1 C:\\wamp64\\www\\maasin_live_act\\vendor\\laravel\\framework\\src\\Illuminate\\Foundation\\Bootstrap\\HandleExceptions.php(231): Illuminate\\Foundation\\Bootstrap\\HandleExceptions->fatalErrorFromPhpError(error: '['type' => 64, ...', traceOffset: '0')
#2 C:\\wamp64\\www\\maasin_live_act\\vendor\\laravel\\framework\\src\\Illuminate\\Foundation\\Bootstrap\\HandleExceptions.php(255): Illuminate\\Foundation\\Bootstrap\\HandleExceptions->handleShutdown()
#3 C:\\wamp64\\www\\maasin_live_act\\vendor\\laravel\\framework\\src\\Illuminate\\Foundation\\Bootstrap\\HandleExceptions.php(0): Illuminate\\Foundation\\Bootstrap\\HandleExceptions->{closure:C:\\wamp64\\www\\maasin_live_act\\vendor\\laravel\\framework\\src\\Illuminate\\Foundation\\Bootstrap\\HandleExceptions.php:254-256}()
#4 {main}
"} 
[2025-09-24 07:29:26] local.ERROR: Cannot redeclare class App\MySession (previously declared in C:\wamp64\www\maasin_live_act\app\MySession.php:8) {"exception":"[object] (Symfony\\Component\\ErrorHandler\\Error\\FatalError(code: 0): Cannot redeclare class App\\MySession (previously declared in C:\\wamp64\\www\\maasin_live_act\\app\\MySession.php:8) at C:\\wamp64\\www\\maasin_live_act\\app\\Models\\MySession.php:8)
[stacktrace]
#0 C:\\wamp64\\www\\maasin_live_act\\vendor\\laravel\\framework\\src\\Illuminate\\Foundation\\Bootstrap\\HandleExceptions.php(244): Symfony\\Component\\ErrorHandler\\Error\\FatalError->__construct(message: ''Cannot redecla...', code: '0', error: '['type' => 64, ...', traceOffset: '0', traceArgs: '???', trace: '???')
#1 C:\\wamp64\\www\\maasin_live_act\\vendor\\laravel\\framework\\src\\Illuminate\\Foundation\\Bootstrap\\HandleExceptions.php(231): Illuminate\\Foundation\\Bootstrap\\HandleExceptions->fatalErrorFromPhpError(error: '['type' => 64, ...', traceOffset: '0')
#2 C:\\wamp64\\www\\maasin_live_act\\vendor\\laravel\\framework\\src\\Illuminate\\Foundation\\Bootstrap\\HandleExceptions.php(255): Illuminate\\Foundation\\Bootstrap\\HandleExceptions->handleShutdown()
#3 C:\\wamp64\\www\\maasin_live_act\\vendor\\laravel\\framework\\src\\Illuminate\\Foundation\\Bootstrap\\HandleExceptions.php(0): Illuminate\\Foundation\\Bootstrap\\HandleExceptions->{closure:C:\\wamp64\\www\\maasin_live_act\\vendor\\laravel\\framework\\src\\Illuminate\\Foundation\\Bootstrap\\HandleExceptions.php:254-256}()
#4 {main}
"} 
[2025-09-24 07:30:25] local.ERROR: Cannot redeclare class App\MySession (previously declared in C:\wamp64\www\maasin_live_act\app\MySession.php:8) {"exception":"[object] (Symfony\\Component\\ErrorHandler\\Error\\FatalError(code: 0): Cannot redeclare class App\\MySession (previously declared in C:\\wamp64\\www\\maasin_live_act\\app\\MySession.php:8) at C:\\wamp64\\www\\maasin_live_act\\app\\Models\\MySession.php:8)
[stacktrace]
#0 C:\\wamp64\\www\\maasin_live_act\\vendor\\laravel\\framework\\src\\Illuminate\\Foundation\\Bootstrap\\HandleExceptions.php(244): Symfony\\Component\\ErrorHandler\\Error\\FatalError->__construct(message: ''Cannot redecla...', code: '0', error: '['type' => 64, ...', traceOffset: '0', traceArgs: '???', trace: '???')
#1 C:\\wamp64\\www\\maasin_live_act\\vendor\\laravel\\framework\\src\\Illuminate\\Foundation\\Bootstrap\\HandleExceptions.php(231): Illuminate\\Foundation\\Bootstrap\\HandleExceptions->fatalErrorFromPhpError(error: '['type' => 64, ...', traceOffset: '0')
#2 C:\\wamp64\\www\\maasin_live_act\\vendor\\laravel\\framework\\src\\Illuminate\\Foundation\\Bootstrap\\HandleExceptions.php(255): Illuminate\\Foundation\\Bootstrap\\HandleExceptions->handleShutdown()
#3 C:\\wamp64\\www\\maasin_live_act\\vendor\\laravel\\framework\\src\\Illuminate\\Foundation\\Bootstrap\\HandleExceptions.php(0): Illuminate\\Foundation\\Bootstrap\\HandleExceptions->{closure:C:\\wamp64\\www\\maasin_live_act\\vendor\\laravel\\framework\\src\\Illuminate\\Foundation\\Bootstrap\\HandleExceptions.php:254-256}()
#4 {main}
"} 
[2025-09-24 07:31:25] local.ERROR: Cannot redeclare class App\MySession (previously declared in C:\wamp64\www\maasin_live_act\app\MySession.php:8) {"exception":"[object] (Symfony\\Component\\ErrorHandler\\Error\\FatalError(code: 0): Cannot redeclare class App\\MySession (previously declared in C:\\wamp64\\www\\maasin_live_act\\app\\MySession.php:8) at C:\\wamp64\\www\\maasin_live_act\\app\\Models\\MySession.php:8)
[stacktrace]
#0 C:\\wamp64\\www\\maasin_live_act\\vendor\\laravel\\framework\\src\\Illuminate\\Foundation\\Bootstrap\\HandleExceptions.php(244): Symfony\\Component\\ErrorHandler\\Error\\FatalError->__construct(message: ''Cannot redecla...', code: '0', error: '['type' => 64, ...', traceOffset: '0', traceArgs: '???', trace: '???')
#1 C:\\wamp64\\www\\maasin_live_act\\vendor\\laravel\\framework\\src\\Illuminate\\Foundation\\Bootstrap\\HandleExceptions.php(231): Illuminate\\Foundation\\Bootstrap\\HandleExceptions->fatalErrorFromPhpError(error: '['type' => 64, ...', traceOffset: '0')
#2 C:\\wamp64\\www\\maasin_live_act\\vendor\\laravel\\framework\\src\\Illuminate\\Foundation\\Bootstrap\\HandleExceptions.php(255): Illuminate\\Foundation\\Bootstrap\\HandleExceptions->handleShutdown()
#3 C:\\wamp64\\www\\maasin_live_act\\vendor\\laravel\\framework\\src\\Illuminate\\Foundation\\Bootstrap\\HandleExceptions.php(0): Illuminate\\Foundation\\Bootstrap\\HandleExceptions->{closure:C:\\wamp64\\www\\maasin_live_act\\vendor\\laravel\\framework\\src\\Illuminate\\Foundation\\Bootstrap\\HandleExceptions.php:254-256}()
#4 {main}
"} 
[2025-09-24 07:32:25] local.ERROR: Cannot redeclare class App\MySession (previously declared in C:\wamp64\www\maasin_live_act\app\MySession.php:8) {"exception":"[object] (Symfony\\Component\\ErrorHandler\\Error\\FatalError(code: 0): Cannot redeclare class App\\MySession (previously declared in C:\\wamp64\\www\\maasin_live_act\\app\\MySession.php:8) at C:\\wamp64\\www\\maasin_live_act\\app\\Models\\MySession.php:8)
[stacktrace]
#0 C:\\wamp64\\www\\maasin_live_act\\vendor\\laravel\\framework\\src\\Illuminate\\Foundation\\Bootstrap\\HandleExceptions.php(244): Symfony\\Component\\ErrorHandler\\Error\\FatalError->__construct(message: ''Cannot redecla...', code: '0', error: '['type' => 64, ...', traceOffset: '0', traceArgs: '???', trace: '???')
#1 C:\\wamp64\\www\\maasin_live_act\\vendor\\laravel\\framework\\src\\Illuminate\\Foundation\\Bootstrap\\HandleExceptions.php(231): Illuminate\\Foundation\\Bootstrap\\HandleExceptions->fatalErrorFromPhpError(error: '['type' => 64, ...', traceOffset: '0')
#2 C:\\wamp64\\www\\maasin_live_act\\vendor\\laravel\\framework\\src\\Illuminate\\Foundation\\Bootstrap\\HandleExceptions.php(255): Illuminate\\Foundation\\Bootstrap\\HandleExceptions->handleShutdown()
#3 C:\\wamp64\\www\\maasin_live_act\\vendor\\laravel\\framework\\src\\Illuminate\\Foundation\\Bootstrap\\HandleExceptions.php(0): Illuminate\\Foundation\\Bootstrap\\HandleExceptions->{closure:C:\\wamp64\\www\\maasin_live_act\\vendor\\laravel\\framework\\src\\Illuminate\\Foundation\\Bootstrap\\HandleExceptions.php:254-256}()
#4 {main}
"} 
[2025-09-24 07:33:25] local.ERROR: Cannot redeclare class App\MySession (previously declared in C:\wamp64\www\maasin_live_act\app\MySession.php:8) {"exception":"[object] (Symfony\\Component\\ErrorHandler\\Error\\FatalError(code: 0): Cannot redeclare class App\\MySession (previously declared in C:\\wamp64\\www\\maasin_live_act\\app\\MySession.php:8) at C:\\wamp64\\www\\maasin_live_act\\app\\Models\\MySession.php:8)
[stacktrace]
#0 C:\\wamp64\\www\\maasin_live_act\\vendor\\laravel\\framework\\src\\Illuminate\\Foundation\\Bootstrap\\HandleExceptions.php(244): Symfony\\Component\\ErrorHandler\\Error\\FatalError->__construct(message: ''Cannot redecla...', code: '0', error: '['type' => 64, ...', traceOffset: '0', traceArgs: '???', trace: '???')
#1 C:\\wamp64\\www\\maasin_live_act\\vendor\\laravel\\framework\\src\\Illuminate\\Foundation\\Bootstrap\\HandleExceptions.php(231): Illuminate\\Foundation\\Bootstrap\\HandleExceptions->fatalErrorFromPhpError(error: '['type' => 64, ...', traceOffset: '0')
#2 C:\\wamp64\\www\\maasin_live_act\\vendor\\laravel\\framework\\src\\Illuminate\\Foundation\\Bootstrap\\HandleExceptions.php(255): Illuminate\\Foundation\\Bootstrap\\HandleExceptions->handleShutdown()
#3 C:\\wamp64\\www\\maasin_live_act\\vendor\\laravel\\framework\\src\\Illuminate\\Foundation\\Bootstrap\\HandleExceptions.php(0): Illuminate\\Foundation\\Bootstrap\\HandleExceptions->{closure:C:\\wamp64\\www\\maasin_live_act\\vendor\\laravel\\framework\\src\\Illuminate\\Foundation\\Bootstrap\\HandleExceptions.php:254-256}()
#4 {main}
"} 
[2025-09-24 07:34:25] local.ERROR: Cannot redeclare class App\MySession (previously declared in C:\wamp64\www\maasin_live_act\app\MySession.php:8) {"exception":"[object] (Symfony\\Component\\ErrorHandler\\Error\\FatalError(code: 0): Cannot redeclare class App\\MySession (previously declared in C:\\wamp64\\www\\maasin_live_act\\app\\MySession.php:8) at C:\\wamp64\\www\\maasin_live_act\\app\\Models\\MySession.php:8)
[stacktrace]
#0 C:\\wamp64\\www\\maasin_live_act\\vendor\\laravel\\framework\\src\\Illuminate\\Foundation\\Bootstrap\\HandleExceptions.php(244): Symfony\\Component\\ErrorHandler\\Error\\FatalError->__construct(message: ''Cannot redecla...', code: '0', error: '['type' => 64, ...', traceOffset: '0', traceArgs: '???', trace: '???')
#1 C:\\wamp64\\www\\maasin_live_act\\vendor\\laravel\\framework\\src\\Illuminate\\Foundation\\Bootstrap\\HandleExceptions.php(231): Illuminate\\Foundation\\Bootstrap\\HandleExceptions->fatalErrorFromPhpError(error: '['type' => 64, ...', traceOffset: '0')
#2 C:\\wamp64\\www\\maasin_live_act\\vendor\\laravel\\framework\\src\\Illuminate\\Foundation\\Bootstrap\\HandleExceptions.php(255): Illuminate\\Foundation\\Bootstrap\\HandleExceptions->handleShutdown()
#3 C:\\wamp64\\www\\maasin_live_act\\vendor\\laravel\\framework\\src\\Illuminate\\Foundation\\Bootstrap\\HandleExceptions.php(0): Illuminate\\Foundation\\Bootstrap\\HandleExceptions->{closure:C:\\wamp64\\www\\maasin_live_act\\vendor\\laravel\\framework\\src\\Illuminate\\Foundation\\Bootstrap\\HandleExceptions.php:254-256}()
#4 {main}
"} 
[2025-09-24 07:35:25] local.ERROR: Cannot redeclare class App\MySession (previously declared in C:\wamp64\www\maasin_live_act\app\MySession.php:8) {"exception":"[object] (Symfony\\Component\\ErrorHandler\\Error\\FatalError(code: 0): Cannot redeclare class App\\MySession (previously declared in C:\\wamp64\\www\\maasin_live_act\\app\\MySession.php:8) at C:\\wamp64\\www\\maasin_live_act\\app\\Models\\MySession.php:8)
[stacktrace]
#0 C:\\wamp64\\www\\maasin_live_act\\vendor\\laravel\\framework\\src\\Illuminate\\Foundation\\Bootstrap\\HandleExceptions.php(244): Symfony\\Component\\ErrorHandler\\Error\\FatalError->__construct(message: ''Cannot redecla...', code: '0', error: '['type' => 64, ...', traceOffset: '0', traceArgs: '???', trace: '???')
#1 C:\\wamp64\\www\\maasin_live_act\\vendor\\laravel\\framework\\src\\Illuminate\\Foundation\\Bootstrap\\HandleExceptions.php(231): Illuminate\\Foundation\\Bootstrap\\HandleExceptions->fatalErrorFromPhpError(error: '['type' => 64, ...', traceOffset: '0')
#2 C:\\wamp64\\www\\maasin_live_act\\vendor\\laravel\\framework\\src\\Illuminate\\Foundation\\Bootstrap\\HandleExceptions.php(255): Illuminate\\Foundation\\Bootstrap\\HandleExceptions->handleShutdown()
#3 C:\\wamp64\\www\\maasin_live_act\\vendor\\laravel\\framework\\src\\Illuminate\\Foundation\\Bootstrap\\HandleExceptions.php(0): Illuminate\\Foundation\\Bootstrap\\HandleExceptions->{closure:C:\\wamp64\\www\\maasin_live_act\\vendor\\laravel\\framework\\src\\Illuminate\\Foundation\\Bootstrap\\HandleExceptions.php:254-256}()
#4 {main}
"} 
[2025-09-24 07:36:25] local.ERROR: Cannot redeclare class App\MySession (previously declared in C:\wamp64\www\maasin_live_act\app\MySession.php:8) {"exception":"[object] (Symfony\\Component\\ErrorHandler\\Error\\FatalError(code: 0): Cannot redeclare class App\\MySession (previously declared in C:\\wamp64\\www\\maasin_live_act\\app\\MySession.php:8) at C:\\wamp64\\www\\maasin_live_act\\app\\Models\\MySession.php:8)
[stacktrace]
#0 C:\\wamp64\\www\\maasin_live_act\\vendor\\laravel\\framework\\src\\Illuminate\\Foundation\\Bootstrap\\HandleExceptions.php(244): Symfony\\Component\\ErrorHandler\\Error\\FatalError->__construct(message: ''Cannot redecla...', code: '0', error: '['type' => 64, ...', traceOffset: '0', traceArgs: '???', trace: '???')
#1 C:\\wamp64\\www\\maasin_live_act\\vendor\\laravel\\framework\\src\\Illuminate\\Foundation\\Bootstrap\\HandleExceptions.php(231): Illuminate\\Foundation\\Bootstrap\\HandleExceptions->fatalErrorFromPhpError(error: '['type' => 64, ...', traceOffset: '0')
#2 C:\\wamp64\\www\\maasin_live_act\\vendor\\laravel\\framework\\src\\Illuminate\\Foundation\\Bootstrap\\HandleExceptions.php(255): Illuminate\\Foundation\\Bootstrap\\HandleExceptions->handleShutdown()
#3 C:\\wamp64\\www\\maasin_live_act\\vendor\\laravel\\framework\\src\\Illuminate\\Foundation\\Bootstrap\\HandleExceptions.php(0): Illuminate\\Foundation\\Bootstrap\\HandleExceptions->{closure:C:\\wamp64\\www\\maasin_live_act\\vendor\\laravel\\framework\\src\\Illuminate\\Foundation\\Bootstrap\\HandleExceptions.php:254-256}()
#4 {main}
"} 
[2025-09-24 07:37:25] local.ERROR: Cannot redeclare class App\MySession (previously declared in C:\wamp64\www\maasin_live_act\app\MySession.php:8) {"exception":"[object] (Symfony\\Component\\ErrorHandler\\Error\\FatalError(code: 0): Cannot redeclare class App\\MySession (previously declared in C:\\wamp64\\www\\maasin_live_act\\app\\MySession.php:8) at C:\\wamp64\\www\\maasin_live_act\\app\\Models\\MySession.php:8)
[stacktrace]
#0 C:\\wamp64\\www\\maasin_live_act\\vendor\\laravel\\framework\\src\\Illuminate\\Foundation\\Bootstrap\\HandleExceptions.php(244): Symfony\\Component\\ErrorHandler\\Error\\FatalError->__construct(message: ''Cannot redecla...', code: '0', error: '['type' => 64, ...', traceOffset: '0', traceArgs: '???', trace: '???')
#1 C:\\wamp64\\www\\maasin_live_act\\vendor\\laravel\\framework\\src\\Illuminate\\Foundation\\Bootstrap\\HandleExceptions.php(231): Illuminate\\Foundation\\Bootstrap\\HandleExceptions->fatalErrorFromPhpError(error: '['type' => 64, ...', traceOffset: '0')
#2 C:\\wamp64\\www\\maasin_live_act\\vendor\\laravel\\framework\\src\\Illuminate\\Foundation\\Bootstrap\\HandleExceptions.php(255): Illuminate\\Foundation\\Bootstrap\\HandleExceptions->handleShutdown()
#3 C:\\wamp64\\www\\maasin_live_act\\vendor\\laravel\\framework\\src\\Illuminate\\Foundation\\Bootstrap\\HandleExceptions.php(0): Illuminate\\Foundation\\Bootstrap\\HandleExceptions->{closure:C:\\wamp64\\www\\maasin_live_act\\vendor\\laravel\\framework\\src\\Illuminate\\Foundation\\Bootstrap\\HandleExceptions.php:254-256}()
#4 {main}
"} 
[2025-09-24 07:38:25] local.ERROR: Cannot redeclare class App\MySession (previously declared in C:\wamp64\www\maasin_live_act\app\MySession.php:8) {"exception":"[object] (Symfony\\Component\\ErrorHandler\\Error\\FatalError(code: 0): Cannot redeclare class App\\MySession (previously declared in C:\\wamp64\\www\\maasin_live_act\\app\\MySession.php:8) at C:\\wamp64\\www\\maasin_live_act\\app\\Models\\MySession.php:8)
[stacktrace]
#0 C:\\wamp64\\www\\maasin_live_act\\vendor\\laravel\\framework\\src\\Illuminate\\Foundation\\Bootstrap\\HandleExceptions.php(244): Symfony\\Component\\ErrorHandler\\Error\\FatalError->__construct(message: ''Cannot redecla...', code: '0', error: '['type' => 64, ...', traceOffset: '0', traceArgs: '???', trace: '???')
#1 C:\\wamp64\\www\\maasin_live_act\\vendor\\laravel\\framework\\src\\Illuminate\\Foundation\\Bootstrap\\HandleExceptions.php(231): Illuminate\\Foundation\\Bootstrap\\HandleExceptions->fatalErrorFromPhpError(error: '['type' => 64, ...', traceOffset: '0')
#2 C:\\wamp64\\www\\maasin_live_act\\vendor\\laravel\\framework\\src\\Illuminate\\Foundation\\Bootstrap\\HandleExceptions.php(255): Illuminate\\Foundation\\Bootstrap\\HandleExceptions->handleShutdown()
#3 C:\\wamp64\\www\\maasin_live_act\\vendor\\laravel\\framework\\src\\Illuminate\\Foundation\\Bootstrap\\HandleExceptions.php(0): Illuminate\\Foundation\\Bootstrap\\HandleExceptions->{closure:C:\\wamp64\\www\\maasin_live_act\\vendor\\laravel\\framework\\src\\Illuminate\\Foundation\\Bootstrap\\HandleExceptions.php:254-256}()
#4 {main}
"} 
[2025-09-24 07:39:25] local.ERROR: Cannot redeclare class App\MySession (previously declared in C:\wamp64\www\maasin_live_act\app\MySession.php:8) {"exception":"[object] (Symfony\\Component\\ErrorHandler\\Error\\FatalError(code: 0): Cannot redeclare class App\\MySession (previously declared in C:\\wamp64\\www\\maasin_live_act\\app\\MySession.php:8) at C:\\wamp64\\www\\maasin_live_act\\app\\Models\\MySession.php:8)
[stacktrace]
#0 C:\\wamp64\\www\\maasin_live_act\\vendor\\laravel\\framework\\src\\Illuminate\\Foundation\\Bootstrap\\HandleExceptions.php(244): Symfony\\Component\\ErrorHandler\\Error\\FatalError->__construct(message: ''Cannot redecla...', code: '0', error: '['type' => 64, ...', traceOffset: '0', traceArgs: '???', trace: '???')
#1 C:\\wamp64\\www\\maasin_live_act\\vendor\\laravel\\framework\\src\\Illuminate\\Foundation\\Bootstrap\\HandleExceptions.php(231): Illuminate\\Foundation\\Bootstrap\\HandleExceptions->fatalErrorFromPhpError(error: '['type' => 64, ...', traceOffset: '0')
#2 C:\\wamp64\\www\\maasin_live_act\\vendor\\laravel\\framework\\src\\Illuminate\\Foundation\\Bootstrap\\HandleExceptions.php(255): Illuminate\\Foundation\\Bootstrap\\HandleExceptions->handleShutdown()
#3 C:\\wamp64\\www\\maasin_live_act\\vendor\\laravel\\framework\\src\\Illuminate\\Foundation\\Bootstrap\\HandleExceptions.php(0): Illuminate\\Foundation\\Bootstrap\\HandleExceptions->{closure:C:\\wamp64\\www\\maasin_live_act\\vendor\\laravel\\framework\\src\\Illuminate\\Foundation\\Bootstrap\\HandleExceptions.php:254-256}()
#4 {main}
"} 
[2025-09-24 07:40:25] local.ERROR: Cannot redeclare class App\MySession (previously declared in C:\wamp64\www\maasin_live_act\app\MySession.php:8) {"exception":"[object] (Symfony\\Component\\ErrorHandler\\Error\\FatalError(code: 0): Cannot redeclare class App\\MySession (previously declared in C:\\wamp64\\www\\maasin_live_act\\app\\MySession.php:8) at C:\\wamp64\\www\\maasin_live_act\\app\\Models\\MySession.php:8)
[stacktrace]
#0 C:\\wamp64\\www\\maasin_live_act\\vendor\\laravel\\framework\\src\\Illuminate\\Foundation\\Bootstrap\\HandleExceptions.php(244): Symfony\\Component\\ErrorHandler\\Error\\FatalError->__construct(message: ''Cannot redecla...', code: '0', error: '['type' => 64, ...', traceOffset: '0', traceArgs: '???', trace: '???')
#1 C:\\wamp64\\www\\maasin_live_act\\vendor\\laravel\\framework\\src\\Illuminate\\Foundation\\Bootstrap\\HandleExceptions.php(231): Illuminate\\Foundation\\Bootstrap\\HandleExceptions->fatalErrorFromPhpError(error: '['type' => 64, ...', traceOffset: '0')
#2 C:\\wamp64\\www\\maasin_live_act\\vendor\\laravel\\framework\\src\\Illuminate\\Foundation\\Bootstrap\\HandleExceptions.php(255): Illuminate\\Foundation\\Bootstrap\\HandleExceptions->handleShutdown()
#3 C:\\wamp64\\www\\maasin_live_act\\vendor\\laravel\\framework\\src\\Illuminate\\Foundation\\Bootstrap\\HandleExceptions.php(0): Illuminate\\Foundation\\Bootstrap\\HandleExceptions->{closure:C:\\wamp64\\www\\maasin_live_act\\vendor\\laravel\\framework\\src\\Illuminate\\Foundation\\Bootstrap\\HandleExceptions.php:254-256}()
#4 {main}
"} 
[2025-09-24 07:41:25] local.ERROR: Cannot redeclare class App\MySession (previously declared in C:\wamp64\www\maasin_live_act\app\MySession.php:8) {"exception":"[object] (Symfony\\Component\\ErrorHandler\\Error\\FatalError(code: 0): Cannot redeclare class App\\MySession (previously declared in C:\\wamp64\\www\\maasin_live_act\\app\\MySession.php:8) at C:\\wamp64\\www\\maasin_live_act\\app\\Models\\MySession.php:8)
[stacktrace]
#0 C:\\wamp64\\www\\maasin_live_act\\vendor\\laravel\\framework\\src\\Illuminate\\Foundation\\Bootstrap\\HandleExceptions.php(244): Symfony\\Component\\ErrorHandler\\Error\\FatalError->__construct(message: ''Cannot redecla...', code: '0', error: '['type' => 64, ...', traceOffset: '0', traceArgs: '???', trace: '???')
#1 C:\\wamp64\\www\\maasin_live_act\\vendor\\laravel\\framework\\src\\Illuminate\\Foundation\\Bootstrap\\HandleExceptions.php(231): Illuminate\\Foundation\\Bootstrap\\HandleExceptions->fatalErrorFromPhpError(error: '['type' => 64, ...', traceOffset: '0')
#2 C:\\wamp64\\www\\maasin_live_act\\vendor\\laravel\\framework\\src\\Illuminate\\Foundation\\Bootstrap\\HandleExceptions.php(255): Illuminate\\Foundation\\Bootstrap\\HandleExceptions->handleShutdown()
#3 C:\\wamp64\\www\\maasin_live_act\\vendor\\laravel\\framework\\src\\Illuminate\\Foundation\\Bootstrap\\HandleExceptions.php(0): Illuminate\\Foundation\\Bootstrap\\HandleExceptions->{closure:C:\\wamp64\\www\\maasin_live_act\\vendor\\laravel\\framework\\src\\Illuminate\\Foundation\\Bootstrap\\HandleExceptions.php:254-256}()
#4 {main}
"} 
[2025-09-24 07:42:25] local.ERROR: Cannot redeclare class App\MySession (previously declared in C:\wamp64\www\maasin_live_act\app\MySession.php:8) {"exception":"[object] (Symfony\\Component\\ErrorHandler\\Error\\FatalError(code: 0): Cannot redeclare class App\\MySession (previously declared in C:\\wamp64\\www\\maasin_live_act\\app\\MySession.php:8) at C:\\wamp64\\www\\maasin_live_act\\app\\Models\\MySession.php:8)
[stacktrace]
#0 C:\\wamp64\\www\\maasin_live_act\\vendor\\laravel\\framework\\src\\Illuminate\\Foundation\\Bootstrap\\HandleExceptions.php(244): Symfony\\Component\\ErrorHandler\\Error\\FatalError->__construct(message: ''Cannot redecla...', code: '0', error: '['type' => 64, ...', traceOffset: '0', traceArgs: '???', trace: '???')
#1 C:\\wamp64\\www\\maasin_live_act\\vendor\\laravel\\framework\\src\\Illuminate\\Foundation\\Bootstrap\\HandleExceptions.php(231): Illuminate\\Foundation\\Bootstrap\\HandleExceptions->fatalErrorFromPhpError(error: '['type' => 64, ...', traceOffset: '0')
#2 C:\\wamp64\\www\\maasin_live_act\\vendor\\laravel\\framework\\src\\Illuminate\\Foundation\\Bootstrap\\HandleExceptions.php(255): Illuminate\\Foundation\\Bootstrap\\HandleExceptions->handleShutdown()
#3 C:\\wamp64\\www\\maasin_live_act\\vendor\\laravel\\framework\\src\\Illuminate\\Foundation\\Bootstrap\\HandleExceptions.php(0): Illuminate\\Foundation\\Bootstrap\\HandleExceptions->{closure:C:\\wamp64\\www\\maasin_live_act\\vendor\\laravel\\framework\\src\\Illuminate\\Foundation\\Bootstrap\\HandleExceptions.php:254-256}()
#4 {main}
"} 
[2025-09-24 07:43:25] local.ERROR: Cannot redeclare class App\MySession (previously declared in C:\wamp64\www\maasin_live_act\app\MySession.php:8) {"exception":"[object] (Symfony\\Component\\ErrorHandler\\Error\\FatalError(code: 0): Cannot redeclare class App\\MySession (previously declared in C:\\wamp64\\www\\maasin_live_act\\app\\MySession.php:8) at C:\\wamp64\\www\\maasin_live_act\\app\\Models\\MySession.php:8)
[stacktrace]
#0 C:\\wamp64\\www\\maasin_live_act\\vendor\\laravel\\framework\\src\\Illuminate\\Foundation\\Bootstrap\\HandleExceptions.php(244): Symfony\\Component\\ErrorHandler\\Error\\FatalError->__construct(message: ''Cannot redecla...', code: '0', error: '['type' => 64, ...', traceOffset: '0', traceArgs: '???', trace: '???')
#1 C:\\wamp64\\www\\maasin_live_act\\vendor\\laravel\\framework\\src\\Illuminate\\Foundation\\Bootstrap\\HandleExceptions.php(231): Illuminate\\Foundation\\Bootstrap\\HandleExceptions->fatalErrorFromPhpError(error: '['type' => 64, ...', traceOffset: '0')
#2 C:\\wamp64\\www\\maasin_live_act\\vendor\\laravel\\framework\\src\\Illuminate\\Foundation\\Bootstrap\\HandleExceptions.php(255): Illuminate\\Foundation\\Bootstrap\\HandleExceptions->handleShutdown()
#3 C:\\wamp64\\www\\maasin_live_act\\vendor\\laravel\\framework\\src\\Illuminate\\Foundation\\Bootstrap\\HandleExceptions.php(0): Illuminate\\Foundation\\Bootstrap\\HandleExceptions->{closure:C:\\wamp64\\www\\maasin_live_act\\vendor\\laravel\\framework\\src\\Illuminate\\Foundation\\Bootstrap\\HandleExceptions.php:254-256}()
#4 {main}
"} 
[2025-09-24 07:44:25] local.ERROR: Cannot redeclare class App\MySession (previously declared in C:\wamp64\www\maasin_live_act\app\MySession.php:8) {"exception":"[object] (Symfony\\Component\\ErrorHandler\\Error\\FatalError(code: 0): Cannot redeclare class App\\MySession (previously declared in C:\\wamp64\\www\\maasin_live_act\\app\\MySession.php:8) at C:\\wamp64\\www\\maasin_live_act\\app\\Models\\MySession.php:8)
[stacktrace]
#0 C:\\wamp64\\www\\maasin_live_act\\vendor\\laravel\\framework\\src\\Illuminate\\Foundation\\Bootstrap\\HandleExceptions.php(244): Symfony\\Component\\ErrorHandler\\Error\\FatalError->__construct(message: ''Cannot redecla...', code: '0', error: '['type' => 64, ...', traceOffset: '0', traceArgs: '???', trace: '???')
#1 C:\\wamp64\\www\\maasin_live_act\\vendor\\laravel\\framework\\src\\Illuminate\\Foundation\\Bootstrap\\HandleExceptions.php(231): Illuminate\\Foundation\\Bootstrap\\HandleExceptions->fatalErrorFromPhpError(error: '['type' => 64, ...', traceOffset: '0')
#2 C:\\wamp64\\www\\maasin_live_act\\vendor\\laravel\\framework\\src\\Illuminate\\Foundation\\Bootstrap\\HandleExceptions.php(255): Illuminate\\Foundation\\Bootstrap\\HandleExceptions->handleShutdown()
#3 C:\\wamp64\\www\\maasin_live_act\\vendor\\laravel\\framework\\src\\Illuminate\\Foundation\\Bootstrap\\HandleExceptions.php(0): Illuminate\\Foundation\\Bootstrap\\HandleExceptions->{closure:C:\\wamp64\\www\\maasin_live_act\\vendor\\laravel\\framework\\src\\Illuminate\\Foundation\\Bootstrap\\HandleExceptions.php:254-256}()
#4 {main}
"} 
[2025-09-24 07:45:25] local.ERROR: Cannot redeclare class App\MySession (previously declared in C:\wamp64\www\maasin_live_act\app\MySession.php:8) {"exception":"[object] (Symfony\\Component\\ErrorHandler\\Error\\FatalError(code: 0): Cannot redeclare class App\\MySession (previously declared in C:\\wamp64\\www\\maasin_live_act\\app\\MySession.php:8) at C:\\wamp64\\www\\maasin_live_act\\app\\Models\\MySession.php:8)
[stacktrace]
#0 C:\\wamp64\\www\\maasin_live_act\\vendor\\laravel\\framework\\src\\Illuminate\\Foundation\\Bootstrap\\HandleExceptions.php(244): Symfony\\Component\\ErrorHandler\\Error\\FatalError->__construct(message: ''Cannot redecla...', code: '0', error: '['type' => 64, ...', traceOffset: '0', traceArgs: '???', trace: '???')
#1 C:\\wamp64\\www\\maasin_live_act\\vendor\\laravel\\framework\\src\\Illuminate\\Foundation\\Bootstrap\\HandleExceptions.php(231): Illuminate\\Foundation\\Bootstrap\\HandleExceptions->fatalErrorFromPhpError(error: '['type' => 64, ...', traceOffset: '0')
#2 C:\\wamp64\\www\\maasin_live_act\\vendor\\laravel\\framework\\src\\Illuminate\\Foundation\\Bootstrap\\HandleExceptions.php(255): Illuminate\\Foundation\\Bootstrap\\HandleExceptions->handleShutdown()
#3 C:\\wamp64\\www\\maasin_live_act\\vendor\\laravel\\framework\\src\\Illuminate\\Foundation\\Bootstrap\\HandleExceptions.php(0): Illuminate\\Foundation\\Bootstrap\\HandleExceptions->{closure:C:\\wamp64\\www\\maasin_live_act\\vendor\\laravel\\framework\\src\\Illuminate\\Foundation\\Bootstrap\\HandleExceptions.php:254-256}()
#4 {main}
"} 
[2025-09-24 07:46:25] local.ERROR: Cannot redeclare class App\MySession (previously declared in C:\wamp64\www\maasin_live_act\app\MySession.php:8) {"exception":"[object] (Symfony\\Component\\ErrorHandler\\Error\\FatalError(code: 0): Cannot redeclare class App\\MySession (previously declared in C:\\wamp64\\www\\maasin_live_act\\app\\MySession.php:8) at C:\\wamp64\\www\\maasin_live_act\\app\\Models\\MySession.php:8)
[stacktrace]
#0 C:\\wamp64\\www\\maasin_live_act\\vendor\\laravel\\framework\\src\\Illuminate\\Foundation\\Bootstrap\\HandleExceptions.php(244): Symfony\\Component\\ErrorHandler\\Error\\FatalError->__construct(message: ''Cannot redecla...', code: '0', error: '['type' => 64, ...', traceOffset: '0', traceArgs: '???', trace: '???')
#1 C:\\wamp64\\www\\maasin_live_act\\vendor\\laravel\\framework\\src\\Illuminate\\Foundation\\Bootstrap\\HandleExceptions.php(231): Illuminate\\Foundation\\Bootstrap\\HandleExceptions->fatalErrorFromPhpError(error: '['type' => 64, ...', traceOffset: '0')
#2 C:\\wamp64\\www\\maasin_live_act\\vendor\\laravel\\framework\\src\\Illuminate\\Foundation\\Bootstrap\\HandleExceptions.php(255): Illuminate\\Foundation\\Bootstrap\\HandleExceptions->handleShutdown()
#3 C:\\wamp64\\www\\maasin_live_act\\vendor\\laravel\\framework\\src\\Illuminate\\Foundation\\Bootstrap\\HandleExceptions.php(0): Illuminate\\Foundation\\Bootstrap\\HandleExceptions->{closure:C:\\wamp64\\www\\maasin_live_act\\vendor\\laravel\\framework\\src\\Illuminate\\Foundation\\Bootstrap\\HandleExceptions.php:254-256}()
#4 {main}
"} 
[2025-09-24 07:47:26] local.ERROR: Cannot redeclare class App\MySession (previously declared in C:\wamp64\www\maasin_live_act\app\MySession.php:8) {"exception":"[object] (Symfony\\Component\\ErrorHandler\\Error\\FatalError(code: 0): Cannot redeclare class App\\MySession (previously declared in C:\\wamp64\\www\\maasin_live_act\\app\\MySession.php:8) at C:\\wamp64\\www\\maasin_live_act\\app\\Models\\MySession.php:8)
[stacktrace]
#0 C:\\wamp64\\www\\maasin_live_act\\vendor\\laravel\\framework\\src\\Illuminate\\Foundation\\Bootstrap\\HandleExceptions.php(244): Symfony\\Component\\ErrorHandler\\Error\\FatalError->__construct(message: ''Cannot redecla...', code: '0', error: '['type' => 64, ...', traceOffset: '0', traceArgs: '???', trace: '???')
#1 C:\\wamp64\\www\\maasin_live_act\\vendor\\laravel\\framework\\src\\Illuminate\\Foundation\\Bootstrap\\HandleExceptions.php(231): Illuminate\\Foundation\\Bootstrap\\HandleExceptions->fatalErrorFromPhpError(error: '['type' => 64, ...', traceOffset: '0')
#2 C:\\wamp64\\www\\maasin_live_act\\vendor\\laravel\\framework\\src\\Illuminate\\Foundation\\Bootstrap\\HandleExceptions.php(255): Illuminate\\Foundation\\Bootstrap\\HandleExceptions->handleShutdown()
#3 C:\\wamp64\\www\\maasin_live_act\\vendor\\laravel\\framework\\src\\Illuminate\\Foundation\\Bootstrap\\HandleExceptions.php(0): Illuminate\\Foundation\\Bootstrap\\HandleExceptions->{closure:C:\\wamp64\\www\\maasin_live_act\\vendor\\laravel\\framework\\src\\Illuminate\\Foundation\\Bootstrap\\HandleExceptions.php:254-256}()
#4 {main}
"} 
[2025-09-24 07:48:26] local.ERROR: Cannot redeclare class App\MySession (previously declared in C:\wamp64\www\maasin_live_act\app\MySession.php:8) {"exception":"[object] (Symfony\\Component\\ErrorHandler\\Error\\FatalError(code: 0): Cannot redeclare class App\\MySession (previously declared in C:\\wamp64\\www\\maasin_live_act\\app\\MySession.php:8) at C:\\wamp64\\www\\maasin_live_act\\app\\Models\\MySession.php:8)
[stacktrace]
#0 C:\\wamp64\\www\\maasin_live_act\\vendor\\laravel\\framework\\src\\Illuminate\\Foundation\\Bootstrap\\HandleExceptions.php(244): Symfony\\Component\\ErrorHandler\\Error\\FatalError->__construct(message: ''Cannot redecla...', code: '0', error: '['type' => 64, ...', traceOffset: '0', traceArgs: '???', trace: '???')
#1 C:\\wamp64\\www\\maasin_live_act\\vendor\\laravel\\framework\\src\\Illuminate\\Foundation\\Bootstrap\\HandleExceptions.php(231): Illuminate\\Foundation\\Bootstrap\\HandleExceptions->fatalErrorFromPhpError(error: '['type' => 64, ...', traceOffset: '0')
#2 C:\\wamp64\\www\\maasin_live_act\\vendor\\laravel\\framework\\src\\Illuminate\\Foundation\\Bootstrap\\HandleExceptions.php(255): Illuminate\\Foundation\\Bootstrap\\HandleExceptions->handleShutdown()
#3 C:\\wamp64\\www\\maasin_live_act\\vendor\\laravel\\framework\\src\\Illuminate\\Foundation\\Bootstrap\\HandleExceptions.php(0): Illuminate\\Foundation\\Bootstrap\\HandleExceptions->{closure:C:\\wamp64\\www\\maasin_live_act\\vendor\\laravel\\framework\\src\\Illuminate\\Foundation\\Bootstrap\\HandleExceptions.php:254-256}()
#4 {main}
"} 
[2025-09-24 07:49:26] local.ERROR: Cannot redeclare class App\MySession (previously declared in C:\wamp64\www\maasin_live_act\app\MySession.php:8) {"exception":"[object] (Symfony\\Component\\ErrorHandler\\Error\\FatalError(code: 0): Cannot redeclare class App\\MySession (previously declared in C:\\wamp64\\www\\maasin_live_act\\app\\MySession.php:8) at C:\\wamp64\\www\\maasin_live_act\\app\\Models\\MySession.php:8)
[stacktrace]
#0 C:\\wamp64\\www\\maasin_live_act\\vendor\\laravel\\framework\\src\\Illuminate\\Foundation\\Bootstrap\\HandleExceptions.php(244): Symfony\\Component\\ErrorHandler\\Error\\FatalError->__construct(message: ''Cannot redecla...', code: '0', error: '['type' => 64, ...', traceOffset: '0', traceArgs: '???', trace: '???')
#1 C:\\wamp64\\www\\maasin_live_act\\vendor\\laravel\\framework\\src\\Illuminate\\Foundation\\Bootstrap\\HandleExceptions.php(231): Illuminate\\Foundation\\Bootstrap\\HandleExceptions->fatalErrorFromPhpError(error: '['type' => 64, ...', traceOffset: '0')
#2 C:\\wamp64\\www\\maasin_live_act\\vendor\\laravel\\framework\\src\\Illuminate\\Foundation\\Bootstrap\\HandleExceptions.php(255): Illuminate\\Foundation\\Bootstrap\\HandleExceptions->handleShutdown()
#3 C:\\wamp64\\www\\maasin_live_act\\vendor\\laravel\\framework\\src\\Illuminate\\Foundation\\Bootstrap\\HandleExceptions.php(0): Illuminate\\Foundation\\Bootstrap\\HandleExceptions->{closure:C:\\wamp64\\www\\maasin_live_act\\vendor\\laravel\\framework\\src\\Illuminate\\Foundation\\Bootstrap\\HandleExceptions.php:254-256}()
#4 {main}
"} 
[2025-09-24 07:50:26] local.ERROR: Cannot redeclare class App\MySession (previously declared in C:\wamp64\www\maasin_live_act\app\MySession.php:8) {"exception":"[object] (Symfony\\Component\\ErrorHandler\\Error\\FatalError(code: 0): Cannot redeclare class App\\MySession (previously declared in C:\\wamp64\\www\\maasin_live_act\\app\\MySession.php:8) at C:\\wamp64\\www\\maasin_live_act\\app\\Models\\MySession.php:8)
[stacktrace]
#0 C:\\wamp64\\www\\maasin_live_act\\vendor\\laravel\\framework\\src\\Illuminate\\Foundation\\Bootstrap\\HandleExceptions.php(244): Symfony\\Component\\ErrorHandler\\Error\\FatalError->__construct(message: ''Cannot redecla...', code: '0', error: '['type' => 64, ...', traceOffset: '0', traceArgs: '???', trace: '???')
#1 C:\\wamp64\\www\\maasin_live_act\\vendor\\laravel\\framework\\src\\Illuminate\\Foundation\\Bootstrap\\HandleExceptions.php(231): Illuminate\\Foundation\\Bootstrap\\HandleExceptions->fatalErrorFromPhpError(error: '['type' => 64, ...', traceOffset: '0')
#2 C:\\wamp64\\www\\maasin_live_act\\vendor\\laravel\\framework\\src\\Illuminate\\Foundation\\Bootstrap\\HandleExceptions.php(255): Illuminate\\Foundation\\Bootstrap\\HandleExceptions->handleShutdown()
#3 C:\\wamp64\\www\\maasin_live_act\\vendor\\laravel\\framework\\src\\Illuminate\\Foundation\\Bootstrap\\HandleExceptions.php(0): Illuminate\\Foundation\\Bootstrap\\HandleExceptions->{closure:C:\\wamp64\\www\\maasin_live_act\\vendor\\laravel\\framework\\src\\Illuminate\\Foundation\\Bootstrap\\HandleExceptions.php:254-256}()
#4 {main}
"} 
[2025-09-24 07:51:26] local.ERROR: Cannot redeclare class App\MySession (previously declared in C:\wamp64\www\maasin_live_act\app\MySession.php:8) {"exception":"[object] (Symfony\\Component\\ErrorHandler\\Error\\FatalError(code: 0): Cannot redeclare class App\\MySession (previously declared in C:\\wamp64\\www\\maasin_live_act\\app\\MySession.php:8) at C:\\wamp64\\www\\maasin_live_act\\app\\Models\\MySession.php:8)
[stacktrace]
#0 C:\\wamp64\\www\\maasin_live_act\\vendor\\laravel\\framework\\src\\Illuminate\\Foundation\\Bootstrap\\HandleExceptions.php(244): Symfony\\Component\\ErrorHandler\\Error\\FatalError->__construct(message: ''Cannot redecla...', code: '0', error: '['type' => 64, ...', traceOffset: '0', traceArgs: '???', trace: '???')
#1 C:\\wamp64\\www\\maasin_live_act\\vendor\\laravel\\framework\\src\\Illuminate\\Foundation\\Bootstrap\\HandleExceptions.php(231): Illuminate\\Foundation\\Bootstrap\\HandleExceptions->fatalErrorFromPhpError(error: '['type' => 64, ...', traceOffset: '0')
#2 C:\\wamp64\\www\\maasin_live_act\\vendor\\laravel\\framework\\src\\Illuminate\\Foundation\\Bootstrap\\HandleExceptions.php(255): Illuminate\\Foundation\\Bootstrap\\HandleExceptions->handleShutdown()
#3 C:\\wamp64\\www\\maasin_live_act\\vendor\\laravel\\framework\\src\\Illuminate\\Foundation\\Bootstrap\\HandleExceptions.php(0): Illuminate\\Foundation\\Bootstrap\\HandleExceptions->{closure:C:\\wamp64\\www\\maasin_live_act\\vendor\\laravel\\framework\\src\\Illuminate\\Foundation\\Bootstrap\\HandleExceptions.php:254-256}()
#4 {main}
"} 
[2025-09-24 07:52:26] local.ERROR: Cannot redeclare class App\MySession (previously declared in C:\wamp64\www\maasin_live_act\app\MySession.php:8) {"exception":"[object] (Symfony\\Component\\ErrorHandler\\Error\\FatalError(code: 0): Cannot redeclare class App\\MySession (previously declared in C:\\wamp64\\www\\maasin_live_act\\app\\MySession.php:8) at C:\\wamp64\\www\\maasin_live_act\\app\\Models\\MySession.php:8)
[stacktrace]
#0 C:\\wamp64\\www\\maasin_live_act\\vendor\\laravel\\framework\\src\\Illuminate\\Foundation\\Bootstrap\\HandleExceptions.php(244): Symfony\\Component\\ErrorHandler\\Error\\FatalError->__construct(message: ''Cannot redecla...', code: '0', error: '['type' => 64, ...', traceOffset: '0', traceArgs: '???', trace: '???')
#1 C:\\wamp64\\www\\maasin_live_act\\vendor\\laravel\\framework\\src\\Illuminate\\Foundation\\Bootstrap\\HandleExceptions.php(231): Illuminate\\Foundation\\Bootstrap\\HandleExceptions->fatalErrorFromPhpError(error: '['type' => 64, ...', traceOffset: '0')
#2 C:\\wamp64\\www\\maasin_live_act\\vendor\\laravel\\framework\\src\\Illuminate\\Foundation\\Bootstrap\\HandleExceptions.php(255): Illuminate\\Foundation\\Bootstrap\\HandleExceptions->handleShutdown()
#3 C:\\wamp64\\www\\maasin_live_act\\vendor\\laravel\\framework\\src\\Illuminate\\Foundation\\Bootstrap\\HandleExceptions.php(0): Illuminate\\Foundation\\Bootstrap\\HandleExceptions->{closure:C:\\wamp64\\www\\maasin_live_act\\vendor\\laravel\\framework\\src\\Illuminate\\Foundation\\Bootstrap\\HandleExceptions.php:254-256}()
#4 {main}
"} 
[2025-09-24 07:53:26] local.ERROR: Cannot redeclare class App\MySession (previously declared in C:\wamp64\www\maasin_live_act\app\MySession.php:8) {"exception":"[object] (Symfony\\Component\\ErrorHandler\\Error\\FatalError(code: 0): Cannot redeclare class App\\MySession (previously declared in C:\\wamp64\\www\\maasin_live_act\\app\\MySession.php:8) at C:\\wamp64\\www\\maasin_live_act\\app\\Models\\MySession.php:8)
[stacktrace]
#0 C:\\wamp64\\www\\maasin_live_act\\vendor\\laravel\\framework\\src\\Illuminate\\Foundation\\Bootstrap\\HandleExceptions.php(244): Symfony\\Component\\ErrorHandler\\Error\\FatalError->__construct(message: ''Cannot redecla...', code: '0', error: '['type' => 64, ...', traceOffset: '0', traceArgs: '???', trace: '???')
#1 C:\\wamp64\\www\\maasin_live_act\\vendor\\laravel\\framework\\src\\Illuminate\\Foundation\\Bootstrap\\HandleExceptions.php(231): Illuminate\\Foundation\\Bootstrap\\HandleExceptions->fatalErrorFromPhpError(error: '['type' => 64, ...', traceOffset: '0')
#2 C:\\wamp64\\www\\maasin_live_act\\vendor\\laravel\\framework\\src\\Illuminate\\Foundation\\Bootstrap\\HandleExceptions.php(255): Illuminate\\Foundation\\Bootstrap\\HandleExceptions->handleShutdown()
#3 C:\\wamp64\\www\\maasin_live_act\\vendor\\laravel\\framework\\src\\Illuminate\\Foundation\\Bootstrap\\HandleExceptions.php(0): Illuminate\\Foundation\\Bootstrap\\HandleExceptions->{closure:C:\\wamp64\\www\\maasin_live_act\\vendor\\laravel\\framework\\src\\Illuminate\\Foundation\\Bootstrap\\HandleExceptions.php:254-256}()
#4 {main}
"} 
[2025-09-24 07:54:26] local.ERROR: Cannot redeclare class App\MySession (previously declared in C:\wamp64\www\maasin_live_act\app\MySession.php:8) {"exception":"[object] (Symfony\\Component\\ErrorHandler\\Error\\FatalError(code: 0): Cannot redeclare class App\\MySession (previously declared in C:\\wamp64\\www\\maasin_live_act\\app\\MySession.php:8) at C:\\wamp64\\www\\maasin_live_act\\app\\Models\\MySession.php:8)
[stacktrace]
#0 C:\\wamp64\\www\\maasin_live_act\\vendor\\laravel\\framework\\src\\Illuminate\\Foundation\\Bootstrap\\HandleExceptions.php(244): Symfony\\Component\\ErrorHandler\\Error\\FatalError->__construct(message: ''Cannot redecla...', code: '0', error: '['type' => 64, ...', traceOffset: '0', traceArgs: '???', trace: '???')
#1 C:\\wamp64\\www\\maasin_live_act\\vendor\\laravel\\framework\\src\\Illuminate\\Foundation\\Bootstrap\\HandleExceptions.php(231): Illuminate\\Foundation\\Bootstrap\\HandleExceptions->fatalErrorFromPhpError(error: '['type' => 64, ...', traceOffset: '0')
#2 C:\\wamp64\\www\\maasin_live_act\\vendor\\laravel\\framework\\src\\Illuminate\\Foundation\\Bootstrap\\HandleExceptions.php(255): Illuminate\\Foundation\\Bootstrap\\HandleExceptions->handleShutdown()
#3 C:\\wamp64\\www\\maasin_live_act\\vendor\\laravel\\framework\\src\\Illuminate\\Foundation\\Bootstrap\\HandleExceptions.php(0): Illuminate\\Foundation\\Bootstrap\\HandleExceptions->{closure:C:\\wamp64\\www\\maasin_live_act\\vendor\\laravel\\framework\\src\\Illuminate\\Foundation\\Bootstrap\\HandleExceptions.php:254-256}()
#4 {main}
"} 
[2025-09-24 07:55:26] local.ERROR: Cannot redeclare class App\MySession (previously declared in C:\wamp64\www\maasin_live_act\app\MySession.php:8) {"exception":"[object] (Symfony\\Component\\ErrorHandler\\Error\\FatalError(code: 0): Cannot redeclare class App\\MySession (previously declared in C:\\wamp64\\www\\maasin_live_act\\app\\MySession.php:8) at C:\\wamp64\\www\\maasin_live_act\\app\\Models\\MySession.php:8)
[stacktrace]
#0 C:\\wamp64\\www\\maasin_live_act\\vendor\\laravel\\framework\\src\\Illuminate\\Foundation\\Bootstrap\\HandleExceptions.php(244): Symfony\\Component\\ErrorHandler\\Error\\FatalError->__construct(message: ''Cannot redecla...', code: '0', error: '['type' => 64, ...', traceOffset: '0', traceArgs: '???', trace: '???')
#1 C:\\wamp64\\www\\maasin_live_act\\vendor\\laravel\\framework\\src\\Illuminate\\Foundation\\Bootstrap\\HandleExceptions.php(231): Illuminate\\Foundation\\Bootstrap\\HandleExceptions->fatalErrorFromPhpError(error: '['type' => 64, ...', traceOffset: '0')
#2 C:\\wamp64\\www\\maasin_live_act\\vendor\\laravel\\framework\\src\\Illuminate\\Foundation\\Bootstrap\\HandleExceptions.php(255): Illuminate\\Foundation\\Bootstrap\\HandleExceptions->handleShutdown()
#3 C:\\wamp64\\www\\maasin_live_act\\vendor\\laravel\\framework\\src\\Illuminate\\Foundation\\Bootstrap\\HandleExceptions.php(0): Illuminate\\Foundation\\Bootstrap\\HandleExceptions->{closure:C:\\wamp64\\www\\maasin_live_act\\vendor\\laravel\\framework\\src\\Illuminate\\Foundation\\Bootstrap\\HandleExceptions.php:254-256}()
#4 {main}
"} 
[2025-09-24 07:56:26] local.ERROR: Cannot redeclare class App\MySession (previously declared in C:\wamp64\www\maasin_live_act\app\MySession.php:8) {"exception":"[object] (Symfony\\Component\\ErrorHandler\\Error\\FatalError(code: 0): Cannot redeclare class App\\MySession (previously declared in C:\\wamp64\\www\\maasin_live_act\\app\\MySession.php:8) at C:\\wamp64\\www\\maasin_live_act\\app\\Models\\MySession.php:8)
[stacktrace]
#0 C:\\wamp64\\www\\maasin_live_act\\vendor\\laravel\\framework\\src\\Illuminate\\Foundation\\Bootstrap\\HandleExceptions.php(244): Symfony\\Component\\ErrorHandler\\Error\\FatalError->__construct(message: ''Cannot redecla...', code: '0', error: '['type' => 64, ...', traceOffset: '0', traceArgs: '???', trace: '???')
#1 C:\\wamp64\\www\\maasin_live_act\\vendor\\laravel\\framework\\src\\Illuminate\\Foundation\\Bootstrap\\HandleExceptions.php(231): Illuminate\\Foundation\\Bootstrap\\HandleExceptions->fatalErrorFromPhpError(error: '['type' => 64, ...', traceOffset: '0')
#2 C:\\wamp64\\www\\maasin_live_act\\vendor\\laravel\\framework\\src\\Illuminate\\Foundation\\Bootstrap\\HandleExceptions.php(255): Illuminate\\Foundation\\Bootstrap\\HandleExceptions->handleShutdown()
#3 C:\\wamp64\\www\\maasin_live_act\\vendor\\laravel\\framework\\src\\Illuminate\\Foundation\\Bootstrap\\HandleExceptions.php(0): Illuminate\\Foundation\\Bootstrap\\HandleExceptions->{closure:C:\\wamp64\\www\\maasin_live_act\\vendor\\laravel\\framework\\src\\Illuminate\\Foundation\\Bootstrap\\HandleExceptions.php:254-256}()
#4 {main}
"} 
[2025-09-24 07:57:26] local.ERROR: Cannot redeclare class App\MySession (previously declared in C:\wamp64\www\maasin_live_act\app\MySession.php:8) {"exception":"[object] (Symfony\\Component\\ErrorHandler\\Error\\FatalError(code: 0): Cannot redeclare class App\\MySession (previously declared in C:\\wamp64\\www\\maasin_live_act\\app\\MySession.php:8) at C:\\wamp64\\www\\maasin_live_act\\app\\Models\\MySession.php:8)
[stacktrace]
#0 C:\\wamp64\\www\\maasin_live_act\\vendor\\laravel\\framework\\src\\Illuminate\\Foundation\\Bootstrap\\HandleExceptions.php(244): Symfony\\Component\\ErrorHandler\\Error\\FatalError->__construct(message: ''Cannot redecla...', code: '0', error: '['type' => 64, ...', traceOffset: '0', traceArgs: '???', trace: '???')
#1 C:\\wamp64\\www\\maasin_live_act\\vendor\\laravel\\framework\\src\\Illuminate\\Foundation\\Bootstrap\\HandleExceptions.php(231): Illuminate\\Foundation\\Bootstrap\\HandleExceptions->fatalErrorFromPhpError(error: '['type' => 64, ...', traceOffset: '0')
#2 C:\\wamp64\\www\\maasin_live_act\\vendor\\laravel\\framework\\src\\Illuminate\\Foundation\\Bootstrap\\HandleExceptions.php(255): Illuminate\\Foundation\\Bootstrap\\HandleExceptions->handleShutdown()
#3 C:\\wamp64\\www\\maasin_live_act\\vendor\\laravel\\framework\\src\\Illuminate\\Foundation\\Bootstrap\\HandleExceptions.php(0): Illuminate\\Foundation\\Bootstrap\\HandleExceptions->{closure:C:\\wamp64\\www\\maasin_live_act\\vendor\\laravel\\framework\\src\\Illuminate\\Foundation\\Bootstrap\\HandleExceptions.php:254-256}()
#4 {main}
"} 
[2025-09-24 07:58:26] local.ERROR: Cannot redeclare class App\MySession (previously declared in C:\wamp64\www\maasin_live_act\app\MySession.php:8) {"exception":"[object] (Symfony\\Component\\ErrorHandler\\Error\\FatalError(code: 0): Cannot redeclare class App\\MySession (previously declared in C:\\wamp64\\www\\maasin_live_act\\app\\MySession.php:8) at C:\\wamp64\\www\\maasin_live_act\\app\\Models\\MySession.php:8)
[stacktrace]
#0 C:\\wamp64\\www\\maasin_live_act\\vendor\\laravel\\framework\\src\\Illuminate\\Foundation\\Bootstrap\\HandleExceptions.php(244): Symfony\\Component\\ErrorHandler\\Error\\FatalError->__construct(message: ''Cannot redecla...', code: '0', error: '['type' => 64, ...', traceOffset: '0', traceArgs: '???', trace: '???')
#1 C:\\wamp64\\www\\maasin_live_act\\vendor\\laravel\\framework\\src\\Illuminate\\Foundation\\Bootstrap\\HandleExceptions.php(231): Illuminate\\Foundation\\Bootstrap\\HandleExceptions->fatalErrorFromPhpError(error: '['type' => 64, ...', traceOffset: '0')
#2 C:\\wamp64\\www\\maasin_live_act\\vendor\\laravel\\framework\\src\\Illuminate\\Foundation\\Bootstrap\\HandleExceptions.php(255): Illuminate\\Foundation\\Bootstrap\\HandleExceptions->handleShutdown()
#3 C:\\wamp64\\www\\maasin_live_act\\vendor\\laravel\\framework\\src\\Illuminate\\Foundation\\Bootstrap\\HandleExceptions.php(0): Illuminate\\Foundation\\Bootstrap\\HandleExceptions->{closure:C:\\wamp64\\www\\maasin_live_act\\vendor\\laravel\\framework\\src\\Illuminate\\Foundation\\Bootstrap\\HandleExceptions.php:254-256}()
#4 {main}
"} 
[2025-09-24 07:59:26] local.ERROR: Cannot redeclare class App\MySession (previously declared in C:\wamp64\www\maasin_live_act\app\MySession.php:8) {"exception":"[object] (Symfony\\Component\\ErrorHandler\\Error\\FatalError(code: 0): Cannot redeclare class App\\MySession (previously declared in C:\\wamp64\\www\\maasin_live_act\\app\\MySession.php:8) at C:\\wamp64\\www\\maasin_live_act\\app\\Models\\MySession.php:8)
[stacktrace]
#0 C:\\wamp64\\www\\maasin_live_act\\vendor\\laravel\\framework\\src\\Illuminate\\Foundation\\Bootstrap\\HandleExceptions.php(244): Symfony\\Component\\ErrorHandler\\Error\\FatalError->__construct(message: ''Cannot redecla...', code: '0', error: '['type' => 64, ...', traceOffset: '0', traceArgs: '???', trace: '???')
#1 C:\\wamp64\\www\\maasin_live_act\\vendor\\laravel\\framework\\src\\Illuminate\\Foundation\\Bootstrap\\HandleExceptions.php(231): Illuminate\\Foundation\\Bootstrap\\HandleExceptions->fatalErrorFromPhpError(error: '['type' => 64, ...', traceOffset: '0')
#2 C:\\wamp64\\www\\maasin_live_act\\vendor\\laravel\\framework\\src\\Illuminate\\Foundation\\Bootstrap\\HandleExceptions.php(255): Illuminate\\Foundation\\Bootstrap\\HandleExceptions->handleShutdown()
#3 C:\\wamp64\\www\\maasin_live_act\\vendor\\laravel\\framework\\src\\Illuminate\\Foundation\\Bootstrap\\HandleExceptions.php(0): Illuminate\\Foundation\\Bootstrap\\HandleExceptions->{closure:C:\\wamp64\\www\\maasin_live_act\\vendor\\laravel\\framework\\src\\Illuminate\\Foundation\\Bootstrap\\HandleExceptions.php:254-256}()
#4 {main}
"} 
[2025-09-24 08:00:26] local.ERROR: Cannot redeclare class App\MySession (previously declared in C:\wamp64\www\maasin_live_act\app\MySession.php:8) {"exception":"[object] (Symfony\\Component\\ErrorHandler\\Error\\FatalError(code: 0): Cannot redeclare class App\\MySession (previously declared in C:\\wamp64\\www\\maasin_live_act\\app\\MySession.php:8) at C:\\wamp64\\www\\maasin_live_act\\app\\Models\\MySession.php:8)
[stacktrace]
#0 C:\\wamp64\\www\\maasin_live_act\\vendor\\laravel\\framework\\src\\Illuminate\\Foundation\\Bootstrap\\HandleExceptions.php(244): Symfony\\Component\\ErrorHandler\\Error\\FatalError->__construct(message: ''Cannot redecla...', code: '0', error: '['type' => 64, ...', traceOffset: '0', traceArgs: '???', trace: '???')
#1 C:\\wamp64\\www\\maasin_live_act\\vendor\\laravel\\framework\\src\\Illuminate\\Foundation\\Bootstrap\\HandleExceptions.php(231): Illuminate\\Foundation\\Bootstrap\\HandleExceptions->fatalErrorFromPhpError(error: '['type' => 64, ...', traceOffset: '0')
#2 C:\\wamp64\\www\\maasin_live_act\\vendor\\laravel\\framework\\src\\Illuminate\\Foundation\\Bootstrap\\HandleExceptions.php(255): Illuminate\\Foundation\\Bootstrap\\HandleExceptions->handleShutdown()
#3 C:\\wamp64\\www\\maasin_live_act\\vendor\\laravel\\framework\\src\\Illuminate\\Foundation\\Bootstrap\\HandleExceptions.php(0): Illuminate\\Foundation\\Bootstrap\\HandleExceptions->{closure:C:\\wamp64\\www\\maasin_live_act\\vendor\\laravel\\framework\\src\\Illuminate\\Foundation\\Bootstrap\\HandleExceptions.php:254-256}()
#4 {main}
"} 
[2025-09-24 08:01:26] local.ERROR: Cannot redeclare class App\MySession (previously declared in C:\wamp64\www\maasin_live_act\app\MySession.php:8) {"exception":"[object] (Symfony\\Component\\ErrorHandler\\Error\\FatalError(code: 0): Cannot redeclare class App\\MySession (previously declared in C:\\wamp64\\www\\maasin_live_act\\app\\MySession.php:8) at C:\\wamp64\\www\\maasin_live_act\\app\\Models\\MySession.php:8)
[stacktrace]
#0 C:\\wamp64\\www\\maasin_live_act\\vendor\\laravel\\framework\\src\\Illuminate\\Foundation\\Bootstrap\\HandleExceptions.php(244): Symfony\\Component\\ErrorHandler\\Error\\FatalError->__construct(message: ''Cannot redecla...', code: '0', error: '['type' => 64, ...', traceOffset: '0', traceArgs: '???', trace: '???')
#1 C:\\wamp64\\www\\maasin_live_act\\vendor\\laravel\\framework\\src\\Illuminate\\Foundation\\Bootstrap\\HandleExceptions.php(231): Illuminate\\Foundation\\Bootstrap\\HandleExceptions->fatalErrorFromPhpError(error: '['type' => 64, ...', traceOffset: '0')
#2 C:\\wamp64\\www\\maasin_live_act\\vendor\\laravel\\framework\\src\\Illuminate\\Foundation\\Bootstrap\\HandleExceptions.php(255): Illuminate\\Foundation\\Bootstrap\\HandleExceptions->handleShutdown()
#3 C:\\wamp64\\www\\maasin_live_act\\vendor\\laravel\\framework\\src\\Illuminate\\Foundation\\Bootstrap\\HandleExceptions.php(0): Illuminate\\Foundation\\Bootstrap\\HandleExceptions->{closure:C:\\wamp64\\www\\maasin_live_act\\vendor\\laravel\\framework\\src\\Illuminate\\Foundation\\Bootstrap\\HandleExceptions.php:254-256}()
#4 {main}
"} 
[2025-09-24 08:02:26] local.ERROR: Cannot redeclare class App\MySession (previously declared in C:\wamp64\www\maasin_live_act\app\MySession.php:8) {"exception":"[object] (Symfony\\Component\\ErrorHandler\\Error\\FatalError(code: 0): Cannot redeclare class App\\MySession (previously declared in C:\\wamp64\\www\\maasin_live_act\\app\\MySession.php:8) at C:\\wamp64\\www\\maasin_live_act\\app\\Models\\MySession.php:8)
[stacktrace]
#0 C:\\wamp64\\www\\maasin_live_act\\vendor\\laravel\\framework\\src\\Illuminate\\Foundation\\Bootstrap\\HandleExceptions.php(244): Symfony\\Component\\ErrorHandler\\Error\\FatalError->__construct(message: ''Cannot redecla...', code: '0', error: '['type' => 64, ...', traceOffset: '0', traceArgs: '???', trace: '???')
#1 C:\\wamp64\\www\\maasin_live_act\\vendor\\laravel\\framework\\src\\Illuminate\\Foundation\\Bootstrap\\HandleExceptions.php(231): Illuminate\\Foundation\\Bootstrap\\HandleExceptions->fatalErrorFromPhpError(error: '['type' => 64, ...', traceOffset: '0')
#2 C:\\wamp64\\www\\maasin_live_act\\vendor\\laravel\\framework\\src\\Illuminate\\Foundation\\Bootstrap\\HandleExceptions.php(255): Illuminate\\Foundation\\Bootstrap\\HandleExceptions->handleShutdown()
#3 C:\\wamp64\\www\\maasin_live_act\\vendor\\laravel\\framework\\src\\Illuminate\\Foundation\\Bootstrap\\HandleExceptions.php(0): Illuminate\\Foundation\\Bootstrap\\HandleExceptions->{closure:C:\\wamp64\\www\\maasin_live_act\\vendor\\laravel\\framework\\src\\Illuminate\\Foundation\\Bootstrap\\HandleExceptions.php:254-256}()
#4 {main}
"} 
[2025-09-24 08:03:26] local.ERROR: Cannot redeclare class App\MySession (previously declared in C:\wamp64\www\maasin_live_act\app\MySession.php:8) {"exception":"[object] (Symfony\\Component\\ErrorHandler\\Error\\FatalError(code: 0): Cannot redeclare class App\\MySession (previously declared in C:\\wamp64\\www\\maasin_live_act\\app\\MySession.php:8) at C:\\wamp64\\www\\maasin_live_act\\app\\Models\\MySession.php:8)
[stacktrace]
#0 C:\\wamp64\\www\\maasin_live_act\\vendor\\laravel\\framework\\src\\Illuminate\\Foundation\\Bootstrap\\HandleExceptions.php(244): Symfony\\Component\\ErrorHandler\\Error\\FatalError->__construct(message: ''Cannot redecla...', code: '0', error: '['type' => 64, ...', traceOffset: '0', traceArgs: '???', trace: '???')
#1 C:\\wamp64\\www\\maasin_live_act\\vendor\\laravel\\framework\\src\\Illuminate\\Foundation\\Bootstrap\\HandleExceptions.php(231): Illuminate\\Foundation\\Bootstrap\\HandleExceptions->fatalErrorFromPhpError(error: '['type' => 64, ...', traceOffset: '0')
#2 C:\\wamp64\\www\\maasin_live_act\\vendor\\laravel\\framework\\src\\Illuminate\\Foundation\\Bootstrap\\HandleExceptions.php(255): Illuminate\\Foundation\\Bootstrap\\HandleExceptions->handleShutdown()
#3 C:\\wamp64\\www\\maasin_live_act\\vendor\\laravel\\framework\\src\\Illuminate\\Foundation\\Bootstrap\\HandleExceptions.php(0): Illuminate\\Foundation\\Bootstrap\\HandleExceptions->{closure:C:\\wamp64\\www\\maasin_live_act\\vendor\\laravel\\framework\\src\\Illuminate\\Foundation\\Bootstrap\\HandleExceptions.php:254-256}()
#4 {main}
"} 
[2025-09-24 08:04:26] local.ERROR: Cannot redeclare class App\MySession (previously declared in C:\wamp64\www\maasin_live_act\app\MySession.php:8) {"exception":"[object] (Symfony\\Component\\ErrorHandler\\Error\\FatalError(code: 0): Cannot redeclare class App\\MySession (previously declared in C:\\wamp64\\www\\maasin_live_act\\app\\MySession.php:8) at C:\\wamp64\\www\\maasin_live_act\\app\\Models\\MySession.php:8)
[stacktrace]
#0 C:\\wamp64\\www\\maasin_live_act\\vendor\\laravel\\framework\\src\\Illuminate\\Foundation\\Bootstrap\\HandleExceptions.php(244): Symfony\\Component\\ErrorHandler\\Error\\FatalError->__construct(message: ''Cannot redecla...', code: '0', error: '['type' => 64, ...', traceOffset: '0', traceArgs: '???', trace: '???')
#1 C:\\wamp64\\www\\maasin_live_act\\vendor\\laravel\\framework\\src\\Illuminate\\Foundation\\Bootstrap\\HandleExceptions.php(231): Illuminate\\Foundation\\Bootstrap\\HandleExceptions->fatalErrorFromPhpError(error: '['type' => 64, ...', traceOffset: '0')
#2 C:\\wamp64\\www\\maasin_live_act\\vendor\\laravel\\framework\\src\\Illuminate\\Foundation\\Bootstrap\\HandleExceptions.php(255): Illuminate\\Foundation\\Bootstrap\\HandleExceptions->handleShutdown()
#3 C:\\wamp64\\www\\maasin_live_act\\vendor\\laravel\\framework\\src\\Illuminate\\Foundation\\Bootstrap\\HandleExceptions.php(0): Illuminate\\Foundation\\Bootstrap\\HandleExceptions->{closure:C:\\wamp64\\www\\maasin_live_act\\vendor\\laravel\\framework\\src\\Illuminate\\Foundation\\Bootstrap\\HandleExceptions.php:254-256}()
#4 {main}
"} 
[2025-09-24 08:05:26] local.ERROR: Cannot redeclare class App\MySession (previously declared in C:\wamp64\www\maasin_live_act\app\MySession.php:8) {"exception":"[object] (Symfony\\Component\\ErrorHandler\\Error\\FatalError(code: 0): Cannot redeclare class App\\MySession (previously declared in C:\\wamp64\\www\\maasin_live_act\\app\\MySession.php:8) at C:\\wamp64\\www\\maasin_live_act\\app\\Models\\MySession.php:8)
[stacktrace]
#0 C:\\wamp64\\www\\maasin_live_act\\vendor\\laravel\\framework\\src\\Illuminate\\Foundation\\Bootstrap\\HandleExceptions.php(244): Symfony\\Component\\ErrorHandler\\Error\\FatalError->__construct(message: ''Cannot redecla...', code: '0', error: '['type' => 64, ...', traceOffset: '0', traceArgs: '???', trace: '???')
#1 C:\\wamp64\\www\\maasin_live_act\\vendor\\laravel\\framework\\src\\Illuminate\\Foundation\\Bootstrap\\HandleExceptions.php(231): Illuminate\\Foundation\\Bootstrap\\HandleExceptions->fatalErrorFromPhpError(error: '['type' => 64, ...', traceOffset: '0')
#2 C:\\wamp64\\www\\maasin_live_act\\vendor\\laravel\\framework\\src\\Illuminate\\Foundation\\Bootstrap\\HandleExceptions.php(255): Illuminate\\Foundation\\Bootstrap\\HandleExceptions->handleShutdown()
#3 C:\\wamp64\\www\\maasin_live_act\\vendor\\laravel\\framework\\src\\Illuminate\\Foundation\\Bootstrap\\HandleExceptions.php(0): Illuminate\\Foundation\\Bootstrap\\HandleExceptions->{closure:C:\\wamp64\\www\\maasin_live_act\\vendor\\laravel\\framework\\src\\Illuminate\\Foundation\\Bootstrap\\HandleExceptions.php:254-256}()
#4 {main}
"} 
[2025-09-24 08:06:26] local.ERROR: Cannot redeclare class App\MySession (previously declared in C:\wamp64\www\maasin_live_act\app\MySession.php:8) {"exception":"[object] (Symfony\\Component\\ErrorHandler\\Error\\FatalError(code: 0): Cannot redeclare class App\\MySession (previously declared in C:\\wamp64\\www\\maasin_live_act\\app\\MySession.php:8) at C:\\wamp64\\www\\maasin_live_act\\app\\Models\\MySession.php:8)
[stacktrace]
#0 C:\\wamp64\\www\\maasin_live_act\\vendor\\laravel\\framework\\src\\Illuminate\\Foundation\\Bootstrap\\HandleExceptions.php(244): Symfony\\Component\\ErrorHandler\\Error\\FatalError->__construct(message: ''Cannot redecla...', code: '0', error: '['type' => 64, ...', traceOffset: '0', traceArgs: '???', trace: '???')
#1 C:\\wamp64\\www\\maasin_live_act\\vendor\\laravel\\framework\\src\\Illuminate\\Foundation\\Bootstrap\\HandleExceptions.php(231): Illuminate\\Foundation\\Bootstrap\\HandleExceptions->fatalErrorFromPhpError(error: '['type' => 64, ...', traceOffset: '0')
#2 C:\\wamp64\\www\\maasin_live_act\\vendor\\laravel\\framework\\src\\Illuminate\\Foundation\\Bootstrap\\HandleExceptions.php(255): Illuminate\\Foundation\\Bootstrap\\HandleExceptions->handleShutdown()
#3 C:\\wamp64\\www\\maasin_live_act\\vendor\\laravel\\framework\\src\\Illuminate\\Foundation\\Bootstrap\\HandleExceptions.php(0): Illuminate\\Foundation\\Bootstrap\\HandleExceptions->{closure:C:\\wamp64\\www\\maasin_live_act\\vendor\\laravel\\framework\\src\\Illuminate\\Foundation\\Bootstrap\\HandleExceptions.php:254-256}()
#4 {main}
"} 
[2025-09-24 08:07:26] local.ERROR: Cannot redeclare class App\MySession (previously declared in C:\wamp64\www\maasin_live_act\app\MySession.php:8) {"exception":"[object] (Symfony\\Component\\ErrorHandler\\Error\\FatalError(code: 0): Cannot redeclare class App\\MySession (previously declared in C:\\wamp64\\www\\maasin_live_act\\app\\MySession.php:8) at C:\\wamp64\\www\\maasin_live_act\\app\\Models\\MySession.php:8)
[stacktrace]
#0 C:\\wamp64\\www\\maasin_live_act\\vendor\\laravel\\framework\\src\\Illuminate\\Foundation\\Bootstrap\\HandleExceptions.php(244): Symfony\\Component\\ErrorHandler\\Error\\FatalError->__construct(message: ''Cannot redecla...', code: '0', error: '['type' => 64, ...', traceOffset: '0', traceArgs: '???', trace: '???')
#1 C:\\wamp64\\www\\maasin_live_act\\vendor\\laravel\\framework\\src\\Illuminate\\Foundation\\Bootstrap\\HandleExceptions.php(231): Illuminate\\Foundation\\Bootstrap\\HandleExceptions->fatalErrorFromPhpError(error: '['type' => 64, ...', traceOffset: '0')
#2 C:\\wamp64\\www\\maasin_live_act\\vendor\\laravel\\framework\\src\\Illuminate\\Foundation\\Bootstrap\\HandleExceptions.php(255): Illuminate\\Foundation\\Bootstrap\\HandleExceptions->handleShutdown()
#3 C:\\wamp64\\www\\maasin_live_act\\vendor\\laravel\\framework\\src\\Illuminate\\Foundation\\Bootstrap\\HandleExceptions.php(0): Illuminate\\Foundation\\Bootstrap\\HandleExceptions->{closure:C:\\wamp64\\www\\maasin_live_act\\vendor\\laravel\\framework\\src\\Illuminate\\Foundation\\Bootstrap\\HandleExceptions.php:254-256}()
#4 {main}
"} 
[2025-09-24 08:08:26] local.ERROR: Cannot redeclare class App\MySession (previously declared in C:\wamp64\www\maasin_live_act\app\MySession.php:8) {"exception":"[object] (Symfony\\Component\\ErrorHandler\\Error\\FatalError(code: 0): Cannot redeclare class App\\MySession (previously declared in C:\\wamp64\\www\\maasin_live_act\\app\\MySession.php:8) at C:\\wamp64\\www\\maasin_live_act\\app\\Models\\MySession.php:8)
[stacktrace]
#0 C:\\wamp64\\www\\maasin_live_act\\vendor\\laravel\\framework\\src\\Illuminate\\Foundation\\Bootstrap\\HandleExceptions.php(244): Symfony\\Component\\ErrorHandler\\Error\\FatalError->__construct(message: ''Cannot redecla...', code: '0', error: '['type' => 64, ...', traceOffset: '0', traceArgs: '???', trace: '???')
#1 C:\\wamp64\\www\\maasin_live_act\\vendor\\laravel\\framework\\src\\Illuminate\\Foundation\\Bootstrap\\HandleExceptions.php(231): Illuminate\\Foundation\\Bootstrap\\HandleExceptions->fatalErrorFromPhpError(error: '['type' => 64, ...', traceOffset: '0')
#2 C:\\wamp64\\www\\maasin_live_act\\vendor\\laravel\\framework\\src\\Illuminate\\Foundation\\Bootstrap\\HandleExceptions.php(255): Illuminate\\Foundation\\Bootstrap\\HandleExceptions->handleShutdown()
#3 C:\\wamp64\\www\\maasin_live_act\\vendor\\laravel\\framework\\src\\Illuminate\\Foundation\\Bootstrap\\HandleExceptions.php(0): Illuminate\\Foundation\\Bootstrap\\HandleExceptions->{closure:C:\\wamp64\\www\\maasin_live_act\\vendor\\laravel\\framework\\src\\Illuminate\\Foundation\\Bootstrap\\HandleExceptions.php:254-256}()
#4 {main}
"} 
[2025-09-24 08:09:26] local.ERROR: Cannot redeclare class App\MySession (previously declared in C:\wamp64\www\maasin_live_act\app\MySession.php:8) {"exception":"[object] (Symfony\\Component\\ErrorHandler\\Error\\FatalError(code: 0): Cannot redeclare class App\\MySession (previously declared in C:\\wamp64\\www\\maasin_live_act\\app\\MySession.php:8) at C:\\wamp64\\www\\maasin_live_act\\app\\Models\\MySession.php:8)
[stacktrace]
#0 C:\\wamp64\\www\\maasin_live_act\\vendor\\laravel\\framework\\src\\Illuminate\\Foundation\\Bootstrap\\HandleExceptions.php(244): Symfony\\Component\\ErrorHandler\\Error\\FatalError->__construct(message: ''Cannot redecla...', code: '0', error: '['type' => 64, ...', traceOffset: '0', traceArgs: '???', trace: '???')
#1 C:\\wamp64\\www\\maasin_live_act\\vendor\\laravel\\framework\\src\\Illuminate\\Foundation\\Bootstrap\\HandleExceptions.php(231): Illuminate\\Foundation\\Bootstrap\\HandleExceptions->fatalErrorFromPhpError(error: '['type' => 64, ...', traceOffset: '0')
#2 C:\\wamp64\\www\\maasin_live_act\\vendor\\laravel\\framework\\src\\Illuminate\\Foundation\\Bootstrap\\HandleExceptions.php(255): Illuminate\\Foundation\\Bootstrap\\HandleExceptions->handleShutdown()
#3 C:\\wamp64\\www\\maasin_live_act\\vendor\\laravel\\framework\\src\\Illuminate\\Foundation\\Bootstrap\\HandleExceptions.php(0): Illuminate\\Foundation\\Bootstrap\\HandleExceptions->{closure:C:\\wamp64\\www\\maasin_live_act\\vendor\\laravel\\framework\\src\\Illuminate\\Foundation\\Bootstrap\\HandleExceptions.php:254-256}()
#4 {main}
"} 
[2025-09-24 08:10:26] local.ERROR: Cannot redeclare class App\MySession (previously declared in C:\wamp64\www\maasin_live_act\app\MySession.php:8) {"exception":"[object] (Symfony\\Component\\ErrorHandler\\Error\\FatalError(code: 0): Cannot redeclare class App\\MySession (previously declared in C:\\wamp64\\www\\maasin_live_act\\app\\MySession.php:8) at C:\\wamp64\\www\\maasin_live_act\\app\\Models\\MySession.php:8)
[stacktrace]
#0 C:\\wamp64\\www\\maasin_live_act\\vendor\\laravel\\framework\\src\\Illuminate\\Foundation\\Bootstrap\\HandleExceptions.php(244): Symfony\\Component\\ErrorHandler\\Error\\FatalError->__construct(message: ''Cannot redecla...', code: '0', error: '['type' => 64, ...', traceOffset: '0', traceArgs: '???', trace: '???')
#1 C:\\wamp64\\www\\maasin_live_act\\vendor\\laravel\\framework\\src\\Illuminate\\Foundation\\Bootstrap\\HandleExceptions.php(231): Illuminate\\Foundation\\Bootstrap\\HandleExceptions->fatalErrorFromPhpError(error: '['type' => 64, ...', traceOffset: '0')
#2 C:\\wamp64\\www\\maasin_live_act\\vendor\\laravel\\framework\\src\\Illuminate\\Foundation\\Bootstrap\\HandleExceptions.php(255): Illuminate\\Foundation\\Bootstrap\\HandleExceptions->handleShutdown()
#3 C:\\wamp64\\www\\maasin_live_act\\vendor\\laravel\\framework\\src\\Illuminate\\Foundation\\Bootstrap\\HandleExceptions.php(0): Illuminate\\Foundation\\Bootstrap\\HandleExceptions->{closure:C:\\wamp64\\www\\maasin_live_act\\vendor\\laravel\\framework\\src\\Illuminate\\Foundation\\Bootstrap\\HandleExceptions.php:254-256}()
#4 {main}
"} 
[2025-09-24 08:11:26] local.ERROR: Cannot redeclare class App\MySession (previously declared in C:\wamp64\www\maasin_live_act\app\MySession.php:8) {"exception":"[object] (Symfony\\Component\\ErrorHandler\\Error\\FatalError(code: 0): Cannot redeclare class App\\MySession (previously declared in C:\\wamp64\\www\\maasin_live_act\\app\\MySession.php:8) at C:\\wamp64\\www\\maasin_live_act\\app\\Models\\MySession.php:8)
[stacktrace]
#0 C:\\wamp64\\www\\maasin_live_act\\vendor\\laravel\\framework\\src\\Illuminate\\Foundation\\Bootstrap\\HandleExceptions.php(244): Symfony\\Component\\ErrorHandler\\Error\\FatalError->__construct(message: ''Cannot redecla...', code: '0', error: '['type' => 64, ...', traceOffset: '0', traceArgs: '???', trace: '???')
#1 C:\\wamp64\\www\\maasin_live_act\\vendor\\laravel\\framework\\src\\Illuminate\\Foundation\\Bootstrap\\HandleExceptions.php(231): Illuminate\\Foundation\\Bootstrap\\HandleExceptions->fatalErrorFromPhpError(error: '['type' => 64, ...', traceOffset: '0')
#2 C:\\wamp64\\www\\maasin_live_act\\vendor\\laravel\\framework\\src\\Illuminate\\Foundation\\Bootstrap\\HandleExceptions.php(255): Illuminate\\Foundation\\Bootstrap\\HandleExceptions->handleShutdown()
#3 C:\\wamp64\\www\\maasin_live_act\\vendor\\laravel\\framework\\src\\Illuminate\\Foundation\\Bootstrap\\HandleExceptions.php(0): Illuminate\\Foundation\\Bootstrap\\HandleExceptions->{closure:C:\\wamp64\\www\\maasin_live_act\\vendor\\laravel\\framework\\src\\Illuminate\\Foundation\\Bootstrap\\HandleExceptions.php:254-256}()
#4 {main}
"} 
[2025-09-24 08:12:26] local.ERROR: Cannot redeclare class App\MySession (previously declared in C:\wamp64\www\maasin_live_act\app\MySession.php:8) {"exception":"[object] (Symfony\\Component\\ErrorHandler\\Error\\FatalError(code: 0): Cannot redeclare class App\\MySession (previously declared in C:\\wamp64\\www\\maasin_live_act\\app\\MySession.php:8) at C:\\wamp64\\www\\maasin_live_act\\app\\Models\\MySession.php:8)
[stacktrace]
#0 C:\\wamp64\\www\\maasin_live_act\\vendor\\laravel\\framework\\src\\Illuminate\\Foundation\\Bootstrap\\HandleExceptions.php(244): Symfony\\Component\\ErrorHandler\\Error\\FatalError->__construct(message: ''Cannot redecla...', code: '0', error: '['type' => 64, ...', traceOffset: '0', traceArgs: '???', trace: '???')
#1 C:\\wamp64\\www\\maasin_live_act\\vendor\\laravel\\framework\\src\\Illuminate\\Foundation\\Bootstrap\\HandleExceptions.php(231): Illuminate\\Foundation\\Bootstrap\\HandleExceptions->fatalErrorFromPhpError(error: '['type' => 64, ...', traceOffset: '0')
#2 C:\\wamp64\\www\\maasin_live_act\\vendor\\laravel\\framework\\src\\Illuminate\\Foundation\\Bootstrap\\HandleExceptions.php(255): Illuminate\\Foundation\\Bootstrap\\HandleExceptions->handleShutdown()
#3 C:\\wamp64\\www\\maasin_live_act\\vendor\\laravel\\framework\\src\\Illuminate\\Foundation\\Bootstrap\\HandleExceptions.php(0): Illuminate\\Foundation\\Bootstrap\\HandleExceptions->{closure:C:\\wamp64\\www\\maasin_live_act\\vendor\\laravel\\framework\\src\\Illuminate\\Foundation\\Bootstrap\\HandleExceptions.php:254-256}()
#4 {main}
"} 
[2025-09-24 08:13:26] local.ERROR: Cannot redeclare class App\MySession (previously declared in C:\wamp64\www\maasin_live_act\app\MySession.php:8) {"exception":"[object] (Symfony\\Component\\ErrorHandler\\Error\\FatalError(code: 0): Cannot redeclare class App\\MySession (previously declared in C:\\wamp64\\www\\maasin_live_act\\app\\MySession.php:8) at C:\\wamp64\\www\\maasin_live_act\\app\\Models\\MySession.php:8)
[stacktrace]
#0 C:\\wamp64\\www\\maasin_live_act\\vendor\\laravel\\framework\\src\\Illuminate\\Foundation\\Bootstrap\\HandleExceptions.php(244): Symfony\\Component\\ErrorHandler\\Error\\FatalError->__construct(message: ''Cannot redecla...', code: '0', error: '['type' => 64, ...', traceOffset: '0', traceArgs: '???', trace: '???')
#1 C:\\wamp64\\www\\maasin_live_act\\vendor\\laravel\\framework\\src\\Illuminate\\Foundation\\Bootstrap\\HandleExceptions.php(231): Illuminate\\Foundation\\Bootstrap\\HandleExceptions->fatalErrorFromPhpError(error: '['type' => 64, ...', traceOffset: '0')
#2 C:\\wamp64\\www\\maasin_live_act\\vendor\\laravel\\framework\\src\\Illuminate\\Foundation\\Bootstrap\\HandleExceptions.php(255): Illuminate\\Foundation\\Bootstrap\\HandleExceptions->handleShutdown()
#3 C:\\wamp64\\www\\maasin_live_act\\vendor\\laravel\\framework\\src\\Illuminate\\Foundation\\Bootstrap\\HandleExceptions.php(0): Illuminate\\Foundation\\Bootstrap\\HandleExceptions->{closure:C:\\wamp64\\www\\maasin_live_act\\vendor\\laravel\\framework\\src\\Illuminate\\Foundation\\Bootstrap\\HandleExceptions.php:254-256}()
#4 {main}
"} 
[2025-09-24 08:14:26] local.ERROR: Cannot redeclare class App\MySession (previously declared in C:\wamp64\www\maasin_live_act\app\MySession.php:8) {"exception":"[object] (Symfony\\Component\\ErrorHandler\\Error\\FatalError(code: 0): Cannot redeclare class App\\MySession (previously declared in C:\\wamp64\\www\\maasin_live_act\\app\\MySession.php:8) at C:\\wamp64\\www\\maasin_live_act\\app\\Models\\MySession.php:8)
[stacktrace]
#0 C:\\wamp64\\www\\maasin_live_act\\vendor\\laravel\\framework\\src\\Illuminate\\Foundation\\Bootstrap\\HandleExceptions.php(244): Symfony\\Component\\ErrorHandler\\Error\\FatalError->__construct(message: ''Cannot redecla...', code: '0', error: '['type' => 64, ...', traceOffset: '0', traceArgs: '???', trace: '???')
#1 C:\\wamp64\\www\\maasin_live_act\\vendor\\laravel\\framework\\src\\Illuminate\\Foundation\\Bootstrap\\HandleExceptions.php(231): Illuminate\\Foundation\\Bootstrap\\HandleExceptions->fatalErrorFromPhpError(error: '['type' => 64, ...', traceOffset: '0')
#2 C:\\wamp64\\www\\maasin_live_act\\vendor\\laravel\\framework\\src\\Illuminate\\Foundation\\Bootstrap\\HandleExceptions.php(255): Illuminate\\Foundation\\Bootstrap\\HandleExceptions->handleShutdown()
#3 C:\\wamp64\\www\\maasin_live_act\\vendor\\laravel\\framework\\src\\Illuminate\\Foundation\\Bootstrap\\HandleExceptions.php(0): Illuminate\\Foundation\\Bootstrap\\HandleExceptions->{closure:C:\\wamp64\\www\\maasin_live_act\\vendor\\laravel\\framework\\src\\Illuminate\\Foundation\\Bootstrap\\HandleExceptions.php:254-256}()
#4 {main}
"} 
[2025-09-24 08:15:26] local.ERROR: Cannot redeclare class App\MySession (previously declared in C:\wamp64\www\maasin_live_act\app\MySession.php:8) {"exception":"[object] (Symfony\\Component\\ErrorHandler\\Error\\FatalError(code: 0): Cannot redeclare class App\\MySession (previously declared in C:\\wamp64\\www\\maasin_live_act\\app\\MySession.php:8) at C:\\wamp64\\www\\maasin_live_act\\app\\Models\\MySession.php:8)
[stacktrace]
#0 C:\\wamp64\\www\\maasin_live_act\\vendor\\laravel\\framework\\src\\Illuminate\\Foundation\\Bootstrap\\HandleExceptions.php(244): Symfony\\Component\\ErrorHandler\\Error\\FatalError->__construct(message: ''Cannot redecla...', code: '0', error: '['type' => 64, ...', traceOffset: '0', traceArgs: '???', trace: '???')
#1 C:\\wamp64\\www\\maasin_live_act\\vendor\\laravel\\framework\\src\\Illuminate\\Foundation\\Bootstrap\\HandleExceptions.php(231): Illuminate\\Foundation\\Bootstrap\\HandleExceptions->fatalErrorFromPhpError(error: '['type' => 64, ...', traceOffset: '0')
#2 C:\\wamp64\\www\\maasin_live_act\\vendor\\laravel\\framework\\src\\Illuminate\\Foundation\\Bootstrap\\HandleExceptions.php(255): Illuminate\\Foundation\\Bootstrap\\HandleExceptions->handleShutdown()
#3 C:\\wamp64\\www\\maasin_live_act\\vendor\\laravel\\framework\\src\\Illuminate\\Foundation\\Bootstrap\\HandleExceptions.php(0): Illuminate\\Foundation\\Bootstrap\\HandleExceptions->{closure:C:\\wamp64\\www\\maasin_live_act\\vendor\\laravel\\framework\\src\\Illuminate\\Foundation\\Bootstrap\\HandleExceptions.php:254-256}()
#4 {main}
"} 
[2025-09-24 08:16:26] local.ERROR: Cannot redeclare class App\MySession (previously declared in C:\wamp64\www\maasin_live_act\app\MySession.php:8) {"exception":"[object] (Symfony\\Component\\ErrorHandler\\Error\\FatalError(code: 0): Cannot redeclare class App\\MySession (previously declared in C:\\wamp64\\www\\maasin_live_act\\app\\MySession.php:8) at C:\\wamp64\\www\\maasin_live_act\\app\\Models\\MySession.php:8)
[stacktrace]
#0 C:\\wamp64\\www\\maasin_live_act\\vendor\\laravel\\framework\\src\\Illuminate\\Foundation\\Bootstrap\\HandleExceptions.php(244): Symfony\\Component\\ErrorHandler\\Error\\FatalError->__construct(message: ''Cannot redecla...', code: '0', error: '['type' => 64, ...', traceOffset: '0', traceArgs: '???', trace: '???')
#1 C:\\wamp64\\www\\maasin_live_act\\vendor\\laravel\\framework\\src\\Illuminate\\Foundation\\Bootstrap\\HandleExceptions.php(231): Illuminate\\Foundation\\Bootstrap\\HandleExceptions->fatalErrorFromPhpError(error: '['type' => 64, ...', traceOffset: '0')
#2 C:\\wamp64\\www\\maasin_live_act\\vendor\\laravel\\framework\\src\\Illuminate\\Foundation\\Bootstrap\\HandleExceptions.php(255): Illuminate\\Foundation\\Bootstrap\\HandleExceptions->handleShutdown()
#3 C:\\wamp64\\www\\maasin_live_act\\vendor\\laravel\\framework\\src\\Illuminate\\Foundation\\Bootstrap\\HandleExceptions.php(0): Illuminate\\Foundation\\Bootstrap\\HandleExceptions->{closure:C:\\wamp64\\www\\maasin_live_act\\vendor\\laravel\\framework\\src\\Illuminate\\Foundation\\Bootstrap\\HandleExceptions.php:254-256}()
#4 {main}
"} 
[2025-09-24 08:17:26] local.ERROR: Cannot redeclare class App\MySession (previously declared in C:\wamp64\www\maasin_live_act\app\MySession.php:8) {"exception":"[object] (Symfony\\Component\\ErrorHandler\\Error\\FatalError(code: 0): Cannot redeclare class App\\MySession (previously declared in C:\\wamp64\\www\\maasin_live_act\\app\\MySession.php:8) at C:\\wamp64\\www\\maasin_live_act\\app\\Models\\MySession.php:8)
[stacktrace]
#0 C:\\wamp64\\www\\maasin_live_act\\vendor\\laravel\\framework\\src\\Illuminate\\Foundation\\Bootstrap\\HandleExceptions.php(244): Symfony\\Component\\ErrorHandler\\Error\\FatalError->__construct(message: ''Cannot redecla...', code: '0', error: '['type' => 64, ...', traceOffset: '0', traceArgs: '???', trace: '???')
#1 C:\\wamp64\\www\\maasin_live_act\\vendor\\laravel\\framework\\src\\Illuminate\\Foundation\\Bootstrap\\HandleExceptions.php(231): Illuminate\\Foundation\\Bootstrap\\HandleExceptions->fatalErrorFromPhpError(error: '['type' => 64, ...', traceOffset: '0')
#2 C:\\wamp64\\www\\maasin_live_act\\vendor\\laravel\\framework\\src\\Illuminate\\Foundation\\Bootstrap\\HandleExceptions.php(255): Illuminate\\Foundation\\Bootstrap\\HandleExceptions->handleShutdown()
#3 C:\\wamp64\\www\\maasin_live_act\\vendor\\laravel\\framework\\src\\Illuminate\\Foundation\\Bootstrap\\HandleExceptions.php(0): Illuminate\\Foundation\\Bootstrap\\HandleExceptions->{closure:C:\\wamp64\\www\\maasin_live_act\\vendor\\laravel\\framework\\src\\Illuminate\\Foundation\\Bootstrap\\HandleExceptions.php:254-256}()
#4 {main}
"} 
[2025-09-24 08:18:26] local.ERROR: Cannot redeclare class App\MySession (previously declared in C:\wamp64\www\maasin_live_act\app\MySession.php:8) {"exception":"[object] (Symfony\\Component\\ErrorHandler\\Error\\FatalError(code: 0): Cannot redeclare class App\\MySession (previously declared in C:\\wamp64\\www\\maasin_live_act\\app\\MySession.php:8) at C:\\wamp64\\www\\maasin_live_act\\app\\Models\\MySession.php:8)
[stacktrace]
#0 C:\\wamp64\\www\\maasin_live_act\\vendor\\laravel\\framework\\src\\Illuminate\\Foundation\\Bootstrap\\HandleExceptions.php(244): Symfony\\Component\\ErrorHandler\\Error\\FatalError->__construct(message: ''Cannot redecla...', code: '0', error: '['type' => 64, ...', traceOffset: '0', traceArgs: '???', trace: '???')
#1 C:\\wamp64\\www\\maasin_live_act\\vendor\\laravel\\framework\\src\\Illuminate\\Foundation\\Bootstrap\\HandleExceptions.php(231): Illuminate\\Foundation\\Bootstrap\\HandleExceptions->fatalErrorFromPhpError(error: '['type' => 64, ...', traceOffset: '0')
#2 C:\\wamp64\\www\\maasin_live_act\\vendor\\laravel\\framework\\src\\Illuminate\\Foundation\\Bootstrap\\HandleExceptions.php(255): Illuminate\\Foundation\\Bootstrap\\HandleExceptions->handleShutdown()
#3 C:\\wamp64\\www\\maasin_live_act\\vendor\\laravel\\framework\\src\\Illuminate\\Foundation\\Bootstrap\\HandleExceptions.php(0): Illuminate\\Foundation\\Bootstrap\\HandleExceptions->{closure:C:\\wamp64\\www\\maasin_live_act\\vendor\\laravel\\framework\\src\\Illuminate\\Foundation\\Bootstrap\\HandleExceptions.php:254-256}()
#4 {main}
"} 
[2025-09-24 08:19:26] local.ERROR: Cannot redeclare class App\MySession (previously declared in C:\wamp64\www\maasin_live_act\app\MySession.php:8) {"exception":"[object] (Symfony\\Component\\ErrorHandler\\Error\\FatalError(code: 0): Cannot redeclare class App\\MySession (previously declared in C:\\wamp64\\www\\maasin_live_act\\app\\MySession.php:8) at C:\\wamp64\\www\\maasin_live_act\\app\\Models\\MySession.php:8)
[stacktrace]
#0 C:\\wamp64\\www\\maasin_live_act\\vendor\\laravel\\framework\\src\\Illuminate\\Foundation\\Bootstrap\\HandleExceptions.php(244): Symfony\\Component\\ErrorHandler\\Error\\FatalError->__construct(message: ''Cannot redecla...', code: '0', error: '['type' => 64, ...', traceOffset: '0', traceArgs: '???', trace: '???')
#1 C:\\wamp64\\www\\maasin_live_act\\vendor\\laravel\\framework\\src\\Illuminate\\Foundation\\Bootstrap\\HandleExceptions.php(231): Illuminate\\Foundation\\Bootstrap\\HandleExceptions->fatalErrorFromPhpError(error: '['type' => 64, ...', traceOffset: '0')
#2 C:\\wamp64\\www\\maasin_live_act\\vendor\\laravel\\framework\\src\\Illuminate\\Foundation\\Bootstrap\\HandleExceptions.php(255): Illuminate\\Foundation\\Bootstrap\\HandleExceptions->handleShutdown()
#3 C:\\wamp64\\www\\maasin_live_act\\vendor\\laravel\\framework\\src\\Illuminate\\Foundation\\Bootstrap\\HandleExceptions.php(0): Illuminate\\Foundation\\Bootstrap\\HandleExceptions->{closure:C:\\wamp64\\www\\maasin_live_act\\vendor\\laravel\\framework\\src\\Illuminate\\Foundation\\Bootstrap\\HandleExceptions.php:254-256}()
#4 {main}
"} 
[2025-09-24 08:20:26] local.ERROR: Cannot redeclare class App\MySession (previously declared in C:\wamp64\www\maasin_live_act\app\MySession.php:8) {"exception":"[object] (Symfony\\Component\\ErrorHandler\\Error\\FatalError(code: 0): Cannot redeclare class App\\MySession (previously declared in C:\\wamp64\\www\\maasin_live_act\\app\\MySession.php:8) at C:\\wamp64\\www\\maasin_live_act\\app\\Models\\MySession.php:8)
[stacktrace]
#0 C:\\wamp64\\www\\maasin_live_act\\vendor\\laravel\\framework\\src\\Illuminate\\Foundation\\Bootstrap\\HandleExceptions.php(244): Symfony\\Component\\ErrorHandler\\Error\\FatalError->__construct(message: ''Cannot redecla...', code: '0', error: '['type' => 64, ...', traceOffset: '0', traceArgs: '???', trace: '???')
#1 C:\\wamp64\\www\\maasin_live_act\\vendor\\laravel\\framework\\src\\Illuminate\\Foundation\\Bootstrap\\HandleExceptions.php(231): Illuminate\\Foundation\\Bootstrap\\HandleExceptions->fatalErrorFromPhpError(error: '['type' => 64, ...', traceOffset: '0')
#2 C:\\wamp64\\www\\maasin_live_act\\vendor\\laravel\\framework\\src\\Illuminate\\Foundation\\Bootstrap\\HandleExceptions.php(255): Illuminate\\Foundation\\Bootstrap\\HandleExceptions->handleShutdown()
#3 C:\\wamp64\\www\\maasin_live_act\\vendor\\laravel\\framework\\src\\Illuminate\\Foundation\\Bootstrap\\HandleExceptions.php(0): Illuminate\\Foundation\\Bootstrap\\HandleExceptions->{closure:C:\\wamp64\\www\\maasin_live_act\\vendor\\laravel\\framework\\src\\Illuminate\\Foundation\\Bootstrap\\HandleExceptions.php:254-256}()
#4 {main}
"} 
[2025-09-24 08:21:27] local.ERROR: Cannot redeclare class App\MySession (previously declared in C:\wamp64\www\maasin_live_act\app\MySession.php:8) {"exception":"[object] (Symfony\\Component\\ErrorHandler\\Error\\FatalError(code: 0): Cannot redeclare class App\\MySession (previously declared in C:\\wamp64\\www\\maasin_live_act\\app\\MySession.php:8) at C:\\wamp64\\www\\maasin_live_act\\app\\Models\\MySession.php:8)
[stacktrace]
#0 C:\\wamp64\\www\\maasin_live_act\\vendor\\laravel\\framework\\src\\Illuminate\\Foundation\\Bootstrap\\HandleExceptions.php(244): Symfony\\Component\\ErrorHandler\\Error\\FatalError->__construct(message: ''Cannot redecla...', code: '0', error: '['type' => 64, ...', traceOffset: '0', traceArgs: '???', trace: '???')
#1 C:\\wamp64\\www\\maasin_live_act\\vendor\\laravel\\framework\\src\\Illuminate\\Foundation\\Bootstrap\\HandleExceptions.php(231): Illuminate\\Foundation\\Bootstrap\\HandleExceptions->fatalErrorFromPhpError(error: '['type' => 64, ...', traceOffset: '0')
#2 C:\\wamp64\\www\\maasin_live_act\\vendor\\laravel\\framework\\src\\Illuminate\\Foundation\\Bootstrap\\HandleExceptions.php(255): Illuminate\\Foundation\\Bootstrap\\HandleExceptions->handleShutdown()
#3 C:\\wamp64\\www\\maasin_live_act\\vendor\\laravel\\framework\\src\\Illuminate\\Foundation\\Bootstrap\\HandleExceptions.php(0): Illuminate\\Foundation\\Bootstrap\\HandleExceptions->{closure:C:\\wamp64\\www\\maasin_live_act\\vendor\\laravel\\framework\\src\\Illuminate\\Foundation\\Bootstrap\\HandleExceptions.php:254-256}()
#4 {main}
"} 
[2025-09-24 08:22:26] local.ERROR: Cannot redeclare class App\MySession (previously declared in C:\wamp64\www\maasin_live_act\app\MySession.php:8) {"exception":"[object] (Symfony\\Component\\ErrorHandler\\Error\\FatalError(code: 0): Cannot redeclare class App\\MySession (previously declared in C:\\wamp64\\www\\maasin_live_act\\app\\MySession.php:8) at C:\\wamp64\\www\\maasin_live_act\\app\\Models\\MySession.php:8)
[stacktrace]
#0 C:\\wamp64\\www\\maasin_live_act\\vendor\\laravel\\framework\\src\\Illuminate\\Foundation\\Bootstrap\\HandleExceptions.php(244): Symfony\\Component\\ErrorHandler\\Error\\FatalError->__construct(message: ''Cannot redecla...', code: '0', error: '['type' => 64, ...', traceOffset: '0', traceArgs: '???', trace: '???')
#1 C:\\wamp64\\www\\maasin_live_act\\vendor\\laravel\\framework\\src\\Illuminate\\Foundation\\Bootstrap\\HandleExceptions.php(231): Illuminate\\Foundation\\Bootstrap\\HandleExceptions->fatalErrorFromPhpError(error: '['type' => 64, ...', traceOffset: '0')
#2 C:\\wamp64\\www\\maasin_live_act\\vendor\\laravel\\framework\\src\\Illuminate\\Foundation\\Bootstrap\\HandleExceptions.php(255): Illuminate\\Foundation\\Bootstrap\\HandleExceptions->handleShutdown()
#3 C:\\wamp64\\www\\maasin_live_act\\vendor\\laravel\\framework\\src\\Illuminate\\Foundation\\Bootstrap\\HandleExceptions.php(0): Illuminate\\Foundation\\Bootstrap\\HandleExceptions->{closure:C:\\wamp64\\www\\maasin_live_act\\vendor\\laravel\\framework\\src\\Illuminate\\Foundation\\Bootstrap\\HandleExceptions.php:254-256}()
#4 {main}
"} 
[2025-09-24 08:23:26] local.ERROR: Cannot redeclare class App\MySession (previously declared in C:\wamp64\www\maasin_live_act\app\MySession.php:8) {"exception":"[object] (Symfony\\Component\\ErrorHandler\\Error\\FatalError(code: 0): Cannot redeclare class App\\MySession (previously declared in C:\\wamp64\\www\\maasin_live_act\\app\\MySession.php:8) at C:\\wamp64\\www\\maasin_live_act\\app\\Models\\MySession.php:8)
[stacktrace]
#0 C:\\wamp64\\www\\maasin_live_act\\vendor\\laravel\\framework\\src\\Illuminate\\Foundation\\Bootstrap\\HandleExceptions.php(244): Symfony\\Component\\ErrorHandler\\Error\\FatalError->__construct(message: ''Cannot redecla...', code: '0', error: '['type' => 64, ...', traceOffset: '0', traceArgs: '???', trace: '???')
#1 C:\\wamp64\\www\\maasin_live_act\\vendor\\laravel\\framework\\src\\Illuminate\\Foundation\\Bootstrap\\HandleExceptions.php(231): Illuminate\\Foundation\\Bootstrap\\HandleExceptions->fatalErrorFromPhpError(error: '['type' => 64, ...', traceOffset: '0')
#2 C:\\wamp64\\www\\maasin_live_act\\vendor\\laravel\\framework\\src\\Illuminate\\Foundation\\Bootstrap\\HandleExceptions.php(255): Illuminate\\Foundation\\Bootstrap\\HandleExceptions->handleShutdown()
#3 C:\\wamp64\\www\\maasin_live_act\\vendor\\laravel\\framework\\src\\Illuminate\\Foundation\\Bootstrap\\HandleExceptions.php(0): Illuminate\\Foundation\\Bootstrap\\HandleExceptions->{closure:C:\\wamp64\\www\\maasin_live_act\\vendor\\laravel\\framework\\src\\Illuminate\\Foundation\\Bootstrap\\HandleExceptions.php:254-256}()
#4 {main}
"} 
[2025-09-24 08:24:26] local.ERROR: Cannot redeclare class App\MySession (previously declared in C:\wamp64\www\maasin_live_act\app\MySession.php:8) {"exception":"[object] (Symfony\\Component\\ErrorHandler\\Error\\FatalError(code: 0): Cannot redeclare class App\\MySession (previously declared in C:\\wamp64\\www\\maasin_live_act\\app\\MySession.php:8) at C:\\wamp64\\www\\maasin_live_act\\app\\Models\\MySession.php:8)
[stacktrace]
#0 C:\\wamp64\\www\\maasin_live_act\\vendor\\laravel\\framework\\src\\Illuminate\\Foundation\\Bootstrap\\HandleExceptions.php(244): Symfony\\Component\\ErrorHandler\\Error\\FatalError->__construct(message: ''Cannot redecla...', code: '0', error: '['type' => 64, ...', traceOffset: '0', traceArgs: '???', trace: '???')
#1 C:\\wamp64\\www\\maasin_live_act\\vendor\\laravel\\framework\\src\\Illuminate\\Foundation\\Bootstrap\\HandleExceptions.php(231): Illuminate\\Foundation\\Bootstrap\\HandleExceptions->fatalErrorFromPhpError(error: '['type' => 64, ...', traceOffset: '0')
#2 C:\\wamp64\\www\\maasin_live_act\\vendor\\laravel\\framework\\src\\Illuminate\\Foundation\\Bootstrap\\HandleExceptions.php(255): Illuminate\\Foundation\\Bootstrap\\HandleExceptions->handleShutdown()
#3 C:\\wamp64\\www\\maasin_live_act\\vendor\\laravel\\framework\\src\\Illuminate\\Foundation\\Bootstrap\\HandleExceptions.php(0): Illuminate\\Foundation\\Bootstrap\\HandleExceptions->{closure:C:\\wamp64\\www\\maasin_live_act\\vendor\\laravel\\framework\\src\\Illuminate\\Foundation\\Bootstrap\\HandleExceptions.php:254-256}()
#4 {main}
"} 
[2025-09-24 08:25:26] local.ERROR: Cannot redeclare class App\MySession (previously declared in C:\wamp64\www\maasin_live_act\app\MySession.php:8) {"exception":"[object] (Symfony\\Component\\ErrorHandler\\Error\\FatalError(code: 0): Cannot redeclare class App\\MySession (previously declared in C:\\wamp64\\www\\maasin_live_act\\app\\MySession.php:8) at C:\\wamp64\\www\\maasin_live_act\\app\\Models\\MySession.php:8)
[stacktrace]
#0 C:\\wamp64\\www\\maasin_live_act\\vendor\\laravel\\framework\\src\\Illuminate\\Foundation\\Bootstrap\\HandleExceptions.php(244): Symfony\\Component\\ErrorHandler\\Error\\FatalError->__construct(message: ''Cannot redecla...', code: '0', error: '['type' => 64, ...', traceOffset: '0', traceArgs: '???', trace: '???')
#1 C:\\wamp64\\www\\maasin_live_act\\vendor\\laravel\\framework\\src\\Illuminate\\Foundation\\Bootstrap\\HandleExceptions.php(231): Illuminate\\Foundation\\Bootstrap\\HandleExceptions->fatalErrorFromPhpError(error: '['type' => 64, ...', traceOffset: '0')
#2 C:\\wamp64\\www\\maasin_live_act\\vendor\\laravel\\framework\\src\\Illuminate\\Foundation\\Bootstrap\\HandleExceptions.php(255): Illuminate\\Foundation\\Bootstrap\\HandleExceptions->handleShutdown()
#3 C:\\wamp64\\www\\maasin_live_act\\vendor\\laravel\\framework\\src\\Illuminate\\Foundation\\Bootstrap\\HandleExceptions.php(0): Illuminate\\Foundation\\Bootstrap\\HandleExceptions->{closure:C:\\wamp64\\www\\maasin_live_act\\vendor\\laravel\\framework\\src\\Illuminate\\Foundation\\Bootstrap\\HandleExceptions.php:254-256}()
#4 {main}
"} 
[2025-09-24 08:26:26] local.ERROR: Cannot redeclare class App\MySession (previously declared in C:\wamp64\www\maasin_live_act\app\MySession.php:8) {"exception":"[object] (Symfony\\Component\\ErrorHandler\\Error\\FatalError(code: 0): Cannot redeclare class App\\MySession (previously declared in C:\\wamp64\\www\\maasin_live_act\\app\\MySession.php:8) at C:\\wamp64\\www\\maasin_live_act\\app\\Models\\MySession.php:8)
[stacktrace]
#0 C:\\wamp64\\www\\maasin_live_act\\vendor\\laravel\\framework\\src\\Illuminate\\Foundation\\Bootstrap\\HandleExceptions.php(244): Symfony\\Component\\ErrorHandler\\Error\\FatalError->__construct(message: ''Cannot redecla...', code: '0', error: '['type' => 64, ...', traceOffset: '0', traceArgs: '???', trace: '???')
#1 C:\\wamp64\\www\\maasin_live_act\\vendor\\laravel\\framework\\src\\Illuminate\\Foundation\\Bootstrap\\HandleExceptions.php(231): Illuminate\\Foundation\\Bootstrap\\HandleExceptions->fatalErrorFromPhpError(error: '['type' => 64, ...', traceOffset: '0')
#2 C:\\wamp64\\www\\maasin_live_act\\vendor\\laravel\\framework\\src\\Illuminate\\Foundation\\Bootstrap\\HandleExceptions.php(255): Illuminate\\Foundation\\Bootstrap\\HandleExceptions->handleShutdown()
#3 C:\\wamp64\\www\\maasin_live_act\\vendor\\laravel\\framework\\src\\Illuminate\\Foundation\\Bootstrap\\HandleExceptions.php(0): Illuminate\\Foundation\\Bootstrap\\HandleExceptions->{closure:C:\\wamp64\\www\\maasin_live_act\\vendor\\laravel\\framework\\src\\Illuminate\\Foundation\\Bootstrap\\HandleExceptions.php:254-256}()
#4 {main}
"} 
[2025-09-24 08:27:26] local.ERROR: Cannot redeclare class App\MySession (previously declared in C:\wamp64\www\maasin_live_act\app\MySession.php:8) {"exception":"[object] (Symfony\\Component\\ErrorHandler\\Error\\FatalError(code: 0): Cannot redeclare class App\\MySession (previously declared in C:\\wamp64\\www\\maasin_live_act\\app\\MySession.php:8) at C:\\wamp64\\www\\maasin_live_act\\app\\Models\\MySession.php:8)
[stacktrace]
#0 C:\\wamp64\\www\\maasin_live_act\\vendor\\laravel\\framework\\src\\Illuminate\\Foundation\\Bootstrap\\HandleExceptions.php(244): Symfony\\Component\\ErrorHandler\\Error\\FatalError->__construct(message: ''Cannot redecla...', code: '0', error: '['type' => 64, ...', traceOffset: '0', traceArgs: '???', trace: '???')
#1 C:\\wamp64\\www\\maasin_live_act\\vendor\\laravel\\framework\\src\\Illuminate\\Foundation\\Bootstrap\\HandleExceptions.php(231): Illuminate\\Foundation\\Bootstrap\\HandleExceptions->fatalErrorFromPhpError(error: '['type' => 64, ...', traceOffset: '0')
#2 C:\\wamp64\\www\\maasin_live_act\\vendor\\laravel\\framework\\src\\Illuminate\\Foundation\\Bootstrap\\HandleExceptions.php(255): Illuminate\\Foundation\\Bootstrap\\HandleExceptions->handleShutdown()
#3 C:\\wamp64\\www\\maasin_live_act\\vendor\\laravel\\framework\\src\\Illuminate\\Foundation\\Bootstrap\\HandleExceptions.php(0): Illuminate\\Foundation\\Bootstrap\\HandleExceptions->{closure:C:\\wamp64\\www\\maasin_live_act\\vendor\\laravel\\framework\\src\\Illuminate\\Foundation\\Bootstrap\\HandleExceptions.php:254-256}()
#4 {main}
"} 
[2025-09-24 08:28:26] local.ERROR: Cannot redeclare class App\MySession (previously declared in C:\wamp64\www\maasin_live_act\app\MySession.php:8) {"exception":"[object] (Symfony\\Component\\ErrorHandler\\Error\\FatalError(code: 0): Cannot redeclare class App\\MySession (previously declared in C:\\wamp64\\www\\maasin_live_act\\app\\MySession.php:8) at C:\\wamp64\\www\\maasin_live_act\\app\\Models\\MySession.php:8)
[stacktrace]
#0 C:\\wamp64\\www\\maasin_live_act\\vendor\\laravel\\framework\\src\\Illuminate\\Foundation\\Bootstrap\\HandleExceptions.php(244): Symfony\\Component\\ErrorHandler\\Error\\FatalError->__construct(message: ''Cannot redecla...', code: '0', error: '['type' => 64, ...', traceOffset: '0', traceArgs: '???', trace: '???')
#1 C:\\wamp64\\www\\maasin_live_act\\vendor\\laravel\\framework\\src\\Illuminate\\Foundation\\Bootstrap\\HandleExceptions.php(231): Illuminate\\Foundation\\Bootstrap\\HandleExceptions->fatalErrorFromPhpError(error: '['type' => 64, ...', traceOffset: '0')
#2 C:\\wamp64\\www\\maasin_live_act\\vendor\\laravel\\framework\\src\\Illuminate\\Foundation\\Bootstrap\\HandleExceptions.php(255): Illuminate\\Foundation\\Bootstrap\\HandleExceptions->handleShutdown()
#3 C:\\wamp64\\www\\maasin_live_act\\vendor\\laravel\\framework\\src\\Illuminate\\Foundation\\Bootstrap\\HandleExceptions.php(0): Illuminate\\Foundation\\Bootstrap\\HandleExceptions->{closure:C:\\wamp64\\www\\maasin_live_act\\vendor\\laravel\\framework\\src\\Illuminate\\Foundation\\Bootstrap\\HandleExceptions.php:254-256}()
#4 {main}
"} 
[2025-09-24 08:29:26] local.ERROR: Cannot redeclare class App\MySession (previously declared in C:\wamp64\www\maasin_live_act\app\MySession.php:8) {"exception":"[object] (Symfony\\Component\\ErrorHandler\\Error\\FatalError(code: 0): Cannot redeclare class App\\MySession (previously declared in C:\\wamp64\\www\\maasin_live_act\\app\\MySession.php:8) at C:\\wamp64\\www\\maasin_live_act\\app\\Models\\MySession.php:8)
[stacktrace]
#0 C:\\wamp64\\www\\maasin_live_act\\vendor\\laravel\\framework\\src\\Illuminate\\Foundation\\Bootstrap\\HandleExceptions.php(244): Symfony\\Component\\ErrorHandler\\Error\\FatalError->__construct(message: ''Cannot redecla...', code: '0', error: '['type' => 64, ...', traceOffset: '0', traceArgs: '???', trace: '???')
#1 C:\\wamp64\\www\\maasin_live_act\\vendor\\laravel\\framework\\src\\Illuminate\\Foundation\\Bootstrap\\HandleExceptions.php(231): Illuminate\\Foundation\\Bootstrap\\HandleExceptions->fatalErrorFromPhpError(error: '['type' => 64, ...', traceOffset: '0')
#2 C:\\wamp64\\www\\maasin_live_act\\vendor\\laravel\\framework\\src\\Illuminate\\Foundation\\Bootstrap\\HandleExceptions.php(255): Illuminate\\Foundation\\Bootstrap\\HandleExceptions->handleShutdown()
#3 C:\\wamp64\\www\\maasin_live_act\\vendor\\laravel\\framework\\src\\Illuminate\\Foundation\\Bootstrap\\HandleExceptions.php(0): Illuminate\\Foundation\\Bootstrap\\HandleExceptions->{closure:C:\\wamp64\\www\\maasin_live_act\\vendor\\laravel\\framework\\src\\Illuminate\\Foundation\\Bootstrap\\HandleExceptions.php:254-256}()
#4 {main}
"} 
[2025-09-24 08:30:26] local.ERROR: Cannot redeclare class App\MySession (previously declared in C:\wamp64\www\maasin_live_act\app\MySession.php:8) {"exception":"[object] (Symfony\\Component\\ErrorHandler\\Error\\FatalError(code: 0): Cannot redeclare class App\\MySession (previously declared in C:\\wamp64\\www\\maasin_live_act\\app\\MySession.php:8) at C:\\wamp64\\www\\maasin_live_act\\app\\Models\\MySession.php:8)
[stacktrace]
#0 C:\\wamp64\\www\\maasin_live_act\\vendor\\laravel\\framework\\src\\Illuminate\\Foundation\\Bootstrap\\HandleExceptions.php(244): Symfony\\Component\\ErrorHandler\\Error\\FatalError->__construct(message: ''Cannot redecla...', code: '0', error: '['type' => 64, ...', traceOffset: '0', traceArgs: '???', trace: '???')
#1 C:\\wamp64\\www\\maasin_live_act\\vendor\\laravel\\framework\\src\\Illuminate\\Foundation\\Bootstrap\\HandleExceptions.php(231): Illuminate\\Foundation\\Bootstrap\\HandleExceptions->fatalErrorFromPhpError(error: '['type' => 64, ...', traceOffset: '0')
#2 C:\\wamp64\\www\\maasin_live_act\\vendor\\laravel\\framework\\src\\Illuminate\\Foundation\\Bootstrap\\HandleExceptions.php(255): Illuminate\\Foundation\\Bootstrap\\HandleExceptions->handleShutdown()
#3 C:\\wamp64\\www\\maasin_live_act\\vendor\\laravel\\framework\\src\\Illuminate\\Foundation\\Bootstrap\\HandleExceptions.php(0): Illuminate\\Foundation\\Bootstrap\\HandleExceptions->{closure:C:\\wamp64\\www\\maasin_live_act\\vendor\\laravel\\framework\\src\\Illuminate\\Foundation\\Bootstrap\\HandleExceptions.php:254-256}()
#4 {main}
"} 
[2025-09-24 08:31:26] local.ERROR: Cannot redeclare class App\MySession (previously declared in C:\wamp64\www\maasin_live_act\app\MySession.php:8) {"exception":"[object] (Symfony\\Component\\ErrorHandler\\Error\\FatalError(code: 0): Cannot redeclare class App\\MySession (previously declared in C:\\wamp64\\www\\maasin_live_act\\app\\MySession.php:8) at C:\\wamp64\\www\\maasin_live_act\\app\\Models\\MySession.php:8)
[stacktrace]
#0 C:\\wamp64\\www\\maasin_live_act\\vendor\\laravel\\framework\\src\\Illuminate\\Foundation\\Bootstrap\\HandleExceptions.php(244): Symfony\\Component\\ErrorHandler\\Error\\FatalError->__construct(message: ''Cannot redecla...', code: '0', error: '['type' => 64, ...', traceOffset: '0', traceArgs: '???', trace: '???')
#1 C:\\wamp64\\www\\maasin_live_act\\vendor\\laravel\\framework\\src\\Illuminate\\Foundation\\Bootstrap\\HandleExceptions.php(231): Illuminate\\Foundation\\Bootstrap\\HandleExceptions->fatalErrorFromPhpError(error: '['type' => 64, ...', traceOffset: '0')
#2 C:\\wamp64\\www\\maasin_live_act\\vendor\\laravel\\framework\\src\\Illuminate\\Foundation\\Bootstrap\\HandleExceptions.php(255): Illuminate\\Foundation\\Bootstrap\\HandleExceptions->handleShutdown()
#3 C:\\wamp64\\www\\maasin_live_act\\vendor\\laravel\\framework\\src\\Illuminate\\Foundation\\Bootstrap\\HandleExceptions.php(0): Illuminate\\Foundation\\Bootstrap\\HandleExceptions->{closure:C:\\wamp64\\www\\maasin_live_act\\vendor\\laravel\\framework\\src\\Illuminate\\Foundation\\Bootstrap\\HandleExceptions.php:254-256}()
#4 {main}
"} 
[2025-09-24 08:32:26] local.ERROR: Cannot redeclare class App\MySession (previously declared in C:\wamp64\www\maasin_live_act\app\MySession.php:8) {"exception":"[object] (Symfony\\Component\\ErrorHandler\\Error\\FatalError(code: 0): Cannot redeclare class App\\MySession (previously declared in C:\\wamp64\\www\\maasin_live_act\\app\\MySession.php:8) at C:\\wamp64\\www\\maasin_live_act\\app\\Models\\MySession.php:8)
[stacktrace]
#0 C:\\wamp64\\www\\maasin_live_act\\vendor\\laravel\\framework\\src\\Illuminate\\Foundation\\Bootstrap\\HandleExceptions.php(244): Symfony\\Component\\ErrorHandler\\Error\\FatalError->__construct(message: ''Cannot redecla...', code: '0', error: '['type' => 64, ...', traceOffset: '0', traceArgs: '???', trace: '???')
#1 C:\\wamp64\\www\\maasin_live_act\\vendor\\laravel\\framework\\src\\Illuminate\\Foundation\\Bootstrap\\HandleExceptions.php(231): Illuminate\\Foundation\\Bootstrap\\HandleExceptions->fatalErrorFromPhpError(error: '['type' => 64, ...', traceOffset: '0')
#2 C:\\wamp64\\www\\maasin_live_act\\vendor\\laravel\\framework\\src\\Illuminate\\Foundation\\Bootstrap\\HandleExceptions.php(255): Illuminate\\Foundation\\Bootstrap\\HandleExceptions->handleShutdown()
#3 C:\\wamp64\\www\\maasin_live_act\\vendor\\laravel\\framework\\src\\Illuminate\\Foundation\\Bootstrap\\HandleExceptions.php(0): Illuminate\\Foundation\\Bootstrap\\HandleExceptions->{closure:C:\\wamp64\\www\\maasin_live_act\\vendor\\laravel\\framework\\src\\Illuminate\\Foundation\\Bootstrap\\HandleExceptions.php:254-256}()
#4 {main}
"} 
[2025-09-24 08:33:26] local.ERROR: Cannot redeclare class App\MySession (previously declared in C:\wamp64\www\maasin_live_act\app\MySession.php:8) {"exception":"[object] (Symfony\\Component\\ErrorHandler\\Error\\FatalError(code: 0): Cannot redeclare class App\\MySession (previously declared in C:\\wamp64\\www\\maasin_live_act\\app\\MySession.php:8) at C:\\wamp64\\www\\maasin_live_act\\app\\Models\\MySession.php:8)
[stacktrace]
#0 C:\\wamp64\\www\\maasin_live_act\\vendor\\laravel\\framework\\src\\Illuminate\\Foundation\\Bootstrap\\HandleExceptions.php(244): Symfony\\Component\\ErrorHandler\\Error\\FatalError->__construct(message: ''Cannot redecla...', code: '0', error: '['type' => 64, ...', traceOffset: '0', traceArgs: '???', trace: '???')
#1 C:\\wamp64\\www\\maasin_live_act\\vendor\\laravel\\framework\\src\\Illuminate\\Foundation\\Bootstrap\\HandleExceptions.php(231): Illuminate\\Foundation\\Bootstrap\\HandleExceptions->fatalErrorFromPhpError(error: '['type' => 64, ...', traceOffset: '0')
#2 C:\\wamp64\\www\\maasin_live_act\\vendor\\laravel\\framework\\src\\Illuminate\\Foundation\\Bootstrap\\HandleExceptions.php(255): Illuminate\\Foundation\\Bootstrap\\HandleExceptions->handleShutdown()
#3 C:\\wamp64\\www\\maasin_live_act\\vendor\\laravel\\framework\\src\\Illuminate\\Foundation\\Bootstrap\\HandleExceptions.php(0): Illuminate\\Foundation\\Bootstrap\\HandleExceptions->{closure:C:\\wamp64\\www\\maasin_live_act\\vendor\\laravel\\framework\\src\\Illuminate\\Foundation\\Bootstrap\\HandleExceptions.php:254-256}()
#4 {main}
"} 
[2025-09-24 08:34:26] local.ERROR: Cannot redeclare class App\MySession (previously declared in C:\wamp64\www\maasin_live_act\app\MySession.php:8) {"exception":"[object] (Symfony\\Component\\ErrorHandler\\Error\\FatalError(code: 0): Cannot redeclare class App\\MySession (previously declared in C:\\wamp64\\www\\maasin_live_act\\app\\MySession.php:8) at C:\\wamp64\\www\\maasin_live_act\\app\\Models\\MySession.php:8)
[stacktrace]
#0 C:\\wamp64\\www\\maasin_live_act\\vendor\\laravel\\framework\\src\\Illuminate\\Foundation\\Bootstrap\\HandleExceptions.php(244): Symfony\\Component\\ErrorHandler\\Error\\FatalError->__construct(message: ''Cannot redecla...', code: '0', error: '['type' => 64, ...', traceOffset: '0', traceArgs: '???', trace: '???')
#1 C:\\wamp64\\www\\maasin_live_act\\vendor\\laravel\\framework\\src\\Illuminate\\Foundation\\Bootstrap\\HandleExceptions.php(231): Illuminate\\Foundation\\Bootstrap\\HandleExceptions->fatalErrorFromPhpError(error: '['type' => 64, ...', traceOffset: '0')
#2 C:\\wamp64\\www\\maasin_live_act\\vendor\\laravel\\framework\\src\\Illuminate\\Foundation\\Bootstrap\\HandleExceptions.php(255): Illuminate\\Foundation\\Bootstrap\\HandleExceptions->handleShutdown()
#3 C:\\wamp64\\www\\maasin_live_act\\vendor\\laravel\\framework\\src\\Illuminate\\Foundation\\Bootstrap\\HandleExceptions.php(0): Illuminate\\Foundation\\Bootstrap\\HandleExceptions->{closure:C:\\wamp64\\www\\maasin_live_act\\vendor\\laravel\\framework\\src\\Illuminate\\Foundation\\Bootstrap\\HandleExceptions.php:254-256}()
#4 {main}
"} 
[2025-09-24 08:35:26] local.ERROR: Cannot redeclare class App\MySession (previously declared in C:\wamp64\www\maasin_live_act\app\MySession.php:8) {"exception":"[object] (Symfony\\Component\\ErrorHandler\\Error\\FatalError(code: 0): Cannot redeclare class App\\MySession (previously declared in C:\\wamp64\\www\\maasin_live_act\\app\\MySession.php:8) at C:\\wamp64\\www\\maasin_live_act\\app\\Models\\MySession.php:8)
[stacktrace]
#0 C:\\wamp64\\www\\maasin_live_act\\vendor\\laravel\\framework\\src\\Illuminate\\Foundation\\Bootstrap\\HandleExceptions.php(244): Symfony\\Component\\ErrorHandler\\Error\\FatalError->__construct(message: ''Cannot redecla...', code: '0', error: '['type' => 64, ...', traceOffset: '0', traceArgs: '???', trace: '???')
#1 C:\\wamp64\\www\\maasin_live_act\\vendor\\laravel\\framework\\src\\Illuminate\\Foundation\\Bootstrap\\HandleExceptions.php(231): Illuminate\\Foundation\\Bootstrap\\HandleExceptions->fatalErrorFromPhpError(error: '['type' => 64, ...', traceOffset: '0')
#2 C:\\wamp64\\www\\maasin_live_act\\vendor\\laravel\\framework\\src\\Illuminate\\Foundation\\Bootstrap\\HandleExceptions.php(255): Illuminate\\Foundation\\Bootstrap\\HandleExceptions->handleShutdown()
#3 C:\\wamp64\\www\\maasin_live_act\\vendor\\laravel\\framework\\src\\Illuminate\\Foundation\\Bootstrap\\HandleExceptions.php(0): Illuminate\\Foundation\\Bootstrap\\HandleExceptions->{closure:C:\\wamp64\\www\\maasin_live_act\\vendor\\laravel\\framework\\src\\Illuminate\\Foundation\\Bootstrap\\HandleExceptions.php:254-256}()
#4 {main}
"} 
[2025-09-24 08:36:26] local.ERROR: Cannot redeclare class App\MySession (previously declared in C:\wamp64\www\maasin_live_act\app\MySession.php:8) {"exception":"[object] (Symfony\\Component\\ErrorHandler\\Error\\FatalError(code: 0): Cannot redeclare class App\\MySession (previously declared in C:\\wamp64\\www\\maasin_live_act\\app\\MySession.php:8) at C:\\wamp64\\www\\maasin_live_act\\app\\Models\\MySession.php:8)
[stacktrace]
#0 C:\\wamp64\\www\\maasin_live_act\\vendor\\laravel\\framework\\src\\Illuminate\\Foundation\\Bootstrap\\HandleExceptions.php(244): Symfony\\Component\\ErrorHandler\\Error\\FatalError->__construct(message: ''Cannot redecla...', code: '0', error: '['type' => 64, ...', traceOffset: '0', traceArgs: '???', trace: '???')
#1 C:\\wamp64\\www\\maasin_live_act\\vendor\\laravel\\framework\\src\\Illuminate\\Foundation\\Bootstrap\\HandleExceptions.php(231): Illuminate\\Foundation\\Bootstrap\\HandleExceptions->fatalErrorFromPhpError(error: '['type' => 64, ...', traceOffset: '0')
#2 C:\\wamp64\\www\\maasin_live_act\\vendor\\laravel\\framework\\src\\Illuminate\\Foundation\\Bootstrap\\HandleExceptions.php(255): Illuminate\\Foundation\\Bootstrap\\HandleExceptions->handleShutdown()
#3 C:\\wamp64\\www\\maasin_live_act\\vendor\\laravel\\framework\\src\\Illuminate\\Foundation\\Bootstrap\\HandleExceptions.php(0): Illuminate\\Foundation\\Bootstrap\\HandleExceptions->{closure:C:\\wamp64\\www\\maasin_live_act\\vendor\\laravel\\framework\\src\\Illuminate\\Foundation\\Bootstrap\\HandleExceptions.php:254-256}()
#4 {main}
"} 
[2025-09-24 08:37:26] local.ERROR: Cannot redeclare class App\MySession (previously declared in C:\wamp64\www\maasin_live_act\app\MySession.php:8) {"exception":"[object] (Symfony\\Component\\ErrorHandler\\Error\\FatalError(code: 0): Cannot redeclare class App\\MySession (previously declared in C:\\wamp64\\www\\maasin_live_act\\app\\MySession.php:8) at C:\\wamp64\\www\\maasin_live_act\\app\\Models\\MySession.php:8)
[stacktrace]
#0 C:\\wamp64\\www\\maasin_live_act\\vendor\\laravel\\framework\\src\\Illuminate\\Foundation\\Bootstrap\\HandleExceptions.php(244): Symfony\\Component\\ErrorHandler\\Error\\FatalError->__construct(message: ''Cannot redecla...', code: '0', error: '['type' => 64, ...', traceOffset: '0', traceArgs: '???', trace: '???')
#1 C:\\wamp64\\www\\maasin_live_act\\vendor\\laravel\\framework\\src\\Illuminate\\Foundation\\Bootstrap\\HandleExceptions.php(231): Illuminate\\Foundation\\Bootstrap\\HandleExceptions->fatalErrorFromPhpError(error: '['type' => 64, ...', traceOffset: '0')
#2 C:\\wamp64\\www\\maasin_live_act\\vendor\\laravel\\framework\\src\\Illuminate\\Foundation\\Bootstrap\\HandleExceptions.php(255): Illuminate\\Foundation\\Bootstrap\\HandleExceptions->handleShutdown()
#3 C:\\wamp64\\www\\maasin_live_act\\vendor\\laravel\\framework\\src\\Illuminate\\Foundation\\Bootstrap\\HandleExceptions.php(0): Illuminate\\Foundation\\Bootstrap\\HandleExceptions->{closure:C:\\wamp64\\www\\maasin_live_act\\vendor\\laravel\\framework\\src\\Illuminate\\Foundation\\Bootstrap\\HandleExceptions.php:254-256}()
#4 {main}
"} 
[2025-09-24 08:38:26] local.ERROR: Cannot redeclare class App\MySession (previously declared in C:\wamp64\www\maasin_live_act\app\MySession.php:8) {"exception":"[object] (Symfony\\Component\\ErrorHandler\\Error\\FatalError(code: 0): Cannot redeclare class App\\MySession (previously declared in C:\\wamp64\\www\\maasin_live_act\\app\\MySession.php:8) at C:\\wamp64\\www\\maasin_live_act\\app\\Models\\MySession.php:8)
[stacktrace]
#0 C:\\wamp64\\www\\maasin_live_act\\vendor\\laravel\\framework\\src\\Illuminate\\Foundation\\Bootstrap\\HandleExceptions.php(244): Symfony\\Component\\ErrorHandler\\Error\\FatalError->__construct(message: ''Cannot redecla...', code: '0', error: '['type' => 64, ...', traceOffset: '0', traceArgs: '???', trace: '???')
#1 C:\\wamp64\\www\\maasin_live_act\\vendor\\laravel\\framework\\src\\Illuminate\\Foundation\\Bootstrap\\HandleExceptions.php(231): Illuminate\\Foundation\\Bootstrap\\HandleExceptions->fatalErrorFromPhpError(error: '['type' => 64, ...', traceOffset: '0')
#2 C:\\wamp64\\www\\maasin_live_act\\vendor\\laravel\\framework\\src\\Illuminate\\Foundation\\Bootstrap\\HandleExceptions.php(255): Illuminate\\Foundation\\Bootstrap\\HandleExceptions->handleShutdown()
#3 C:\\wamp64\\www\\maasin_live_act\\vendor\\laravel\\framework\\src\\Illuminate\\Foundation\\Bootstrap\\HandleExceptions.php(0): Illuminate\\Foundation\\Bootstrap\\HandleExceptions->{closure:C:\\wamp64\\www\\maasin_live_act\\vendor\\laravel\\framework\\src\\Illuminate\\Foundation\\Bootstrap\\HandleExceptions.php:254-256}()
#4 {main}
"} 
[2025-09-24 08:39:26] local.ERROR: Cannot redeclare class App\MySession (previously declared in C:\wamp64\www\maasin_live_act\app\MySession.php:8) {"exception":"[object] (Symfony\\Component\\ErrorHandler\\Error\\FatalError(code: 0): Cannot redeclare class App\\MySession (previously declared in C:\\wamp64\\www\\maasin_live_act\\app\\MySession.php:8) at C:\\wamp64\\www\\maasin_live_act\\app\\Models\\MySession.php:8)
[stacktrace]
#0 C:\\wamp64\\www\\maasin_live_act\\vendor\\laravel\\framework\\src\\Illuminate\\Foundation\\Bootstrap\\HandleExceptions.php(244): Symfony\\Component\\ErrorHandler\\Error\\FatalError->__construct(message: ''Cannot redecla...', code: '0', error: '['type' => 64, ...', traceOffset: '0', traceArgs: '???', trace: '???')
#1 C:\\wamp64\\www\\maasin_live_act\\vendor\\laravel\\framework\\src\\Illuminate\\Foundation\\Bootstrap\\HandleExceptions.php(231): Illuminate\\Foundation\\Bootstrap\\HandleExceptions->fatalErrorFromPhpError(error: '['type' => 64, ...', traceOffset: '0')
#2 C:\\wamp64\\www\\maasin_live_act\\vendor\\laravel\\framework\\src\\Illuminate\\Foundation\\Bootstrap\\HandleExceptions.php(255): Illuminate\\Foundation\\Bootstrap\\HandleExceptions->handleShutdown()
#3 C:\\wamp64\\www\\maasin_live_act\\vendor\\laravel\\framework\\src\\Illuminate\\Foundation\\Bootstrap\\HandleExceptions.php(0): Illuminate\\Foundation\\Bootstrap\\HandleExceptions->{closure:C:\\wamp64\\www\\maasin_live_act\\vendor\\laravel\\framework\\src\\Illuminate\\Foundation\\Bootstrap\\HandleExceptions.php:254-256}()
#4 {main}
"} 
[2025-09-24 08:40:26] local.ERROR: Cannot redeclare class App\MySession (previously declared in C:\wamp64\www\maasin_live_act\app\MySession.php:8) {"exception":"[object] (Symfony\\Component\\ErrorHandler\\Error\\FatalError(code: 0): Cannot redeclare class App\\MySession (previously declared in C:\\wamp64\\www\\maasin_live_act\\app\\MySession.php:8) at C:\\wamp64\\www\\maasin_live_act\\app\\Models\\MySession.php:8)
[stacktrace]
#0 C:\\wamp64\\www\\maasin_live_act\\vendor\\laravel\\framework\\src\\Illuminate\\Foundation\\Bootstrap\\HandleExceptions.php(244): Symfony\\Component\\ErrorHandler\\Error\\FatalError->__construct(message: ''Cannot redecla...', code: '0', error: '['type' => 64, ...', traceOffset: '0', traceArgs: '???', trace: '???')
#1 C:\\wamp64\\www\\maasin_live_act\\vendor\\laravel\\framework\\src\\Illuminate\\Foundation\\Bootstrap\\HandleExceptions.php(231): Illuminate\\Foundation\\Bootstrap\\HandleExceptions->fatalErrorFromPhpError(error: '['type' => 64, ...', traceOffset: '0')
#2 C:\\wamp64\\www\\maasin_live_act\\vendor\\laravel\\framework\\src\\Illuminate\\Foundation\\Bootstrap\\HandleExceptions.php(255): Illuminate\\Foundation\\Bootstrap\\HandleExceptions->handleShutdown()
#3 C:\\wamp64\\www\\maasin_live_act\\vendor\\laravel\\framework\\src\\Illuminate\\Foundation\\Bootstrap\\HandleExceptions.php(0): Illuminate\\Foundation\\Bootstrap\\HandleExceptions->{closure:C:\\wamp64\\www\\maasin_live_act\\vendor\\laravel\\framework\\src\\Illuminate\\Foundation\\Bootstrap\\HandleExceptions.php:254-256}()
#4 {main}
"} 
[2025-09-24 08:41:26] local.ERROR: Cannot redeclare class App\MySession (previously declared in C:\wamp64\www\maasin_live_act\app\MySession.php:8) {"exception":"[object] (Symfony\\Component\\ErrorHandler\\Error\\FatalError(code: 0): Cannot redeclare class App\\MySession (previously declared in C:\\wamp64\\www\\maasin_live_act\\app\\MySession.php:8) at C:\\wamp64\\www\\maasin_live_act\\app\\Models\\MySession.php:8)
[stacktrace]
#0 C:\\wamp64\\www\\maasin_live_act\\vendor\\laravel\\framework\\src\\Illuminate\\Foundation\\Bootstrap\\HandleExceptions.php(244): Symfony\\Component\\ErrorHandler\\Error\\FatalError->__construct(message: ''Cannot redecla...', code: '0', error: '['type' => 64, ...', traceOffset: '0', traceArgs: '???', trace: '???')
#1 C:\\wamp64\\www\\maasin_live_act\\vendor\\laravel\\framework\\src\\Illuminate\\Foundation\\Bootstrap\\HandleExceptions.php(231): Illuminate\\Foundation\\Bootstrap\\HandleExceptions->fatalErrorFromPhpError(error: '['type' => 64, ...', traceOffset: '0')
#2 C:\\wamp64\\www\\maasin_live_act\\vendor\\laravel\\framework\\src\\Illuminate\\Foundation\\Bootstrap\\HandleExceptions.php(255): Illuminate\\Foundation\\Bootstrap\\HandleExceptions->handleShutdown()
#3 C:\\wamp64\\www\\maasin_live_act\\vendor\\laravel\\framework\\src\\Illuminate\\Foundation\\Bootstrap\\HandleExceptions.php(0): Illuminate\\Foundation\\Bootstrap\\HandleExceptions->{closure:C:\\wamp64\\www\\maasin_live_act\\vendor\\laravel\\framework\\src\\Illuminate\\Foundation\\Bootstrap\\HandleExceptions.php:254-256}()
#4 {main}
"} 
[2025-09-24 08:42:26] local.ERROR: Cannot redeclare class App\MySession (previously declared in C:\wamp64\www\maasin_live_act\app\MySession.php:8) {"exception":"[object] (Symfony\\Component\\ErrorHandler\\Error\\FatalError(code: 0): Cannot redeclare class App\\MySession (previously declared in C:\\wamp64\\www\\maasin_live_act\\app\\MySession.php:8) at C:\\wamp64\\www\\maasin_live_act\\app\\Models\\MySession.php:8)
[stacktrace]
#0 C:\\wamp64\\www\\maasin_live_act\\vendor\\laravel\\framework\\src\\Illuminate\\Foundation\\Bootstrap\\HandleExceptions.php(244): Symfony\\Component\\ErrorHandler\\Error\\FatalError->__construct(message: ''Cannot redecla...', code: '0', error: '['type' => 64, ...', traceOffset: '0', traceArgs: '???', trace: '???')
#1 C:\\wamp64\\www\\maasin_live_act\\vendor\\laravel\\framework\\src\\Illuminate\\Foundation\\Bootstrap\\HandleExceptions.php(231): Illuminate\\Foundation\\Bootstrap\\HandleExceptions->fatalErrorFromPhpError(error: '['type' => 64, ...', traceOffset: '0')
#2 C:\\wamp64\\www\\maasin_live_act\\vendor\\laravel\\framework\\src\\Illuminate\\Foundation\\Bootstrap\\HandleExceptions.php(255): Illuminate\\Foundation\\Bootstrap\\HandleExceptions->handleShutdown()
#3 C:\\wamp64\\www\\maasin_live_act\\vendor\\laravel\\framework\\src\\Illuminate\\Foundation\\Bootstrap\\HandleExceptions.php(0): Illuminate\\Foundation\\Bootstrap\\HandleExceptions->{closure:C:\\wamp64\\www\\maasin_live_act\\vendor\\laravel\\framework\\src\\Illuminate\\Foundation\\Bootstrap\\HandleExceptions.php:254-256}()
#4 {main}
"} 
[2025-09-24 08:43:26] local.ERROR: Cannot redeclare class App\MySession (previously declared in C:\wamp64\www\maasin_live_act\app\MySession.php:8) {"exception":"[object] (Symfony\\Component\\ErrorHandler\\Error\\FatalError(code: 0): Cannot redeclare class App\\MySession (previously declared in C:\\wamp64\\www\\maasin_live_act\\app\\MySession.php:8) at C:\\wamp64\\www\\maasin_live_act\\app\\Models\\MySession.php:8)
[stacktrace]
#0 C:\\wamp64\\www\\maasin_live_act\\vendor\\laravel\\framework\\src\\Illuminate\\Foundation\\Bootstrap\\HandleExceptions.php(244): Symfony\\Component\\ErrorHandler\\Error\\FatalError->__construct(message: ''Cannot redecla...', code: '0', error: '['type' => 64, ...', traceOffset: '0', traceArgs: '???', trace: '???')
#1 C:\\wamp64\\www\\maasin_live_act\\vendor\\laravel\\framework\\src\\Illuminate\\Foundation\\Bootstrap\\HandleExceptions.php(231): Illuminate\\Foundation\\Bootstrap\\HandleExceptions->fatalErrorFromPhpError(error: '['type' => 64, ...', traceOffset: '0')
#2 C:\\wamp64\\www\\maasin_live_act\\vendor\\laravel\\framework\\src\\Illuminate\\Foundation\\Bootstrap\\HandleExceptions.php(255): Illuminate\\Foundation\\Bootstrap\\HandleExceptions->handleShutdown()
#3 C:\\wamp64\\www\\maasin_live_act\\vendor\\laravel\\framework\\src\\Illuminate\\Foundation\\Bootstrap\\HandleExceptions.php(0): Illuminate\\Foundation\\Bootstrap\\HandleExceptions->{closure:C:\\wamp64\\www\\maasin_live_act\\vendor\\laravel\\framework\\src\\Illuminate\\Foundation\\Bootstrap\\HandleExceptions.php:254-256}()
#4 {main}
"} 
[2025-09-24 08:44:26] local.ERROR: Cannot redeclare class App\MySession (previously declared in C:\wamp64\www\maasin_live_act\app\MySession.php:8) {"exception":"[object] (Symfony\\Component\\ErrorHandler\\Error\\FatalError(code: 0): Cannot redeclare class App\\MySession (previously declared in C:\\wamp64\\www\\maasin_live_act\\app\\MySession.php:8) at C:\\wamp64\\www\\maasin_live_act\\app\\Models\\MySession.php:8)
[stacktrace]
#0 C:\\wamp64\\www\\maasin_live_act\\vendor\\laravel\\framework\\src\\Illuminate\\Foundation\\Bootstrap\\HandleExceptions.php(244): Symfony\\Component\\ErrorHandler\\Error\\FatalError->__construct(message: ''Cannot redecla...', code: '0', error: '['type' => 64, ...', traceOffset: '0', traceArgs: '???', trace: '???')
#1 C:\\wamp64\\www\\maasin_live_act\\vendor\\laravel\\framework\\src\\Illuminate\\Foundation\\Bootstrap\\HandleExceptions.php(231): Illuminate\\Foundation\\Bootstrap\\HandleExceptions->fatalErrorFromPhpError(error: '['type' => 64, ...', traceOffset: '0')
#2 C:\\wamp64\\www\\maasin_live_act\\vendor\\laravel\\framework\\src\\Illuminate\\Foundation\\Bootstrap\\HandleExceptions.php(255): Illuminate\\Foundation\\Bootstrap\\HandleExceptions->handleShutdown()
#3 C:\\wamp64\\www\\maasin_live_act\\vendor\\laravel\\framework\\src\\Illuminate\\Foundation\\Bootstrap\\HandleExceptions.php(0): Illuminate\\Foundation\\Bootstrap\\HandleExceptions->{closure:C:\\wamp64\\www\\maasin_live_act\\vendor\\laravel\\framework\\src\\Illuminate\\Foundation\\Bootstrap\\HandleExceptions.php:254-256}()
#4 {main}
"} 
[2025-09-24 08:45:26] local.ERROR: Cannot redeclare class App\MySession (previously declared in C:\wamp64\www\maasin_live_act\app\MySession.php:8) {"exception":"[object] (Symfony\\Component\\ErrorHandler\\Error\\FatalError(code: 0): Cannot redeclare class App\\MySession (previously declared in C:\\wamp64\\www\\maasin_live_act\\app\\MySession.php:8) at C:\\wamp64\\www\\maasin_live_act\\app\\Models\\MySession.php:8)
[stacktrace]
#0 C:\\wamp64\\www\\maasin_live_act\\vendor\\laravel\\framework\\src\\Illuminate\\Foundation\\Bootstrap\\HandleExceptions.php(244): Symfony\\Component\\ErrorHandler\\Error\\FatalError->__construct(message: ''Cannot redecla...', code: '0', error: '['type' => 64, ...', traceOffset: '0', traceArgs: '???', trace: '???')
#1 C:\\wamp64\\www\\maasin_live_act\\vendor\\laravel\\framework\\src\\Illuminate\\Foundation\\Bootstrap\\HandleExceptions.php(231): Illuminate\\Foundation\\Bootstrap\\HandleExceptions->fatalErrorFromPhpError(error: '['type' => 64, ...', traceOffset: '0')
#2 C:\\wamp64\\www\\maasin_live_act\\vendor\\laravel\\framework\\src\\Illuminate\\Foundation\\Bootstrap\\HandleExceptions.php(255): Illuminate\\Foundation\\Bootstrap\\HandleExceptions->handleShutdown()
#3 C:\\wamp64\\www\\maasin_live_act\\vendor\\laravel\\framework\\src\\Illuminate\\Foundation\\Bootstrap\\HandleExceptions.php(0): Illuminate\\Foundation\\Bootstrap\\HandleExceptions->{closure:C:\\wamp64\\www\\maasin_live_act\\vendor\\laravel\\framework\\src\\Illuminate\\Foundation\\Bootstrap\\HandleExceptions.php:254-256}()
#4 {main}
"} 
[2025-09-24 08:46:26] local.ERROR: Cannot redeclare class App\MySession (previously declared in C:\wamp64\www\maasin_live_act\app\MySession.php:8) {"exception":"[object] (Symfony\\Component\\ErrorHandler\\Error\\FatalError(code: 0): Cannot redeclare class App\\MySession (previously declared in C:\\wamp64\\www\\maasin_live_act\\app\\MySession.php:8) at C:\\wamp64\\www\\maasin_live_act\\app\\Models\\MySession.php:8)
[stacktrace]
#0 C:\\wamp64\\www\\maasin_live_act\\vendor\\laravel\\framework\\src\\Illuminate\\Foundation\\Bootstrap\\HandleExceptions.php(244): Symfony\\Component\\ErrorHandler\\Error\\FatalError->__construct(message: ''Cannot redecla...', code: '0', error: '['type' => 64, ...', traceOffset: '0', traceArgs: '???', trace: '???')
#1 C:\\wamp64\\www\\maasin_live_act\\vendor\\laravel\\framework\\src\\Illuminate\\Foundation\\Bootstrap\\HandleExceptions.php(231): Illuminate\\Foundation\\Bootstrap\\HandleExceptions->fatalErrorFromPhpError(error: '['type' => 64, ...', traceOffset: '0')
#2 C:\\wamp64\\www\\maasin_live_act\\vendor\\laravel\\framework\\src\\Illuminate\\Foundation\\Bootstrap\\HandleExceptions.php(255): Illuminate\\Foundation\\Bootstrap\\HandleExceptions->handleShutdown()
#3 C:\\wamp64\\www\\maasin_live_act\\vendor\\laravel\\framework\\src\\Illuminate\\Foundation\\Bootstrap\\HandleExceptions.php(0): Illuminate\\Foundation\\Bootstrap\\HandleExceptions->{closure:C:\\wamp64\\www\\maasin_live_act\\vendor\\laravel\\framework\\src\\Illuminate\\Foundation\\Bootstrap\\HandleExceptions.php:254-256}()
#4 {main}
"} 
[2025-09-24 08:47:26] local.ERROR: Cannot redeclare class App\MySession (previously declared in C:\wamp64\www\maasin_live_act\app\MySession.php:8) {"exception":"[object] (Symfony\\Component\\ErrorHandler\\Error\\FatalError(code: 0): Cannot redeclare class App\\MySession (previously declared in C:\\wamp64\\www\\maasin_live_act\\app\\MySession.php:8) at C:\\wamp64\\www\\maasin_live_act\\app\\Models\\MySession.php:8)
[stacktrace]
#0 C:\\wamp64\\www\\maasin_live_act\\vendor\\laravel\\framework\\src\\Illuminate\\Foundation\\Bootstrap\\HandleExceptions.php(244): Symfony\\Component\\ErrorHandler\\Error\\FatalError->__construct(message: ''Cannot redecla...', code: '0', error: '['type' => 64, ...', traceOffset: '0', traceArgs: '???', trace: '???')
#1 C:\\wamp64\\www\\maasin_live_act\\vendor\\laravel\\framework\\src\\Illuminate\\Foundation\\Bootstrap\\HandleExceptions.php(231): Illuminate\\Foundation\\Bootstrap\\HandleExceptions->fatalErrorFromPhpError(error: '['type' => 64, ...', traceOffset: '0')
#2 C:\\wamp64\\www\\maasin_live_act\\vendor\\laravel\\framework\\src\\Illuminate\\Foundation\\Bootstrap\\HandleExceptions.php(255): Illuminate\\Foundation\\Bootstrap\\HandleExceptions->handleShutdown()
#3 C:\\wamp64\\www\\maasin_live_act\\vendor\\laravel\\framework\\src\\Illuminate\\Foundation\\Bootstrap\\HandleExceptions.php(0): Illuminate\\Foundation\\Bootstrap\\HandleExceptions->{closure:C:\\wamp64\\www\\maasin_live_act\\vendor\\laravel\\framework\\src\\Illuminate\\Foundation\\Bootstrap\\HandleExceptions.php:254-256}()
#4 {main}
"} 
[2025-09-24 08:48:26] local.ERROR: Cannot redeclare class App\MySession (previously declared in C:\wamp64\www\maasin_live_act\app\MySession.php:8) {"exception":"[object] (Symfony\\Component\\ErrorHandler\\Error\\FatalError(code: 0): Cannot redeclare class App\\MySession (previously declared in C:\\wamp64\\www\\maasin_live_act\\app\\MySession.php:8) at C:\\wamp64\\www\\maasin_live_act\\app\\Models\\MySession.php:8)
[stacktrace]
#0 C:\\wamp64\\www\\maasin_live_act\\vendor\\laravel\\framework\\src\\Illuminate\\Foundation\\Bootstrap\\HandleExceptions.php(244): Symfony\\Component\\ErrorHandler\\Error\\FatalError->__construct(message: ''Cannot redecla...', code: '0', error: '['type' => 64, ...', traceOffset: '0', traceArgs: '???', trace: '???')
#1 C:\\wamp64\\www\\maasin_live_act\\vendor\\laravel\\framework\\src\\Illuminate\\Foundation\\Bootstrap\\HandleExceptions.php(231): Illuminate\\Foundation\\Bootstrap\\HandleExceptions->fatalErrorFromPhpError(error: '['type' => 64, ...', traceOffset: '0')
#2 C:\\wamp64\\www\\maasin_live_act\\vendor\\laravel\\framework\\src\\Illuminate\\Foundation\\Bootstrap\\HandleExceptions.php(255): Illuminate\\Foundation\\Bootstrap\\HandleExceptions->handleShutdown()
#3 C:\\wamp64\\www\\maasin_live_act\\vendor\\laravel\\framework\\src\\Illuminate\\Foundation\\Bootstrap\\HandleExceptions.php(0): Illuminate\\Foundation\\Bootstrap\\HandleExceptions->{closure:C:\\wamp64\\www\\maasin_live_act\\vendor\\laravel\\framework\\src\\Illuminate\\Foundation\\Bootstrap\\HandleExceptions.php:254-256}()
#4 {main}
"} 
[2025-09-24 08:49:26] local.ERROR: Cannot redeclare class App\MySession (previously declared in C:\wamp64\www\maasin_live_act\app\MySession.php:8) {"exception":"[object] (Symfony\\Component\\ErrorHandler\\Error\\FatalError(code: 0): Cannot redeclare class App\\MySession (previously declared in C:\\wamp64\\www\\maasin_live_act\\app\\MySession.php:8) at C:\\wamp64\\www\\maasin_live_act\\app\\Models\\MySession.php:8)
[stacktrace]
#0 C:\\wamp64\\www\\maasin_live_act\\vendor\\laravel\\framework\\src\\Illuminate\\Foundation\\Bootstrap\\HandleExceptions.php(244): Symfony\\Component\\ErrorHandler\\Error\\FatalError->__construct(message: ''Cannot redecla...', code: '0', error: '['type' => 64, ...', traceOffset: '0', traceArgs: '???', trace: '???')
#1 C:\\wamp64\\www\\maasin_live_act\\vendor\\laravel\\framework\\src\\Illuminate\\Foundation\\Bootstrap\\HandleExceptions.php(231): Illuminate\\Foundation\\Bootstrap\\HandleExceptions->fatalErrorFromPhpError(error: '['type' => 64, ...', traceOffset: '0')
#2 C:\\wamp64\\www\\maasin_live_act\\vendor\\laravel\\framework\\src\\Illuminate\\Foundation\\Bootstrap\\HandleExceptions.php(255): Illuminate\\Foundation\\Bootstrap\\HandleExceptions->handleShutdown()
#3 C:\\wamp64\\www\\maasin_live_act\\vendor\\laravel\\framework\\src\\Illuminate\\Foundation\\Bootstrap\\HandleExceptions.php(0): Illuminate\\Foundation\\Bootstrap\\HandleExceptions->{closure:C:\\wamp64\\www\\maasin_live_act\\vendor\\laravel\\framework\\src\\Illuminate\\Foundation\\Bootstrap\\HandleExceptions.php:254-256}()
#4 {main}
"} 
[2025-09-24 08:50:26] local.ERROR: Cannot redeclare class App\MySession (previously declared in C:\wamp64\www\maasin_live_act\app\MySession.php:8) {"exception":"[object] (Symfony\\Component\\ErrorHandler\\Error\\FatalError(code: 0): Cannot redeclare class App\\MySession (previously declared in C:\\wamp64\\www\\maasin_live_act\\app\\MySession.php:8) at C:\\wamp64\\www\\maasin_live_act\\app\\Models\\MySession.php:8)
[stacktrace]
#0 C:\\wamp64\\www\\maasin_live_act\\vendor\\laravel\\framework\\src\\Illuminate\\Foundation\\Bootstrap\\HandleExceptions.php(244): Symfony\\Component\\ErrorHandler\\Error\\FatalError->__construct(message: ''Cannot redecla...', code: '0', error: '['type' => 64, ...', traceOffset: '0', traceArgs: '???', trace: '???')
#1 C:\\wamp64\\www\\maasin_live_act\\vendor\\laravel\\framework\\src\\Illuminate\\Foundation\\Bootstrap\\HandleExceptions.php(231): Illuminate\\Foundation\\Bootstrap\\HandleExceptions->fatalErrorFromPhpError(error: '['type' => 64, ...', traceOffset: '0')
#2 C:\\wamp64\\www\\maasin_live_act\\vendor\\laravel\\framework\\src\\Illuminate\\Foundation\\Bootstrap\\HandleExceptions.php(255): Illuminate\\Foundation\\Bootstrap\\HandleExceptions->handleShutdown()
#3 C:\\wamp64\\www\\maasin_live_act\\vendor\\laravel\\framework\\src\\Illuminate\\Foundation\\Bootstrap\\HandleExceptions.php(0): Illuminate\\Foundation\\Bootstrap\\HandleExceptions->{closure:C:\\wamp64\\www\\maasin_live_act\\vendor\\laravel\\framework\\src\\Illuminate\\Foundation\\Bootstrap\\HandleExceptions.php:254-256}()
#4 {main}
"} 
[2025-09-24 08:51:26] local.ERROR: Cannot redeclare class App\MySession (previously declared in C:\wamp64\www\maasin_live_act\app\MySession.php:8) {"exception":"[object] (Symfony\\Component\\ErrorHandler\\Error\\FatalError(code: 0): Cannot redeclare class App\\MySession (previously declared in C:\\wamp64\\www\\maasin_live_act\\app\\MySession.php:8) at C:\\wamp64\\www\\maasin_live_act\\app\\Models\\MySession.php:8)
[stacktrace]
#0 C:\\wamp64\\www\\maasin_live_act\\vendor\\laravel\\framework\\src\\Illuminate\\Foundation\\Bootstrap\\HandleExceptions.php(244): Symfony\\Component\\ErrorHandler\\Error\\FatalError->__construct(message: ''Cannot redecla...', code: '0', error: '['type' => 64, ...', traceOffset: '0', traceArgs: '???', trace: '???')
#1 C:\\wamp64\\www\\maasin_live_act\\vendor\\laravel\\framework\\src\\Illuminate\\Foundation\\Bootstrap\\HandleExceptions.php(231): Illuminate\\Foundation\\Bootstrap\\HandleExceptions->fatalErrorFromPhpError(error: '['type' => 64, ...', traceOffset: '0')
#2 C:\\wamp64\\www\\maasin_live_act\\vendor\\laravel\\framework\\src\\Illuminate\\Foundation\\Bootstrap\\HandleExceptions.php(255): Illuminate\\Foundation\\Bootstrap\\HandleExceptions->handleShutdown()
#3 C:\\wamp64\\www\\maasin_live_act\\vendor\\laravel\\framework\\src\\Illuminate\\Foundation\\Bootstrap\\HandleExceptions.php(0): Illuminate\\Foundation\\Bootstrap\\HandleExceptions->{closure:C:\\wamp64\\www\\maasin_live_act\\vendor\\laravel\\framework\\src\\Illuminate\\Foundation\\Bootstrap\\HandleExceptions.php:254-256}()
#4 {main}
"} 
[2025-09-24 08:52:26] local.ERROR: Cannot redeclare class App\MySession (previously declared in C:\wamp64\www\maasin_live_act\app\MySession.php:8) {"exception":"[object] (Symfony\\Component\\ErrorHandler\\Error\\FatalError(code: 0): Cannot redeclare class App\\MySession (previously declared in C:\\wamp64\\www\\maasin_live_act\\app\\MySession.php:8) at C:\\wamp64\\www\\maasin_live_act\\app\\Models\\MySession.php:8)
[stacktrace]
#0 C:\\wamp64\\www\\maasin_live_act\\vendor\\laravel\\framework\\src\\Illuminate\\Foundation\\Bootstrap\\HandleExceptions.php(244): Symfony\\Component\\ErrorHandler\\Error\\FatalError->__construct(message: ''Cannot redecla...', code: '0', error: '['type' => 64, ...', traceOffset: '0', traceArgs: '???', trace: '???')
#1 C:\\wamp64\\www\\maasin_live_act\\vendor\\laravel\\framework\\src\\Illuminate\\Foundation\\Bootstrap\\HandleExceptions.php(231): Illuminate\\Foundation\\Bootstrap\\HandleExceptions->fatalErrorFromPhpError(error: '['type' => 64, ...', traceOffset: '0')
#2 C:\\wamp64\\www\\maasin_live_act\\vendor\\laravel\\framework\\src\\Illuminate\\Foundation\\Bootstrap\\HandleExceptions.php(255): Illuminate\\Foundation\\Bootstrap\\HandleExceptions->handleShutdown()
#3 C:\\wamp64\\www\\maasin_live_act\\vendor\\laravel\\framework\\src\\Illuminate\\Foundation\\Bootstrap\\HandleExceptions.php(0): Illuminate\\Foundation\\Bootstrap\\HandleExceptions->{closure:C:\\wamp64\\www\\maasin_live_act\\vendor\\laravel\\framework\\src\\Illuminate\\Foundation\\Bootstrap\\HandleExceptions.php:254-256}()
#4 {main}
"} 
[2025-09-24 08:53:26] local.ERROR: Cannot redeclare class App\MySession (previously declared in C:\wamp64\www\maasin_live_act\app\MySession.php:8) {"exception":"[object] (Symfony\\Component\\ErrorHandler\\Error\\FatalError(code: 0): Cannot redeclare class App\\MySession (previously declared in C:\\wamp64\\www\\maasin_live_act\\app\\MySession.php:8) at C:\\wamp64\\www\\maasin_live_act\\app\\Models\\MySession.php:8)
[stacktrace]
#0 C:\\wamp64\\www\\maasin_live_act\\vendor\\laravel\\framework\\src\\Illuminate\\Foundation\\Bootstrap\\HandleExceptions.php(244): Symfony\\Component\\ErrorHandler\\Error\\FatalError->__construct(message: ''Cannot redecla...', code: '0', error: '['type' => 64, ...', traceOffset: '0', traceArgs: '???', trace: '???')
#1 C:\\wamp64\\www\\maasin_live_act\\vendor\\laravel\\framework\\src\\Illuminate\\Foundation\\Bootstrap\\HandleExceptions.php(231): Illuminate\\Foundation\\Bootstrap\\HandleExceptions->fatalErrorFromPhpError(error: '['type' => 64, ...', traceOffset: '0')
#2 C:\\wamp64\\www\\maasin_live_act\\vendor\\laravel\\framework\\src\\Illuminate\\Foundation\\Bootstrap\\HandleExceptions.php(255): Illuminate\\Foundation\\Bootstrap\\HandleExceptions->handleShutdown()
#3 C:\\wamp64\\www\\maasin_live_act\\vendor\\laravel\\framework\\src\\Illuminate\\Foundation\\Bootstrap\\HandleExceptions.php(0): Illuminate\\Foundation\\Bootstrap\\HandleExceptions->{closure:C:\\wamp64\\www\\maasin_live_act\\vendor\\laravel\\framework\\src\\Illuminate\\Foundation\\Bootstrap\\HandleExceptions.php:254-256}()
#4 {main}
"} 
[2025-09-24 08:54:26] local.ERROR: Cannot redeclare class App\MySession (previously declared in C:\wamp64\www\maasin_live_act\app\MySession.php:8) {"exception":"[object] (Symfony\\Component\\ErrorHandler\\Error\\FatalError(code: 0): Cannot redeclare class App\\MySession (previously declared in C:\\wamp64\\www\\maasin_live_act\\app\\MySession.php:8) at C:\\wamp64\\www\\maasin_live_act\\app\\Models\\MySession.php:8)
[stacktrace]
#0 C:\\wamp64\\www\\maasin_live_act\\vendor\\laravel\\framework\\src\\Illuminate\\Foundation\\Bootstrap\\HandleExceptions.php(244): Symfony\\Component\\ErrorHandler\\Error\\FatalError->__construct(message: ''Cannot redecla...', code: '0', error: '['type' => 64, ...', traceOffset: '0', traceArgs: '???', trace: '???')
#1 C:\\wamp64\\www\\maasin_live_act\\vendor\\laravel\\framework\\src\\Illuminate\\Foundation\\Bootstrap\\HandleExceptions.php(231): Illuminate\\Foundation\\Bootstrap\\HandleExceptions->fatalErrorFromPhpError(error: '['type' => 64, ...', traceOffset: '0')
#2 C:\\wamp64\\www\\maasin_live_act\\vendor\\laravel\\framework\\src\\Illuminate\\Foundation\\Bootstrap\\HandleExceptions.php(255): Illuminate\\Foundation\\Bootstrap\\HandleExceptions->handleShutdown()
#3 C:\\wamp64\\www\\maasin_live_act\\vendor\\laravel\\framework\\src\\Illuminate\\Foundation\\Bootstrap\\HandleExceptions.php(0): Illuminate\\Foundation\\Bootstrap\\HandleExceptions->{closure:C:\\wamp64\\www\\maasin_live_act\\vendor\\laravel\\framework\\src\\Illuminate\\Foundation\\Bootstrap\\HandleExceptions.php:254-256}()
#4 {main}
"} 
[2025-09-24 08:55:26] local.ERROR: Cannot redeclare class App\MySession (previously declared in C:\wamp64\www\maasin_live_act\app\MySession.php:8) {"exception":"[object] (Symfony\\Component\\ErrorHandler\\Error\\FatalError(code: 0): Cannot redeclare class App\\MySession (previously declared in C:\\wamp64\\www\\maasin_live_act\\app\\MySession.php:8) at C:\\wamp64\\www\\maasin_live_act\\app\\Models\\MySession.php:8)
[stacktrace]
#0 C:\\wamp64\\www\\maasin_live_act\\vendor\\laravel\\framework\\src\\Illuminate\\Foundation\\Bootstrap\\HandleExceptions.php(244): Symfony\\Component\\ErrorHandler\\Error\\FatalError->__construct(message: ''Cannot redecla...', code: '0', error: '['type' => 64, ...', traceOffset: '0', traceArgs: '???', trace: '???')
#1 C:\\wamp64\\www\\maasin_live_act\\vendor\\laravel\\framework\\src\\Illuminate\\Foundation\\Bootstrap\\HandleExceptions.php(231): Illuminate\\Foundation\\Bootstrap\\HandleExceptions->fatalErrorFromPhpError(error: '['type' => 64, ...', traceOffset: '0')
#2 C:\\wamp64\\www\\maasin_live_act\\vendor\\laravel\\framework\\src\\Illuminate\\Foundation\\Bootstrap\\HandleExceptions.php(255): Illuminate\\Foundation\\Bootstrap\\HandleExceptions->handleShutdown()
#3 C:\\wamp64\\www\\maasin_live_act\\vendor\\laravel\\framework\\src\\Illuminate\\Foundation\\Bootstrap\\HandleExceptions.php(0): Illuminate\\Foundation\\Bootstrap\\HandleExceptions->{closure:C:\\wamp64\\www\\maasin_live_act\\vendor\\laravel\\framework\\src\\Illuminate\\Foundation\\Bootstrap\\HandleExceptions.php:254-256}()
#4 {main}
"} 
[2025-09-24 08:56:26] local.ERROR: Cannot redeclare class App\MySession (previously declared in C:\wamp64\www\maasin_live_act\app\MySession.php:8) {"exception":"[object] (Symfony\\Component\\ErrorHandler\\Error\\FatalError(code: 0): Cannot redeclare class App\\MySession (previously declared in C:\\wamp64\\www\\maasin_live_act\\app\\MySession.php:8) at C:\\wamp64\\www\\maasin_live_act\\app\\Models\\MySession.php:8)
[stacktrace]
#0 C:\\wamp64\\www\\maasin_live_act\\vendor\\laravel\\framework\\src\\Illuminate\\Foundation\\Bootstrap\\HandleExceptions.php(244): Symfony\\Component\\ErrorHandler\\Error\\FatalError->__construct(message: ''Cannot redecla...', code: '0', error: '['type' => 64, ...', traceOffset: '0', traceArgs: '???', trace: '???')
#1 C:\\wamp64\\www\\maasin_live_act\\vendor\\laravel\\framework\\src\\Illuminate\\Foundation\\Bootstrap\\HandleExceptions.php(231): Illuminate\\Foundation\\Bootstrap\\HandleExceptions->fatalErrorFromPhpError(error: '['type' => 64, ...', traceOffset: '0')
#2 C:\\wamp64\\www\\maasin_live_act\\vendor\\laravel\\framework\\src\\Illuminate\\Foundation\\Bootstrap\\HandleExceptions.php(255): Illuminate\\Foundation\\Bootstrap\\HandleExceptions->handleShutdown()
#3 C:\\wamp64\\www\\maasin_live_act\\vendor\\laravel\\framework\\src\\Illuminate\\Foundation\\Bootstrap\\HandleExceptions.php(0): Illuminate\\Foundation\\Bootstrap\\HandleExceptions->{closure:C:\\wamp64\\www\\maasin_live_act\\vendor\\laravel\\framework\\src\\Illuminate\\Foundation\\Bootstrap\\HandleExceptions.php:254-256}()
#4 {main}
"} 
[2025-09-24 08:57:26] local.ERROR: Cannot redeclare class App\MySession (previously declared in C:\wamp64\www\maasin_live_act\app\MySession.php:8) {"exception":"[object] (Symfony\\Component\\ErrorHandler\\Error\\FatalError(code: 0): Cannot redeclare class App\\MySession (previously declared in C:\\wamp64\\www\\maasin_live_act\\app\\MySession.php:8) at C:\\wamp64\\www\\maasin_live_act\\app\\Models\\MySession.php:8)
[stacktrace]
#0 C:\\wamp64\\www\\maasin_live_act\\vendor\\laravel\\framework\\src\\Illuminate\\Foundation\\Bootstrap\\HandleExceptions.php(244): Symfony\\Component\\ErrorHandler\\Error\\FatalError->__construct(message: ''Cannot redecla...', code: '0', error: '['type' => 64, ...', traceOffset: '0', traceArgs: '???', trace: '???')
#1 C:\\wamp64\\www\\maasin_live_act\\vendor\\laravel\\framework\\src\\Illuminate\\Foundation\\Bootstrap\\HandleExceptions.php(231): Illuminate\\Foundation\\Bootstrap\\HandleExceptions->fatalErrorFromPhpError(error: '['type' => 64, ...', traceOffset: '0')
#2 C:\\wamp64\\www\\maasin_live_act\\vendor\\laravel\\framework\\src\\Illuminate\\Foundation\\Bootstrap\\HandleExceptions.php(255): Illuminate\\Foundation\\Bootstrap\\HandleExceptions->handleShutdown()
#3 C:\\wamp64\\www\\maasin_live_act\\vendor\\laravel\\framework\\src\\Illuminate\\Foundation\\Bootstrap\\HandleExceptions.php(0): Illuminate\\Foundation\\Bootstrap\\HandleExceptions->{closure:C:\\wamp64\\www\\maasin_live_act\\vendor\\laravel\\framework\\src\\Illuminate\\Foundation\\Bootstrap\\HandleExceptions.php:254-256}()
#4 {main}
"} 
[2025-09-24 08:58:26] local.ERROR: Cannot redeclare class App\MySession (previously declared in C:\wamp64\www\maasin_live_act\app\MySession.php:8) {"exception":"[object] (Symfony\\Component\\ErrorHandler\\Error\\FatalError(code: 0): Cannot redeclare class App\\MySession (previously declared in C:\\wamp64\\www\\maasin_live_act\\app\\MySession.php:8) at C:\\wamp64\\www\\maasin_live_act\\app\\Models\\MySession.php:8)
[stacktrace]
#0 C:\\wamp64\\www\\maasin_live_act\\vendor\\laravel\\framework\\src\\Illuminate\\Foundation\\Bootstrap\\HandleExceptions.php(244): Symfony\\Component\\ErrorHandler\\Error\\FatalError->__construct(message: ''Cannot redecla...', code: '0', error: '['type' => 64, ...', traceOffset: '0', traceArgs: '???', trace: '???')
#1 C:\\wamp64\\www\\maasin_live_act\\vendor\\laravel\\framework\\src\\Illuminate\\Foundation\\Bootstrap\\HandleExceptions.php(231): Illuminate\\Foundation\\Bootstrap\\HandleExceptions->fatalErrorFromPhpError(error: '['type' => 64, ...', traceOffset: '0')
#2 C:\\wamp64\\www\\maasin_live_act\\vendor\\laravel\\framework\\src\\Illuminate\\Foundation\\Bootstrap\\HandleExceptions.php(255): Illuminate\\Foundation\\Bootstrap\\HandleExceptions->handleShutdown()
#3 C:\\wamp64\\www\\maasin_live_act\\vendor\\laravel\\framework\\src\\Illuminate\\Foundation\\Bootstrap\\HandleExceptions.php(0): Illuminate\\Foundation\\Bootstrap\\HandleExceptions->{closure:C:\\wamp64\\www\\maasin_live_act\\vendor\\laravel\\framework\\src\\Illuminate\\Foundation\\Bootstrap\\HandleExceptions.php:254-256}()
#4 {main}
"} 
[2025-09-24 08:59:26] local.ERROR: Cannot redeclare class App\MySession (previously declared in C:\wamp64\www\maasin_live_act\app\MySession.php:8) {"exception":"[object] (Symfony\\Component\\ErrorHandler\\Error\\FatalError(code: 0): Cannot redeclare class App\\MySession (previously declared in C:\\wamp64\\www\\maasin_live_act\\app\\MySession.php:8) at C:\\wamp64\\www\\maasin_live_act\\app\\Models\\MySession.php:8)
[stacktrace]
#0 C:\\wamp64\\www\\maasin_live_act\\vendor\\laravel\\framework\\src\\Illuminate\\Foundation\\Bootstrap\\HandleExceptions.php(244): Symfony\\Component\\ErrorHandler\\Error\\FatalError->__construct(message: ''Cannot redecla...', code: '0', error: '['type' => 64, ...', traceOffset: '0', traceArgs: '???', trace: '???')
#1 C:\\wamp64\\www\\maasin_live_act\\vendor\\laravel\\framework\\src\\Illuminate\\Foundation\\Bootstrap\\HandleExceptions.php(231): Illuminate\\Foundation\\Bootstrap\\HandleExceptions->fatalErrorFromPhpError(error: '['type' => 64, ...', traceOffset: '0')
#2 C:\\wamp64\\www\\maasin_live_act\\vendor\\laravel\\framework\\src\\Illuminate\\Foundation\\Bootstrap\\HandleExceptions.php(255): Illuminate\\Foundation\\Bootstrap\\HandleExceptions->handleShutdown()
#3 C:\\wamp64\\www\\maasin_live_act\\vendor\\laravel\\framework\\src\\Illuminate\\Foundation\\Bootstrap\\HandleExceptions.php(0): Illuminate\\Foundation\\Bootstrap\\HandleExceptions->{closure:C:\\wamp64\\www\\maasin_live_act\\vendor\\laravel\\framework\\src\\Illuminate\\Foundation\\Bootstrap\\HandleExceptions.php:254-256}()
#4 {main}
"} 
[2025-09-24 09:00:26] local.ERROR: Cannot redeclare class App\MySession (previously declared in C:\wamp64\www\maasin_live_act\app\MySession.php:8) {"exception":"[object] (Symfony\\Component\\ErrorHandler\\Error\\FatalError(code: 0): Cannot redeclare class App\\MySession (previously declared in C:\\wamp64\\www\\maasin_live_act\\app\\MySession.php:8) at C:\\wamp64\\www\\maasin_live_act\\app\\Models\\MySession.php:8)
[stacktrace]
#0 C:\\wamp64\\www\\maasin_live_act\\vendor\\laravel\\framework\\src\\Illuminate\\Foundation\\Bootstrap\\HandleExceptions.php(244): Symfony\\Component\\ErrorHandler\\Error\\FatalError->__construct(message: ''Cannot redecla...', code: '0', error: '['type' => 64, ...', traceOffset: '0', traceArgs: '???', trace: '???')
#1 C:\\wamp64\\www\\maasin_live_act\\vendor\\laravel\\framework\\src\\Illuminate\\Foundation\\Bootstrap\\HandleExceptions.php(231): Illuminate\\Foundation\\Bootstrap\\HandleExceptions->fatalErrorFromPhpError(error: '['type' => 64, ...', traceOffset: '0')
#2 C:\\wamp64\\www\\maasin_live_act\\vendor\\laravel\\framework\\src\\Illuminate\\Foundation\\Bootstrap\\HandleExceptions.php(255): Illuminate\\Foundation\\Bootstrap\\HandleExceptions->handleShutdown()
#3 C:\\wamp64\\www\\maasin_live_act\\vendor\\laravel\\framework\\src\\Illuminate\\Foundation\\Bootstrap\\HandleExceptions.php(0): Illuminate\\Foundation\\Bootstrap\\HandleExceptions->{closure:C:\\wamp64\\www\\maasin_live_act\\vendor\\laravel\\framework\\src\\Illuminate\\Foundation\\Bootstrap\\HandleExceptions.php:254-256}()
#4 {main}
"} 
[2025-09-24 09:01:26] local.ERROR: Cannot redeclare class App\MySession (previously declared in C:\wamp64\www\maasin_live_act\app\MySession.php:8) {"exception":"[object] (Symfony\\Component\\ErrorHandler\\Error\\FatalError(code: 0): Cannot redeclare class App\\MySession (previously declared in C:\\wamp64\\www\\maasin_live_act\\app\\MySession.php:8) at C:\\wamp64\\www\\maasin_live_act\\app\\Models\\MySession.php:8)
[stacktrace]
#0 C:\\wamp64\\www\\maasin_live_act\\vendor\\laravel\\framework\\src\\Illuminate\\Foundation\\Bootstrap\\HandleExceptions.php(244): Symfony\\Component\\ErrorHandler\\Error\\FatalError->__construct(message: ''Cannot redecla...', code: '0', error: '['type' => 64, ...', traceOffset: '0', traceArgs: '???', trace: '???')
#1 C:\\wamp64\\www\\maasin_live_act\\vendor\\laravel\\framework\\src\\Illuminate\\Foundation\\Bootstrap\\HandleExceptions.php(231): Illuminate\\Foundation\\Bootstrap\\HandleExceptions->fatalErrorFromPhpError(error: '['type' => 64, ...', traceOffset: '0')
#2 C:\\wamp64\\www\\maasin_live_act\\vendor\\laravel\\framework\\src\\Illuminate\\Foundation\\Bootstrap\\HandleExceptions.php(255): Illuminate\\Foundation\\Bootstrap\\HandleExceptions->handleShutdown()
#3 C:\\wamp64\\www\\maasin_live_act\\vendor\\laravel\\framework\\src\\Illuminate\\Foundation\\Bootstrap\\HandleExceptions.php(0): Illuminate\\Foundation\\Bootstrap\\HandleExceptions->{closure:C:\\wamp64\\www\\maasin_live_act\\vendor\\laravel\\framework\\src\\Illuminate\\Foundation\\Bootstrap\\HandleExceptions.php:254-256}()
#4 {main}
"} 
[2025-09-24 09:02:26] local.ERROR: Cannot redeclare class App\MySession (previously declared in C:\wamp64\www\maasin_live_act\app\MySession.php:8) {"exception":"[object] (Symfony\\Component\\ErrorHandler\\Error\\FatalError(code: 0): Cannot redeclare class App\\MySession (previously declared in C:\\wamp64\\www\\maasin_live_act\\app\\MySession.php:8) at C:\\wamp64\\www\\maasin_live_act\\app\\Models\\MySession.php:8)
[stacktrace]
#0 C:\\wamp64\\www\\maasin_live_act\\vendor\\laravel\\framework\\src\\Illuminate\\Foundation\\Bootstrap\\HandleExceptions.php(244): Symfony\\Component\\ErrorHandler\\Error\\FatalError->__construct(message: ''Cannot redecla...', code: '0', error: '['type' => 64, ...', traceOffset: '0', traceArgs: '???', trace: '???')
#1 C:\\wamp64\\www\\maasin_live_act\\vendor\\laravel\\framework\\src\\Illuminate\\Foundation\\Bootstrap\\HandleExceptions.php(231): Illuminate\\Foundation\\Bootstrap\\HandleExceptions->fatalErrorFromPhpError(error: '['type' => 64, ...', traceOffset: '0')
#2 C:\\wamp64\\www\\maasin_live_act\\vendor\\laravel\\framework\\src\\Illuminate\\Foundation\\Bootstrap\\HandleExceptions.php(255): Illuminate\\Foundation\\Bootstrap\\HandleExceptions->handleShutdown()
#3 C:\\wamp64\\www\\maasin_live_act\\vendor\\laravel\\framework\\src\\Illuminate\\Foundation\\Bootstrap\\HandleExceptions.php(0): Illuminate\\Foundation\\Bootstrap\\HandleExceptions->{closure:C:\\wamp64\\www\\maasin_live_act\\vendor\\laravel\\framework\\src\\Illuminate\\Foundation\\Bootstrap\\HandleExceptions.php:254-256}()
#4 {main}
"} 
[2025-09-24 09:03:26] local.ERROR: Cannot redeclare class App\MySession (previously declared in C:\wamp64\www\maasin_live_act\app\MySession.php:8) {"exception":"[object] (Symfony\\Component\\ErrorHandler\\Error\\FatalError(code: 0): Cannot redeclare class App\\MySession (previously declared in C:\\wamp64\\www\\maasin_live_act\\app\\MySession.php:8) at C:\\wamp64\\www\\maasin_live_act\\app\\Models\\MySession.php:8)
[stacktrace]
#0 C:\\wamp64\\www\\maasin_live_act\\vendor\\laravel\\framework\\src\\Illuminate\\Foundation\\Bootstrap\\HandleExceptions.php(244): Symfony\\Component\\ErrorHandler\\Error\\FatalError->__construct(message: ''Cannot redecla...', code: '0', error: '['type' => 64, ...', traceOffset: '0', traceArgs: '???', trace: '???')
#1 C:\\wamp64\\www\\maasin_live_act\\vendor\\laravel\\framework\\src\\Illuminate\\Foundation\\Bootstrap\\HandleExceptions.php(231): Illuminate\\Foundation\\Bootstrap\\HandleExceptions->fatalErrorFromPhpError(error: '['type' => 64, ...', traceOffset: '0')
#2 C:\\wamp64\\www\\maasin_live_act\\vendor\\laravel\\framework\\src\\Illuminate\\Foundation\\Bootstrap\\HandleExceptions.php(255): Illuminate\\Foundation\\Bootstrap\\HandleExceptions->handleShutdown()
#3 C:\\wamp64\\www\\maasin_live_act\\vendor\\laravel\\framework\\src\\Illuminate\\Foundation\\Bootstrap\\HandleExceptions.php(0): Illuminate\\Foundation\\Bootstrap\\HandleExceptions->{closure:C:\\wamp64\\www\\maasin_live_act\\vendor\\laravel\\framework\\src\\Illuminate\\Foundation\\Bootstrap\\HandleExceptions.php:254-256}()
#4 {main}
"} 
[2025-09-24 09:04:26] local.ERROR: Cannot redeclare class App\MySession (previously declared in C:\wamp64\www\maasin_live_act\app\MySession.php:8) {"exception":"[object] (Symfony\\Component\\ErrorHandler\\Error\\FatalError(code: 0): Cannot redeclare class App\\MySession (previously declared in C:\\wamp64\\www\\maasin_live_act\\app\\MySession.php:8) at C:\\wamp64\\www\\maasin_live_act\\app\\Models\\MySession.php:8)
[stacktrace]
#0 C:\\wamp64\\www\\maasin_live_act\\vendor\\laravel\\framework\\src\\Illuminate\\Foundation\\Bootstrap\\HandleExceptions.php(244): Symfony\\Component\\ErrorHandler\\Error\\FatalError->__construct(message: ''Cannot redecla...', code: '0', error: '['type' => 64, ...', traceOffset: '0', traceArgs: '???', trace: '???')
#1 C:\\wamp64\\www\\maasin_live_act\\vendor\\laravel\\framework\\src\\Illuminate\\Foundation\\Bootstrap\\HandleExceptions.php(231): Illuminate\\Foundation\\Bootstrap\\HandleExceptions->fatalErrorFromPhpError(error: '['type' => 64, ...', traceOffset: '0')
#2 C:\\wamp64\\www\\maasin_live_act\\vendor\\laravel\\framework\\src\\Illuminate\\Foundation\\Bootstrap\\HandleExceptions.php(255): Illuminate\\Foundation\\Bootstrap\\HandleExceptions->handleShutdown()
#3 C:\\wamp64\\www\\maasin_live_act\\vendor\\laravel\\framework\\src\\Illuminate\\Foundation\\Bootstrap\\HandleExceptions.php(0): Illuminate\\Foundation\\Bootstrap\\HandleExceptions->{closure:C:\\wamp64\\www\\maasin_live_act\\vendor\\laravel\\framework\\src\\Illuminate\\Foundation\\Bootstrap\\HandleExceptions.php:254-256}()
#4 {main}
"} 
[2025-09-24 09:05:26] local.ERROR: Cannot redeclare class App\MySession (previously declared in C:\wamp64\www\maasin_live_act\app\MySession.php:8) {"exception":"[object] (Symfony\\Component\\ErrorHandler\\Error\\FatalError(code: 0): Cannot redeclare class App\\MySession (previously declared in C:\\wamp64\\www\\maasin_live_act\\app\\MySession.php:8) at C:\\wamp64\\www\\maasin_live_act\\app\\Models\\MySession.php:8)
[stacktrace]
#0 C:\\wamp64\\www\\maasin_live_act\\vendor\\laravel\\framework\\src\\Illuminate\\Foundation\\Bootstrap\\HandleExceptions.php(244): Symfony\\Component\\ErrorHandler\\Error\\FatalError->__construct(message: ''Cannot redecla...', code: '0', error: '['type' => 64, ...', traceOffset: '0', traceArgs: '???', trace: '???')
#1 C:\\wamp64\\www\\maasin_live_act\\vendor\\laravel\\framework\\src\\Illuminate\\Foundation\\Bootstrap\\HandleExceptions.php(231): Illuminate\\Foundation\\Bootstrap\\HandleExceptions->fatalErrorFromPhpError(error: '['type' => 64, ...', traceOffset: '0')
#2 C:\\wamp64\\www\\maasin_live_act\\vendor\\laravel\\framework\\src\\Illuminate\\Foundation\\Bootstrap\\HandleExceptions.php(255): Illuminate\\Foundation\\Bootstrap\\HandleExceptions->handleShutdown()
#3 C:\\wamp64\\www\\maasin_live_act\\vendor\\laravel\\framework\\src\\Illuminate\\Foundation\\Bootstrap\\HandleExceptions.php(0): Illuminate\\Foundation\\Bootstrap\\HandleExceptions->{closure:C:\\wamp64\\www\\maasin_live_act\\vendor\\laravel\\framework\\src\\Illuminate\\Foundation\\Bootstrap\\HandleExceptions.php:254-256}()
#4 {main}
"} 
[2025-09-24 09:06:26] local.ERROR: Cannot redeclare class App\MySession (previously declared in C:\wamp64\www\maasin_live_act\app\MySession.php:8) {"exception":"[object] (Symfony\\Component\\ErrorHandler\\Error\\FatalError(code: 0): Cannot redeclare class App\\MySession (previously declared in C:\\wamp64\\www\\maasin_live_act\\app\\MySession.php:8) at C:\\wamp64\\www\\maasin_live_act\\app\\Models\\MySession.php:8)
[stacktrace]
#0 C:\\wamp64\\www\\maasin_live_act\\vendor\\laravel\\framework\\src\\Illuminate\\Foundation\\Bootstrap\\HandleExceptions.php(244): Symfony\\Component\\ErrorHandler\\Error\\FatalError->__construct(message: ''Cannot redecla...', code: '0', error: '['type' => 64, ...', traceOffset: '0', traceArgs: '???', trace: '???')
#1 C:\\wamp64\\www\\maasin_live_act\\vendor\\laravel\\framework\\src\\Illuminate\\Foundation\\Bootstrap\\HandleExceptions.php(231): Illuminate\\Foundation\\Bootstrap\\HandleExceptions->fatalErrorFromPhpError(error: '['type' => 64, ...', traceOffset: '0')
#2 C:\\wamp64\\www\\maasin_live_act\\vendor\\laravel\\framework\\src\\Illuminate\\Foundation\\Bootstrap\\HandleExceptions.php(255): Illuminate\\Foundation\\Bootstrap\\HandleExceptions->handleShutdown()
#3 C:\\wamp64\\www\\maasin_live_act\\vendor\\laravel\\framework\\src\\Illuminate\\Foundation\\Bootstrap\\HandleExceptions.php(0): Illuminate\\Foundation\\Bootstrap\\HandleExceptions->{closure:C:\\wamp64\\www\\maasin_live_act\\vendor\\laravel\\framework\\src\\Illuminate\\Foundation\\Bootstrap\\HandleExceptions.php:254-256}()
#4 {main}
"} 
[2025-09-24 09:07:26] local.ERROR: Cannot redeclare class App\MySession (previously declared in C:\wamp64\www\maasin_live_act\app\MySession.php:8) {"exception":"[object] (Symfony\\Component\\ErrorHandler\\Error\\FatalError(code: 0): Cannot redeclare class App\\MySession (previously declared in C:\\wamp64\\www\\maasin_live_act\\app\\MySession.php:8) at C:\\wamp64\\www\\maasin_live_act\\app\\Models\\MySession.php:8)
[stacktrace]
#0 C:\\wamp64\\www\\maasin_live_act\\vendor\\laravel\\framework\\src\\Illuminate\\Foundation\\Bootstrap\\HandleExceptions.php(244): Symfony\\Component\\ErrorHandler\\Error\\FatalError->__construct(message: ''Cannot redecla...', code: '0', error: '['type' => 64, ...', traceOffset: '0', traceArgs: '???', trace: '???')
#1 C:\\wamp64\\www\\maasin_live_act\\vendor\\laravel\\framework\\src\\Illuminate\\Foundation\\Bootstrap\\HandleExceptions.php(231): Illuminate\\Foundation\\Bootstrap\\HandleExceptions->fatalErrorFromPhpError(error: '['type' => 64, ...', traceOffset: '0')
#2 C:\\wamp64\\www\\maasin_live_act\\vendor\\laravel\\framework\\src\\Illuminate\\Foundation\\Bootstrap\\HandleExceptions.php(255): Illuminate\\Foundation\\Bootstrap\\HandleExceptions->handleShutdown()
#3 C:\\wamp64\\www\\maasin_live_act\\vendor\\laravel\\framework\\src\\Illuminate\\Foundation\\Bootstrap\\HandleExceptions.php(0): Illuminate\\Foundation\\Bootstrap\\HandleExceptions->{closure:C:\\wamp64\\www\\maasin_live_act\\vendor\\laravel\\framework\\src\\Illuminate\\Foundation\\Bootstrap\\HandleExceptions.php:254-256}()
#4 {main}
"} 
[2025-09-24 09:08:26] local.ERROR: Cannot redeclare class App\MySession (previously declared in C:\wamp64\www\maasin_live_act\app\MySession.php:8) {"exception":"[object] (Symfony\\Component\\ErrorHandler\\Error\\FatalError(code: 0): Cannot redeclare class App\\MySession (previously declared in C:\\wamp64\\www\\maasin_live_act\\app\\MySession.php:8) at C:\\wamp64\\www\\maasin_live_act\\app\\Models\\MySession.php:8)
[stacktrace]
#0 C:\\wamp64\\www\\maasin_live_act\\vendor\\laravel\\framework\\src\\Illuminate\\Foundation\\Bootstrap\\HandleExceptions.php(244): Symfony\\Component\\ErrorHandler\\Error\\FatalError->__construct(message: ''Cannot redecla...', code: '0', error: '['type' => 64, ...', traceOffset: '0', traceArgs: '???', trace: '???')
#1 C:\\wamp64\\www\\maasin_live_act\\vendor\\laravel\\framework\\src\\Illuminate\\Foundation\\Bootstrap\\HandleExceptions.php(231): Illuminate\\Foundation\\Bootstrap\\HandleExceptions->fatalErrorFromPhpError(error: '['type' => 64, ...', traceOffset: '0')
#2 C:\\wamp64\\www\\maasin_live_act\\vendor\\laravel\\framework\\src\\Illuminate\\Foundation\\Bootstrap\\HandleExceptions.php(255): Illuminate\\Foundation\\Bootstrap\\HandleExceptions->handleShutdown()
#3 C:\\wamp64\\www\\maasin_live_act\\vendor\\laravel\\framework\\src\\Illuminate\\Foundation\\Bootstrap\\HandleExceptions.php(0): Illuminate\\Foundation\\Bootstrap\\HandleExceptions->{closure:C:\\wamp64\\www\\maasin_live_act\\vendor\\laravel\\framework\\src\\Illuminate\\Foundation\\Bootstrap\\HandleExceptions.php:254-256}()
#4 {main}
"} 
[2025-09-24 09:09:26] local.ERROR: Cannot redeclare class App\MySession (previously declared in C:\wamp64\www\maasin_live_act\app\MySession.php:8) {"exception":"[object] (Symfony\\Component\\ErrorHandler\\Error\\FatalError(code: 0): Cannot redeclare class App\\MySession (previously declared in C:\\wamp64\\www\\maasin_live_act\\app\\MySession.php:8) at C:\\wamp64\\www\\maasin_live_act\\app\\Models\\MySession.php:8)
[stacktrace]
#0 C:\\wamp64\\www\\maasin_live_act\\vendor\\laravel\\framework\\src\\Illuminate\\Foundation\\Bootstrap\\HandleExceptions.php(244): Symfony\\Component\\ErrorHandler\\Error\\FatalError->__construct(message: ''Cannot redecla...', code: '0', error: '['type' => 64, ...', traceOffset: '0', traceArgs: '???', trace: '???')
#1 C:\\wamp64\\www\\maasin_live_act\\vendor\\laravel\\framework\\src\\Illuminate\\Foundation\\Bootstrap\\HandleExceptions.php(231): Illuminate\\Foundation\\Bootstrap\\HandleExceptions->fatalErrorFromPhpError(error: '['type' => 64, ...', traceOffset: '0')
#2 C:\\wamp64\\www\\maasin_live_act\\vendor\\laravel\\framework\\src\\Illuminate\\Foundation\\Bootstrap\\HandleExceptions.php(255): Illuminate\\Foundation\\Bootstrap\\HandleExceptions->handleShutdown()
#3 C:\\wamp64\\www\\maasin_live_act\\vendor\\laravel\\framework\\src\\Illuminate\\Foundation\\Bootstrap\\HandleExceptions.php(0): Illuminate\\Foundation\\Bootstrap\\HandleExceptions->{closure:C:\\wamp64\\www\\maasin_live_act\\vendor\\laravel\\framework\\src\\Illuminate\\Foundation\\Bootstrap\\HandleExceptions.php:254-256}()
#4 {main}
"} 
[2025-09-24 09:10:26] local.ERROR: Cannot redeclare class App\MySession (previously declared in C:\wamp64\www\maasin_live_act\app\MySession.php:8) {"exception":"[object] (Symfony\\Component\\ErrorHandler\\Error\\FatalError(code: 0): Cannot redeclare class App\\MySession (previously declared in C:\\wamp64\\www\\maasin_live_act\\app\\MySession.php:8) at C:\\wamp64\\www\\maasin_live_act\\app\\Models\\MySession.php:8)
[stacktrace]
#0 C:\\wamp64\\www\\maasin_live_act\\vendor\\laravel\\framework\\src\\Illuminate\\Foundation\\Bootstrap\\HandleExceptions.php(244): Symfony\\Component\\ErrorHandler\\Error\\FatalError->__construct(message: ''Cannot redecla...', code: '0', error: '['type' => 64, ...', traceOffset: '0', traceArgs: '???', trace: '???')
#1 C:\\wamp64\\www\\maasin_live_act\\vendor\\laravel\\framework\\src\\Illuminate\\Foundation\\Bootstrap\\HandleExceptions.php(231): Illuminate\\Foundation\\Bootstrap\\HandleExceptions->fatalErrorFromPhpError(error: '['type' => 64, ...', traceOffset: '0')
#2 C:\\wamp64\\www\\maasin_live_act\\vendor\\laravel\\framework\\src\\Illuminate\\Foundation\\Bootstrap\\HandleExceptions.php(255): Illuminate\\Foundation\\Bootstrap\\HandleExceptions->handleShutdown()
#3 C:\\wamp64\\www\\maasin_live_act\\vendor\\laravel\\framework\\src\\Illuminate\\Foundation\\Bootstrap\\HandleExceptions.php(0): Illuminate\\Foundation\\Bootstrap\\HandleExceptions->{closure:C:\\wamp64\\www\\maasin_live_act\\vendor\\laravel\\framework\\src\\Illuminate\\Foundation\\Bootstrap\\HandleExceptions.php:254-256}()
#4 {main}
"} 
[2025-09-24 09:11:26] local.ERROR: Cannot redeclare class App\MySession (previously declared in C:\wamp64\www\maasin_live_act\app\MySession.php:8) {"exception":"[object] (Symfony\\Component\\ErrorHandler\\Error\\FatalError(code: 0): Cannot redeclare class App\\MySession (previously declared in C:\\wamp64\\www\\maasin_live_act\\app\\MySession.php:8) at C:\\wamp64\\www\\maasin_live_act\\app\\Models\\MySession.php:8)
[stacktrace]
#0 C:\\wamp64\\www\\maasin_live_act\\vendor\\laravel\\framework\\src\\Illuminate\\Foundation\\Bootstrap\\HandleExceptions.php(244): Symfony\\Component\\ErrorHandler\\Error\\FatalError->__construct(message: ''Cannot redecla...', code: '0', error: '['type' => 64, ...', traceOffset: '0', traceArgs: '???', trace: '???')
#1 C:\\wamp64\\www\\maasin_live_act\\vendor\\laravel\\framework\\src\\Illuminate\\Foundation\\Bootstrap\\HandleExceptions.php(231): Illuminate\\Foundation\\Bootstrap\\HandleExceptions->fatalErrorFromPhpError(error: '['type' => 64, ...', traceOffset: '0')
#2 C:\\wamp64\\www\\maasin_live_act\\vendor\\laravel\\framework\\src\\Illuminate\\Foundation\\Bootstrap\\HandleExceptions.php(255): Illuminate\\Foundation\\Bootstrap\\HandleExceptions->handleShutdown()
#3 C:\\wamp64\\www\\maasin_live_act\\vendor\\laravel\\framework\\src\\Illuminate\\Foundation\\Bootstrap\\HandleExceptions.php(0): Illuminate\\Foundation\\Bootstrap\\HandleExceptions->{closure:C:\\wamp64\\www\\maasin_live_act\\vendor\\laravel\\framework\\src\\Illuminate\\Foundation\\Bootstrap\\HandleExceptions.php:254-256}()
#4 {main}
"} 
[2025-09-24 09:12:26] local.ERROR: Cannot redeclare class App\MySession (previously declared in C:\wamp64\www\maasin_live_act\app\MySession.php:8) {"exception":"[object] (Symfony\\Component\\ErrorHandler\\Error\\FatalError(code: 0): Cannot redeclare class App\\MySession (previously declared in C:\\wamp64\\www\\maasin_live_act\\app\\MySession.php:8) at C:\\wamp64\\www\\maasin_live_act\\app\\Models\\MySession.php:8)
[stacktrace]
#0 C:\\wamp64\\www\\maasin_live_act\\vendor\\laravel\\framework\\src\\Illuminate\\Foundation\\Bootstrap\\HandleExceptions.php(244): Symfony\\Component\\ErrorHandler\\Error\\FatalError->__construct(message: ''Cannot redecla...', code: '0', error: '['type' => 64, ...', traceOffset: '0', traceArgs: '???', trace: '???')
#1 C:\\wamp64\\www\\maasin_live_act\\vendor\\laravel\\framework\\src\\Illuminate\\Foundation\\Bootstrap\\HandleExceptions.php(231): Illuminate\\Foundation\\Bootstrap\\HandleExceptions->fatalErrorFromPhpError(error: '['type' => 64, ...', traceOffset: '0')
#2 C:\\wamp64\\www\\maasin_live_act\\vendor\\laravel\\framework\\src\\Illuminate\\Foundation\\Bootstrap\\HandleExceptions.php(255): Illuminate\\Foundation\\Bootstrap\\HandleExceptions->handleShutdown()
#3 C:\\wamp64\\www\\maasin_live_act\\vendor\\laravel\\framework\\src\\Illuminate\\Foundation\\Bootstrap\\HandleExceptions.php(0): Illuminate\\Foundation\\Bootstrap\\HandleExceptions->{closure:C:\\wamp64\\www\\maasin_live_act\\vendor\\laravel\\framework\\src\\Illuminate\\Foundation\\Bootstrap\\HandleExceptions.php:254-256}()
#4 {main}
"} 
[2025-09-24 09:13:26] local.ERROR: Cannot redeclare class App\MySession (previously declared in C:\wamp64\www\maasin_live_act\app\MySession.php:8) {"exception":"[object] (Symfony\\Component\\ErrorHandler\\Error\\FatalError(code: 0): Cannot redeclare class App\\MySession (previously declared in C:\\wamp64\\www\\maasin_live_act\\app\\MySession.php:8) at C:\\wamp64\\www\\maasin_live_act\\app\\Models\\MySession.php:8)
[stacktrace]
#0 C:\\wamp64\\www\\maasin_live_act\\vendor\\laravel\\framework\\src\\Illuminate\\Foundation\\Bootstrap\\HandleExceptions.php(244): Symfony\\Component\\ErrorHandler\\Error\\FatalError->__construct(message: ''Cannot redecla...', code: '0', error: '['type' => 64, ...', traceOffset: '0', traceArgs: '???', trace: '???')
#1 C:\\wamp64\\www\\maasin_live_act\\vendor\\laravel\\framework\\src\\Illuminate\\Foundation\\Bootstrap\\HandleExceptions.php(231): Illuminate\\Foundation\\Bootstrap\\HandleExceptions->fatalErrorFromPhpError(error: '['type' => 64, ...', traceOffset: '0')
#2 C:\\wamp64\\www\\maasin_live_act\\vendor\\laravel\\framework\\src\\Illuminate\\Foundation\\Bootstrap\\HandleExceptions.php(255): Illuminate\\Foundation\\Bootstrap\\HandleExceptions->handleShutdown()
#3 C:\\wamp64\\www\\maasin_live_act\\vendor\\laravel\\framework\\src\\Illuminate\\Foundation\\Bootstrap\\HandleExceptions.php(0): Illuminate\\Foundation\\Bootstrap\\HandleExceptions->{closure:C:\\wamp64\\www\\maasin_live_act\\vendor\\laravel\\framework\\src\\Illuminate\\Foundation\\Bootstrap\\HandleExceptions.php:254-256}()
#4 {main}
"} 
[2025-09-24 09:14:26] local.ERROR: Cannot redeclare class App\MySession (previously declared in C:\wamp64\www\maasin_live_act\app\MySession.php:8) {"exception":"[object] (Symfony\\Component\\ErrorHandler\\Error\\FatalError(code: 0): Cannot redeclare class App\\MySession (previously declared in C:\\wamp64\\www\\maasin_live_act\\app\\MySession.php:8) at C:\\wamp64\\www\\maasin_live_act\\app\\Models\\MySession.php:8)
[stacktrace]
#0 C:\\wamp64\\www\\maasin_live_act\\vendor\\laravel\\framework\\src\\Illuminate\\Foundation\\Bootstrap\\HandleExceptions.php(244): Symfony\\Component\\ErrorHandler\\Error\\FatalError->__construct(message: ''Cannot redecla...', code: '0', error: '['type' => 64, ...', traceOffset: '0', traceArgs: '???', trace: '???')
#1 C:\\wamp64\\www\\maasin_live_act\\vendor\\laravel\\framework\\src\\Illuminate\\Foundation\\Bootstrap\\HandleExceptions.php(231): Illuminate\\Foundation\\Bootstrap\\HandleExceptions->fatalErrorFromPhpError(error: '['type' => 64, ...', traceOffset: '0')
#2 C:\\wamp64\\www\\maasin_live_act\\vendor\\laravel\\framework\\src\\Illuminate\\Foundation\\Bootstrap\\HandleExceptions.php(255): Illuminate\\Foundation\\Bootstrap\\HandleExceptions->handleShutdown()
#3 C:\\wamp64\\www\\maasin_live_act\\vendor\\laravel\\framework\\src\\Illuminate\\Foundation\\Bootstrap\\HandleExceptions.php(0): Illuminate\\Foundation\\Bootstrap\\HandleExceptions->{closure:C:\\wamp64\\www\\maasin_live_act\\vendor\\laravel\\framework\\src\\Illuminate\\Foundation\\Bootstrap\\HandleExceptions.php:254-256}()
#4 {main}
"} 
[2025-09-24 09:15:26] local.ERROR: Cannot redeclare class App\MySession (previously declared in C:\wamp64\www\maasin_live_act\app\MySession.php:8) {"exception":"[object] (Symfony\\Component\\ErrorHandler\\Error\\FatalError(code: 0): Cannot redeclare class App\\MySession (previously declared in C:\\wamp64\\www\\maasin_live_act\\app\\MySession.php:8) at C:\\wamp64\\www\\maasin_live_act\\app\\Models\\MySession.php:8)
[stacktrace]
#0 C:\\wamp64\\www\\maasin_live_act\\vendor\\laravel\\framework\\src\\Illuminate\\Foundation\\Bootstrap\\HandleExceptions.php(244): Symfony\\Component\\ErrorHandler\\Error\\FatalError->__construct(message: ''Cannot redecla...', code: '0', error: '['type' => 64, ...', traceOffset: '0', traceArgs: '???', trace: '???')
#1 C:\\wamp64\\www\\maasin_live_act\\vendor\\laravel\\framework\\src\\Illuminate\\Foundation\\Bootstrap\\HandleExceptions.php(231): Illuminate\\Foundation\\Bootstrap\\HandleExceptions->fatalErrorFromPhpError(error: '['type' => 64, ...', traceOffset: '0')
#2 C:\\wamp64\\www\\maasin_live_act\\vendor\\laravel\\framework\\src\\Illuminate\\Foundation\\Bootstrap\\HandleExceptions.php(255): Illuminate\\Foundation\\Bootstrap\\HandleExceptions->handleShutdown()
#3 C:\\wamp64\\www\\maasin_live_act\\vendor\\laravel\\framework\\src\\Illuminate\\Foundation\\Bootstrap\\HandleExceptions.php(0): Illuminate\\Foundation\\Bootstrap\\HandleExceptions->{closure:C:\\wamp64\\www\\maasin_live_act\\vendor\\laravel\\framework\\src\\Illuminate\\Foundation\\Bootstrap\\HandleExceptions.php:254-256}()
#4 {main}
"} 
[2025-09-24 09:16:26] local.ERROR: Cannot redeclare class App\MySession (previously declared in C:\wamp64\www\maasin_live_act\app\MySession.php:8) {"exception":"[object] (Symfony\\Component\\ErrorHandler\\Error\\FatalError(code: 0): Cannot redeclare class App\\MySession (previously declared in C:\\wamp64\\www\\maasin_live_act\\app\\MySession.php:8) at C:\\wamp64\\www\\maasin_live_act\\app\\Models\\MySession.php:8)
[stacktrace]
#0 C:\\wamp64\\www\\maasin_live_act\\vendor\\laravel\\framework\\src\\Illuminate\\Foundation\\Bootstrap\\HandleExceptions.php(244): Symfony\\Component\\ErrorHandler\\Error\\FatalError->__construct(message: ''Cannot redecla...', code: '0', error: '['type' => 64, ...', traceOffset: '0', traceArgs: '???', trace: '???')
#1 C:\\wamp64\\www\\maasin_live_act\\vendor\\laravel\\framework\\src\\Illuminate\\Foundation\\Bootstrap\\HandleExceptions.php(231): Illuminate\\Foundation\\Bootstrap\\HandleExceptions->fatalErrorFromPhpError(error: '['type' => 64, ...', traceOffset: '0')
#2 C:\\wamp64\\www\\maasin_live_act\\vendor\\laravel\\framework\\src\\Illuminate\\Foundation\\Bootstrap\\HandleExceptions.php(255): Illuminate\\Foundation\\Bootstrap\\HandleExceptions->handleShutdown()
#3 C:\\wamp64\\www\\maasin_live_act\\vendor\\laravel\\framework\\src\\Illuminate\\Foundation\\Bootstrap\\HandleExceptions.php(0): Illuminate\\Foundation\\Bootstrap\\HandleExceptions->{closure:C:\\wamp64\\www\\maasin_live_act\\vendor\\laravel\\framework\\src\\Illuminate\\Foundation\\Bootstrap\\HandleExceptions.php:254-256}()
#4 {main}
"} 
[2025-09-24 09:17:26] local.ERROR: Cannot redeclare class App\MySession (previously declared in C:\wamp64\www\maasin_live_act\app\MySession.php:8) {"exception":"[object] (Symfony\\Component\\ErrorHandler\\Error\\FatalError(code: 0): Cannot redeclare class App\\MySession (previously declared in C:\\wamp64\\www\\maasin_live_act\\app\\MySession.php:8) at C:\\wamp64\\www\\maasin_live_act\\app\\Models\\MySession.php:8)
[stacktrace]
#0 C:\\wamp64\\www\\maasin_live_act\\vendor\\laravel\\framework\\src\\Illuminate\\Foundation\\Bootstrap\\HandleExceptions.php(244): Symfony\\Component\\ErrorHandler\\Error\\FatalError->__construct(message: ''Cannot redecla...', code: '0', error: '['type' => 64, ...', traceOffset: '0', traceArgs: '???', trace: '???')
#1 C:\\wamp64\\www\\maasin_live_act\\vendor\\laravel\\framework\\src\\Illuminate\\Foundation\\Bootstrap\\HandleExceptions.php(231): Illuminate\\Foundation\\Bootstrap\\HandleExceptions->fatalErrorFromPhpError(error: '['type' => 64, ...', traceOffset: '0')
#2 C:\\wamp64\\www\\maasin_live_act\\vendor\\laravel\\framework\\src\\Illuminate\\Foundation\\Bootstrap\\HandleExceptions.php(255): Illuminate\\Foundation\\Bootstrap\\HandleExceptions->handleShutdown()
#3 C:\\wamp64\\www\\maasin_live_act\\vendor\\laravel\\framework\\src\\Illuminate\\Foundation\\Bootstrap\\HandleExceptions.php(0): Illuminate\\Foundation\\Bootstrap\\HandleExceptions->{closure:C:\\wamp64\\www\\maasin_live_act\\vendor\\laravel\\framework\\src\\Illuminate\\Foundation\\Bootstrap\\HandleExceptions.php:254-256}()
#4 {main}
"} 
[2025-09-24 09:18:26] local.ERROR: Cannot redeclare class App\MySession (previously declared in C:\wamp64\www\maasin_live_act\app\MySession.php:8) {"exception":"[object] (Symfony\\Component\\ErrorHandler\\Error\\FatalError(code: 0): Cannot redeclare class App\\MySession (previously declared in C:\\wamp64\\www\\maasin_live_act\\app\\MySession.php:8) at C:\\wamp64\\www\\maasin_live_act\\app\\Models\\MySession.php:8)
[stacktrace]
#0 C:\\wamp64\\www\\maasin_live_act\\vendor\\laravel\\framework\\src\\Illuminate\\Foundation\\Bootstrap\\HandleExceptions.php(244): Symfony\\Component\\ErrorHandler\\Error\\FatalError->__construct(message: ''Cannot redecla...', code: '0', error: '['type' => 64, ...', traceOffset: '0', traceArgs: '???', trace: '???')
#1 C:\\wamp64\\www\\maasin_live_act\\vendor\\laravel\\framework\\src\\Illuminate\\Foundation\\Bootstrap\\HandleExceptions.php(231): Illuminate\\Foundation\\Bootstrap\\HandleExceptions->fatalErrorFromPhpError(error: '['type' => 64, ...', traceOffset: '0')
#2 C:\\wamp64\\www\\maasin_live_act\\vendor\\laravel\\framework\\src\\Illuminate\\Foundation\\Bootstrap\\HandleExceptions.php(255): Illuminate\\Foundation\\Bootstrap\\HandleExceptions->handleShutdown()
#3 C:\\wamp64\\www\\maasin_live_act\\vendor\\laravel\\framework\\src\\Illuminate\\Foundation\\Bootstrap\\HandleExceptions.php(0): Illuminate\\Foundation\\Bootstrap\\HandleExceptions->{closure:C:\\wamp64\\www\\maasin_live_act\\vendor\\laravel\\framework\\src\\Illuminate\\Foundation\\Bootstrap\\HandleExceptions.php:254-256}()
#4 {main}
"} 
[2025-09-24 09:19:26] local.ERROR: Cannot redeclare class App\MySession (previously declared in C:\wamp64\www\maasin_live_act\app\MySession.php:8) {"exception":"[object] (Symfony\\Component\\ErrorHandler\\Error\\FatalError(code: 0): Cannot redeclare class App\\MySession (previously declared in C:\\wamp64\\www\\maasin_live_act\\app\\MySession.php:8) at C:\\wamp64\\www\\maasin_live_act\\app\\Models\\MySession.php:8)
[stacktrace]
#0 C:\\wamp64\\www\\maasin_live_act\\vendor\\laravel\\framework\\src\\Illuminate\\Foundation\\Bootstrap\\HandleExceptions.php(244): Symfony\\Component\\ErrorHandler\\Error\\FatalError->__construct(message: ''Cannot redecla...', code: '0', error: '['type' => 64, ...', traceOffset: '0', traceArgs: '???', trace: '???')
#1 C:\\wamp64\\www\\maasin_live_act\\vendor\\laravel\\framework\\src\\Illuminate\\Foundation\\Bootstrap\\HandleExceptions.php(231): Illuminate\\Foundation\\Bootstrap\\HandleExceptions->fatalErrorFromPhpError(error: '['type' => 64, ...', traceOffset: '0')
#2 C:\\wamp64\\www\\maasin_live_act\\vendor\\laravel\\framework\\src\\Illuminate\\Foundation\\Bootstrap\\HandleExceptions.php(255): Illuminate\\Foundation\\Bootstrap\\HandleExceptions->handleShutdown()
#3 C:\\wamp64\\www\\maasin_live_act\\vendor\\laravel\\framework\\src\\Illuminate\\Foundation\\Bootstrap\\HandleExceptions.php(0): Illuminate\\Foundation\\Bootstrap\\HandleExceptions->{closure:C:\\wamp64\\www\\maasin_live_act\\vendor\\laravel\\framework\\src\\Illuminate\\Foundation\\Bootstrap\\HandleExceptions.php:254-256}()
#4 {main}
"} 
[2025-09-24 09:20:26] local.ERROR: Cannot redeclare class App\MySession (previously declared in C:\wamp64\www\maasin_live_act\app\MySession.php:8) {"exception":"[object] (Symfony\\Component\\ErrorHandler\\Error\\FatalError(code: 0): Cannot redeclare class App\\MySession (previously declared in C:\\wamp64\\www\\maasin_live_act\\app\\MySession.php:8) at C:\\wamp64\\www\\maasin_live_act\\app\\Models\\MySession.php:8)
[stacktrace]
#0 C:\\wamp64\\www\\maasin_live_act\\vendor\\laravel\\framework\\src\\Illuminate\\Foundation\\Bootstrap\\HandleExceptions.php(244): Symfony\\Component\\ErrorHandler\\Error\\FatalError->__construct(message: ''Cannot redecla...', code: '0', error: '['type' => 64, ...', traceOffset: '0', traceArgs: '???', trace: '???')
#1 C:\\wamp64\\www\\maasin_live_act\\vendor\\laravel\\framework\\src\\Illuminate\\Foundation\\Bootstrap\\HandleExceptions.php(231): Illuminate\\Foundation\\Bootstrap\\HandleExceptions->fatalErrorFromPhpError(error: '['type' => 64, ...', traceOffset: '0')
#2 C:\\wamp64\\www\\maasin_live_act\\vendor\\laravel\\framework\\src\\Illuminate\\Foundation\\Bootstrap\\HandleExceptions.php(255): Illuminate\\Foundation\\Bootstrap\\HandleExceptions->handleShutdown()
#3 C:\\wamp64\\www\\maasin_live_act\\vendor\\laravel\\framework\\src\\Illuminate\\Foundation\\Bootstrap\\HandleExceptions.php(0): Illuminate\\Foundation\\Bootstrap\\HandleExceptions->{closure:C:\\wamp64\\www\\maasin_live_act\\vendor\\laravel\\framework\\src\\Illuminate\\Foundation\\Bootstrap\\HandleExceptions.php:254-256}()
#4 {main}
"} 
[2025-09-24 09:21:27] local.ERROR: Cannot redeclare class App\MySession (previously declared in C:\wamp64\www\maasin_live_act\app\MySession.php:8) {"exception":"[object] (Symfony\\Component\\ErrorHandler\\Error\\FatalError(code: 0): Cannot redeclare class App\\MySession (previously declared in C:\\wamp64\\www\\maasin_live_act\\app\\MySession.php:8) at C:\\wamp64\\www\\maasin_live_act\\app\\Models\\MySession.php:8)
[stacktrace]
#0 C:\\wamp64\\www\\maasin_live_act\\vendor\\laravel\\framework\\src\\Illuminate\\Foundation\\Bootstrap\\HandleExceptions.php(244): Symfony\\Component\\ErrorHandler\\Error\\FatalError->__construct(message: ''Cannot redecla...', code: '0', error: '['type' => 64, ...', traceOffset: '0', traceArgs: '???', trace: '???')
#1 C:\\wamp64\\www\\maasin_live_act\\vendor\\laravel\\framework\\src\\Illuminate\\Foundation\\Bootstrap\\HandleExceptions.php(231): Illuminate\\Foundation\\Bootstrap\\HandleExceptions->fatalErrorFromPhpError(error: '['type' => 64, ...', traceOffset: '0')
#2 C:\\wamp64\\www\\maasin_live_act\\vendor\\laravel\\framework\\src\\Illuminate\\Foundation\\Bootstrap\\HandleExceptions.php(255): Illuminate\\Foundation\\Bootstrap\\HandleExceptions->handleShutdown()
#3 C:\\wamp64\\www\\maasin_live_act\\vendor\\laravel\\framework\\src\\Illuminate\\Foundation\\Bootstrap\\HandleExceptions.php(0): Illuminate\\Foundation\\Bootstrap\\HandleExceptions->{closure:C:\\wamp64\\www\\maasin_live_act\\vendor\\laravel\\framework\\src\\Illuminate\\Foundation\\Bootstrap\\HandleExceptions.php:254-256}()
#4 {main}
"} 
[2025-09-24 09:22:27] local.ERROR: Cannot redeclare class App\MySession (previously declared in C:\wamp64\www\maasin_live_act\app\MySession.php:8) {"exception":"[object] (Symfony\\Component\\ErrorHandler\\Error\\FatalError(code: 0): Cannot redeclare class App\\MySession (previously declared in C:\\wamp64\\www\\maasin_live_act\\app\\MySession.php:8) at C:\\wamp64\\www\\maasin_live_act\\app\\Models\\MySession.php:8)
[stacktrace]
#0 C:\\wamp64\\www\\maasin_live_act\\vendor\\laravel\\framework\\src\\Illuminate\\Foundation\\Bootstrap\\HandleExceptions.php(244): Symfony\\Component\\ErrorHandler\\Error\\FatalError->__construct(message: ''Cannot redecla...', code: '0', error: '['type' => 64, ...', traceOffset: '0', traceArgs: '???', trace: '???')
#1 C:\\wamp64\\www\\maasin_live_act\\vendor\\laravel\\framework\\src\\Illuminate\\Foundation\\Bootstrap\\HandleExceptions.php(231): Illuminate\\Foundation\\Bootstrap\\HandleExceptions->fatalErrorFromPhpError(error: '['type' => 64, ...', traceOffset: '0')
#2 C:\\wamp64\\www\\maasin_live_act\\vendor\\laravel\\framework\\src\\Illuminate\\Foundation\\Bootstrap\\HandleExceptions.php(255): Illuminate\\Foundation\\Bootstrap\\HandleExceptions->handleShutdown()
#3 C:\\wamp64\\www\\maasin_live_act\\vendor\\laravel\\framework\\src\\Illuminate\\Foundation\\Bootstrap\\HandleExceptions.php(0): Illuminate\\Foundation\\Bootstrap\\HandleExceptions->{closure:C:\\wamp64\\www\\maasin_live_act\\vendor\\laravel\\framework\\src\\Illuminate\\Foundation\\Bootstrap\\HandleExceptions.php:254-256}()
#4 {main}
"} 
[2025-09-24 09:23:26] local.ERROR: Cannot redeclare class App\MySession (previously declared in C:\wamp64\www\maasin_live_act\app\MySession.php:8) {"exception":"[object] (Symfony\\Component\\ErrorHandler\\Error\\FatalError(code: 0): Cannot redeclare class App\\MySession (previously declared in C:\\wamp64\\www\\maasin_live_act\\app\\MySession.php:8) at C:\\wamp64\\www\\maasin_live_act\\app\\Models\\MySession.php:8)
[stacktrace]
#0 C:\\wamp64\\www\\maasin_live_act\\vendor\\laravel\\framework\\src\\Illuminate\\Foundation\\Bootstrap\\HandleExceptions.php(244): Symfony\\Component\\ErrorHandler\\Error\\FatalError->__construct(message: ''Cannot redecla...', code: '0', error: '['type' => 64, ...', traceOffset: '0', traceArgs: '???', trace: '???')
#1 C:\\wamp64\\www\\maasin_live_act\\vendor\\laravel\\framework\\src\\Illuminate\\Foundation\\Bootstrap\\HandleExceptions.php(231): Illuminate\\Foundation\\Bootstrap\\HandleExceptions->fatalErrorFromPhpError(error: '['type' => 64, ...', traceOffset: '0')
#2 C:\\wamp64\\www\\maasin_live_act\\vendor\\laravel\\framework\\src\\Illuminate\\Foundation\\Bootstrap\\HandleExceptions.php(255): Illuminate\\Foundation\\Bootstrap\\HandleExceptions->handleShutdown()
#3 C:\\wamp64\\www\\maasin_live_act\\vendor\\laravel\\framework\\src\\Illuminate\\Foundation\\Bootstrap\\HandleExceptions.php(0): Illuminate\\Foundation\\Bootstrap\\HandleExceptions->{closure:C:\\wamp64\\www\\maasin_live_act\\vendor\\laravel\\framework\\src\\Illuminate\\Foundation\\Bootstrap\\HandleExceptions.php:254-256}()
#4 {main}
"} 
[2025-09-24 09:24:26] local.ERROR: Cannot redeclare class App\MySession (previously declared in C:\wamp64\www\maasin_live_act\app\MySession.php:8) {"exception":"[object] (Symfony\\Component\\ErrorHandler\\Error\\FatalError(code: 0): Cannot redeclare class App\\MySession (previously declared in C:\\wamp64\\www\\maasin_live_act\\app\\MySession.php:8) at C:\\wamp64\\www\\maasin_live_act\\app\\Models\\MySession.php:8)
[stacktrace]
#0 C:\\wamp64\\www\\maasin_live_act\\vendor\\laravel\\framework\\src\\Illuminate\\Foundation\\Bootstrap\\HandleExceptions.php(244): Symfony\\Component\\ErrorHandler\\Error\\FatalError->__construct(message: ''Cannot redecla...', code: '0', error: '['type' => 64, ...', traceOffset: '0', traceArgs: '???', trace: '???')
#1 C:\\wamp64\\www\\maasin_live_act\\vendor\\laravel\\framework\\src\\Illuminate\\Foundation\\Bootstrap\\HandleExceptions.php(231): Illuminate\\Foundation\\Bootstrap\\HandleExceptions->fatalErrorFromPhpError(error: '['type' => 64, ...', traceOffset: '0')
#2 C:\\wamp64\\www\\maasin_live_act\\vendor\\laravel\\framework\\src\\Illuminate\\Foundation\\Bootstrap\\HandleExceptions.php(255): Illuminate\\Foundation\\Bootstrap\\HandleExceptions->handleShutdown()
#3 C:\\wamp64\\www\\maasin_live_act\\vendor\\laravel\\framework\\src\\Illuminate\\Foundation\\Bootstrap\\HandleExceptions.php(0): Illuminate\\Foundation\\Bootstrap\\HandleExceptions->{closure:C:\\wamp64\\www\\maasin_live_act\\vendor\\laravel\\framework\\src\\Illuminate\\Foundation\\Bootstrap\\HandleExceptions.php:254-256}()
#4 {main}
"} 
[2025-09-24 09:25:26] local.ERROR: Cannot redeclare class App\MySession (previously declared in C:\wamp64\www\maasin_live_act\app\MySession.php:8) {"exception":"[object] (Symfony\\Component\\ErrorHandler\\Error\\FatalError(code: 0): Cannot redeclare class App\\MySession (previously declared in C:\\wamp64\\www\\maasin_live_act\\app\\MySession.php:8) at C:\\wamp64\\www\\maasin_live_act\\app\\Models\\MySession.php:8)
[stacktrace]
#0 C:\\wamp64\\www\\maasin_live_act\\vendor\\laravel\\framework\\src\\Illuminate\\Foundation\\Bootstrap\\HandleExceptions.php(244): Symfony\\Component\\ErrorHandler\\Error\\FatalError->__construct(message: ''Cannot redecla...', code: '0', error: '['type' => 64, ...', traceOffset: '0', traceArgs: '???', trace: '???')
#1 C:\\wamp64\\www\\maasin_live_act\\vendor\\laravel\\framework\\src\\Illuminate\\Foundation\\Bootstrap\\HandleExceptions.php(231): Illuminate\\Foundation\\Bootstrap\\HandleExceptions->fatalErrorFromPhpError(error: '['type' => 64, ...', traceOffset: '0')
#2 C:\\wamp64\\www\\maasin_live_act\\vendor\\laravel\\framework\\src\\Illuminate\\Foundation\\Bootstrap\\HandleExceptions.php(255): Illuminate\\Foundation\\Bootstrap\\HandleExceptions->handleShutdown()
#3 C:\\wamp64\\www\\maasin_live_act\\vendor\\laravel\\framework\\src\\Illuminate\\Foundation\\Bootstrap\\HandleExceptions.php(0): Illuminate\\Foundation\\Bootstrap\\HandleExceptions->{closure:C:\\wamp64\\www\\maasin_live_act\\vendor\\laravel\\framework\\src\\Illuminate\\Foundation\\Bootstrap\\HandleExceptions.php:254-256}()
#4 {main}
"} 
[2025-09-24 09:26:26] local.ERROR: Cannot redeclare class App\MySession (previously declared in C:\wamp64\www\maasin_live_act\app\MySession.php:8) {"exception":"[object] (Symfony\\Component\\ErrorHandler\\Error\\FatalError(code: 0): Cannot redeclare class App\\MySession (previously declared in C:\\wamp64\\www\\maasin_live_act\\app\\MySession.php:8) at C:\\wamp64\\www\\maasin_live_act\\app\\Models\\MySession.php:8)
[stacktrace]
#0 C:\\wamp64\\www\\maasin_live_act\\vendor\\laravel\\framework\\src\\Illuminate\\Foundation\\Bootstrap\\HandleExceptions.php(244): Symfony\\Component\\ErrorHandler\\Error\\FatalError->__construct(message: ''Cannot redecla...', code: '0', error: '['type' => 64, ...', traceOffset: '0', traceArgs: '???', trace: '???')
#1 C:\\wamp64\\www\\maasin_live_act\\vendor\\laravel\\framework\\src\\Illuminate\\Foundation\\Bootstrap\\HandleExceptions.php(231): Illuminate\\Foundation\\Bootstrap\\HandleExceptions->fatalErrorFromPhpError(error: '['type' => 64, ...', traceOffset: '0')
#2 C:\\wamp64\\www\\maasin_live_act\\vendor\\laravel\\framework\\src\\Illuminate\\Foundation\\Bootstrap\\HandleExceptions.php(255): Illuminate\\Foundation\\Bootstrap\\HandleExceptions->handleShutdown()
#3 C:\\wamp64\\www\\maasin_live_act\\vendor\\laravel\\framework\\src\\Illuminate\\Foundation\\Bootstrap\\HandleExceptions.php(0): Illuminate\\Foundation\\Bootstrap\\HandleExceptions->{closure:C:\\wamp64\\www\\maasin_live_act\\vendor\\laravel\\framework\\src\\Illuminate\\Foundation\\Bootstrap\\HandleExceptions.php:254-256}()
#4 {main}
"} 
[2025-09-24 09:27:26] local.ERROR: Cannot redeclare class App\MySession (previously declared in C:\wamp64\www\maasin_live_act\app\MySession.php:8) {"exception":"[object] (Symfony\\Component\\ErrorHandler\\Error\\FatalError(code: 0): Cannot redeclare class App\\MySession (previously declared in C:\\wamp64\\www\\maasin_live_act\\app\\MySession.php:8) at C:\\wamp64\\www\\maasin_live_act\\app\\Models\\MySession.php:8)
[stacktrace]
#0 C:\\wamp64\\www\\maasin_live_act\\vendor\\laravel\\framework\\src\\Illuminate\\Foundation\\Bootstrap\\HandleExceptions.php(244): Symfony\\Component\\ErrorHandler\\Error\\FatalError->__construct(message: ''Cannot redecla...', code: '0', error: '['type' => 64, ...', traceOffset: '0', traceArgs: '???', trace: '???')
#1 C:\\wamp64\\www\\maasin_live_act\\vendor\\laravel\\framework\\src\\Illuminate\\Foundation\\Bootstrap\\HandleExceptions.php(231): Illuminate\\Foundation\\Bootstrap\\HandleExceptions->fatalErrorFromPhpError(error: '['type' => 64, ...', traceOffset: '0')
#2 C:\\wamp64\\www\\maasin_live_act\\vendor\\laravel\\framework\\src\\Illuminate\\Foundation\\Bootstrap\\HandleExceptions.php(255): Illuminate\\Foundation\\Bootstrap\\HandleExceptions->handleShutdown()
#3 C:\\wamp64\\www\\maasin_live_act\\vendor\\laravel\\framework\\src\\Illuminate\\Foundation\\Bootstrap\\HandleExceptions.php(0): Illuminate\\Foundation\\Bootstrap\\HandleExceptions->{closure:C:\\wamp64\\www\\maasin_live_act\\vendor\\laravel\\framework\\src\\Illuminate\\Foundation\\Bootstrap\\HandleExceptions.php:254-256}()
#4 {main}
"} 
[2025-09-24 09:28:26] local.ERROR: Cannot redeclare class App\MySession (previously declared in C:\wamp64\www\maasin_live_act\app\MySession.php:8) {"exception":"[object] (Symfony\\Component\\ErrorHandler\\Error\\FatalError(code: 0): Cannot redeclare class App\\MySession (previously declared in C:\\wamp64\\www\\maasin_live_act\\app\\MySession.php:8) at C:\\wamp64\\www\\maasin_live_act\\app\\Models\\MySession.php:8)
[stacktrace]
#0 C:\\wamp64\\www\\maasin_live_act\\vendor\\laravel\\framework\\src\\Illuminate\\Foundation\\Bootstrap\\HandleExceptions.php(244): Symfony\\Component\\ErrorHandler\\Error\\FatalError->__construct(message: ''Cannot redecla...', code: '0', error: '['type' => 64, ...', traceOffset: '0', traceArgs: '???', trace: '???')
#1 C:\\wamp64\\www\\maasin_live_act\\vendor\\laravel\\framework\\src\\Illuminate\\Foundation\\Bootstrap\\HandleExceptions.php(231): Illuminate\\Foundation\\Bootstrap\\HandleExceptions->fatalErrorFromPhpError(error: '['type' => 64, ...', traceOffset: '0')
#2 C:\\wamp64\\www\\maasin_live_act\\vendor\\laravel\\framework\\src\\Illuminate\\Foundation\\Bootstrap\\HandleExceptions.php(255): Illuminate\\Foundation\\Bootstrap\\HandleExceptions->handleShutdown()
#3 C:\\wamp64\\www\\maasin_live_act\\vendor\\laravel\\framework\\src\\Illuminate\\Foundation\\Bootstrap\\HandleExceptions.php(0): Illuminate\\Foundation\\Bootstrap\\HandleExceptions->{closure:C:\\wamp64\\www\\maasin_live_act\\vendor\\laravel\\framework\\src\\Illuminate\\Foundation\\Bootstrap\\HandleExceptions.php:254-256}()
#4 {main}
"} 
[2025-09-24 09:29:27] local.ERROR: Cannot redeclare class App\MySession (previously declared in C:\wamp64\www\maasin_live_act\app\MySession.php:8) {"exception":"[object] (Symfony\\Component\\ErrorHandler\\Error\\FatalError(code: 0): Cannot redeclare class App\\MySession (previously declared in C:\\wamp64\\www\\maasin_live_act\\app\\MySession.php:8) at C:\\wamp64\\www\\maasin_live_act\\app\\Models\\MySession.php:8)
[stacktrace]
#0 C:\\wamp64\\www\\maasin_live_act\\vendor\\laravel\\framework\\src\\Illuminate\\Foundation\\Bootstrap\\HandleExceptions.php(244): Symfony\\Component\\ErrorHandler\\Error\\FatalError->__construct(message: ''Cannot redecla...', code: '0', error: '['type' => 64, ...', traceOffset: '0', traceArgs: '???', trace: '???')
#1 C:\\wamp64\\www\\maasin_live_act\\vendor\\laravel\\framework\\src\\Illuminate\\Foundation\\Bootstrap\\HandleExceptions.php(231): Illuminate\\Foundation\\Bootstrap\\HandleExceptions->fatalErrorFromPhpError(error: '['type' => 64, ...', traceOffset: '0')
#2 C:\\wamp64\\www\\maasin_live_act\\vendor\\laravel\\framework\\src\\Illuminate\\Foundation\\Bootstrap\\HandleExceptions.php(255): Illuminate\\Foundation\\Bootstrap\\HandleExceptions->handleShutdown()
#3 C:\\wamp64\\www\\maasin_live_act\\vendor\\laravel\\framework\\src\\Illuminate\\Foundation\\Bootstrap\\HandleExceptions.php(0): Illuminate\\Foundation\\Bootstrap\\HandleExceptions->{closure:C:\\wamp64\\www\\maasin_live_act\\vendor\\laravel\\framework\\src\\Illuminate\\Foundation\\Bootstrap\\HandleExceptions.php:254-256}()
#4 {main}
"} 
[2025-09-24 09:30:26] local.ERROR: Cannot redeclare class App\MySession (previously declared in C:\wamp64\www\maasin_live_act\app\MySession.php:8) {"exception":"[object] (Symfony\\Component\\ErrorHandler\\Error\\FatalError(code: 0): Cannot redeclare class App\\MySession (previously declared in C:\\wamp64\\www\\maasin_live_act\\app\\MySession.php:8) at C:\\wamp64\\www\\maasin_live_act\\app\\Models\\MySession.php:8)
[stacktrace]
#0 C:\\wamp64\\www\\maasin_live_act\\vendor\\laravel\\framework\\src\\Illuminate\\Foundation\\Bootstrap\\HandleExceptions.php(244): Symfony\\Component\\ErrorHandler\\Error\\FatalError->__construct(message: ''Cannot redecla...', code: '0', error: '['type' => 64, ...', traceOffset: '0', traceArgs: '???', trace: '???')
#1 C:\\wamp64\\www\\maasin_live_act\\vendor\\laravel\\framework\\src\\Illuminate\\Foundation\\Bootstrap\\HandleExceptions.php(231): Illuminate\\Foundation\\Bootstrap\\HandleExceptions->fatalErrorFromPhpError(error: '['type' => 64, ...', traceOffset: '0')
#2 C:\\wamp64\\www\\maasin_live_act\\vendor\\laravel\\framework\\src\\Illuminate\\Foundation\\Bootstrap\\HandleExceptions.php(255): Illuminate\\Foundation\\Bootstrap\\HandleExceptions->handleShutdown()
#3 C:\\wamp64\\www\\maasin_live_act\\vendor\\laravel\\framework\\src\\Illuminate\\Foundation\\Bootstrap\\HandleExceptions.php(0): Illuminate\\Foundation\\Bootstrap\\HandleExceptions->{closure:C:\\wamp64\\www\\maasin_live_act\\vendor\\laravel\\framework\\src\\Illuminate\\Foundation\\Bootstrap\\HandleExceptions.php:254-256}()
#4 {main}
"} 
[2025-09-24 09:31:26] local.ERROR: Cannot redeclare class App\MySession (previously declared in C:\wamp64\www\maasin_live_act\app\MySession.php:8) {"exception":"[object] (Symfony\\Component\\ErrorHandler\\Error\\FatalError(code: 0): Cannot redeclare class App\\MySession (previously declared in C:\\wamp64\\www\\maasin_live_act\\app\\MySession.php:8) at C:\\wamp64\\www\\maasin_live_act\\app\\Models\\MySession.php:8)
[stacktrace]
#0 C:\\wamp64\\www\\maasin_live_act\\vendor\\laravel\\framework\\src\\Illuminate\\Foundation\\Bootstrap\\HandleExceptions.php(244): Symfony\\Component\\ErrorHandler\\Error\\FatalError->__construct(message: ''Cannot redecla...', code: '0', error: '['type' => 64, ...', traceOffset: '0', traceArgs: '???', trace: '???')
#1 C:\\wamp64\\www\\maasin_live_act\\vendor\\laravel\\framework\\src\\Illuminate\\Foundation\\Bootstrap\\HandleExceptions.php(231): Illuminate\\Foundation\\Bootstrap\\HandleExceptions->fatalErrorFromPhpError(error: '['type' => 64, ...', traceOffset: '0')
#2 C:\\wamp64\\www\\maasin_live_act\\vendor\\laravel\\framework\\src\\Illuminate\\Foundation\\Bootstrap\\HandleExceptions.php(255): Illuminate\\Foundation\\Bootstrap\\HandleExceptions->handleShutdown()
#3 C:\\wamp64\\www\\maasin_live_act\\vendor\\laravel\\framework\\src\\Illuminate\\Foundation\\Bootstrap\\HandleExceptions.php(0): Illuminate\\Foundation\\Bootstrap\\HandleExceptions->{closure:C:\\wamp64\\www\\maasin_live_act\\vendor\\laravel\\framework\\src\\Illuminate\\Foundation\\Bootstrap\\HandleExceptions.php:254-256}()
#4 {main}
"} 
[2025-09-24 09:32:26] local.ERROR: Cannot redeclare class App\MySession (previously declared in C:\wamp64\www\maasin_live_act\app\MySession.php:8) {"exception":"[object] (Symfony\\Component\\ErrorHandler\\Error\\FatalError(code: 0): Cannot redeclare class App\\MySession (previously declared in C:\\wamp64\\www\\maasin_live_act\\app\\MySession.php:8) at C:\\wamp64\\www\\maasin_live_act\\app\\Models\\MySession.php:8)
[stacktrace]
#0 C:\\wamp64\\www\\maasin_live_act\\vendor\\laravel\\framework\\src\\Illuminate\\Foundation\\Bootstrap\\HandleExceptions.php(244): Symfony\\Component\\ErrorHandler\\Error\\FatalError->__construct(message: ''Cannot redecla...', code: '0', error: '['type' => 64, ...', traceOffset: '0', traceArgs: '???', trace: '???')
#1 C:\\wamp64\\www\\maasin_live_act\\vendor\\laravel\\framework\\src\\Illuminate\\Foundation\\Bootstrap\\HandleExceptions.php(231): Illuminate\\Foundation\\Bootstrap\\HandleExceptions->fatalErrorFromPhpError(error: '['type' => 64, ...', traceOffset: '0')
#2 C:\\wamp64\\www\\maasin_live_act\\vendor\\laravel\\framework\\src\\Illuminate\\Foundation\\Bootstrap\\HandleExceptions.php(255): Illuminate\\Foundation\\Bootstrap\\HandleExceptions->handleShutdown()
#3 C:\\wamp64\\www\\maasin_live_act\\vendor\\laravel\\framework\\src\\Illuminate\\Foundation\\Bootstrap\\HandleExceptions.php(0): Illuminate\\Foundation\\Bootstrap\\HandleExceptions->{closure:C:\\wamp64\\www\\maasin_live_act\\vendor\\laravel\\framework\\src\\Illuminate\\Foundation\\Bootstrap\\HandleExceptions.php:254-256}()
#4 {main}
"} 
[2025-09-24 09:33:26] local.ERROR: Cannot redeclare class App\MySession (previously declared in C:\wamp64\www\maasin_live_act\app\MySession.php:8) {"exception":"[object] (Symfony\\Component\\ErrorHandler\\Error\\FatalError(code: 0): Cannot redeclare class App\\MySession (previously declared in C:\\wamp64\\www\\maasin_live_act\\app\\MySession.php:8) at C:\\wamp64\\www\\maasin_live_act\\app\\Models\\MySession.php:8)
[stacktrace]
#0 C:\\wamp64\\www\\maasin_live_act\\vendor\\laravel\\framework\\src\\Illuminate\\Foundation\\Bootstrap\\HandleExceptions.php(244): Symfony\\Component\\ErrorHandler\\Error\\FatalError->__construct(message: ''Cannot redecla...', code: '0', error: '['type' => 64, ...', traceOffset: '0', traceArgs: '???', trace: '???')
#1 C:\\wamp64\\www\\maasin_live_act\\vendor\\laravel\\framework\\src\\Illuminate\\Foundation\\Bootstrap\\HandleExceptions.php(231): Illuminate\\Foundation\\Bootstrap\\HandleExceptions->fatalErrorFromPhpError(error: '['type' => 64, ...', traceOffset: '0')
#2 C:\\wamp64\\www\\maasin_live_act\\vendor\\laravel\\framework\\src\\Illuminate\\Foundation\\Bootstrap\\HandleExceptions.php(255): Illuminate\\Foundation\\Bootstrap\\HandleExceptions->handleShutdown()
#3 C:\\wamp64\\www\\maasin_live_act\\vendor\\laravel\\framework\\src\\Illuminate\\Foundation\\Bootstrap\\HandleExceptions.php(0): Illuminate\\Foundation\\Bootstrap\\HandleExceptions->{closure:C:\\wamp64\\www\\maasin_live_act\\vendor\\laravel\\framework\\src\\Illuminate\\Foundation\\Bootstrap\\HandleExceptions.php:254-256}()
#4 {main}
"} 
[2025-09-24 09:34:26] local.ERROR: Cannot redeclare class App\MySession (previously declared in C:\wamp64\www\maasin_live_act\app\MySession.php:8) {"exception":"[object] (Symfony\\Component\\ErrorHandler\\Error\\FatalError(code: 0): Cannot redeclare class App\\MySession (previously declared in C:\\wamp64\\www\\maasin_live_act\\app\\MySession.php:8) at C:\\wamp64\\www\\maasin_live_act\\app\\Models\\MySession.php:8)
[stacktrace]
#0 C:\\wamp64\\www\\maasin_live_act\\vendor\\laravel\\framework\\src\\Illuminate\\Foundation\\Bootstrap\\HandleExceptions.php(244): Symfony\\Component\\ErrorHandler\\Error\\FatalError->__construct(message: ''Cannot redecla...', code: '0', error: '['type' => 64, ...', traceOffset: '0', traceArgs: '???', trace: '???')
#1 C:\\wamp64\\www\\maasin_live_act\\vendor\\laravel\\framework\\src\\Illuminate\\Foundation\\Bootstrap\\HandleExceptions.php(231): Illuminate\\Foundation\\Bootstrap\\HandleExceptions->fatalErrorFromPhpError(error: '['type' => 64, ...', traceOffset: '0')
#2 C:\\wamp64\\www\\maasin_live_act\\vendor\\laravel\\framework\\src\\Illuminate\\Foundation\\Bootstrap\\HandleExceptions.php(255): Illuminate\\Foundation\\Bootstrap\\HandleExceptions->handleShutdown()
#3 C:\\wamp64\\www\\maasin_live_act\\vendor\\laravel\\framework\\src\\Illuminate\\Foundation\\Bootstrap\\HandleExceptions.php(0): Illuminate\\Foundation\\Bootstrap\\HandleExceptions->{closure:C:\\wamp64\\www\\maasin_live_act\\vendor\\laravel\\framework\\src\\Illuminate\\Foundation\\Bootstrap\\HandleExceptions.php:254-256}()
#4 {main}
"} 
[2025-09-24 09:35:26] local.ERROR: Cannot redeclare class App\MySession (previously declared in C:\wamp64\www\maasin_live_act\app\MySession.php:8) {"exception":"[object] (Symfony\\Component\\ErrorHandler\\Error\\FatalError(code: 0): Cannot redeclare class App\\MySession (previously declared in C:\\wamp64\\www\\maasin_live_act\\app\\MySession.php:8) at C:\\wamp64\\www\\maasin_live_act\\app\\Models\\MySession.php:8)
[stacktrace]
#0 C:\\wamp64\\www\\maasin_live_act\\vendor\\laravel\\framework\\src\\Illuminate\\Foundation\\Bootstrap\\HandleExceptions.php(244): Symfony\\Component\\ErrorHandler\\Error\\FatalError->__construct(message: ''Cannot redecla...', code: '0', error: '['type' => 64, ...', traceOffset: '0', traceArgs: '???', trace: '???')
#1 C:\\wamp64\\www\\maasin_live_act\\vendor\\laravel\\framework\\src\\Illuminate\\Foundation\\Bootstrap\\HandleExceptions.php(231): Illuminate\\Foundation\\Bootstrap\\HandleExceptions->fatalErrorFromPhpError(error: '['type' => 64, ...', traceOffset: '0')
#2 C:\\wamp64\\www\\maasin_live_act\\vendor\\laravel\\framework\\src\\Illuminate\\Foundation\\Bootstrap\\HandleExceptions.php(255): Illuminate\\Foundation\\Bootstrap\\HandleExceptions->handleShutdown()
#3 C:\\wamp64\\www\\maasin_live_act\\vendor\\laravel\\framework\\src\\Illuminate\\Foundation\\Bootstrap\\HandleExceptions.php(0): Illuminate\\Foundation\\Bootstrap\\HandleExceptions->{closure:C:\\wamp64\\www\\maasin_live_act\\vendor\\laravel\\framework\\src\\Illuminate\\Foundation\\Bootstrap\\HandleExceptions.php:254-256}()
#4 {main}
"} 
[2025-09-24 09:36:26] local.ERROR: Cannot redeclare class App\MySession (previously declared in C:\wamp64\www\maasin_live_act\app\MySession.php:8) {"exception":"[object] (Symfony\\Component\\ErrorHandler\\Error\\FatalError(code: 0): Cannot redeclare class App\\MySession (previously declared in C:\\wamp64\\www\\maasin_live_act\\app\\MySession.php:8) at C:\\wamp64\\www\\maasin_live_act\\app\\Models\\MySession.php:8)
[stacktrace]
#0 C:\\wamp64\\www\\maasin_live_act\\vendor\\laravel\\framework\\src\\Illuminate\\Foundation\\Bootstrap\\HandleExceptions.php(244): Symfony\\Component\\ErrorHandler\\Error\\FatalError->__construct(message: ''Cannot redecla...', code: '0', error: '['type' => 64, ...', traceOffset: '0', traceArgs: '???', trace: '???')
#1 C:\\wamp64\\www\\maasin_live_act\\vendor\\laravel\\framework\\src\\Illuminate\\Foundation\\Bootstrap\\HandleExceptions.php(231): Illuminate\\Foundation\\Bootstrap\\HandleExceptions->fatalErrorFromPhpError(error: '['type' => 64, ...', traceOffset: '0')
#2 C:\\wamp64\\www\\maasin_live_act\\vendor\\laravel\\framework\\src\\Illuminate\\Foundation\\Bootstrap\\HandleExceptions.php(255): Illuminate\\Foundation\\Bootstrap\\HandleExceptions->handleShutdown()
#3 C:\\wamp64\\www\\maasin_live_act\\vendor\\laravel\\framework\\src\\Illuminate\\Foundation\\Bootstrap\\HandleExceptions.php(0): Illuminate\\Foundation\\Bootstrap\\HandleExceptions->{closure:C:\\wamp64\\www\\maasin_live_act\\vendor\\laravel\\framework\\src\\Illuminate\\Foundation\\Bootstrap\\HandleExceptions.php:254-256}()
#4 {main}
"} 
[2025-09-24 09:37:26] local.ERROR: Cannot redeclare class App\MySession (previously declared in C:\wamp64\www\maasin_live_act\app\MySession.php:8) {"exception":"[object] (Symfony\\Component\\ErrorHandler\\Error\\FatalError(code: 0): Cannot redeclare class App\\MySession (previously declared in C:\\wamp64\\www\\maasin_live_act\\app\\MySession.php:8) at C:\\wamp64\\www\\maasin_live_act\\app\\Models\\MySession.php:8)
[stacktrace]
#0 C:\\wamp64\\www\\maasin_live_act\\vendor\\laravel\\framework\\src\\Illuminate\\Foundation\\Bootstrap\\HandleExceptions.php(244): Symfony\\Component\\ErrorHandler\\Error\\FatalError->__construct(message: ''Cannot redecla...', code: '0', error: '['type' => 64, ...', traceOffset: '0', traceArgs: '???', trace: '???')
#1 C:\\wamp64\\www\\maasin_live_act\\vendor\\laravel\\framework\\src\\Illuminate\\Foundation\\Bootstrap\\HandleExceptions.php(231): Illuminate\\Foundation\\Bootstrap\\HandleExceptions->fatalErrorFromPhpError(error: '['type' => 64, ...', traceOffset: '0')
#2 C:\\wamp64\\www\\maasin_live_act\\vendor\\laravel\\framework\\src\\Illuminate\\Foundation\\Bootstrap\\HandleExceptions.php(255): Illuminate\\Foundation\\Bootstrap\\HandleExceptions->handleShutdown()
#3 C:\\wamp64\\www\\maasin_live_act\\vendor\\laravel\\framework\\src\\Illuminate\\Foundation\\Bootstrap\\HandleExceptions.php(0): Illuminate\\Foundation\\Bootstrap\\HandleExceptions->{closure:C:\\wamp64\\www\\maasin_live_act\\vendor\\laravel\\framework\\src\\Illuminate\\Foundation\\Bootstrap\\HandleExceptions.php:254-256}()
#4 {main}
"} 
[2025-09-24 09:38:26] local.ERROR: Cannot redeclare class App\MySession (previously declared in C:\wamp64\www\maasin_live_act\app\MySession.php:8) {"exception":"[object] (Symfony\\Component\\ErrorHandler\\Error\\FatalError(code: 0): Cannot redeclare class App\\MySession (previously declared in C:\\wamp64\\www\\maasin_live_act\\app\\MySession.php:8) at C:\\wamp64\\www\\maasin_live_act\\app\\Models\\MySession.php:8)
[stacktrace]
#0 C:\\wamp64\\www\\maasin_live_act\\vendor\\laravel\\framework\\src\\Illuminate\\Foundation\\Bootstrap\\HandleExceptions.php(244): Symfony\\Component\\ErrorHandler\\Error\\FatalError->__construct(message: ''Cannot redecla...', code: '0', error: '['type' => 64, ...', traceOffset: '0', traceArgs: '???', trace: '???')
#1 C:\\wamp64\\www\\maasin_live_act\\vendor\\laravel\\framework\\src\\Illuminate\\Foundation\\Bootstrap\\HandleExceptions.php(231): Illuminate\\Foundation\\Bootstrap\\HandleExceptions->fatalErrorFromPhpError(error: '['type' => 64, ...', traceOffset: '0')
#2 C:\\wamp64\\www\\maasin_live_act\\vendor\\laravel\\framework\\src\\Illuminate\\Foundation\\Bootstrap\\HandleExceptions.php(255): Illuminate\\Foundation\\Bootstrap\\HandleExceptions->handleShutdown()
#3 C:\\wamp64\\www\\maasin_live_act\\vendor\\laravel\\framework\\src\\Illuminate\\Foundation\\Bootstrap\\HandleExceptions.php(0): Illuminate\\Foundation\\Bootstrap\\HandleExceptions->{closure:C:\\wamp64\\www\\maasin_live_act\\vendor\\laravel\\framework\\src\\Illuminate\\Foundation\\Bootstrap\\HandleExceptions.php:254-256}()
#4 {main}
"} 
