[2025-10-06 04:00:48] local.ERROR: Cannot redeclare class App\MySession (previously declared in C:\wamp64\www\maasin_live_act\app\MySession.php:8) {"exception":"[object] (Symfony\\Component\\ErrorHandler\\Error\\FatalError(code: 0): Cannot redeclare class App\\MySession (previously declared in C:\\wamp64\\www\\maasin_live_act\\app\\MySession.php:8) at C:\\wamp64\\www\\maasin_live_act\\app\\Models\\MySession.php:8)
[stacktrace]
#0 C:\\wamp64\\www\\maasin_live_act\\vendor\\laravel\\framework\\src\\Illuminate\\Foundation\\Bootstrap\\HandleExceptions.php(244): Symfony\\Component\\ErrorHandler\\Error\\FatalError->__construct(message: ''Cannot redecla...', code: '0', error: '['type' => 64, ...', traceOffset: '0', traceArgs: '???', trace: '???')
#1 C:\\wamp64\\www\\maasin_live_act\\vendor\\laravel\\framework\\src\\Illuminate\\Foundation\\Bootstrap\\HandleExceptions.php(231): Illuminate\\Foundation\\Bootstrap\\HandleExceptions->fatalErrorFromPhpError(error: '['type' => 64, ...', traceOffset: '0')
#2 C:\\wamp64\\www\\maasin_live_act\\vendor\\laravel\\framework\\src\\Illuminate\\Foundation\\Bootstrap\\HandleExceptions.php(255): Illuminate\\Foundation\\Bootstrap\\HandleExceptions->handleShutdown()
#3 C:\\wamp64\\www\\maasin_live_act\\vendor\\laravel\\framework\\src\\Illuminate\\Foundation\\Bootstrap\\HandleExceptions.php(0): Illuminate\\Foundation\\Bootstrap\\HandleExceptions->{closure:C:\\wamp64\\www\\maasin_live_act\\vendor\\laravel\\framework\\src\\Illuminate\\Foundation\\Bootstrap\\HandleExceptions.php:254-256}()
#4 {main}
"} 
[2025-10-06 04:01:26] local.ERROR: Cannot redeclare class App\MySession (previously declared in C:\wamp64\www\maasin_live_act\app\MySession.php:8) {"exception":"[object] (Symfony\\Component\\ErrorHandler\\Error\\FatalError(code: 0): Cannot redeclare class App\\MySession (previously declared in C:\\wamp64\\www\\maasin_live_act\\app\\MySession.php:8) at C:\\wamp64\\www\\maasin_live_act\\app\\Models\\MySession.php:8)
[stacktrace]
#0 C:\\wamp64\\www\\maasin_live_act\\vendor\\laravel\\framework\\src\\Illuminate\\Foundation\\Bootstrap\\HandleExceptions.php(244): Symfony\\Component\\ErrorHandler\\Error\\FatalError->__construct(message: ''Cannot redecla...', code: '0', error: '['type' => 64, ...', traceOffset: '0', traceArgs: '???', trace: '???')
#1 C:\\wamp64\\www\\maasin_live_act\\vendor\\laravel\\framework\\src\\Illuminate\\Foundation\\Bootstrap\\HandleExceptions.php(231): Illuminate\\Foundation\\Bootstrap\\HandleExceptions->fatalErrorFromPhpError(error: '['type' => 64, ...', traceOffset: '0')
#2 C:\\wamp64\\www\\maasin_live_act\\vendor\\laravel\\framework\\src\\Illuminate\\Foundation\\Bootstrap\\HandleExceptions.php(255): Illuminate\\Foundation\\Bootstrap\\HandleExceptions->handleShutdown()
#3 C:\\wamp64\\www\\maasin_live_act\\vendor\\laravel\\framework\\src\\Illuminate\\Foundation\\Bootstrap\\HandleExceptions.php(0): Illuminate\\Foundation\\Bootstrap\\HandleExceptions->{closure:C:\\wamp64\\www\\maasin_live_act\\vendor\\laravel\\framework\\src\\Illuminate\\Foundation\\Bootstrap\\HandleExceptions.php:254-256}()
#4 {main}
"} 
[2025-10-06 04:02:26] local.ERROR: Cannot redeclare class App\MySession (previously declared in C:\wamp64\www\maasin_live_act\app\MySession.php:8) {"exception":"[object] (Symfony\\Component\\ErrorHandler\\Error\\FatalError(code: 0): Cannot redeclare class App\\MySession (previously declared in C:\\wamp64\\www\\maasin_live_act\\app\\MySession.php:8) at C:\\wamp64\\www\\maasin_live_act\\app\\Models\\MySession.php:8)
[stacktrace]
#0 C:\\wamp64\\www\\maasin_live_act\\vendor\\laravel\\framework\\src\\Illuminate\\Foundation\\Bootstrap\\HandleExceptions.php(244): Symfony\\Component\\ErrorHandler\\Error\\FatalError->__construct(message: ''Cannot redecla...', code: '0', error: '['type' => 64, ...', traceOffset: '0', traceArgs: '???', trace: '???')
#1 C:\\wamp64\\www\\maasin_live_act\\vendor\\laravel\\framework\\src\\Illuminate\\Foundation\\Bootstrap\\HandleExceptions.php(231): Illuminate\\Foundation\\Bootstrap\\HandleExceptions->fatalErrorFromPhpError(error: '['type' => 64, ...', traceOffset: '0')
#2 C:\\wamp64\\www\\maasin_live_act\\vendor\\laravel\\framework\\src\\Illuminate\\Foundation\\Bootstrap\\HandleExceptions.php(255): Illuminate\\Foundation\\Bootstrap\\HandleExceptions->handleShutdown()
#3 C:\\wamp64\\www\\maasin_live_act\\vendor\\laravel\\framework\\src\\Illuminate\\Foundation\\Bootstrap\\HandleExceptions.php(0): Illuminate\\Foundation\\Bootstrap\\HandleExceptions->{closure:C:\\wamp64\\www\\maasin_live_act\\vendor\\laravel\\framework\\src\\Illuminate\\Foundation\\Bootstrap\\HandleExceptions.php:254-256}()
#4 {main}
"} 
[2025-10-06 04:03:26] local.ERROR: Cannot redeclare class App\MySession (previously declared in C:\wamp64\www\maasin_live_act\app\MySession.php:8) {"exception":"[object] (Symfony\\Component\\ErrorHandler\\Error\\FatalError(code: 0): Cannot redeclare class App\\MySession (previously declared in C:\\wamp64\\www\\maasin_live_act\\app\\MySession.php:8) at C:\\wamp64\\www\\maasin_live_act\\app\\Models\\MySession.php:8)
[stacktrace]
#0 C:\\wamp64\\www\\maasin_live_act\\vendor\\laravel\\framework\\src\\Illuminate\\Foundation\\Bootstrap\\HandleExceptions.php(244): Symfony\\Component\\ErrorHandler\\Error\\FatalError->__construct(message: ''Cannot redecla...', code: '0', error: '['type' => 64, ...', traceOffset: '0', traceArgs: '???', trace: '???')
#1 C:\\wamp64\\www\\maasin_live_act\\vendor\\laravel\\framework\\src\\Illuminate\\Foundation\\Bootstrap\\HandleExceptions.php(231): Illuminate\\Foundation\\Bootstrap\\HandleExceptions->fatalErrorFromPhpError(error: '['type' => 64, ...', traceOffset: '0')
#2 C:\\wamp64\\www\\maasin_live_act\\vendor\\laravel\\framework\\src\\Illuminate\\Foundation\\Bootstrap\\HandleExceptions.php(255): Illuminate\\Foundation\\Bootstrap\\HandleExceptions->handleShutdown()
#3 C:\\wamp64\\www\\maasin_live_act\\vendor\\laravel\\framework\\src\\Illuminate\\Foundation\\Bootstrap\\HandleExceptions.php(0): Illuminate\\Foundation\\Bootstrap\\HandleExceptions->{closure:C:\\wamp64\\www\\maasin_live_act\\vendor\\laravel\\framework\\src\\Illuminate\\Foundation\\Bootstrap\\HandleExceptions.php:254-256}()
#4 {main}
"} 
[2025-10-06 04:04:26] local.ERROR: Cannot redeclare class App\MySession (previously declared in C:\wamp64\www\maasin_live_act\app\MySession.php:8) {"exception":"[object] (Symfony\\Component\\ErrorHandler\\Error\\FatalError(code: 0): Cannot redeclare class App\\MySession (previously declared in C:\\wamp64\\www\\maasin_live_act\\app\\MySession.php:8) at C:\\wamp64\\www\\maasin_live_act\\app\\Models\\MySession.php:8)
[stacktrace]
#0 C:\\wamp64\\www\\maasin_live_act\\vendor\\laravel\\framework\\src\\Illuminate\\Foundation\\Bootstrap\\HandleExceptions.php(244): Symfony\\Component\\ErrorHandler\\Error\\FatalError->__construct(message: ''Cannot redecla...', code: '0', error: '['type' => 64, ...', traceOffset: '0', traceArgs: '???', trace: '???')
#1 C:\\wamp64\\www\\maasin_live_act\\vendor\\laravel\\framework\\src\\Illuminate\\Foundation\\Bootstrap\\HandleExceptions.php(231): Illuminate\\Foundation\\Bootstrap\\HandleExceptions->fatalErrorFromPhpError(error: '['type' => 64, ...', traceOffset: '0')
#2 C:\\wamp64\\www\\maasin_live_act\\vendor\\laravel\\framework\\src\\Illuminate\\Foundation\\Bootstrap\\HandleExceptions.php(255): Illuminate\\Foundation\\Bootstrap\\HandleExceptions->handleShutdown()
#3 C:\\wamp64\\www\\maasin_live_act\\vendor\\laravel\\framework\\src\\Illuminate\\Foundation\\Bootstrap\\HandleExceptions.php(0): Illuminate\\Foundation\\Bootstrap\\HandleExceptions->{closure:C:\\wamp64\\www\\maasin_live_act\\vendor\\laravel\\framework\\src\\Illuminate\\Foundation\\Bootstrap\\HandleExceptions.php:254-256}()
#4 {main}
"} 
[2025-10-06 04:05:26] local.ERROR: Cannot redeclare class App\MySession (previously declared in C:\wamp64\www\maasin_live_act\app\MySession.php:8) {"exception":"[object] (Symfony\\Component\\ErrorHandler\\Error\\FatalError(code: 0): Cannot redeclare class App\\MySession (previously declared in C:\\wamp64\\www\\maasin_live_act\\app\\MySession.php:8) at C:\\wamp64\\www\\maasin_live_act\\app\\Models\\MySession.php:8)
[stacktrace]
#0 C:\\wamp64\\www\\maasin_live_act\\vendor\\laravel\\framework\\src\\Illuminate\\Foundation\\Bootstrap\\HandleExceptions.php(244): Symfony\\Component\\ErrorHandler\\Error\\FatalError->__construct(message: ''Cannot redecla...', code: '0', error: '['type' => 64, ...', traceOffset: '0', traceArgs: '???', trace: '???')
#1 C:\\wamp64\\www\\maasin_live_act\\vendor\\laravel\\framework\\src\\Illuminate\\Foundation\\Bootstrap\\HandleExceptions.php(231): Illuminate\\Foundation\\Bootstrap\\HandleExceptions->fatalErrorFromPhpError(error: '['type' => 64, ...', traceOffset: '0')
#2 C:\\wamp64\\www\\maasin_live_act\\vendor\\laravel\\framework\\src\\Illuminate\\Foundation\\Bootstrap\\HandleExceptions.php(255): Illuminate\\Foundation\\Bootstrap\\HandleExceptions->handleShutdown()
#3 C:\\wamp64\\www\\maasin_live_act\\vendor\\laravel\\framework\\src\\Illuminate\\Foundation\\Bootstrap\\HandleExceptions.php(0): Illuminate\\Foundation\\Bootstrap\\HandleExceptions->{closure:C:\\wamp64\\www\\maasin_live_act\\vendor\\laravel\\framework\\src\\Illuminate\\Foundation\\Bootstrap\\HandleExceptions.php:254-256}()
#4 {main}
"} 
[2025-10-06 04:06:26] local.ERROR: Cannot redeclare class App\MySession (previously declared in C:\wamp64\www\maasin_live_act\app\MySession.php:8) {"exception":"[object] (Symfony\\Component\\ErrorHandler\\Error\\FatalError(code: 0): Cannot redeclare class App\\MySession (previously declared in C:\\wamp64\\www\\maasin_live_act\\app\\MySession.php:8) at C:\\wamp64\\www\\maasin_live_act\\app\\Models\\MySession.php:8)
[stacktrace]
#0 C:\\wamp64\\www\\maasin_live_act\\vendor\\laravel\\framework\\src\\Illuminate\\Foundation\\Bootstrap\\HandleExceptions.php(244): Symfony\\Component\\ErrorHandler\\Error\\FatalError->__construct(message: ''Cannot redecla...', code: '0', error: '['type' => 64, ...', traceOffset: '0', traceArgs: '???', trace: '???')
#1 C:\\wamp64\\www\\maasin_live_act\\vendor\\laravel\\framework\\src\\Illuminate\\Foundation\\Bootstrap\\HandleExceptions.php(231): Illuminate\\Foundation\\Bootstrap\\HandleExceptions->fatalErrorFromPhpError(error: '['type' => 64, ...', traceOffset: '0')
#2 C:\\wamp64\\www\\maasin_live_act\\vendor\\laravel\\framework\\src\\Illuminate\\Foundation\\Bootstrap\\HandleExceptions.php(255): Illuminate\\Foundation\\Bootstrap\\HandleExceptions->handleShutdown()
#3 C:\\wamp64\\www\\maasin_live_act\\vendor\\laravel\\framework\\src\\Illuminate\\Foundation\\Bootstrap\\HandleExceptions.php(0): Illuminate\\Foundation\\Bootstrap\\HandleExceptions->{closure:C:\\wamp64\\www\\maasin_live_act\\vendor\\laravel\\framework\\src\\Illuminate\\Foundation\\Bootstrap\\HandleExceptions.php:254-256}()
#4 {main}
"} 
[2025-10-06 04:07:26] local.ERROR: Cannot redeclare class App\MySession (previously declared in C:\wamp64\www\maasin_live_act\app\MySession.php:8) {"exception":"[object] (Symfony\\Component\\ErrorHandler\\Error\\FatalError(code: 0): Cannot redeclare class App\\MySession (previously declared in C:\\wamp64\\www\\maasin_live_act\\app\\MySession.php:8) at C:\\wamp64\\www\\maasin_live_act\\app\\Models\\MySession.php:8)
[stacktrace]
#0 C:\\wamp64\\www\\maasin_live_act\\vendor\\laravel\\framework\\src\\Illuminate\\Foundation\\Bootstrap\\HandleExceptions.php(244): Symfony\\Component\\ErrorHandler\\Error\\FatalError->__construct(message: ''Cannot redecla...', code: '0', error: '['type' => 64, ...', traceOffset: '0', traceArgs: '???', trace: '???')
#1 C:\\wamp64\\www\\maasin_live_act\\vendor\\laravel\\framework\\src\\Illuminate\\Foundation\\Bootstrap\\HandleExceptions.php(231): Illuminate\\Foundation\\Bootstrap\\HandleExceptions->fatalErrorFromPhpError(error: '['type' => 64, ...', traceOffset: '0')
#2 C:\\wamp64\\www\\maasin_live_act\\vendor\\laravel\\framework\\src\\Illuminate\\Foundation\\Bootstrap\\HandleExceptions.php(255): Illuminate\\Foundation\\Bootstrap\\HandleExceptions->handleShutdown()
#3 C:\\wamp64\\www\\maasin_live_act\\vendor\\laravel\\framework\\src\\Illuminate\\Foundation\\Bootstrap\\HandleExceptions.php(0): Illuminate\\Foundation\\Bootstrap\\HandleExceptions->{closure:C:\\wamp64\\www\\maasin_live_act\\vendor\\laravel\\framework\\src\\Illuminate\\Foundation\\Bootstrap\\HandleExceptions.php:254-256}()
#4 {main}
"} 
[2025-10-06 04:08:26] local.ERROR: Cannot redeclare class App\MySession (previously declared in C:\wamp64\www\maasin_live_act\app\MySession.php:8) {"exception":"[object] (Symfony\\Component\\ErrorHandler\\Error\\FatalError(code: 0): Cannot redeclare class App\\MySession (previously declared in C:\\wamp64\\www\\maasin_live_act\\app\\MySession.php:8) at C:\\wamp64\\www\\maasin_live_act\\app\\Models\\MySession.php:8)
[stacktrace]
#0 C:\\wamp64\\www\\maasin_live_act\\vendor\\laravel\\framework\\src\\Illuminate\\Foundation\\Bootstrap\\HandleExceptions.php(244): Symfony\\Component\\ErrorHandler\\Error\\FatalError->__construct(message: ''Cannot redecla...', code: '0', error: '['type' => 64, ...', traceOffset: '0', traceArgs: '???', trace: '???')
#1 C:\\wamp64\\www\\maasin_live_act\\vendor\\laravel\\framework\\src\\Illuminate\\Foundation\\Bootstrap\\HandleExceptions.php(231): Illuminate\\Foundation\\Bootstrap\\HandleExceptions->fatalErrorFromPhpError(error: '['type' => 64, ...', traceOffset: '0')
#2 C:\\wamp64\\www\\maasin_live_act\\vendor\\laravel\\framework\\src\\Illuminate\\Foundation\\Bootstrap\\HandleExceptions.php(255): Illuminate\\Foundation\\Bootstrap\\HandleExceptions->handleShutdown()
#3 C:\\wamp64\\www\\maasin_live_act\\vendor\\laravel\\framework\\src\\Illuminate\\Foundation\\Bootstrap\\HandleExceptions.php(0): Illuminate\\Foundation\\Bootstrap\\HandleExceptions->{closure:C:\\wamp64\\www\\maasin_live_act\\vendor\\laravel\\framework\\src\\Illuminate\\Foundation\\Bootstrap\\HandleExceptions.php:254-256}()
#4 {main}
"} 
[2025-10-06 04:09:26] local.ERROR: Cannot redeclare class App\MySession (previously declared in C:\wamp64\www\maasin_live_act\app\MySession.php:8) {"exception":"[object] (Symfony\\Component\\ErrorHandler\\Error\\FatalError(code: 0): Cannot redeclare class App\\MySession (previously declared in C:\\wamp64\\www\\maasin_live_act\\app\\MySession.php:8) at C:\\wamp64\\www\\maasin_live_act\\app\\Models\\MySession.php:8)
[stacktrace]
#0 C:\\wamp64\\www\\maasin_live_act\\vendor\\laravel\\framework\\src\\Illuminate\\Foundation\\Bootstrap\\HandleExceptions.php(244): Symfony\\Component\\ErrorHandler\\Error\\FatalError->__construct(message: ''Cannot redecla...', code: '0', error: '['type' => 64, ...', traceOffset: '0', traceArgs: '???', trace: '???')
#1 C:\\wamp64\\www\\maasin_live_act\\vendor\\laravel\\framework\\src\\Illuminate\\Foundation\\Bootstrap\\HandleExceptions.php(231): Illuminate\\Foundation\\Bootstrap\\HandleExceptions->fatalErrorFromPhpError(error: '['type' => 64, ...', traceOffset: '0')
#2 C:\\wamp64\\www\\maasin_live_act\\vendor\\laravel\\framework\\src\\Illuminate\\Foundation\\Bootstrap\\HandleExceptions.php(255): Illuminate\\Foundation\\Bootstrap\\HandleExceptions->handleShutdown()
#3 C:\\wamp64\\www\\maasin_live_act\\vendor\\laravel\\framework\\src\\Illuminate\\Foundation\\Bootstrap\\HandleExceptions.php(0): Illuminate\\Foundation\\Bootstrap\\HandleExceptions->{closure:C:\\wamp64\\www\\maasin_live_act\\vendor\\laravel\\framework\\src\\Illuminate\\Foundation\\Bootstrap\\HandleExceptions.php:254-256}()
#4 {main}
"} 
[2025-10-06 04:10:27] local.ERROR: Cannot redeclare class App\MySession (previously declared in C:\wamp64\www\maasin_live_act\app\MySession.php:8) {"exception":"[object] (Symfony\\Component\\ErrorHandler\\Error\\FatalError(code: 0): Cannot redeclare class App\\MySession (previously declared in C:\\wamp64\\www\\maasin_live_act\\app\\MySession.php:8) at C:\\wamp64\\www\\maasin_live_act\\app\\Models\\MySession.php:8)
[stacktrace]
#0 C:\\wamp64\\www\\maasin_live_act\\vendor\\laravel\\framework\\src\\Illuminate\\Foundation\\Bootstrap\\HandleExceptions.php(244): Symfony\\Component\\ErrorHandler\\Error\\FatalError->__construct(message: ''Cannot redecla...', code: '0', error: '['type' => 64, ...', traceOffset: '0', traceArgs: '???', trace: '???')
#1 C:\\wamp64\\www\\maasin_live_act\\vendor\\laravel\\framework\\src\\Illuminate\\Foundation\\Bootstrap\\HandleExceptions.php(231): Illuminate\\Foundation\\Bootstrap\\HandleExceptions->fatalErrorFromPhpError(error: '['type' => 64, ...', traceOffset: '0')
#2 C:\\wamp64\\www\\maasin_live_act\\vendor\\laravel\\framework\\src\\Illuminate\\Foundation\\Bootstrap\\HandleExceptions.php(255): Illuminate\\Foundation\\Bootstrap\\HandleExceptions->handleShutdown()
#3 C:\\wamp64\\www\\maasin_live_act\\vendor\\laravel\\framework\\src\\Illuminate\\Foundation\\Bootstrap\\HandleExceptions.php(0): Illuminate\\Foundation\\Bootstrap\\HandleExceptions->{closure:C:\\wamp64\\www\\maasin_live_act\\vendor\\laravel\\framework\\src\\Illuminate\\Foundation\\Bootstrap\\HandleExceptions.php:254-256}()
#4 {main}
"} 
[2025-10-06 04:11:26] local.ERROR: Cannot redeclare class App\MySession (previously declared in C:\wamp64\www\maasin_live_act\app\MySession.php:8) {"exception":"[object] (Symfony\\Component\\ErrorHandler\\Error\\FatalError(code: 0): Cannot redeclare class App\\MySession (previously declared in C:\\wamp64\\www\\maasin_live_act\\app\\MySession.php:8) at C:\\wamp64\\www\\maasin_live_act\\app\\Models\\MySession.php:8)
[stacktrace]
#0 C:\\wamp64\\www\\maasin_live_act\\vendor\\laravel\\framework\\src\\Illuminate\\Foundation\\Bootstrap\\HandleExceptions.php(244): Symfony\\Component\\ErrorHandler\\Error\\FatalError->__construct(message: ''Cannot redecla...', code: '0', error: '['type' => 64, ...', traceOffset: '0', traceArgs: '???', trace: '???')
#1 C:\\wamp64\\www\\maasin_live_act\\vendor\\laravel\\framework\\src\\Illuminate\\Foundation\\Bootstrap\\HandleExceptions.php(231): Illuminate\\Foundation\\Bootstrap\\HandleExceptions->fatalErrorFromPhpError(error: '['type' => 64, ...', traceOffset: '0')
#2 C:\\wamp64\\www\\maasin_live_act\\vendor\\laravel\\framework\\src\\Illuminate\\Foundation\\Bootstrap\\HandleExceptions.php(255): Illuminate\\Foundation\\Bootstrap\\HandleExceptions->handleShutdown()
#3 C:\\wamp64\\www\\maasin_live_act\\vendor\\laravel\\framework\\src\\Illuminate\\Foundation\\Bootstrap\\HandleExceptions.php(0): Illuminate\\Foundation\\Bootstrap\\HandleExceptions->{closure:C:\\wamp64\\www\\maasin_live_act\\vendor\\laravel\\framework\\src\\Illuminate\\Foundation\\Bootstrap\\HandleExceptions.php:254-256}()
#4 {main}
"} 
[2025-10-06 04:12:26] local.ERROR: Cannot redeclare class App\MySession (previously declared in C:\wamp64\www\maasin_live_act\app\MySession.php:8) {"exception":"[object] (Symfony\\Component\\ErrorHandler\\Error\\FatalError(code: 0): Cannot redeclare class App\\MySession (previously declared in C:\\wamp64\\www\\maasin_live_act\\app\\MySession.php:8) at C:\\wamp64\\www\\maasin_live_act\\app\\Models\\MySession.php:8)
[stacktrace]
#0 C:\\wamp64\\www\\maasin_live_act\\vendor\\laravel\\framework\\src\\Illuminate\\Foundation\\Bootstrap\\HandleExceptions.php(244): Symfony\\Component\\ErrorHandler\\Error\\FatalError->__construct(message: ''Cannot redecla...', code: '0', error: '['type' => 64, ...', traceOffset: '0', traceArgs: '???', trace: '???')
#1 C:\\wamp64\\www\\maasin_live_act\\vendor\\laravel\\framework\\src\\Illuminate\\Foundation\\Bootstrap\\HandleExceptions.php(231): Illuminate\\Foundation\\Bootstrap\\HandleExceptions->fatalErrorFromPhpError(error: '['type' => 64, ...', traceOffset: '0')
#2 C:\\wamp64\\www\\maasin_live_act\\vendor\\laravel\\framework\\src\\Illuminate\\Foundation\\Bootstrap\\HandleExceptions.php(255): Illuminate\\Foundation\\Bootstrap\\HandleExceptions->handleShutdown()
#3 C:\\wamp64\\www\\maasin_live_act\\vendor\\laravel\\framework\\src\\Illuminate\\Foundation\\Bootstrap\\HandleExceptions.php(0): Illuminate\\Foundation\\Bootstrap\\HandleExceptions->{closure:C:\\wamp64\\www\\maasin_live_act\\vendor\\laravel\\framework\\src\\Illuminate\\Foundation\\Bootstrap\\HandleExceptions.php:254-256}()
#4 {main}
"} 
[2025-10-06 04:13:27] local.ERROR: Cannot redeclare class App\MySession (previously declared in C:\wamp64\www\maasin_live_act\app\MySession.php:8) {"exception":"[object] (Symfony\\Component\\ErrorHandler\\Error\\FatalError(code: 0): Cannot redeclare class App\\MySession (previously declared in C:\\wamp64\\www\\maasin_live_act\\app\\MySession.php:8) at C:\\wamp64\\www\\maasin_live_act\\app\\Models\\MySession.php:8)
[stacktrace]
#0 C:\\wamp64\\www\\maasin_live_act\\vendor\\laravel\\framework\\src\\Illuminate\\Foundation\\Bootstrap\\HandleExceptions.php(244): Symfony\\Component\\ErrorHandler\\Error\\FatalError->__construct(message: ''Cannot redecla...', code: '0', error: '['type' => 64, ...', traceOffset: '0', traceArgs: '???', trace: '???')
#1 C:\\wamp64\\www\\maasin_live_act\\vendor\\laravel\\framework\\src\\Illuminate\\Foundation\\Bootstrap\\HandleExceptions.php(231): Illuminate\\Foundation\\Bootstrap\\HandleExceptions->fatalErrorFromPhpError(error: '['type' => 64, ...', traceOffset: '0')
#2 C:\\wamp64\\www\\maasin_live_act\\vendor\\laravel\\framework\\src\\Illuminate\\Foundation\\Bootstrap\\HandleExceptions.php(255): Illuminate\\Foundation\\Bootstrap\\HandleExceptions->handleShutdown()
#3 C:\\wamp64\\www\\maasin_live_act\\vendor\\laravel\\framework\\src\\Illuminate\\Foundation\\Bootstrap\\HandleExceptions.php(0): Illuminate\\Foundation\\Bootstrap\\HandleExceptions->{closure:C:\\wamp64\\www\\maasin_live_act\\vendor\\laravel\\framework\\src\\Illuminate\\Foundation\\Bootstrap\\HandleExceptions.php:254-256}()
#4 {main}
"} 
[2025-10-06 04:14:27] local.ERROR: Cannot redeclare class App\MySession (previously declared in C:\wamp64\www\maasin_live_act\app\MySession.php:8) {"exception":"[object] (Symfony\\Component\\ErrorHandler\\Error\\FatalError(code: 0): Cannot redeclare class App\\MySession (previously declared in C:\\wamp64\\www\\maasin_live_act\\app\\MySession.php:8) at C:\\wamp64\\www\\maasin_live_act\\app\\Models\\MySession.php:8)
[stacktrace]
#0 C:\\wamp64\\www\\maasin_live_act\\vendor\\laravel\\framework\\src\\Illuminate\\Foundation\\Bootstrap\\HandleExceptions.php(244): Symfony\\Component\\ErrorHandler\\Error\\FatalError->__construct(message: ''Cannot redecla...', code: '0', error: '['type' => 64, ...', traceOffset: '0', traceArgs: '???', trace: '???')
#1 C:\\wamp64\\www\\maasin_live_act\\vendor\\laravel\\framework\\src\\Illuminate\\Foundation\\Bootstrap\\HandleExceptions.php(231): Illuminate\\Foundation\\Bootstrap\\HandleExceptions->fatalErrorFromPhpError(error: '['type' => 64, ...', traceOffset: '0')
#2 C:\\wamp64\\www\\maasin_live_act\\vendor\\laravel\\framework\\src\\Illuminate\\Foundation\\Bootstrap\\HandleExceptions.php(255): Illuminate\\Foundation\\Bootstrap\\HandleExceptions->handleShutdown()
#3 C:\\wamp64\\www\\maasin_live_act\\vendor\\laravel\\framework\\src\\Illuminate\\Foundation\\Bootstrap\\HandleExceptions.php(0): Illuminate\\Foundation\\Bootstrap\\HandleExceptions->{closure:C:\\wamp64\\www\\maasin_live_act\\vendor\\laravel\\framework\\src\\Illuminate\\Foundation\\Bootstrap\\HandleExceptions.php:254-256}()
#4 {main}
"} 
[2025-10-06 04:15:27] local.ERROR: Cannot redeclare class App\MySession (previously declared in C:\wamp64\www\maasin_live_act\app\MySession.php:8) {"exception":"[object] (Symfony\\Component\\ErrorHandler\\Error\\FatalError(code: 0): Cannot redeclare class App\\MySession (previously declared in C:\\wamp64\\www\\maasin_live_act\\app\\MySession.php:8) at C:\\wamp64\\www\\maasin_live_act\\app\\Models\\MySession.php:8)
[stacktrace]
#0 C:\\wamp64\\www\\maasin_live_act\\vendor\\laravel\\framework\\src\\Illuminate\\Foundation\\Bootstrap\\HandleExceptions.php(244): Symfony\\Component\\ErrorHandler\\Error\\FatalError->__construct(message: ''Cannot redecla...', code: '0', error: '['type' => 64, ...', traceOffset: '0', traceArgs: '???', trace: '???')
#1 C:\\wamp64\\www\\maasin_live_act\\vendor\\laravel\\framework\\src\\Illuminate\\Foundation\\Bootstrap\\HandleExceptions.php(231): Illuminate\\Foundation\\Bootstrap\\HandleExceptions->fatalErrorFromPhpError(error: '['type' => 64, ...', traceOffset: '0')
#2 C:\\wamp64\\www\\maasin_live_act\\vendor\\laravel\\framework\\src\\Illuminate\\Foundation\\Bootstrap\\HandleExceptions.php(255): Illuminate\\Foundation\\Bootstrap\\HandleExceptions->handleShutdown()
#3 C:\\wamp64\\www\\maasin_live_act\\vendor\\laravel\\framework\\src\\Illuminate\\Foundation\\Bootstrap\\HandleExceptions.php(0): Illuminate\\Foundation\\Bootstrap\\HandleExceptions->{closure:C:\\wamp64\\www\\maasin_live_act\\vendor\\laravel\\framework\\src\\Illuminate\\Foundation\\Bootstrap\\HandleExceptions.php:254-256}()
#4 {main}
"} 
[2025-10-06 04:16:27] local.ERROR: Cannot redeclare class App\MySession (previously declared in C:\wamp64\www\maasin_live_act\app\MySession.php:8) {"exception":"[object] (Symfony\\Component\\ErrorHandler\\Error\\FatalError(code: 0): Cannot redeclare class App\\MySession (previously declared in C:\\wamp64\\www\\maasin_live_act\\app\\MySession.php:8) at C:\\wamp64\\www\\maasin_live_act\\app\\Models\\MySession.php:8)
[stacktrace]
#0 C:\\wamp64\\www\\maasin_live_act\\vendor\\laravel\\framework\\src\\Illuminate\\Foundation\\Bootstrap\\HandleExceptions.php(244): Symfony\\Component\\ErrorHandler\\Error\\FatalError->__construct(message: ''Cannot redecla...', code: '0', error: '['type' => 64, ...', traceOffset: '0', traceArgs: '???', trace: '???')
#1 C:\\wamp64\\www\\maasin_live_act\\vendor\\laravel\\framework\\src\\Illuminate\\Foundation\\Bootstrap\\HandleExceptions.php(231): Illuminate\\Foundation\\Bootstrap\\HandleExceptions->fatalErrorFromPhpError(error: '['type' => 64, ...', traceOffset: '0')
#2 C:\\wamp64\\www\\maasin_live_act\\vendor\\laravel\\framework\\src\\Illuminate\\Foundation\\Bootstrap\\HandleExceptions.php(255): Illuminate\\Foundation\\Bootstrap\\HandleExceptions->handleShutdown()
#3 C:\\wamp64\\www\\maasin_live_act\\vendor\\laravel\\framework\\src\\Illuminate\\Foundation\\Bootstrap\\HandleExceptions.php(0): Illuminate\\Foundation\\Bootstrap\\HandleExceptions->{closure:C:\\wamp64\\www\\maasin_live_act\\vendor\\laravel\\framework\\src\\Illuminate\\Foundation\\Bootstrap\\HandleExceptions.php:254-256}()
#4 {main}
"} 
[2025-10-06 04:17:27] local.ERROR: Cannot redeclare class App\MySession (previously declared in C:\wamp64\www\maasin_live_act\app\MySession.php:8) {"exception":"[object] (Symfony\\Component\\ErrorHandler\\Error\\FatalError(code: 0): Cannot redeclare class App\\MySession (previously declared in C:\\wamp64\\www\\maasin_live_act\\app\\MySession.php:8) at C:\\wamp64\\www\\maasin_live_act\\app\\Models\\MySession.php:8)
[stacktrace]
#0 C:\\wamp64\\www\\maasin_live_act\\vendor\\laravel\\framework\\src\\Illuminate\\Foundation\\Bootstrap\\HandleExceptions.php(244): Symfony\\Component\\ErrorHandler\\Error\\FatalError->__construct(message: ''Cannot redecla...', code: '0', error: '['type' => 64, ...', traceOffset: '0', traceArgs: '???', trace: '???')
#1 C:\\wamp64\\www\\maasin_live_act\\vendor\\laravel\\framework\\src\\Illuminate\\Foundation\\Bootstrap\\HandleExceptions.php(231): Illuminate\\Foundation\\Bootstrap\\HandleExceptions->fatalErrorFromPhpError(error: '['type' => 64, ...', traceOffset: '0')
#2 C:\\wamp64\\www\\maasin_live_act\\vendor\\laravel\\framework\\src\\Illuminate\\Foundation\\Bootstrap\\HandleExceptions.php(255): Illuminate\\Foundation\\Bootstrap\\HandleExceptions->handleShutdown()
#3 C:\\wamp64\\www\\maasin_live_act\\vendor\\laravel\\framework\\src\\Illuminate\\Foundation\\Bootstrap\\HandleExceptions.php(0): Illuminate\\Foundation\\Bootstrap\\HandleExceptions->{closure:C:\\wamp64\\www\\maasin_live_act\\vendor\\laravel\\framework\\src\\Illuminate\\Foundation\\Bootstrap\\HandleExceptions.php:254-256}()
#4 {main}
"} 
[2025-10-06 04:18:27] local.ERROR: Cannot redeclare class App\MySession (previously declared in C:\wamp64\www\maasin_live_act\app\MySession.php:8) {"exception":"[object] (Symfony\\Component\\ErrorHandler\\Error\\FatalError(code: 0): Cannot redeclare class App\\MySession (previously declared in C:\\wamp64\\www\\maasin_live_act\\app\\MySession.php:8) at C:\\wamp64\\www\\maasin_live_act\\app\\Models\\MySession.php:8)
[stacktrace]
#0 C:\\wamp64\\www\\maasin_live_act\\vendor\\laravel\\framework\\src\\Illuminate\\Foundation\\Bootstrap\\HandleExceptions.php(244): Symfony\\Component\\ErrorHandler\\Error\\FatalError->__construct(message: ''Cannot redecla...', code: '0', error: '['type' => 64, ...', traceOffset: '0', traceArgs: '???', trace: '???')
#1 C:\\wamp64\\www\\maasin_live_act\\vendor\\laravel\\framework\\src\\Illuminate\\Foundation\\Bootstrap\\HandleExceptions.php(231): Illuminate\\Foundation\\Bootstrap\\HandleExceptions->fatalErrorFromPhpError(error: '['type' => 64, ...', traceOffset: '0')
#2 C:\\wamp64\\www\\maasin_live_act\\vendor\\laravel\\framework\\src\\Illuminate\\Foundation\\Bootstrap\\HandleExceptions.php(255): Illuminate\\Foundation\\Bootstrap\\HandleExceptions->handleShutdown()
#3 C:\\wamp64\\www\\maasin_live_act\\vendor\\laravel\\framework\\src\\Illuminate\\Foundation\\Bootstrap\\HandleExceptions.php(0): Illuminate\\Foundation\\Bootstrap\\HandleExceptions->{closure:C:\\wamp64\\www\\maasin_live_act\\vendor\\laravel\\framework\\src\\Illuminate\\Foundation\\Bootstrap\\HandleExceptions.php:254-256}()
#4 {main}
"} 
[2025-10-06 04:19:27] local.ERROR: Cannot redeclare class App\MySession (previously declared in C:\wamp64\www\maasin_live_act\app\MySession.php:8) {"exception":"[object] (Symfony\\Component\\ErrorHandler\\Error\\FatalError(code: 0): Cannot redeclare class App\\MySession (previously declared in C:\\wamp64\\www\\maasin_live_act\\app\\MySession.php:8) at C:\\wamp64\\www\\maasin_live_act\\app\\Models\\MySession.php:8)
[stacktrace]
#0 C:\\wamp64\\www\\maasin_live_act\\vendor\\laravel\\framework\\src\\Illuminate\\Foundation\\Bootstrap\\HandleExceptions.php(244): Symfony\\Component\\ErrorHandler\\Error\\FatalError->__construct(message: ''Cannot redecla...', code: '0', error: '['type' => 64, ...', traceOffset: '0', traceArgs: '???', trace: '???')
#1 C:\\wamp64\\www\\maasin_live_act\\vendor\\laravel\\framework\\src\\Illuminate\\Foundation\\Bootstrap\\HandleExceptions.php(231): Illuminate\\Foundation\\Bootstrap\\HandleExceptions->fatalErrorFromPhpError(error: '['type' => 64, ...', traceOffset: '0')
#2 C:\\wamp64\\www\\maasin_live_act\\vendor\\laravel\\framework\\src\\Illuminate\\Foundation\\Bootstrap\\HandleExceptions.php(255): Illuminate\\Foundation\\Bootstrap\\HandleExceptions->handleShutdown()
#3 C:\\wamp64\\www\\maasin_live_act\\vendor\\laravel\\framework\\src\\Illuminate\\Foundation\\Bootstrap\\HandleExceptions.php(0): Illuminate\\Foundation\\Bootstrap\\HandleExceptions->{closure:C:\\wamp64\\www\\maasin_live_act\\vendor\\laravel\\framework\\src\\Illuminate\\Foundation\\Bootstrap\\HandleExceptions.php:254-256}()
#4 {main}
"} 
[2025-10-06 04:20:27] local.ERROR: Cannot redeclare class App\MySession (previously declared in C:\wamp64\www\maasin_live_act\app\MySession.php:8) {"exception":"[object] (Symfony\\Component\\ErrorHandler\\Error\\FatalError(code: 0): Cannot redeclare class App\\MySession (previously declared in C:\\wamp64\\www\\maasin_live_act\\app\\MySession.php:8) at C:\\wamp64\\www\\maasin_live_act\\app\\Models\\MySession.php:8)
[stacktrace]
#0 C:\\wamp64\\www\\maasin_live_act\\vendor\\laravel\\framework\\src\\Illuminate\\Foundation\\Bootstrap\\HandleExceptions.php(244): Symfony\\Component\\ErrorHandler\\Error\\FatalError->__construct(message: ''Cannot redecla...', code: '0', error: '['type' => 64, ...', traceOffset: '0', traceArgs: '???', trace: '???')
#1 C:\\wamp64\\www\\maasin_live_act\\vendor\\laravel\\framework\\src\\Illuminate\\Foundation\\Bootstrap\\HandleExceptions.php(231): Illuminate\\Foundation\\Bootstrap\\HandleExceptions->fatalErrorFromPhpError(error: '['type' => 64, ...', traceOffset: '0')
#2 C:\\wamp64\\www\\maasin_live_act\\vendor\\laravel\\framework\\src\\Illuminate\\Foundation\\Bootstrap\\HandleExceptions.php(255): Illuminate\\Foundation\\Bootstrap\\HandleExceptions->handleShutdown()
#3 C:\\wamp64\\www\\maasin_live_act\\vendor\\laravel\\framework\\src\\Illuminate\\Foundation\\Bootstrap\\HandleExceptions.php(0): Illuminate\\Foundation\\Bootstrap\\HandleExceptions->{closure:C:\\wamp64\\www\\maasin_live_act\\vendor\\laravel\\framework\\src\\Illuminate\\Foundation\\Bootstrap\\HandleExceptions.php:254-256}()
#4 {main}
"} 
[2025-10-06 04:21:27] local.ERROR: Cannot redeclare class App\MySession (previously declared in C:\wamp64\www\maasin_live_act\app\MySession.php:8) {"exception":"[object] (Symfony\\Component\\ErrorHandler\\Error\\FatalError(code: 0): Cannot redeclare class App\\MySession (previously declared in C:\\wamp64\\www\\maasin_live_act\\app\\MySession.php:8) at C:\\wamp64\\www\\maasin_live_act\\app\\Models\\MySession.php:8)
[stacktrace]
#0 C:\\wamp64\\www\\maasin_live_act\\vendor\\laravel\\framework\\src\\Illuminate\\Foundation\\Bootstrap\\HandleExceptions.php(244): Symfony\\Component\\ErrorHandler\\Error\\FatalError->__construct(message: ''Cannot redecla...', code: '0', error: '['type' => 64, ...', traceOffset: '0', traceArgs: '???', trace: '???')
#1 C:\\wamp64\\www\\maasin_live_act\\vendor\\laravel\\framework\\src\\Illuminate\\Foundation\\Bootstrap\\HandleExceptions.php(231): Illuminate\\Foundation\\Bootstrap\\HandleExceptions->fatalErrorFromPhpError(error: '['type' => 64, ...', traceOffset: '0')
#2 C:\\wamp64\\www\\maasin_live_act\\vendor\\laravel\\framework\\src\\Illuminate\\Foundation\\Bootstrap\\HandleExceptions.php(255): Illuminate\\Foundation\\Bootstrap\\HandleExceptions->handleShutdown()
#3 C:\\wamp64\\www\\maasin_live_act\\vendor\\laravel\\framework\\src\\Illuminate\\Foundation\\Bootstrap\\HandleExceptions.php(0): Illuminate\\Foundation\\Bootstrap\\HandleExceptions->{closure:C:\\wamp64\\www\\maasin_live_act\\vendor\\laravel\\framework\\src\\Illuminate\\Foundation\\Bootstrap\\HandleExceptions.php:254-256}()
#4 {main}
"} 
[2025-10-06 04:22:27] local.ERROR: Cannot redeclare class App\MySession (previously declared in C:\wamp64\www\maasin_live_act\app\MySession.php:8) {"exception":"[object] (Symfony\\Component\\ErrorHandler\\Error\\FatalError(code: 0): Cannot redeclare class App\\MySession (previously declared in C:\\wamp64\\www\\maasin_live_act\\app\\MySession.php:8) at C:\\wamp64\\www\\maasin_live_act\\app\\Models\\MySession.php:8)
[stacktrace]
#0 C:\\wamp64\\www\\maasin_live_act\\vendor\\laravel\\framework\\src\\Illuminate\\Foundation\\Bootstrap\\HandleExceptions.php(244): Symfony\\Component\\ErrorHandler\\Error\\FatalError->__construct(message: ''Cannot redecla...', code: '0', error: '['type' => 64, ...', traceOffset: '0', traceArgs: '???', trace: '???')
#1 C:\\wamp64\\www\\maasin_live_act\\vendor\\laravel\\framework\\src\\Illuminate\\Foundation\\Bootstrap\\HandleExceptions.php(231): Illuminate\\Foundation\\Bootstrap\\HandleExceptions->fatalErrorFromPhpError(error: '['type' => 64, ...', traceOffset: '0')
#2 C:\\wamp64\\www\\maasin_live_act\\vendor\\laravel\\framework\\src\\Illuminate\\Foundation\\Bootstrap\\HandleExceptions.php(255): Illuminate\\Foundation\\Bootstrap\\HandleExceptions->handleShutdown()
#3 C:\\wamp64\\www\\maasin_live_act\\vendor\\laravel\\framework\\src\\Illuminate\\Foundation\\Bootstrap\\HandleExceptions.php(0): Illuminate\\Foundation\\Bootstrap\\HandleExceptions->{closure:C:\\wamp64\\www\\maasin_live_act\\vendor\\laravel\\framework\\src\\Illuminate\\Foundation\\Bootstrap\\HandleExceptions.php:254-256}()
#4 {main}
"} 
[2025-10-06 04:23:27] local.ERROR: Cannot redeclare class App\MySession (previously declared in C:\wamp64\www\maasin_live_act\app\MySession.php:8) {"exception":"[object] (Symfony\\Component\\ErrorHandler\\Error\\FatalError(code: 0): Cannot redeclare class App\\MySession (previously declared in C:\\wamp64\\www\\maasin_live_act\\app\\MySession.php:8) at C:\\wamp64\\www\\maasin_live_act\\app\\Models\\MySession.php:8)
[stacktrace]
#0 C:\\wamp64\\www\\maasin_live_act\\vendor\\laravel\\framework\\src\\Illuminate\\Foundation\\Bootstrap\\HandleExceptions.php(244): Symfony\\Component\\ErrorHandler\\Error\\FatalError->__construct(message: ''Cannot redecla...', code: '0', error: '['type' => 64, ...', traceOffset: '0', traceArgs: '???', trace: '???')
#1 C:\\wamp64\\www\\maasin_live_act\\vendor\\laravel\\framework\\src\\Illuminate\\Foundation\\Bootstrap\\HandleExceptions.php(231): Illuminate\\Foundation\\Bootstrap\\HandleExceptions->fatalErrorFromPhpError(error: '['type' => 64, ...', traceOffset: '0')
#2 C:\\wamp64\\www\\maasin_live_act\\vendor\\laravel\\framework\\src\\Illuminate\\Foundation\\Bootstrap\\HandleExceptions.php(255): Illuminate\\Foundation\\Bootstrap\\HandleExceptions->handleShutdown()
#3 C:\\wamp64\\www\\maasin_live_act\\vendor\\laravel\\framework\\src\\Illuminate\\Foundation\\Bootstrap\\HandleExceptions.php(0): Illuminate\\Foundation\\Bootstrap\\HandleExceptions->{closure:C:\\wamp64\\www\\maasin_live_act\\vendor\\laravel\\framework\\src\\Illuminate\\Foundation\\Bootstrap\\HandleExceptions.php:254-256}()
#4 {main}
"} 
[2025-10-06 04:24:27] local.ERROR: Cannot redeclare class App\MySession (previously declared in C:\wamp64\www\maasin_live_act\app\MySession.php:8) {"exception":"[object] (Symfony\\Component\\ErrorHandler\\Error\\FatalError(code: 0): Cannot redeclare class App\\MySession (previously declared in C:\\wamp64\\www\\maasin_live_act\\app\\MySession.php:8) at C:\\wamp64\\www\\maasin_live_act\\app\\Models\\MySession.php:8)
[stacktrace]
#0 C:\\wamp64\\www\\maasin_live_act\\vendor\\laravel\\framework\\src\\Illuminate\\Foundation\\Bootstrap\\HandleExceptions.php(244): Symfony\\Component\\ErrorHandler\\Error\\FatalError->__construct(message: ''Cannot redecla...', code: '0', error: '['type' => 64, ...', traceOffset: '0', traceArgs: '???', trace: '???')
#1 C:\\wamp64\\www\\maasin_live_act\\vendor\\laravel\\framework\\src\\Illuminate\\Foundation\\Bootstrap\\HandleExceptions.php(231): Illuminate\\Foundation\\Bootstrap\\HandleExceptions->fatalErrorFromPhpError(error: '['type' => 64, ...', traceOffset: '0')
#2 C:\\wamp64\\www\\maasin_live_act\\vendor\\laravel\\framework\\src\\Illuminate\\Foundation\\Bootstrap\\HandleExceptions.php(255): Illuminate\\Foundation\\Bootstrap\\HandleExceptions->handleShutdown()
#3 C:\\wamp64\\www\\maasin_live_act\\vendor\\laravel\\framework\\src\\Illuminate\\Foundation\\Bootstrap\\HandleExceptions.php(0): Illuminate\\Foundation\\Bootstrap\\HandleExceptions->{closure:C:\\wamp64\\www\\maasin_live_act\\vendor\\laravel\\framework\\src\\Illuminate\\Foundation\\Bootstrap\\HandleExceptions.php:254-256}()
#4 {main}
"} 
[2025-10-06 04:25:27] local.ERROR: Cannot redeclare class App\MySession (previously declared in C:\wamp64\www\maasin_live_act\app\MySession.php:8) {"exception":"[object] (Symfony\\Component\\ErrorHandler\\Error\\FatalError(code: 0): Cannot redeclare class App\\MySession (previously declared in C:\\wamp64\\www\\maasin_live_act\\app\\MySession.php:8) at C:\\wamp64\\www\\maasin_live_act\\app\\Models\\MySession.php:8)
[stacktrace]
#0 C:\\wamp64\\www\\maasin_live_act\\vendor\\laravel\\framework\\src\\Illuminate\\Foundation\\Bootstrap\\HandleExceptions.php(244): Symfony\\Component\\ErrorHandler\\Error\\FatalError->__construct(message: ''Cannot redecla...', code: '0', error: '['type' => 64, ...', traceOffset: '0', traceArgs: '???', trace: '???')
#1 C:\\wamp64\\www\\maasin_live_act\\vendor\\laravel\\framework\\src\\Illuminate\\Foundation\\Bootstrap\\HandleExceptions.php(231): Illuminate\\Foundation\\Bootstrap\\HandleExceptions->fatalErrorFromPhpError(error: '['type' => 64, ...', traceOffset: '0')
#2 C:\\wamp64\\www\\maasin_live_act\\vendor\\laravel\\framework\\src\\Illuminate\\Foundation\\Bootstrap\\HandleExceptions.php(255): Illuminate\\Foundation\\Bootstrap\\HandleExceptions->handleShutdown()
#3 C:\\wamp64\\www\\maasin_live_act\\vendor\\laravel\\framework\\src\\Illuminate\\Foundation\\Bootstrap\\HandleExceptions.php(0): Illuminate\\Foundation\\Bootstrap\\HandleExceptions->{closure:C:\\wamp64\\www\\maasin_live_act\\vendor\\laravel\\framework\\src\\Illuminate\\Foundation\\Bootstrap\\HandleExceptions.php:254-256}()
#4 {main}
"} 
[2025-10-06 04:26:27] local.ERROR: Cannot redeclare class App\MySession (previously declared in C:\wamp64\www\maasin_live_act\app\MySession.php:8) {"exception":"[object] (Symfony\\Component\\ErrorHandler\\Error\\FatalError(code: 0): Cannot redeclare class App\\MySession (previously declared in C:\\wamp64\\www\\maasin_live_act\\app\\MySession.php:8) at C:\\wamp64\\www\\maasin_live_act\\app\\Models\\MySession.php:8)
[stacktrace]
#0 C:\\wamp64\\www\\maasin_live_act\\vendor\\laravel\\framework\\src\\Illuminate\\Foundation\\Bootstrap\\HandleExceptions.php(244): Symfony\\Component\\ErrorHandler\\Error\\FatalError->__construct(message: ''Cannot redecla...', code: '0', error: '['type' => 64, ...', traceOffset: '0', traceArgs: '???', trace: '???')
#1 C:\\wamp64\\www\\maasin_live_act\\vendor\\laravel\\framework\\src\\Illuminate\\Foundation\\Bootstrap\\HandleExceptions.php(231): Illuminate\\Foundation\\Bootstrap\\HandleExceptions->fatalErrorFromPhpError(error: '['type' => 64, ...', traceOffset: '0')
#2 C:\\wamp64\\www\\maasin_live_act\\vendor\\laravel\\framework\\src\\Illuminate\\Foundation\\Bootstrap\\HandleExceptions.php(255): Illuminate\\Foundation\\Bootstrap\\HandleExceptions->handleShutdown()
#3 C:\\wamp64\\www\\maasin_live_act\\vendor\\laravel\\framework\\src\\Illuminate\\Foundation\\Bootstrap\\HandleExceptions.php(0): Illuminate\\Foundation\\Bootstrap\\HandleExceptions->{closure:C:\\wamp64\\www\\maasin_live_act\\vendor\\laravel\\framework\\src\\Illuminate\\Foundation\\Bootstrap\\HandleExceptions.php:254-256}()
#4 {main}
"} 
[2025-10-06 04:27:27] local.ERROR: Cannot redeclare class App\MySession (previously declared in C:\wamp64\www\maasin_live_act\app\MySession.php:8) {"exception":"[object] (Symfony\\Component\\ErrorHandler\\Error\\FatalError(code: 0): Cannot redeclare class App\\MySession (previously declared in C:\\wamp64\\www\\maasin_live_act\\app\\MySession.php:8) at C:\\wamp64\\www\\maasin_live_act\\app\\Models\\MySession.php:8)
[stacktrace]
#0 C:\\wamp64\\www\\maasin_live_act\\vendor\\laravel\\framework\\src\\Illuminate\\Foundation\\Bootstrap\\HandleExceptions.php(244): Symfony\\Component\\ErrorHandler\\Error\\FatalError->__construct(message: ''Cannot redecla...', code: '0', error: '['type' => 64, ...', traceOffset: '0', traceArgs: '???', trace: '???')
#1 C:\\wamp64\\www\\maasin_live_act\\vendor\\laravel\\framework\\src\\Illuminate\\Foundation\\Bootstrap\\HandleExceptions.php(231): Illuminate\\Foundation\\Bootstrap\\HandleExceptions->fatalErrorFromPhpError(error: '['type' => 64, ...', traceOffset: '0')
#2 C:\\wamp64\\www\\maasin_live_act\\vendor\\laravel\\framework\\src\\Illuminate\\Foundation\\Bootstrap\\HandleExceptions.php(255): Illuminate\\Foundation\\Bootstrap\\HandleExceptions->handleShutdown()
#3 C:\\wamp64\\www\\maasin_live_act\\vendor\\laravel\\framework\\src\\Illuminate\\Foundation\\Bootstrap\\HandleExceptions.php(0): Illuminate\\Foundation\\Bootstrap\\HandleExceptions->{closure:C:\\wamp64\\www\\maasin_live_act\\vendor\\laravel\\framework\\src\\Illuminate\\Foundation\\Bootstrap\\HandleExceptions.php:254-256}()
#4 {main}
"} 
[2025-10-06 04:28:27] local.ERROR: Cannot redeclare class App\MySession (previously declared in C:\wamp64\www\maasin_live_act\app\MySession.php:8) {"exception":"[object] (Symfony\\Component\\ErrorHandler\\Error\\FatalError(code: 0): Cannot redeclare class App\\MySession (previously declared in C:\\wamp64\\www\\maasin_live_act\\app\\MySession.php:8) at C:\\wamp64\\www\\maasin_live_act\\app\\Models\\MySession.php:8)
[stacktrace]
#0 C:\\wamp64\\www\\maasin_live_act\\vendor\\laravel\\framework\\src\\Illuminate\\Foundation\\Bootstrap\\HandleExceptions.php(244): Symfony\\Component\\ErrorHandler\\Error\\FatalError->__construct(message: ''Cannot redecla...', code: '0', error: '['type' => 64, ...', traceOffset: '0', traceArgs: '???', trace: '???')
#1 C:\\wamp64\\www\\maasin_live_act\\vendor\\laravel\\framework\\src\\Illuminate\\Foundation\\Bootstrap\\HandleExceptions.php(231): Illuminate\\Foundation\\Bootstrap\\HandleExceptions->fatalErrorFromPhpError(error: '['type' => 64, ...', traceOffset: '0')
#2 C:\\wamp64\\www\\maasin_live_act\\vendor\\laravel\\framework\\src\\Illuminate\\Foundation\\Bootstrap\\HandleExceptions.php(255): Illuminate\\Foundation\\Bootstrap\\HandleExceptions->handleShutdown()
#3 C:\\wamp64\\www\\maasin_live_act\\vendor\\laravel\\framework\\src\\Illuminate\\Foundation\\Bootstrap\\HandleExceptions.php(0): Illuminate\\Foundation\\Bootstrap\\HandleExceptions->{closure:C:\\wamp64\\www\\maasin_live_act\\vendor\\laravel\\framework\\src\\Illuminate\\Foundation\\Bootstrap\\HandleExceptions.php:254-256}()
#4 {main}
"} 
[2025-10-06 04:29:27] local.ERROR: Cannot redeclare class App\MySession (previously declared in C:\wamp64\www\maasin_live_act\app\MySession.php:8) {"exception":"[object] (Symfony\\Component\\ErrorHandler\\Error\\FatalError(code: 0): Cannot redeclare class App\\MySession (previously declared in C:\\wamp64\\www\\maasin_live_act\\app\\MySession.php:8) at C:\\wamp64\\www\\maasin_live_act\\app\\Models\\MySession.php:8)
[stacktrace]
#0 C:\\wamp64\\www\\maasin_live_act\\vendor\\laravel\\framework\\src\\Illuminate\\Foundation\\Bootstrap\\HandleExceptions.php(244): Symfony\\Component\\ErrorHandler\\Error\\FatalError->__construct(message: ''Cannot redecla...', code: '0', error: '['type' => 64, ...', traceOffset: '0', traceArgs: '???', trace: '???')
#1 C:\\wamp64\\www\\maasin_live_act\\vendor\\laravel\\framework\\src\\Illuminate\\Foundation\\Bootstrap\\HandleExceptions.php(231): Illuminate\\Foundation\\Bootstrap\\HandleExceptions->fatalErrorFromPhpError(error: '['type' => 64, ...', traceOffset: '0')
#2 C:\\wamp64\\www\\maasin_live_act\\vendor\\laravel\\framework\\src\\Illuminate\\Foundation\\Bootstrap\\HandleExceptions.php(255): Illuminate\\Foundation\\Bootstrap\\HandleExceptions->handleShutdown()
#3 C:\\wamp64\\www\\maasin_live_act\\vendor\\laravel\\framework\\src\\Illuminate\\Foundation\\Bootstrap\\HandleExceptions.php(0): Illuminate\\Foundation\\Bootstrap\\HandleExceptions->{closure:C:\\wamp64\\www\\maasin_live_act\\vendor\\laravel\\framework\\src\\Illuminate\\Foundation\\Bootstrap\\HandleExceptions.php:254-256}()
#4 {main}
"} 
[2025-10-06 04:30:27] local.ERROR: Cannot redeclare class App\MySession (previously declared in C:\wamp64\www\maasin_live_act\app\MySession.php:8) {"exception":"[object] (Symfony\\Component\\ErrorHandler\\Error\\FatalError(code: 0): Cannot redeclare class App\\MySession (previously declared in C:\\wamp64\\www\\maasin_live_act\\app\\MySession.php:8) at C:\\wamp64\\www\\maasin_live_act\\app\\Models\\MySession.php:8)
[stacktrace]
#0 C:\\wamp64\\www\\maasin_live_act\\vendor\\laravel\\framework\\src\\Illuminate\\Foundation\\Bootstrap\\HandleExceptions.php(244): Symfony\\Component\\ErrorHandler\\Error\\FatalError->__construct(message: ''Cannot redecla...', code: '0', error: '['type' => 64, ...', traceOffset: '0', traceArgs: '???', trace: '???')
#1 C:\\wamp64\\www\\maasin_live_act\\vendor\\laravel\\framework\\src\\Illuminate\\Foundation\\Bootstrap\\HandleExceptions.php(231): Illuminate\\Foundation\\Bootstrap\\HandleExceptions->fatalErrorFromPhpError(error: '['type' => 64, ...', traceOffset: '0')
#2 C:\\wamp64\\www\\maasin_live_act\\vendor\\laravel\\framework\\src\\Illuminate\\Foundation\\Bootstrap\\HandleExceptions.php(255): Illuminate\\Foundation\\Bootstrap\\HandleExceptions->handleShutdown()
#3 C:\\wamp64\\www\\maasin_live_act\\vendor\\laravel\\framework\\src\\Illuminate\\Foundation\\Bootstrap\\HandleExceptions.php(0): Illuminate\\Foundation\\Bootstrap\\HandleExceptions->{closure:C:\\wamp64\\www\\maasin_live_act\\vendor\\laravel\\framework\\src\\Illuminate\\Foundation\\Bootstrap\\HandleExceptions.php:254-256}()
#4 {main}
"} 
[2025-10-06 04:31:27] local.ERROR: Cannot redeclare class App\MySession (previously declared in C:\wamp64\www\maasin_live_act\app\MySession.php:8) {"exception":"[object] (Symfony\\Component\\ErrorHandler\\Error\\FatalError(code: 0): Cannot redeclare class App\\MySession (previously declared in C:\\wamp64\\www\\maasin_live_act\\app\\MySession.php:8) at C:\\wamp64\\www\\maasin_live_act\\app\\Models\\MySession.php:8)
[stacktrace]
#0 C:\\wamp64\\www\\maasin_live_act\\vendor\\laravel\\framework\\src\\Illuminate\\Foundation\\Bootstrap\\HandleExceptions.php(244): Symfony\\Component\\ErrorHandler\\Error\\FatalError->__construct(message: ''Cannot redecla...', code: '0', error: '['type' => 64, ...', traceOffset: '0', traceArgs: '???', trace: '???')
#1 C:\\wamp64\\www\\maasin_live_act\\vendor\\laravel\\framework\\src\\Illuminate\\Foundation\\Bootstrap\\HandleExceptions.php(231): Illuminate\\Foundation\\Bootstrap\\HandleExceptions->fatalErrorFromPhpError(error: '['type' => 64, ...', traceOffset: '0')
#2 C:\\wamp64\\www\\maasin_live_act\\vendor\\laravel\\framework\\src\\Illuminate\\Foundation\\Bootstrap\\HandleExceptions.php(255): Illuminate\\Foundation\\Bootstrap\\HandleExceptions->handleShutdown()
#3 C:\\wamp64\\www\\maasin_live_act\\vendor\\laravel\\framework\\src\\Illuminate\\Foundation\\Bootstrap\\HandleExceptions.php(0): Illuminate\\Foundation\\Bootstrap\\HandleExceptions->{closure:C:\\wamp64\\www\\maasin_live_act\\vendor\\laravel\\framework\\src\\Illuminate\\Foundation\\Bootstrap\\HandleExceptions.php:254-256}()
#4 {main}
"} 
[2025-10-06 04:32:27] local.ERROR: Cannot redeclare class App\MySession (previously declared in C:\wamp64\www\maasin_live_act\app\MySession.php:8) {"exception":"[object] (Symfony\\Component\\ErrorHandler\\Error\\FatalError(code: 0): Cannot redeclare class App\\MySession (previously declared in C:\\wamp64\\www\\maasin_live_act\\app\\MySession.php:8) at C:\\wamp64\\www\\maasin_live_act\\app\\Models\\MySession.php:8)
[stacktrace]
#0 C:\\wamp64\\www\\maasin_live_act\\vendor\\laravel\\framework\\src\\Illuminate\\Foundation\\Bootstrap\\HandleExceptions.php(244): Symfony\\Component\\ErrorHandler\\Error\\FatalError->__construct(message: ''Cannot redecla...', code: '0', error: '['type' => 64, ...', traceOffset: '0', traceArgs: '???', trace: '???')
#1 C:\\wamp64\\www\\maasin_live_act\\vendor\\laravel\\framework\\src\\Illuminate\\Foundation\\Bootstrap\\HandleExceptions.php(231): Illuminate\\Foundation\\Bootstrap\\HandleExceptions->fatalErrorFromPhpError(error: '['type' => 64, ...', traceOffset: '0')
#2 C:\\wamp64\\www\\maasin_live_act\\vendor\\laravel\\framework\\src\\Illuminate\\Foundation\\Bootstrap\\HandleExceptions.php(255): Illuminate\\Foundation\\Bootstrap\\HandleExceptions->handleShutdown()
#3 C:\\wamp64\\www\\maasin_live_act\\vendor\\laravel\\framework\\src\\Illuminate\\Foundation\\Bootstrap\\HandleExceptions.php(0): Illuminate\\Foundation\\Bootstrap\\HandleExceptions->{closure:C:\\wamp64\\www\\maasin_live_act\\vendor\\laravel\\framework\\src\\Illuminate\\Foundation\\Bootstrap\\HandleExceptions.php:254-256}()
#4 {main}
"} 
[2025-10-06 04:33:27] local.ERROR: Cannot redeclare class App\MySession (previously declared in C:\wamp64\www\maasin_live_act\app\MySession.php:8) {"exception":"[object] (Symfony\\Component\\ErrorHandler\\Error\\FatalError(code: 0): Cannot redeclare class App\\MySession (previously declared in C:\\wamp64\\www\\maasin_live_act\\app\\MySession.php:8) at C:\\wamp64\\www\\maasin_live_act\\app\\Models\\MySession.php:8)
[stacktrace]
#0 C:\\wamp64\\www\\maasin_live_act\\vendor\\laravel\\framework\\src\\Illuminate\\Foundation\\Bootstrap\\HandleExceptions.php(244): Symfony\\Component\\ErrorHandler\\Error\\FatalError->__construct(message: ''Cannot redecla...', code: '0', error: '['type' => 64, ...', traceOffset: '0', traceArgs: '???', trace: '???')
#1 C:\\wamp64\\www\\maasin_live_act\\vendor\\laravel\\framework\\src\\Illuminate\\Foundation\\Bootstrap\\HandleExceptions.php(231): Illuminate\\Foundation\\Bootstrap\\HandleExceptions->fatalErrorFromPhpError(error: '['type' => 64, ...', traceOffset: '0')
#2 C:\\wamp64\\www\\maasin_live_act\\vendor\\laravel\\framework\\src\\Illuminate\\Foundation\\Bootstrap\\HandleExceptions.php(255): Illuminate\\Foundation\\Bootstrap\\HandleExceptions->handleShutdown()
#3 C:\\wamp64\\www\\maasin_live_act\\vendor\\laravel\\framework\\src\\Illuminate\\Foundation\\Bootstrap\\HandleExceptions.php(0): Illuminate\\Foundation\\Bootstrap\\HandleExceptions->{closure:C:\\wamp64\\www\\maasin_live_act\\vendor\\laravel\\framework\\src\\Illuminate\\Foundation\\Bootstrap\\HandleExceptions.php:254-256}()
#4 {main}
"} 
[2025-10-06 04:34:27] local.ERROR: Cannot redeclare class App\MySession (previously declared in C:\wamp64\www\maasin_live_act\app\MySession.php:8) {"exception":"[object] (Symfony\\Component\\ErrorHandler\\Error\\FatalError(code: 0): Cannot redeclare class App\\MySession (previously declared in C:\\wamp64\\www\\maasin_live_act\\app\\MySession.php:8) at C:\\wamp64\\www\\maasin_live_act\\app\\Models\\MySession.php:8)
[stacktrace]
#0 C:\\wamp64\\www\\maasin_live_act\\vendor\\laravel\\framework\\src\\Illuminate\\Foundation\\Bootstrap\\HandleExceptions.php(244): Symfony\\Component\\ErrorHandler\\Error\\FatalError->__construct(message: ''Cannot redecla...', code: '0', error: '['type' => 64, ...', traceOffset: '0', traceArgs: '???', trace: '???')
#1 C:\\wamp64\\www\\maasin_live_act\\vendor\\laravel\\framework\\src\\Illuminate\\Foundation\\Bootstrap\\HandleExceptions.php(231): Illuminate\\Foundation\\Bootstrap\\HandleExceptions->fatalErrorFromPhpError(error: '['type' => 64, ...', traceOffset: '0')
#2 C:\\wamp64\\www\\maasin_live_act\\vendor\\laravel\\framework\\src\\Illuminate\\Foundation\\Bootstrap\\HandleExceptions.php(255): Illuminate\\Foundation\\Bootstrap\\HandleExceptions->handleShutdown()
#3 C:\\wamp64\\www\\maasin_live_act\\vendor\\laravel\\framework\\src\\Illuminate\\Foundation\\Bootstrap\\HandleExceptions.php(0): Illuminate\\Foundation\\Bootstrap\\HandleExceptions->{closure:C:\\wamp64\\www\\maasin_live_act\\vendor\\laravel\\framework\\src\\Illuminate\\Foundation\\Bootstrap\\HandleExceptions.php:254-256}()
#4 {main}
"} 
[2025-10-06 04:35:27] local.ERROR: Cannot redeclare class App\MySession (previously declared in C:\wamp64\www\maasin_live_act\app\MySession.php:8) {"exception":"[object] (Symfony\\Component\\ErrorHandler\\Error\\FatalError(code: 0): Cannot redeclare class App\\MySession (previously declared in C:\\wamp64\\www\\maasin_live_act\\app\\MySession.php:8) at C:\\wamp64\\www\\maasin_live_act\\app\\Models\\MySession.php:8)
[stacktrace]
#0 C:\\wamp64\\www\\maasin_live_act\\vendor\\laravel\\framework\\src\\Illuminate\\Foundation\\Bootstrap\\HandleExceptions.php(244): Symfony\\Component\\ErrorHandler\\Error\\FatalError->__construct(message: ''Cannot redecla...', code: '0', error: '['type' => 64, ...', traceOffset: '0', traceArgs: '???', trace: '???')
#1 C:\\wamp64\\www\\maasin_live_act\\vendor\\laravel\\framework\\src\\Illuminate\\Foundation\\Bootstrap\\HandleExceptions.php(231): Illuminate\\Foundation\\Bootstrap\\HandleExceptions->fatalErrorFromPhpError(error: '['type' => 64, ...', traceOffset: '0')
#2 C:\\wamp64\\www\\maasin_live_act\\vendor\\laravel\\framework\\src\\Illuminate\\Foundation\\Bootstrap\\HandleExceptions.php(255): Illuminate\\Foundation\\Bootstrap\\HandleExceptions->handleShutdown()
#3 C:\\wamp64\\www\\maasin_live_act\\vendor\\laravel\\framework\\src\\Illuminate\\Foundation\\Bootstrap\\HandleExceptions.php(0): Illuminate\\Foundation\\Bootstrap\\HandleExceptions->{closure:C:\\wamp64\\www\\maasin_live_act\\vendor\\laravel\\framework\\src\\Illuminate\\Foundation\\Bootstrap\\HandleExceptions.php:254-256}()
#4 {main}
"} 
[2025-10-06 04:36:27] local.ERROR: Cannot redeclare class App\MySession (previously declared in C:\wamp64\www\maasin_live_act\app\MySession.php:8) {"exception":"[object] (Symfony\\Component\\ErrorHandler\\Error\\FatalError(code: 0): Cannot redeclare class App\\MySession (previously declared in C:\\wamp64\\www\\maasin_live_act\\app\\MySession.php:8) at C:\\wamp64\\www\\maasin_live_act\\app\\Models\\MySession.php:8)
[stacktrace]
#0 C:\\wamp64\\www\\maasin_live_act\\vendor\\laravel\\framework\\src\\Illuminate\\Foundation\\Bootstrap\\HandleExceptions.php(244): Symfony\\Component\\ErrorHandler\\Error\\FatalError->__construct(message: ''Cannot redecla...', code: '0', error: '['type' => 64, ...', traceOffset: '0', traceArgs: '???', trace: '???')
#1 C:\\wamp64\\www\\maasin_live_act\\vendor\\laravel\\framework\\src\\Illuminate\\Foundation\\Bootstrap\\HandleExceptions.php(231): Illuminate\\Foundation\\Bootstrap\\HandleExceptions->fatalErrorFromPhpError(error: '['type' => 64, ...', traceOffset: '0')
#2 C:\\wamp64\\www\\maasin_live_act\\vendor\\laravel\\framework\\src\\Illuminate\\Foundation\\Bootstrap\\HandleExceptions.php(255): Illuminate\\Foundation\\Bootstrap\\HandleExceptions->handleShutdown()
#3 C:\\wamp64\\www\\maasin_live_act\\vendor\\laravel\\framework\\src\\Illuminate\\Foundation\\Bootstrap\\HandleExceptions.php(0): Illuminate\\Foundation\\Bootstrap\\HandleExceptions->{closure:C:\\wamp64\\www\\maasin_live_act\\vendor\\laravel\\framework\\src\\Illuminate\\Foundation\\Bootstrap\\HandleExceptions.php:254-256}()
#4 {main}
"} 
[2025-10-06 04:37:27] local.ERROR: Cannot redeclare class App\MySession (previously declared in C:\wamp64\www\maasin_live_act\app\MySession.php:8) {"exception":"[object] (Symfony\\Component\\ErrorHandler\\Error\\FatalError(code: 0): Cannot redeclare class App\\MySession (previously declared in C:\\wamp64\\www\\maasin_live_act\\app\\MySession.php:8) at C:\\wamp64\\www\\maasin_live_act\\app\\Models\\MySession.php:8)
[stacktrace]
#0 C:\\wamp64\\www\\maasin_live_act\\vendor\\laravel\\framework\\src\\Illuminate\\Foundation\\Bootstrap\\HandleExceptions.php(244): Symfony\\Component\\ErrorHandler\\Error\\FatalError->__construct(message: ''Cannot redecla...', code: '0', error: '['type' => 64, ...', traceOffset: '0', traceArgs: '???', trace: '???')
#1 C:\\wamp64\\www\\maasin_live_act\\vendor\\laravel\\framework\\src\\Illuminate\\Foundation\\Bootstrap\\HandleExceptions.php(231): Illuminate\\Foundation\\Bootstrap\\HandleExceptions->fatalErrorFromPhpError(error: '['type' => 64, ...', traceOffset: '0')
#2 C:\\wamp64\\www\\maasin_live_act\\vendor\\laravel\\framework\\src\\Illuminate\\Foundation\\Bootstrap\\HandleExceptions.php(255): Illuminate\\Foundation\\Bootstrap\\HandleExceptions->handleShutdown()
#3 C:\\wamp64\\www\\maasin_live_act\\vendor\\laravel\\framework\\src\\Illuminate\\Foundation\\Bootstrap\\HandleExceptions.php(0): Illuminate\\Foundation\\Bootstrap\\HandleExceptions->{closure:C:\\wamp64\\www\\maasin_live_act\\vendor\\laravel\\framework\\src\\Illuminate\\Foundation\\Bootstrap\\HandleExceptions.php:254-256}()
#4 {main}
"} 
[2025-10-06 04:38:27] local.ERROR: Cannot redeclare class App\MySession (previously declared in C:\wamp64\www\maasin_live_act\app\MySession.php:8) {"exception":"[object] (Symfony\\Component\\ErrorHandler\\Error\\FatalError(code: 0): Cannot redeclare class App\\MySession (previously declared in C:\\wamp64\\www\\maasin_live_act\\app\\MySession.php:8) at C:\\wamp64\\www\\maasin_live_act\\app\\Models\\MySession.php:8)
[stacktrace]
#0 C:\\wamp64\\www\\maasin_live_act\\vendor\\laravel\\framework\\src\\Illuminate\\Foundation\\Bootstrap\\HandleExceptions.php(244): Symfony\\Component\\ErrorHandler\\Error\\FatalError->__construct(message: ''Cannot redecla...', code: '0', error: '['type' => 64, ...', traceOffset: '0', traceArgs: '???', trace: '???')
#1 C:\\wamp64\\www\\maasin_live_act\\vendor\\laravel\\framework\\src\\Illuminate\\Foundation\\Bootstrap\\HandleExceptions.php(231): Illuminate\\Foundation\\Bootstrap\\HandleExceptions->fatalErrorFromPhpError(error: '['type' => 64, ...', traceOffset: '0')
#2 C:\\wamp64\\www\\maasin_live_act\\vendor\\laravel\\framework\\src\\Illuminate\\Foundation\\Bootstrap\\HandleExceptions.php(255): Illuminate\\Foundation\\Bootstrap\\HandleExceptions->handleShutdown()
#3 C:\\wamp64\\www\\maasin_live_act\\vendor\\laravel\\framework\\src\\Illuminate\\Foundation\\Bootstrap\\HandleExceptions.php(0): Illuminate\\Foundation\\Bootstrap\\HandleExceptions->{closure:C:\\wamp64\\www\\maasin_live_act\\vendor\\laravel\\framework\\src\\Illuminate\\Foundation\\Bootstrap\\HandleExceptions.php:254-256}()
#4 {main}
"} 
[2025-10-06 04:39:27] local.ERROR: Cannot redeclare class App\MySession (previously declared in C:\wamp64\www\maasin_live_act\app\MySession.php:8) {"exception":"[object] (Symfony\\Component\\ErrorHandler\\Error\\FatalError(code: 0): Cannot redeclare class App\\MySession (previously declared in C:\\wamp64\\www\\maasin_live_act\\app\\MySession.php:8) at C:\\wamp64\\www\\maasin_live_act\\app\\Models\\MySession.php:8)
[stacktrace]
#0 C:\\wamp64\\www\\maasin_live_act\\vendor\\laravel\\framework\\src\\Illuminate\\Foundation\\Bootstrap\\HandleExceptions.php(244): Symfony\\Component\\ErrorHandler\\Error\\FatalError->__construct(message: ''Cannot redecla...', code: '0', error: '['type' => 64, ...', traceOffset: '0', traceArgs: '???', trace: '???')
#1 C:\\wamp64\\www\\maasin_live_act\\vendor\\laravel\\framework\\src\\Illuminate\\Foundation\\Bootstrap\\HandleExceptions.php(231): Illuminate\\Foundation\\Bootstrap\\HandleExceptions->fatalErrorFromPhpError(error: '['type' => 64, ...', traceOffset: '0')
#2 C:\\wamp64\\www\\maasin_live_act\\vendor\\laravel\\framework\\src\\Illuminate\\Foundation\\Bootstrap\\HandleExceptions.php(255): Illuminate\\Foundation\\Bootstrap\\HandleExceptions->handleShutdown()
#3 C:\\wamp64\\www\\maasin_live_act\\vendor\\laravel\\framework\\src\\Illuminate\\Foundation\\Bootstrap\\HandleExceptions.php(0): Illuminate\\Foundation\\Bootstrap\\HandleExceptions->{closure:C:\\wamp64\\www\\maasin_live_act\\vendor\\laravel\\framework\\src\\Illuminate\\Foundation\\Bootstrap\\HandleExceptions.php:254-256}()
#4 {main}
"} 
[2025-10-06 04:40:27] local.ERROR: Cannot redeclare class App\MySession (previously declared in C:\wamp64\www\maasin_live_act\app\MySession.php:8) {"exception":"[object] (Symfony\\Component\\ErrorHandler\\Error\\FatalError(code: 0): Cannot redeclare class App\\MySession (previously declared in C:\\wamp64\\www\\maasin_live_act\\app\\MySession.php:8) at C:\\wamp64\\www\\maasin_live_act\\app\\Models\\MySession.php:8)
[stacktrace]
#0 C:\\wamp64\\www\\maasin_live_act\\vendor\\laravel\\framework\\src\\Illuminate\\Foundation\\Bootstrap\\HandleExceptions.php(244): Symfony\\Component\\ErrorHandler\\Error\\FatalError->__construct(message: ''Cannot redecla...', code: '0', error: '['type' => 64, ...', traceOffset: '0', traceArgs: '???', trace: '???')
#1 C:\\wamp64\\www\\maasin_live_act\\vendor\\laravel\\framework\\src\\Illuminate\\Foundation\\Bootstrap\\HandleExceptions.php(231): Illuminate\\Foundation\\Bootstrap\\HandleExceptions->fatalErrorFromPhpError(error: '['type' => 64, ...', traceOffset: '0')
#2 C:\\wamp64\\www\\maasin_live_act\\vendor\\laravel\\framework\\src\\Illuminate\\Foundation\\Bootstrap\\HandleExceptions.php(255): Illuminate\\Foundation\\Bootstrap\\HandleExceptions->handleShutdown()
#3 C:\\wamp64\\www\\maasin_live_act\\vendor\\laravel\\framework\\src\\Illuminate\\Foundation\\Bootstrap\\HandleExceptions.php(0): Illuminate\\Foundation\\Bootstrap\\HandleExceptions->{closure:C:\\wamp64\\www\\maasin_live_act\\vendor\\laravel\\framework\\src\\Illuminate\\Foundation\\Bootstrap\\HandleExceptions.php:254-256}()
#4 {main}
"} 
[2025-10-06 04:41:27] local.ERROR: Cannot redeclare class App\MySession (previously declared in C:\wamp64\www\maasin_live_act\app\MySession.php:8) {"exception":"[object] (Symfony\\Component\\ErrorHandler\\Error\\FatalError(code: 0): Cannot redeclare class App\\MySession (previously declared in C:\\wamp64\\www\\maasin_live_act\\app\\MySession.php:8) at C:\\wamp64\\www\\maasin_live_act\\app\\Models\\MySession.php:8)
[stacktrace]
#0 C:\\wamp64\\www\\maasin_live_act\\vendor\\laravel\\framework\\src\\Illuminate\\Foundation\\Bootstrap\\HandleExceptions.php(244): Symfony\\Component\\ErrorHandler\\Error\\FatalError->__construct(message: ''Cannot redecla...', code: '0', error: '['type' => 64, ...', traceOffset: '0', traceArgs: '???', trace: '???')
#1 C:\\wamp64\\www\\maasin_live_act\\vendor\\laravel\\framework\\src\\Illuminate\\Foundation\\Bootstrap\\HandleExceptions.php(231): Illuminate\\Foundation\\Bootstrap\\HandleExceptions->fatalErrorFromPhpError(error: '['type' => 64, ...', traceOffset: '0')
#2 C:\\wamp64\\www\\maasin_live_act\\vendor\\laravel\\framework\\src\\Illuminate\\Foundation\\Bootstrap\\HandleExceptions.php(255): Illuminate\\Foundation\\Bootstrap\\HandleExceptions->handleShutdown()
#3 C:\\wamp64\\www\\maasin_live_act\\vendor\\laravel\\framework\\src\\Illuminate\\Foundation\\Bootstrap\\HandleExceptions.php(0): Illuminate\\Foundation\\Bootstrap\\HandleExceptions->{closure:C:\\wamp64\\www\\maasin_live_act\\vendor\\laravel\\framework\\src\\Illuminate\\Foundation\\Bootstrap\\HandleExceptions.php:254-256}()
#4 {main}
"} 
[2025-10-06 04:42:27] local.ERROR: Cannot redeclare class App\MySession (previously declared in C:\wamp64\www\maasin_live_act\app\MySession.php:8) {"exception":"[object] (Symfony\\Component\\ErrorHandler\\Error\\FatalError(code: 0): Cannot redeclare class App\\MySession (previously declared in C:\\wamp64\\www\\maasin_live_act\\app\\MySession.php:8) at C:\\wamp64\\www\\maasin_live_act\\app\\Models\\MySession.php:8)
[stacktrace]
#0 C:\\wamp64\\www\\maasin_live_act\\vendor\\laravel\\framework\\src\\Illuminate\\Foundation\\Bootstrap\\HandleExceptions.php(244): Symfony\\Component\\ErrorHandler\\Error\\FatalError->__construct(message: ''Cannot redecla...', code: '0', error: '['type' => 64, ...', traceOffset: '0', traceArgs: '???', trace: '???')
#1 C:\\wamp64\\www\\maasin_live_act\\vendor\\laravel\\framework\\src\\Illuminate\\Foundation\\Bootstrap\\HandleExceptions.php(231): Illuminate\\Foundation\\Bootstrap\\HandleExceptions->fatalErrorFromPhpError(error: '['type' => 64, ...', traceOffset: '0')
#2 C:\\wamp64\\www\\maasin_live_act\\vendor\\laravel\\framework\\src\\Illuminate\\Foundation\\Bootstrap\\HandleExceptions.php(255): Illuminate\\Foundation\\Bootstrap\\HandleExceptions->handleShutdown()
#3 C:\\wamp64\\www\\maasin_live_act\\vendor\\laravel\\framework\\src\\Illuminate\\Foundation\\Bootstrap\\HandleExceptions.php(0): Illuminate\\Foundation\\Bootstrap\\HandleExceptions->{closure:C:\\wamp64\\www\\maasin_live_act\\vendor\\laravel\\framework\\src\\Illuminate\\Foundation\\Bootstrap\\HandleExceptions.php:254-256}()
#4 {main}
"} 
[2025-10-06 04:43:27] local.ERROR: Cannot redeclare class App\MySession (previously declared in C:\wamp64\www\maasin_live_act\app\MySession.php:8) {"exception":"[object] (Symfony\\Component\\ErrorHandler\\Error\\FatalError(code: 0): Cannot redeclare class App\\MySession (previously declared in C:\\wamp64\\www\\maasin_live_act\\app\\MySession.php:8) at C:\\wamp64\\www\\maasin_live_act\\app\\Models\\MySession.php:8)
[stacktrace]
#0 C:\\wamp64\\www\\maasin_live_act\\vendor\\laravel\\framework\\src\\Illuminate\\Foundation\\Bootstrap\\HandleExceptions.php(244): Symfony\\Component\\ErrorHandler\\Error\\FatalError->__construct(message: ''Cannot redecla...', code: '0', error: '['type' => 64, ...', traceOffset: '0', traceArgs: '???', trace: '???')
#1 C:\\wamp64\\www\\maasin_live_act\\vendor\\laravel\\framework\\src\\Illuminate\\Foundation\\Bootstrap\\HandleExceptions.php(231): Illuminate\\Foundation\\Bootstrap\\HandleExceptions->fatalErrorFromPhpError(error: '['type' => 64, ...', traceOffset: '0')
#2 C:\\wamp64\\www\\maasin_live_act\\vendor\\laravel\\framework\\src\\Illuminate\\Foundation\\Bootstrap\\HandleExceptions.php(255): Illuminate\\Foundation\\Bootstrap\\HandleExceptions->handleShutdown()
#3 C:\\wamp64\\www\\maasin_live_act\\vendor\\laravel\\framework\\src\\Illuminate\\Foundation\\Bootstrap\\HandleExceptions.php(0): Illuminate\\Foundation\\Bootstrap\\HandleExceptions->{closure:C:\\wamp64\\www\\maasin_live_act\\vendor\\laravel\\framework\\src\\Illuminate\\Foundation\\Bootstrap\\HandleExceptions.php:254-256}()
#4 {main}
"} 
[2025-10-06 04:44:27] local.ERROR: Cannot redeclare class App\MySession (previously declared in C:\wamp64\www\maasin_live_act\app\MySession.php:8) {"exception":"[object] (Symfony\\Component\\ErrorHandler\\Error\\FatalError(code: 0): Cannot redeclare class App\\MySession (previously declared in C:\\wamp64\\www\\maasin_live_act\\app\\MySession.php:8) at C:\\wamp64\\www\\maasin_live_act\\app\\Models\\MySession.php:8)
[stacktrace]
#0 C:\\wamp64\\www\\maasin_live_act\\vendor\\laravel\\framework\\src\\Illuminate\\Foundation\\Bootstrap\\HandleExceptions.php(244): Symfony\\Component\\ErrorHandler\\Error\\FatalError->__construct(message: ''Cannot redecla...', code: '0', error: '['type' => 64, ...', traceOffset: '0', traceArgs: '???', trace: '???')
#1 C:\\wamp64\\www\\maasin_live_act\\vendor\\laravel\\framework\\src\\Illuminate\\Foundation\\Bootstrap\\HandleExceptions.php(231): Illuminate\\Foundation\\Bootstrap\\HandleExceptions->fatalErrorFromPhpError(error: '['type' => 64, ...', traceOffset: '0')
#2 C:\\wamp64\\www\\maasin_live_act\\vendor\\laravel\\framework\\src\\Illuminate\\Foundation\\Bootstrap\\HandleExceptions.php(255): Illuminate\\Foundation\\Bootstrap\\HandleExceptions->handleShutdown()
#3 C:\\wamp64\\www\\maasin_live_act\\vendor\\laravel\\framework\\src\\Illuminate\\Foundation\\Bootstrap\\HandleExceptions.php(0): Illuminate\\Foundation\\Bootstrap\\HandleExceptions->{closure:C:\\wamp64\\www\\maasin_live_act\\vendor\\laravel\\framework\\src\\Illuminate\\Foundation\\Bootstrap\\HandleExceptions.php:254-256}()
#4 {main}
"} 
[2025-10-06 04:45:27] local.ERROR: Cannot redeclare class App\MySession (previously declared in C:\wamp64\www\maasin_live_act\app\MySession.php:8) {"exception":"[object] (Symfony\\Component\\ErrorHandler\\Error\\FatalError(code: 0): Cannot redeclare class App\\MySession (previously declared in C:\\wamp64\\www\\maasin_live_act\\app\\MySession.php:8) at C:\\wamp64\\www\\maasin_live_act\\app\\Models\\MySession.php:8)
[stacktrace]
#0 C:\\wamp64\\www\\maasin_live_act\\vendor\\laravel\\framework\\src\\Illuminate\\Foundation\\Bootstrap\\HandleExceptions.php(244): Symfony\\Component\\ErrorHandler\\Error\\FatalError->__construct(message: ''Cannot redecla...', code: '0', error: '['type' => 64, ...', traceOffset: '0', traceArgs: '???', trace: '???')
#1 C:\\wamp64\\www\\maasin_live_act\\vendor\\laravel\\framework\\src\\Illuminate\\Foundation\\Bootstrap\\HandleExceptions.php(231): Illuminate\\Foundation\\Bootstrap\\HandleExceptions->fatalErrorFromPhpError(error: '['type' => 64, ...', traceOffset: '0')
#2 C:\\wamp64\\www\\maasin_live_act\\vendor\\laravel\\framework\\src\\Illuminate\\Foundation\\Bootstrap\\HandleExceptions.php(255): Illuminate\\Foundation\\Bootstrap\\HandleExceptions->handleShutdown()
#3 C:\\wamp64\\www\\maasin_live_act\\vendor\\laravel\\framework\\src\\Illuminate\\Foundation\\Bootstrap\\HandleExceptions.php(0): Illuminate\\Foundation\\Bootstrap\\HandleExceptions->{closure:C:\\wamp64\\www\\maasin_live_act\\vendor\\laravel\\framework\\src\\Illuminate\\Foundation\\Bootstrap\\HandleExceptions.php:254-256}()
#4 {main}
"} 
[2025-10-06 04:46:27] local.ERROR: Cannot redeclare class App\MySession (previously declared in C:\wamp64\www\maasin_live_act\app\MySession.php:8) {"exception":"[object] (Symfony\\Component\\ErrorHandler\\Error\\FatalError(code: 0): Cannot redeclare class App\\MySession (previously declared in C:\\wamp64\\www\\maasin_live_act\\app\\MySession.php:8) at C:\\wamp64\\www\\maasin_live_act\\app\\Models\\MySession.php:8)
[stacktrace]
#0 C:\\wamp64\\www\\maasin_live_act\\vendor\\laravel\\framework\\src\\Illuminate\\Foundation\\Bootstrap\\HandleExceptions.php(244): Symfony\\Component\\ErrorHandler\\Error\\FatalError->__construct(message: ''Cannot redecla...', code: '0', error: '['type' => 64, ...', traceOffset: '0', traceArgs: '???', trace: '???')
#1 C:\\wamp64\\www\\maasin_live_act\\vendor\\laravel\\framework\\src\\Illuminate\\Foundation\\Bootstrap\\HandleExceptions.php(231): Illuminate\\Foundation\\Bootstrap\\HandleExceptions->fatalErrorFromPhpError(error: '['type' => 64, ...', traceOffset: '0')
#2 C:\\wamp64\\www\\maasin_live_act\\vendor\\laravel\\framework\\src\\Illuminate\\Foundation\\Bootstrap\\HandleExceptions.php(255): Illuminate\\Foundation\\Bootstrap\\HandleExceptions->handleShutdown()
#3 C:\\wamp64\\www\\maasin_live_act\\vendor\\laravel\\framework\\src\\Illuminate\\Foundation\\Bootstrap\\HandleExceptions.php(0): Illuminate\\Foundation\\Bootstrap\\HandleExceptions->{closure:C:\\wamp64\\www\\maasin_live_act\\vendor\\laravel\\framework\\src\\Illuminate\\Foundation\\Bootstrap\\HandleExceptions.php:254-256}()
#4 {main}
"} 
[2025-10-06 04:47:27] local.ERROR: Cannot redeclare class App\MySession (previously declared in C:\wamp64\www\maasin_live_act\app\MySession.php:8) {"exception":"[object] (Symfony\\Component\\ErrorHandler\\Error\\FatalError(code: 0): Cannot redeclare class App\\MySession (previously declared in C:\\wamp64\\www\\maasin_live_act\\app\\MySession.php:8) at C:\\wamp64\\www\\maasin_live_act\\app\\Models\\MySession.php:8)
[stacktrace]
#0 C:\\wamp64\\www\\maasin_live_act\\vendor\\laravel\\framework\\src\\Illuminate\\Foundation\\Bootstrap\\HandleExceptions.php(244): Symfony\\Component\\ErrorHandler\\Error\\FatalError->__construct(message: ''Cannot redecla...', code: '0', error: '['type' => 64, ...', traceOffset: '0', traceArgs: '???', trace: '???')
#1 C:\\wamp64\\www\\maasin_live_act\\vendor\\laravel\\framework\\src\\Illuminate\\Foundation\\Bootstrap\\HandleExceptions.php(231): Illuminate\\Foundation\\Bootstrap\\HandleExceptions->fatalErrorFromPhpError(error: '['type' => 64, ...', traceOffset: '0')
#2 C:\\wamp64\\www\\maasin_live_act\\vendor\\laravel\\framework\\src\\Illuminate\\Foundation\\Bootstrap\\HandleExceptions.php(255): Illuminate\\Foundation\\Bootstrap\\HandleExceptions->handleShutdown()
#3 C:\\wamp64\\www\\maasin_live_act\\vendor\\laravel\\framework\\src\\Illuminate\\Foundation\\Bootstrap\\HandleExceptions.php(0): Illuminate\\Foundation\\Bootstrap\\HandleExceptions->{closure:C:\\wamp64\\www\\maasin_live_act\\vendor\\laravel\\framework\\src\\Illuminate\\Foundation\\Bootstrap\\HandleExceptions.php:254-256}()
#4 {main}
"} 
[2025-10-06 04:48:27] local.ERROR: Cannot redeclare class App\MySession (previously declared in C:\wamp64\www\maasin_live_act\app\MySession.php:8) {"exception":"[object] (Symfony\\Component\\ErrorHandler\\Error\\FatalError(code: 0): Cannot redeclare class App\\MySession (previously declared in C:\\wamp64\\www\\maasin_live_act\\app\\MySession.php:8) at C:\\wamp64\\www\\maasin_live_act\\app\\Models\\MySession.php:8)
[stacktrace]
#0 C:\\wamp64\\www\\maasin_live_act\\vendor\\laravel\\framework\\src\\Illuminate\\Foundation\\Bootstrap\\HandleExceptions.php(244): Symfony\\Component\\ErrorHandler\\Error\\FatalError->__construct(message: ''Cannot redecla...', code: '0', error: '['type' => 64, ...', traceOffset: '0', traceArgs: '???', trace: '???')
#1 C:\\wamp64\\www\\maasin_live_act\\vendor\\laravel\\framework\\src\\Illuminate\\Foundation\\Bootstrap\\HandleExceptions.php(231): Illuminate\\Foundation\\Bootstrap\\HandleExceptions->fatalErrorFromPhpError(error: '['type' => 64, ...', traceOffset: '0')
#2 C:\\wamp64\\www\\maasin_live_act\\vendor\\laravel\\framework\\src\\Illuminate\\Foundation\\Bootstrap\\HandleExceptions.php(255): Illuminate\\Foundation\\Bootstrap\\HandleExceptions->handleShutdown()
#3 C:\\wamp64\\www\\maasin_live_act\\vendor\\laravel\\framework\\src\\Illuminate\\Foundation\\Bootstrap\\HandleExceptions.php(0): Illuminate\\Foundation\\Bootstrap\\HandleExceptions->{closure:C:\\wamp64\\www\\maasin_live_act\\vendor\\laravel\\framework\\src\\Illuminate\\Foundation\\Bootstrap\\HandleExceptions.php:254-256}()
#4 {main}
"} 
[2025-10-06 04:49:27] local.ERROR: Cannot redeclare class App\MySession (previously declared in C:\wamp64\www\maasin_live_act\app\MySession.php:8) {"exception":"[object] (Symfony\\Component\\ErrorHandler\\Error\\FatalError(code: 0): Cannot redeclare class App\\MySession (previously declared in C:\\wamp64\\www\\maasin_live_act\\app\\MySession.php:8) at C:\\wamp64\\www\\maasin_live_act\\app\\Models\\MySession.php:8)
[stacktrace]
#0 C:\\wamp64\\www\\maasin_live_act\\vendor\\laravel\\framework\\src\\Illuminate\\Foundation\\Bootstrap\\HandleExceptions.php(244): Symfony\\Component\\ErrorHandler\\Error\\FatalError->__construct(message: ''Cannot redecla...', code: '0', error: '['type' => 64, ...', traceOffset: '0', traceArgs: '???', trace: '???')
#1 C:\\wamp64\\www\\maasin_live_act\\vendor\\laravel\\framework\\src\\Illuminate\\Foundation\\Bootstrap\\HandleExceptions.php(231): Illuminate\\Foundation\\Bootstrap\\HandleExceptions->fatalErrorFromPhpError(error: '['type' => 64, ...', traceOffset: '0')
#2 C:\\wamp64\\www\\maasin_live_act\\vendor\\laravel\\framework\\src\\Illuminate\\Foundation\\Bootstrap\\HandleExceptions.php(255): Illuminate\\Foundation\\Bootstrap\\HandleExceptions->handleShutdown()
#3 C:\\wamp64\\www\\maasin_live_act\\vendor\\laravel\\framework\\src\\Illuminate\\Foundation\\Bootstrap\\HandleExceptions.php(0): Illuminate\\Foundation\\Bootstrap\\HandleExceptions->{closure:C:\\wamp64\\www\\maasin_live_act\\vendor\\laravel\\framework\\src\\Illuminate\\Foundation\\Bootstrap\\HandleExceptions.php:254-256}()
#4 {main}
"} 
[2025-10-06 04:50:27] local.ERROR: Cannot redeclare class App\MySession (previously declared in C:\wamp64\www\maasin_live_act\app\MySession.php:8) {"exception":"[object] (Symfony\\Component\\ErrorHandler\\Error\\FatalError(code: 0): Cannot redeclare class App\\MySession (previously declared in C:\\wamp64\\www\\maasin_live_act\\app\\MySession.php:8) at C:\\wamp64\\www\\maasin_live_act\\app\\Models\\MySession.php:8)
[stacktrace]
#0 C:\\wamp64\\www\\maasin_live_act\\vendor\\laravel\\framework\\src\\Illuminate\\Foundation\\Bootstrap\\HandleExceptions.php(244): Symfony\\Component\\ErrorHandler\\Error\\FatalError->__construct(message: ''Cannot redecla...', code: '0', error: '['type' => 64, ...', traceOffset: '0', traceArgs: '???', trace: '???')
#1 C:\\wamp64\\www\\maasin_live_act\\vendor\\laravel\\framework\\src\\Illuminate\\Foundation\\Bootstrap\\HandleExceptions.php(231): Illuminate\\Foundation\\Bootstrap\\HandleExceptions->fatalErrorFromPhpError(error: '['type' => 64, ...', traceOffset: '0')
#2 C:\\wamp64\\www\\maasin_live_act\\vendor\\laravel\\framework\\src\\Illuminate\\Foundation\\Bootstrap\\HandleExceptions.php(255): Illuminate\\Foundation\\Bootstrap\\HandleExceptions->handleShutdown()
#3 C:\\wamp64\\www\\maasin_live_act\\vendor\\laravel\\framework\\src\\Illuminate\\Foundation\\Bootstrap\\HandleExceptions.php(0): Illuminate\\Foundation\\Bootstrap\\HandleExceptions->{closure:C:\\wamp64\\www\\maasin_live_act\\vendor\\laravel\\framework\\src\\Illuminate\\Foundation\\Bootstrap\\HandleExceptions.php:254-256}()
#4 {main}
"} 
[2025-10-06 04:51:27] local.ERROR: Cannot redeclare class App\MySession (previously declared in C:\wamp64\www\maasin_live_act\app\MySession.php:8) {"exception":"[object] (Symfony\\Component\\ErrorHandler\\Error\\FatalError(code: 0): Cannot redeclare class App\\MySession (previously declared in C:\\wamp64\\www\\maasin_live_act\\app\\MySession.php:8) at C:\\wamp64\\www\\maasin_live_act\\app\\Models\\MySession.php:8)
[stacktrace]
#0 C:\\wamp64\\www\\maasin_live_act\\vendor\\laravel\\framework\\src\\Illuminate\\Foundation\\Bootstrap\\HandleExceptions.php(244): Symfony\\Component\\ErrorHandler\\Error\\FatalError->__construct(message: ''Cannot redecla...', code: '0', error: '['type' => 64, ...', traceOffset: '0', traceArgs: '???', trace: '???')
#1 C:\\wamp64\\www\\maasin_live_act\\vendor\\laravel\\framework\\src\\Illuminate\\Foundation\\Bootstrap\\HandleExceptions.php(231): Illuminate\\Foundation\\Bootstrap\\HandleExceptions->fatalErrorFromPhpError(error: '['type' => 64, ...', traceOffset: '0')
#2 C:\\wamp64\\www\\maasin_live_act\\vendor\\laravel\\framework\\src\\Illuminate\\Foundation\\Bootstrap\\HandleExceptions.php(255): Illuminate\\Foundation\\Bootstrap\\HandleExceptions->handleShutdown()
#3 C:\\wamp64\\www\\maasin_live_act\\vendor\\laravel\\framework\\src\\Illuminate\\Foundation\\Bootstrap\\HandleExceptions.php(0): Illuminate\\Foundation\\Bootstrap\\HandleExceptions->{closure:C:\\wamp64\\www\\maasin_live_act\\vendor\\laravel\\framework\\src\\Illuminate\\Foundation\\Bootstrap\\HandleExceptions.php:254-256}()
#4 {main}
"} 
[2025-10-06 04:52:27] local.ERROR: Cannot redeclare class App\MySession (previously declared in C:\wamp64\www\maasin_live_act\app\MySession.php:8) {"exception":"[object] (Symfony\\Component\\ErrorHandler\\Error\\FatalError(code: 0): Cannot redeclare class App\\MySession (previously declared in C:\\wamp64\\www\\maasin_live_act\\app\\MySession.php:8) at C:\\wamp64\\www\\maasin_live_act\\app\\Models\\MySession.php:8)
[stacktrace]
#0 C:\\wamp64\\www\\maasin_live_act\\vendor\\laravel\\framework\\src\\Illuminate\\Foundation\\Bootstrap\\HandleExceptions.php(244): Symfony\\Component\\ErrorHandler\\Error\\FatalError->__construct(message: ''Cannot redecla...', code: '0', error: '['type' => 64, ...', traceOffset: '0', traceArgs: '???', trace: '???')
#1 C:\\wamp64\\www\\maasin_live_act\\vendor\\laravel\\framework\\src\\Illuminate\\Foundation\\Bootstrap\\HandleExceptions.php(231): Illuminate\\Foundation\\Bootstrap\\HandleExceptions->fatalErrorFromPhpError(error: '['type' => 64, ...', traceOffset: '0')
#2 C:\\wamp64\\www\\maasin_live_act\\vendor\\laravel\\framework\\src\\Illuminate\\Foundation\\Bootstrap\\HandleExceptions.php(255): Illuminate\\Foundation\\Bootstrap\\HandleExceptions->handleShutdown()
#3 C:\\wamp64\\www\\maasin_live_act\\vendor\\laravel\\framework\\src\\Illuminate\\Foundation\\Bootstrap\\HandleExceptions.php(0): Illuminate\\Foundation\\Bootstrap\\HandleExceptions->{closure:C:\\wamp64\\www\\maasin_live_act\\vendor\\laravel\\framework\\src\\Illuminate\\Foundation\\Bootstrap\\HandleExceptions.php:254-256}()
#4 {main}
"} 
[2025-10-06 04:53:27] local.ERROR: Cannot redeclare class App\MySession (previously declared in C:\wamp64\www\maasin_live_act\app\MySession.php:8) {"exception":"[object] (Symfony\\Component\\ErrorHandler\\Error\\FatalError(code: 0): Cannot redeclare class App\\MySession (previously declared in C:\\wamp64\\www\\maasin_live_act\\app\\MySession.php:8) at C:\\wamp64\\www\\maasin_live_act\\app\\Models\\MySession.php:8)
[stacktrace]
#0 C:\\wamp64\\www\\maasin_live_act\\vendor\\laravel\\framework\\src\\Illuminate\\Foundation\\Bootstrap\\HandleExceptions.php(244): Symfony\\Component\\ErrorHandler\\Error\\FatalError->__construct(message: ''Cannot redecla...', code: '0', error: '['type' => 64, ...', traceOffset: '0', traceArgs: '???', trace: '???')
#1 C:\\wamp64\\www\\maasin_live_act\\vendor\\laravel\\framework\\src\\Illuminate\\Foundation\\Bootstrap\\HandleExceptions.php(231): Illuminate\\Foundation\\Bootstrap\\HandleExceptions->fatalErrorFromPhpError(error: '['type' => 64, ...', traceOffset: '0')
#2 C:\\wamp64\\www\\maasin_live_act\\vendor\\laravel\\framework\\src\\Illuminate\\Foundation\\Bootstrap\\HandleExceptions.php(255): Illuminate\\Foundation\\Bootstrap\\HandleExceptions->handleShutdown()
#3 C:\\wamp64\\www\\maasin_live_act\\vendor\\laravel\\framework\\src\\Illuminate\\Foundation\\Bootstrap\\HandleExceptions.php(0): Illuminate\\Foundation\\Bootstrap\\HandleExceptions->{closure:C:\\wamp64\\www\\maasin_live_act\\vendor\\laravel\\framework\\src\\Illuminate\\Foundation\\Bootstrap\\HandleExceptions.php:254-256}()
#4 {main}
"} 
[2025-10-06 04:54:27] local.ERROR: Cannot redeclare class App\MySession (previously declared in C:\wamp64\www\maasin_live_act\app\MySession.php:8) {"exception":"[object] (Symfony\\Component\\ErrorHandler\\Error\\FatalError(code: 0): Cannot redeclare class App\\MySession (previously declared in C:\\wamp64\\www\\maasin_live_act\\app\\MySession.php:8) at C:\\wamp64\\www\\maasin_live_act\\app\\Models\\MySession.php:8)
[stacktrace]
#0 C:\\wamp64\\www\\maasin_live_act\\vendor\\laravel\\framework\\src\\Illuminate\\Foundation\\Bootstrap\\HandleExceptions.php(244): Symfony\\Component\\ErrorHandler\\Error\\FatalError->__construct(message: ''Cannot redecla...', code: '0', error: '['type' => 64, ...', traceOffset: '0', traceArgs: '???', trace: '???')
#1 C:\\wamp64\\www\\maasin_live_act\\vendor\\laravel\\framework\\src\\Illuminate\\Foundation\\Bootstrap\\HandleExceptions.php(231): Illuminate\\Foundation\\Bootstrap\\HandleExceptions->fatalErrorFromPhpError(error: '['type' => 64, ...', traceOffset: '0')
#2 C:\\wamp64\\www\\maasin_live_act\\vendor\\laravel\\framework\\src\\Illuminate\\Foundation\\Bootstrap\\HandleExceptions.php(255): Illuminate\\Foundation\\Bootstrap\\HandleExceptions->handleShutdown()
#3 C:\\wamp64\\www\\maasin_live_act\\vendor\\laravel\\framework\\src\\Illuminate\\Foundation\\Bootstrap\\HandleExceptions.php(0): Illuminate\\Foundation\\Bootstrap\\HandleExceptions->{closure:C:\\wamp64\\www\\maasin_live_act\\vendor\\laravel\\framework\\src\\Illuminate\\Foundation\\Bootstrap\\HandleExceptions.php:254-256}()
#4 {main}
"} 
[2025-10-06 04:55:27] local.ERROR: Cannot redeclare class App\MySession (previously declared in C:\wamp64\www\maasin_live_act\app\MySession.php:8) {"exception":"[object] (Symfony\\Component\\ErrorHandler\\Error\\FatalError(code: 0): Cannot redeclare class App\\MySession (previously declared in C:\\wamp64\\www\\maasin_live_act\\app\\MySession.php:8) at C:\\wamp64\\www\\maasin_live_act\\app\\Models\\MySession.php:8)
[stacktrace]
#0 C:\\wamp64\\www\\maasin_live_act\\vendor\\laravel\\framework\\src\\Illuminate\\Foundation\\Bootstrap\\HandleExceptions.php(244): Symfony\\Component\\ErrorHandler\\Error\\FatalError->__construct(message: ''Cannot redecla...', code: '0', error: '['type' => 64, ...', traceOffset: '0', traceArgs: '???', trace: '???')
#1 C:\\wamp64\\www\\maasin_live_act\\vendor\\laravel\\framework\\src\\Illuminate\\Foundation\\Bootstrap\\HandleExceptions.php(231): Illuminate\\Foundation\\Bootstrap\\HandleExceptions->fatalErrorFromPhpError(error: '['type' => 64, ...', traceOffset: '0')
#2 C:\\wamp64\\www\\maasin_live_act\\vendor\\laravel\\framework\\src\\Illuminate\\Foundation\\Bootstrap\\HandleExceptions.php(255): Illuminate\\Foundation\\Bootstrap\\HandleExceptions->handleShutdown()
#3 C:\\wamp64\\www\\maasin_live_act\\vendor\\laravel\\framework\\src\\Illuminate\\Foundation\\Bootstrap\\HandleExceptions.php(0): Illuminate\\Foundation\\Bootstrap\\HandleExceptions->{closure:C:\\wamp64\\www\\maasin_live_act\\vendor\\laravel\\framework\\src\\Illuminate\\Foundation\\Bootstrap\\HandleExceptions.php:254-256}()
#4 {main}
"} 
[2025-10-06 04:56:27] local.ERROR: Cannot redeclare class App\MySession (previously declared in C:\wamp64\www\maasin_live_act\app\MySession.php:8) {"exception":"[object] (Symfony\\Component\\ErrorHandler\\Error\\FatalError(code: 0): Cannot redeclare class App\\MySession (previously declared in C:\\wamp64\\www\\maasin_live_act\\app\\MySession.php:8) at C:\\wamp64\\www\\maasin_live_act\\app\\Models\\MySession.php:8)
[stacktrace]
#0 C:\\wamp64\\www\\maasin_live_act\\vendor\\laravel\\framework\\src\\Illuminate\\Foundation\\Bootstrap\\HandleExceptions.php(244): Symfony\\Component\\ErrorHandler\\Error\\FatalError->__construct(message: ''Cannot redecla...', code: '0', error: '['type' => 64, ...', traceOffset: '0', traceArgs: '???', trace: '???')
#1 C:\\wamp64\\www\\maasin_live_act\\vendor\\laravel\\framework\\src\\Illuminate\\Foundation\\Bootstrap\\HandleExceptions.php(231): Illuminate\\Foundation\\Bootstrap\\HandleExceptions->fatalErrorFromPhpError(error: '['type' => 64, ...', traceOffset: '0')
#2 C:\\wamp64\\www\\maasin_live_act\\vendor\\laravel\\framework\\src\\Illuminate\\Foundation\\Bootstrap\\HandleExceptions.php(255): Illuminate\\Foundation\\Bootstrap\\HandleExceptions->handleShutdown()
#3 C:\\wamp64\\www\\maasin_live_act\\vendor\\laravel\\framework\\src\\Illuminate\\Foundation\\Bootstrap\\HandleExceptions.php(0): Illuminate\\Foundation\\Bootstrap\\HandleExceptions->{closure:C:\\wamp64\\www\\maasin_live_act\\vendor\\laravel\\framework\\src\\Illuminate\\Foundation\\Bootstrap\\HandleExceptions.php:254-256}()
#4 {main}
"} 
[2025-10-06 04:57:27] local.ERROR: Cannot redeclare class App\MySession (previously declared in C:\wamp64\www\maasin_live_act\app\MySession.php:8) {"exception":"[object] (Symfony\\Component\\ErrorHandler\\Error\\FatalError(code: 0): Cannot redeclare class App\\MySession (previously declared in C:\\wamp64\\www\\maasin_live_act\\app\\MySession.php:8) at C:\\wamp64\\www\\maasin_live_act\\app\\Models\\MySession.php:8)
[stacktrace]
#0 C:\\wamp64\\www\\maasin_live_act\\vendor\\laravel\\framework\\src\\Illuminate\\Foundation\\Bootstrap\\HandleExceptions.php(244): Symfony\\Component\\ErrorHandler\\Error\\FatalError->__construct(message: ''Cannot redecla...', code: '0', error: '['type' => 64, ...', traceOffset: '0', traceArgs: '???', trace: '???')
#1 C:\\wamp64\\www\\maasin_live_act\\vendor\\laravel\\framework\\src\\Illuminate\\Foundation\\Bootstrap\\HandleExceptions.php(231): Illuminate\\Foundation\\Bootstrap\\HandleExceptions->fatalErrorFromPhpError(error: '['type' => 64, ...', traceOffset: '0')
#2 C:\\wamp64\\www\\maasin_live_act\\vendor\\laravel\\framework\\src\\Illuminate\\Foundation\\Bootstrap\\HandleExceptions.php(255): Illuminate\\Foundation\\Bootstrap\\HandleExceptions->handleShutdown()
#3 C:\\wamp64\\www\\maasin_live_act\\vendor\\laravel\\framework\\src\\Illuminate\\Foundation\\Bootstrap\\HandleExceptions.php(0): Illuminate\\Foundation\\Bootstrap\\HandleExceptions->{closure:C:\\wamp64\\www\\maasin_live_act\\vendor\\laravel\\framework\\src\\Illuminate\\Foundation\\Bootstrap\\HandleExceptions.php:254-256}()
#4 {main}
"} 
[2025-10-06 04:58:27] local.ERROR: Cannot redeclare class App\MySession (previously declared in C:\wamp64\www\maasin_live_act\app\MySession.php:8) {"exception":"[object] (Symfony\\Component\\ErrorHandler\\Error\\FatalError(code: 0): Cannot redeclare class App\\MySession (previously declared in C:\\wamp64\\www\\maasin_live_act\\app\\MySession.php:8) at C:\\wamp64\\www\\maasin_live_act\\app\\Models\\MySession.php:8)
[stacktrace]
#0 C:\\wamp64\\www\\maasin_live_act\\vendor\\laravel\\framework\\src\\Illuminate\\Foundation\\Bootstrap\\HandleExceptions.php(244): Symfony\\Component\\ErrorHandler\\Error\\FatalError->__construct(message: ''Cannot redecla...', code: '0', error: '['type' => 64, ...', traceOffset: '0', traceArgs: '???', trace: '???')
#1 C:\\wamp64\\www\\maasin_live_act\\vendor\\laravel\\framework\\src\\Illuminate\\Foundation\\Bootstrap\\HandleExceptions.php(231): Illuminate\\Foundation\\Bootstrap\\HandleExceptions->fatalErrorFromPhpError(error: '['type' => 64, ...', traceOffset: '0')
#2 C:\\wamp64\\www\\maasin_live_act\\vendor\\laravel\\framework\\src\\Illuminate\\Foundation\\Bootstrap\\HandleExceptions.php(255): Illuminate\\Foundation\\Bootstrap\\HandleExceptions->handleShutdown()
#3 C:\\wamp64\\www\\maasin_live_act\\vendor\\laravel\\framework\\src\\Illuminate\\Foundation\\Bootstrap\\HandleExceptions.php(0): Illuminate\\Foundation\\Bootstrap\\HandleExceptions->{closure:C:\\wamp64\\www\\maasin_live_act\\vendor\\laravel\\framework\\src\\Illuminate\\Foundation\\Bootstrap\\HandleExceptions.php:254-256}()
#4 {main}
"} 
[2025-10-06 04:59:27] local.ERROR: Cannot redeclare class App\MySession (previously declared in C:\wamp64\www\maasin_live_act\app\MySession.php:8) {"exception":"[object] (Symfony\\Component\\ErrorHandler\\Error\\FatalError(code: 0): Cannot redeclare class App\\MySession (previously declared in C:\\wamp64\\www\\maasin_live_act\\app\\MySession.php:8) at C:\\wamp64\\www\\maasin_live_act\\app\\Models\\MySession.php:8)
[stacktrace]
#0 C:\\wamp64\\www\\maasin_live_act\\vendor\\laravel\\framework\\src\\Illuminate\\Foundation\\Bootstrap\\HandleExceptions.php(244): Symfony\\Component\\ErrorHandler\\Error\\FatalError->__construct(message: ''Cannot redecla...', code: '0', error: '['type' => 64, ...', traceOffset: '0', traceArgs: '???', trace: '???')
#1 C:\\wamp64\\www\\maasin_live_act\\vendor\\laravel\\framework\\src\\Illuminate\\Foundation\\Bootstrap\\HandleExceptions.php(231): Illuminate\\Foundation\\Bootstrap\\HandleExceptions->fatalErrorFromPhpError(error: '['type' => 64, ...', traceOffset: '0')
#2 C:\\wamp64\\www\\maasin_live_act\\vendor\\laravel\\framework\\src\\Illuminate\\Foundation\\Bootstrap\\HandleExceptions.php(255): Illuminate\\Foundation\\Bootstrap\\HandleExceptions->handleShutdown()
#3 C:\\wamp64\\www\\maasin_live_act\\vendor\\laravel\\framework\\src\\Illuminate\\Foundation\\Bootstrap\\HandleExceptions.php(0): Illuminate\\Foundation\\Bootstrap\\HandleExceptions->{closure:C:\\wamp64\\www\\maasin_live_act\\vendor\\laravel\\framework\\src\\Illuminate\\Foundation\\Bootstrap\\HandleExceptions.php:254-256}()
#4 {main}
"} 
[2025-10-06 05:00:27] local.ERROR: Cannot redeclare class App\MySession (previously declared in C:\wamp64\www\maasin_live_act\app\MySession.php:8) {"exception":"[object] (Symfony\\Component\\ErrorHandler\\Error\\FatalError(code: 0): Cannot redeclare class App\\MySession (previously declared in C:\\wamp64\\www\\maasin_live_act\\app\\MySession.php:8) at C:\\wamp64\\www\\maasin_live_act\\app\\Models\\MySession.php:8)
[stacktrace]
#0 C:\\wamp64\\www\\maasin_live_act\\vendor\\laravel\\framework\\src\\Illuminate\\Foundation\\Bootstrap\\HandleExceptions.php(244): Symfony\\Component\\ErrorHandler\\Error\\FatalError->__construct(message: ''Cannot redecla...', code: '0', error: '['type' => 64, ...', traceOffset: '0', traceArgs: '???', trace: '???')
#1 C:\\wamp64\\www\\maasin_live_act\\vendor\\laravel\\framework\\src\\Illuminate\\Foundation\\Bootstrap\\HandleExceptions.php(231): Illuminate\\Foundation\\Bootstrap\\HandleExceptions->fatalErrorFromPhpError(error: '['type' => 64, ...', traceOffset: '0')
#2 C:\\wamp64\\www\\maasin_live_act\\vendor\\laravel\\framework\\src\\Illuminate\\Foundation\\Bootstrap\\HandleExceptions.php(255): Illuminate\\Foundation\\Bootstrap\\HandleExceptions->handleShutdown()
#3 C:\\wamp64\\www\\maasin_live_act\\vendor\\laravel\\framework\\src\\Illuminate\\Foundation\\Bootstrap\\HandleExceptions.php(0): Illuminate\\Foundation\\Bootstrap\\HandleExceptions->{closure:C:\\wamp64\\www\\maasin_live_act\\vendor\\laravel\\framework\\src\\Illuminate\\Foundation\\Bootstrap\\HandleExceptions.php:254-256}()
#4 {main}
"} 
[2025-10-06 05:01:27] local.ERROR: Cannot redeclare class App\MySession (previously declared in C:\wamp64\www\maasin_live_act\app\MySession.php:8) {"exception":"[object] (Symfony\\Component\\ErrorHandler\\Error\\FatalError(code: 0): Cannot redeclare class App\\MySession (previously declared in C:\\wamp64\\www\\maasin_live_act\\app\\MySession.php:8) at C:\\wamp64\\www\\maasin_live_act\\app\\Models\\MySession.php:8)
[stacktrace]
#0 C:\\wamp64\\www\\maasin_live_act\\vendor\\laravel\\framework\\src\\Illuminate\\Foundation\\Bootstrap\\HandleExceptions.php(244): Symfony\\Component\\ErrorHandler\\Error\\FatalError->__construct(message: ''Cannot redecla...', code: '0', error: '['type' => 64, ...', traceOffset: '0', traceArgs: '???', trace: '???')
#1 C:\\wamp64\\www\\maasin_live_act\\vendor\\laravel\\framework\\src\\Illuminate\\Foundation\\Bootstrap\\HandleExceptions.php(231): Illuminate\\Foundation\\Bootstrap\\HandleExceptions->fatalErrorFromPhpError(error: '['type' => 64, ...', traceOffset: '0')
#2 C:\\wamp64\\www\\maasin_live_act\\vendor\\laravel\\framework\\src\\Illuminate\\Foundation\\Bootstrap\\HandleExceptions.php(255): Illuminate\\Foundation\\Bootstrap\\HandleExceptions->handleShutdown()
#3 C:\\wamp64\\www\\maasin_live_act\\vendor\\laravel\\framework\\src\\Illuminate\\Foundation\\Bootstrap\\HandleExceptions.php(0): Illuminate\\Foundation\\Bootstrap\\HandleExceptions->{closure:C:\\wamp64\\www\\maasin_live_act\\vendor\\laravel\\framework\\src\\Illuminate\\Foundation\\Bootstrap\\HandleExceptions.php:254-256}()
#4 {main}
"} 
[2025-10-06 05:02:27] local.ERROR: Cannot redeclare class App\MySession (previously declared in C:\wamp64\www\maasin_live_act\app\MySession.php:8) {"exception":"[object] (Symfony\\Component\\ErrorHandler\\Error\\FatalError(code: 0): Cannot redeclare class App\\MySession (previously declared in C:\\wamp64\\www\\maasin_live_act\\app\\MySession.php:8) at C:\\wamp64\\www\\maasin_live_act\\app\\Models\\MySession.php:8)
[stacktrace]
#0 C:\\wamp64\\www\\maasin_live_act\\vendor\\laravel\\framework\\src\\Illuminate\\Foundation\\Bootstrap\\HandleExceptions.php(244): Symfony\\Component\\ErrorHandler\\Error\\FatalError->__construct(message: ''Cannot redecla...', code: '0', error: '['type' => 64, ...', traceOffset: '0', traceArgs: '???', trace: '???')
#1 C:\\wamp64\\www\\maasin_live_act\\vendor\\laravel\\framework\\src\\Illuminate\\Foundation\\Bootstrap\\HandleExceptions.php(231): Illuminate\\Foundation\\Bootstrap\\HandleExceptions->fatalErrorFromPhpError(error: '['type' => 64, ...', traceOffset: '0')
#2 C:\\wamp64\\www\\maasin_live_act\\vendor\\laravel\\framework\\src\\Illuminate\\Foundation\\Bootstrap\\HandleExceptions.php(255): Illuminate\\Foundation\\Bootstrap\\HandleExceptions->handleShutdown()
#3 C:\\wamp64\\www\\maasin_live_act\\vendor\\laravel\\framework\\src\\Illuminate\\Foundation\\Bootstrap\\HandleExceptions.php(0): Illuminate\\Foundation\\Bootstrap\\HandleExceptions->{closure:C:\\wamp64\\www\\maasin_live_act\\vendor\\laravel\\framework\\src\\Illuminate\\Foundation\\Bootstrap\\HandleExceptions.php:254-256}()
#4 {main}
"} 
[2025-10-06 05:03:27] local.ERROR: Cannot redeclare class App\MySession (previously declared in C:\wamp64\www\maasin_live_act\app\MySession.php:8) {"exception":"[object] (Symfony\\Component\\ErrorHandler\\Error\\FatalError(code: 0): Cannot redeclare class App\\MySession (previously declared in C:\\wamp64\\www\\maasin_live_act\\app\\MySession.php:8) at C:\\wamp64\\www\\maasin_live_act\\app\\Models\\MySession.php:8)
[stacktrace]
#0 C:\\wamp64\\www\\maasin_live_act\\vendor\\laravel\\framework\\src\\Illuminate\\Foundation\\Bootstrap\\HandleExceptions.php(244): Symfony\\Component\\ErrorHandler\\Error\\FatalError->__construct(message: ''Cannot redecla...', code: '0', error: '['type' => 64, ...', traceOffset: '0', traceArgs: '???', trace: '???')
#1 C:\\wamp64\\www\\maasin_live_act\\vendor\\laravel\\framework\\src\\Illuminate\\Foundation\\Bootstrap\\HandleExceptions.php(231): Illuminate\\Foundation\\Bootstrap\\HandleExceptions->fatalErrorFromPhpError(error: '['type' => 64, ...', traceOffset: '0')
#2 C:\\wamp64\\www\\maasin_live_act\\vendor\\laravel\\framework\\src\\Illuminate\\Foundation\\Bootstrap\\HandleExceptions.php(255): Illuminate\\Foundation\\Bootstrap\\HandleExceptions->handleShutdown()
#3 C:\\wamp64\\www\\maasin_live_act\\vendor\\laravel\\framework\\src\\Illuminate\\Foundation\\Bootstrap\\HandleExceptions.php(0): Illuminate\\Foundation\\Bootstrap\\HandleExceptions->{closure:C:\\wamp64\\www\\maasin_live_act\\vendor\\laravel\\framework\\src\\Illuminate\\Foundation\\Bootstrap\\HandleExceptions.php:254-256}()
#4 {main}
"} 
[2025-10-06 05:04:27] local.ERROR: Cannot redeclare class App\MySession (previously declared in C:\wamp64\www\maasin_live_act\app\MySession.php:8) {"exception":"[object] (Symfony\\Component\\ErrorHandler\\Error\\FatalError(code: 0): Cannot redeclare class App\\MySession (previously declared in C:\\wamp64\\www\\maasin_live_act\\app\\MySession.php:8) at C:\\wamp64\\www\\maasin_live_act\\app\\Models\\MySession.php:8)
[stacktrace]
#0 C:\\wamp64\\www\\maasin_live_act\\vendor\\laravel\\framework\\src\\Illuminate\\Foundation\\Bootstrap\\HandleExceptions.php(244): Symfony\\Component\\ErrorHandler\\Error\\FatalError->__construct(message: ''Cannot redecla...', code: '0', error: '['type' => 64, ...', traceOffset: '0', traceArgs: '???', trace: '???')
#1 C:\\wamp64\\www\\maasin_live_act\\vendor\\laravel\\framework\\src\\Illuminate\\Foundation\\Bootstrap\\HandleExceptions.php(231): Illuminate\\Foundation\\Bootstrap\\HandleExceptions->fatalErrorFromPhpError(error: '['type' => 64, ...', traceOffset: '0')
#2 C:\\wamp64\\www\\maasin_live_act\\vendor\\laravel\\framework\\src\\Illuminate\\Foundation\\Bootstrap\\HandleExceptions.php(255): Illuminate\\Foundation\\Bootstrap\\HandleExceptions->handleShutdown()
#3 C:\\wamp64\\www\\maasin_live_act\\vendor\\laravel\\framework\\src\\Illuminate\\Foundation\\Bootstrap\\HandleExceptions.php(0): Illuminate\\Foundation\\Bootstrap\\HandleExceptions->{closure:C:\\wamp64\\www\\maasin_live_act\\vendor\\laravel\\framework\\src\\Illuminate\\Foundation\\Bootstrap\\HandleExceptions.php:254-256}()
#4 {main}
"} 
[2025-10-06 05:05:27] local.ERROR: Cannot redeclare class App\MySession (previously declared in C:\wamp64\www\maasin_live_act\app\MySession.php:8) {"exception":"[object] (Symfony\\Component\\ErrorHandler\\Error\\FatalError(code: 0): Cannot redeclare class App\\MySession (previously declared in C:\\wamp64\\www\\maasin_live_act\\app\\MySession.php:8) at C:\\wamp64\\www\\maasin_live_act\\app\\Models\\MySession.php:8)
[stacktrace]
#0 C:\\wamp64\\www\\maasin_live_act\\vendor\\laravel\\framework\\src\\Illuminate\\Foundation\\Bootstrap\\HandleExceptions.php(244): Symfony\\Component\\ErrorHandler\\Error\\FatalError->__construct(message: ''Cannot redecla...', code: '0', error: '['type' => 64, ...', traceOffset: '0', traceArgs: '???', trace: '???')
#1 C:\\wamp64\\www\\maasin_live_act\\vendor\\laravel\\framework\\src\\Illuminate\\Foundation\\Bootstrap\\HandleExceptions.php(231): Illuminate\\Foundation\\Bootstrap\\HandleExceptions->fatalErrorFromPhpError(error: '['type' => 64, ...', traceOffset: '0')
#2 C:\\wamp64\\www\\maasin_live_act\\vendor\\laravel\\framework\\src\\Illuminate\\Foundation\\Bootstrap\\HandleExceptions.php(255): Illuminate\\Foundation\\Bootstrap\\HandleExceptions->handleShutdown()
#3 C:\\wamp64\\www\\maasin_live_act\\vendor\\laravel\\framework\\src\\Illuminate\\Foundation\\Bootstrap\\HandleExceptions.php(0): Illuminate\\Foundation\\Bootstrap\\HandleExceptions->{closure:C:\\wamp64\\www\\maasin_live_act\\vendor\\laravel\\framework\\src\\Illuminate\\Foundation\\Bootstrap\\HandleExceptions.php:254-256}()
#4 {main}
"} 
[2025-10-06 05:06:27] local.ERROR: Cannot redeclare class App\MySession (previously declared in C:\wamp64\www\maasin_live_act\app\MySession.php:8) {"exception":"[object] (Symfony\\Component\\ErrorHandler\\Error\\FatalError(code: 0): Cannot redeclare class App\\MySession (previously declared in C:\\wamp64\\www\\maasin_live_act\\app\\MySession.php:8) at C:\\wamp64\\www\\maasin_live_act\\app\\Models\\MySession.php:8)
[stacktrace]
#0 C:\\wamp64\\www\\maasin_live_act\\vendor\\laravel\\framework\\src\\Illuminate\\Foundation\\Bootstrap\\HandleExceptions.php(244): Symfony\\Component\\ErrorHandler\\Error\\FatalError->__construct(message: ''Cannot redecla...', code: '0', error: '['type' => 64, ...', traceOffset: '0', traceArgs: '???', trace: '???')
#1 C:\\wamp64\\www\\maasin_live_act\\vendor\\laravel\\framework\\src\\Illuminate\\Foundation\\Bootstrap\\HandleExceptions.php(231): Illuminate\\Foundation\\Bootstrap\\HandleExceptions->fatalErrorFromPhpError(error: '['type' => 64, ...', traceOffset: '0')
#2 C:\\wamp64\\www\\maasin_live_act\\vendor\\laravel\\framework\\src\\Illuminate\\Foundation\\Bootstrap\\HandleExceptions.php(255): Illuminate\\Foundation\\Bootstrap\\HandleExceptions->handleShutdown()
#3 C:\\wamp64\\www\\maasin_live_act\\vendor\\laravel\\framework\\src\\Illuminate\\Foundation\\Bootstrap\\HandleExceptions.php(0): Illuminate\\Foundation\\Bootstrap\\HandleExceptions->{closure:C:\\wamp64\\www\\maasin_live_act\\vendor\\laravel\\framework\\src\\Illuminate\\Foundation\\Bootstrap\\HandleExceptions.php:254-256}()
#4 {main}
"} 
[2025-10-06 05:07:27] local.ERROR: Cannot redeclare class App\MySession (previously declared in C:\wamp64\www\maasin_live_act\app\MySession.php:8) {"exception":"[object] (Symfony\\Component\\ErrorHandler\\Error\\FatalError(code: 0): Cannot redeclare class App\\MySession (previously declared in C:\\wamp64\\www\\maasin_live_act\\app\\MySession.php:8) at C:\\wamp64\\www\\maasin_live_act\\app\\Models\\MySession.php:8)
[stacktrace]
#0 C:\\wamp64\\www\\maasin_live_act\\vendor\\laravel\\framework\\src\\Illuminate\\Foundation\\Bootstrap\\HandleExceptions.php(244): Symfony\\Component\\ErrorHandler\\Error\\FatalError->__construct(message: ''Cannot redecla...', code: '0', error: '['type' => 64, ...', traceOffset: '0', traceArgs: '???', trace: '???')
#1 C:\\wamp64\\www\\maasin_live_act\\vendor\\laravel\\framework\\src\\Illuminate\\Foundation\\Bootstrap\\HandleExceptions.php(231): Illuminate\\Foundation\\Bootstrap\\HandleExceptions->fatalErrorFromPhpError(error: '['type' => 64, ...', traceOffset: '0')
#2 C:\\wamp64\\www\\maasin_live_act\\vendor\\laravel\\framework\\src\\Illuminate\\Foundation\\Bootstrap\\HandleExceptions.php(255): Illuminate\\Foundation\\Bootstrap\\HandleExceptions->handleShutdown()
#3 C:\\wamp64\\www\\maasin_live_act\\vendor\\laravel\\framework\\src\\Illuminate\\Foundation\\Bootstrap\\HandleExceptions.php(0): Illuminate\\Foundation\\Bootstrap\\HandleExceptions->{closure:C:\\wamp64\\www\\maasin_live_act\\vendor\\laravel\\framework\\src\\Illuminate\\Foundation\\Bootstrap\\HandleExceptions.php:254-256}()
#4 {main}
"} 
[2025-10-06 05:08:27] local.ERROR: Cannot redeclare class App\MySession (previously declared in C:\wamp64\www\maasin_live_act\app\MySession.php:8) {"exception":"[object] (Symfony\\Component\\ErrorHandler\\Error\\FatalError(code: 0): Cannot redeclare class App\\MySession (previously declared in C:\\wamp64\\www\\maasin_live_act\\app\\MySession.php:8) at C:\\wamp64\\www\\maasin_live_act\\app\\Models\\MySession.php:8)
[stacktrace]
#0 C:\\wamp64\\www\\maasin_live_act\\vendor\\laravel\\framework\\src\\Illuminate\\Foundation\\Bootstrap\\HandleExceptions.php(244): Symfony\\Component\\ErrorHandler\\Error\\FatalError->__construct(message: ''Cannot redecla...', code: '0', error: '['type' => 64, ...', traceOffset: '0', traceArgs: '???', trace: '???')
#1 C:\\wamp64\\www\\maasin_live_act\\vendor\\laravel\\framework\\src\\Illuminate\\Foundation\\Bootstrap\\HandleExceptions.php(231): Illuminate\\Foundation\\Bootstrap\\HandleExceptions->fatalErrorFromPhpError(error: '['type' => 64, ...', traceOffset: '0')
#2 C:\\wamp64\\www\\maasin_live_act\\vendor\\laravel\\framework\\src\\Illuminate\\Foundation\\Bootstrap\\HandleExceptions.php(255): Illuminate\\Foundation\\Bootstrap\\HandleExceptions->handleShutdown()
#3 C:\\wamp64\\www\\maasin_live_act\\vendor\\laravel\\framework\\src\\Illuminate\\Foundation\\Bootstrap\\HandleExceptions.php(0): Illuminate\\Foundation\\Bootstrap\\HandleExceptions->{closure:C:\\wamp64\\www\\maasin_live_act\\vendor\\laravel\\framework\\src\\Illuminate\\Foundation\\Bootstrap\\HandleExceptions.php:254-256}()
#4 {main}
"} 
[2025-10-06 05:09:27] local.ERROR: Cannot redeclare class App\MySession (previously declared in C:\wamp64\www\maasin_live_act\app\MySession.php:8) {"exception":"[object] (Symfony\\Component\\ErrorHandler\\Error\\FatalError(code: 0): Cannot redeclare class App\\MySession (previously declared in C:\\wamp64\\www\\maasin_live_act\\app\\MySession.php:8) at C:\\wamp64\\www\\maasin_live_act\\app\\Models\\MySession.php:8)
[stacktrace]
#0 C:\\wamp64\\www\\maasin_live_act\\vendor\\laravel\\framework\\src\\Illuminate\\Foundation\\Bootstrap\\HandleExceptions.php(244): Symfony\\Component\\ErrorHandler\\Error\\FatalError->__construct(message: ''Cannot redecla...', code: '0', error: '['type' => 64, ...', traceOffset: '0', traceArgs: '???', trace: '???')
#1 C:\\wamp64\\www\\maasin_live_act\\vendor\\laravel\\framework\\src\\Illuminate\\Foundation\\Bootstrap\\HandleExceptions.php(231): Illuminate\\Foundation\\Bootstrap\\HandleExceptions->fatalErrorFromPhpError(error: '['type' => 64, ...', traceOffset: '0')
#2 C:\\wamp64\\www\\maasin_live_act\\vendor\\laravel\\framework\\src\\Illuminate\\Foundation\\Bootstrap\\HandleExceptions.php(255): Illuminate\\Foundation\\Bootstrap\\HandleExceptions->handleShutdown()
#3 C:\\wamp64\\www\\maasin_live_act\\vendor\\laravel\\framework\\src\\Illuminate\\Foundation\\Bootstrap\\HandleExceptions.php(0): Illuminate\\Foundation\\Bootstrap\\HandleExceptions->{closure:C:\\wamp64\\www\\maasin_live_act\\vendor\\laravel\\framework\\src\\Illuminate\\Foundation\\Bootstrap\\HandleExceptions.php:254-256}()
#4 {main}
"} 
[2025-10-06 05:10:27] local.ERROR: Cannot redeclare class App\MySession (previously declared in C:\wamp64\www\maasin_live_act\app\MySession.php:8) {"exception":"[object] (Symfony\\Component\\ErrorHandler\\Error\\FatalError(code: 0): Cannot redeclare class App\\MySession (previously declared in C:\\wamp64\\www\\maasin_live_act\\app\\MySession.php:8) at C:\\wamp64\\www\\maasin_live_act\\app\\Models\\MySession.php:8)
[stacktrace]
#0 C:\\wamp64\\www\\maasin_live_act\\vendor\\laravel\\framework\\src\\Illuminate\\Foundation\\Bootstrap\\HandleExceptions.php(244): Symfony\\Component\\ErrorHandler\\Error\\FatalError->__construct(message: ''Cannot redecla...', code: '0', error: '['type' => 64, ...', traceOffset: '0', traceArgs: '???', trace: '???')
#1 C:\\wamp64\\www\\maasin_live_act\\vendor\\laravel\\framework\\src\\Illuminate\\Foundation\\Bootstrap\\HandleExceptions.php(231): Illuminate\\Foundation\\Bootstrap\\HandleExceptions->fatalErrorFromPhpError(error: '['type' => 64, ...', traceOffset: '0')
#2 C:\\wamp64\\www\\maasin_live_act\\vendor\\laravel\\framework\\src\\Illuminate\\Foundation\\Bootstrap\\HandleExceptions.php(255): Illuminate\\Foundation\\Bootstrap\\HandleExceptions->handleShutdown()
#3 C:\\wamp64\\www\\maasin_live_act\\vendor\\laravel\\framework\\src\\Illuminate\\Foundation\\Bootstrap\\HandleExceptions.php(0): Illuminate\\Foundation\\Bootstrap\\HandleExceptions->{closure:C:\\wamp64\\www\\maasin_live_act\\vendor\\laravel\\framework\\src\\Illuminate\\Foundation\\Bootstrap\\HandleExceptions.php:254-256}()
#4 {main}
"} 
[2025-10-06 05:11:27] local.ERROR: Cannot redeclare class App\MySession (previously declared in C:\wamp64\www\maasin_live_act\app\MySession.php:8) {"exception":"[object] (Symfony\\Component\\ErrorHandler\\Error\\FatalError(code: 0): Cannot redeclare class App\\MySession (previously declared in C:\\wamp64\\www\\maasin_live_act\\app\\MySession.php:8) at C:\\wamp64\\www\\maasin_live_act\\app\\Models\\MySession.php:8)
[stacktrace]
#0 C:\\wamp64\\www\\maasin_live_act\\vendor\\laravel\\framework\\src\\Illuminate\\Foundation\\Bootstrap\\HandleExceptions.php(244): Symfony\\Component\\ErrorHandler\\Error\\FatalError->__construct(message: ''Cannot redecla...', code: '0', error: '['type' => 64, ...', traceOffset: '0', traceArgs: '???', trace: '???')
#1 C:\\wamp64\\www\\maasin_live_act\\vendor\\laravel\\framework\\src\\Illuminate\\Foundation\\Bootstrap\\HandleExceptions.php(231): Illuminate\\Foundation\\Bootstrap\\HandleExceptions->fatalErrorFromPhpError(error: '['type' => 64, ...', traceOffset: '0')
#2 C:\\wamp64\\www\\maasin_live_act\\vendor\\laravel\\framework\\src\\Illuminate\\Foundation\\Bootstrap\\HandleExceptions.php(255): Illuminate\\Foundation\\Bootstrap\\HandleExceptions->handleShutdown()
#3 C:\\wamp64\\www\\maasin_live_act\\vendor\\laravel\\framework\\src\\Illuminate\\Foundation\\Bootstrap\\HandleExceptions.php(0): Illuminate\\Foundation\\Bootstrap\\HandleExceptions->{closure:C:\\wamp64\\www\\maasin_live_act\\vendor\\laravel\\framework\\src\\Illuminate\\Foundation\\Bootstrap\\HandleExceptions.php:254-256}()
#4 {main}
"} 
[2025-10-06 05:12:27] local.ERROR: Cannot redeclare class App\MySession (previously declared in C:\wamp64\www\maasin_live_act\app\MySession.php:8) {"exception":"[object] (Symfony\\Component\\ErrorHandler\\Error\\FatalError(code: 0): Cannot redeclare class App\\MySession (previously declared in C:\\wamp64\\www\\maasin_live_act\\app\\MySession.php:8) at C:\\wamp64\\www\\maasin_live_act\\app\\Models\\MySession.php:8)
[stacktrace]
#0 C:\\wamp64\\www\\maasin_live_act\\vendor\\laravel\\framework\\src\\Illuminate\\Foundation\\Bootstrap\\HandleExceptions.php(244): Symfony\\Component\\ErrorHandler\\Error\\FatalError->__construct(message: ''Cannot redecla...', code: '0', error: '['type' => 64, ...', traceOffset: '0', traceArgs: '???', trace: '???')
#1 C:\\wamp64\\www\\maasin_live_act\\vendor\\laravel\\framework\\src\\Illuminate\\Foundation\\Bootstrap\\HandleExceptions.php(231): Illuminate\\Foundation\\Bootstrap\\HandleExceptions->fatalErrorFromPhpError(error: '['type' => 64, ...', traceOffset: '0')
#2 C:\\wamp64\\www\\maasin_live_act\\vendor\\laravel\\framework\\src\\Illuminate\\Foundation\\Bootstrap\\HandleExceptions.php(255): Illuminate\\Foundation\\Bootstrap\\HandleExceptions->handleShutdown()
#3 C:\\wamp64\\www\\maasin_live_act\\vendor\\laravel\\framework\\src\\Illuminate\\Foundation\\Bootstrap\\HandleExceptions.php(0): Illuminate\\Foundation\\Bootstrap\\HandleExceptions->{closure:C:\\wamp64\\www\\maasin_live_act\\vendor\\laravel\\framework\\src\\Illuminate\\Foundation\\Bootstrap\\HandleExceptions.php:254-256}()
#4 {main}
"} 
[2025-10-06 05:13:27] local.ERROR: Cannot redeclare class App\MySession (previously declared in C:\wamp64\www\maasin_live_act\app\MySession.php:8) {"exception":"[object] (Symfony\\Component\\ErrorHandler\\Error\\FatalError(code: 0): Cannot redeclare class App\\MySession (previously declared in C:\\wamp64\\www\\maasin_live_act\\app\\MySession.php:8) at C:\\wamp64\\www\\maasin_live_act\\app\\Models\\MySession.php:8)
[stacktrace]
#0 C:\\wamp64\\www\\maasin_live_act\\vendor\\laravel\\framework\\src\\Illuminate\\Foundation\\Bootstrap\\HandleExceptions.php(244): Symfony\\Component\\ErrorHandler\\Error\\FatalError->__construct(message: ''Cannot redecla...', code: '0', error: '['type' => 64, ...', traceOffset: '0', traceArgs: '???', trace: '???')
#1 C:\\wamp64\\www\\maasin_live_act\\vendor\\laravel\\framework\\src\\Illuminate\\Foundation\\Bootstrap\\HandleExceptions.php(231): Illuminate\\Foundation\\Bootstrap\\HandleExceptions->fatalErrorFromPhpError(error: '['type' => 64, ...', traceOffset: '0')
#2 C:\\wamp64\\www\\maasin_live_act\\vendor\\laravel\\framework\\src\\Illuminate\\Foundation\\Bootstrap\\HandleExceptions.php(255): Illuminate\\Foundation\\Bootstrap\\HandleExceptions->handleShutdown()
#3 C:\\wamp64\\www\\maasin_live_act\\vendor\\laravel\\framework\\src\\Illuminate\\Foundation\\Bootstrap\\HandleExceptions.php(0): Illuminate\\Foundation\\Bootstrap\\HandleExceptions->{closure:C:\\wamp64\\www\\maasin_live_act\\vendor\\laravel\\framework\\src\\Illuminate\\Foundation\\Bootstrap\\HandleExceptions.php:254-256}()
#4 {main}
"} 
[2025-10-06 05:14:27] local.ERROR: Cannot redeclare class App\MySession (previously declared in C:\wamp64\www\maasin_live_act\app\MySession.php:8) {"exception":"[object] (Symfony\\Component\\ErrorHandler\\Error\\FatalError(code: 0): Cannot redeclare class App\\MySession (previously declared in C:\\wamp64\\www\\maasin_live_act\\app\\MySession.php:8) at C:\\wamp64\\www\\maasin_live_act\\app\\Models\\MySession.php:8)
[stacktrace]
#0 C:\\wamp64\\www\\maasin_live_act\\vendor\\laravel\\framework\\src\\Illuminate\\Foundation\\Bootstrap\\HandleExceptions.php(244): Symfony\\Component\\ErrorHandler\\Error\\FatalError->__construct(message: ''Cannot redecla...', code: '0', error: '['type' => 64, ...', traceOffset: '0', traceArgs: '???', trace: '???')
#1 C:\\wamp64\\www\\maasin_live_act\\vendor\\laravel\\framework\\src\\Illuminate\\Foundation\\Bootstrap\\HandleExceptions.php(231): Illuminate\\Foundation\\Bootstrap\\HandleExceptions->fatalErrorFromPhpError(error: '['type' => 64, ...', traceOffset: '0')
#2 C:\\wamp64\\www\\maasin_live_act\\vendor\\laravel\\framework\\src\\Illuminate\\Foundation\\Bootstrap\\HandleExceptions.php(255): Illuminate\\Foundation\\Bootstrap\\HandleExceptions->handleShutdown()
#3 C:\\wamp64\\www\\maasin_live_act\\vendor\\laravel\\framework\\src\\Illuminate\\Foundation\\Bootstrap\\HandleExceptions.php(0): Illuminate\\Foundation\\Bootstrap\\HandleExceptions->{closure:C:\\wamp64\\www\\maasin_live_act\\vendor\\laravel\\framework\\src\\Illuminate\\Foundation\\Bootstrap\\HandleExceptions.php:254-256}()
#4 {main}
"} 
[2025-10-06 05:15:27] local.ERROR: Cannot redeclare class App\MySession (previously declared in C:\wamp64\www\maasin_live_act\app\MySession.php:8) {"exception":"[object] (Symfony\\Component\\ErrorHandler\\Error\\FatalError(code: 0): Cannot redeclare class App\\MySession (previously declared in C:\\wamp64\\www\\maasin_live_act\\app\\MySession.php:8) at C:\\wamp64\\www\\maasin_live_act\\app\\Models\\MySession.php:8)
[stacktrace]
#0 C:\\wamp64\\www\\maasin_live_act\\vendor\\laravel\\framework\\src\\Illuminate\\Foundation\\Bootstrap\\HandleExceptions.php(244): Symfony\\Component\\ErrorHandler\\Error\\FatalError->__construct(message: ''Cannot redecla...', code: '0', error: '['type' => 64, ...', traceOffset: '0', traceArgs: '???', trace: '???')
#1 C:\\wamp64\\www\\maasin_live_act\\vendor\\laravel\\framework\\src\\Illuminate\\Foundation\\Bootstrap\\HandleExceptions.php(231): Illuminate\\Foundation\\Bootstrap\\HandleExceptions->fatalErrorFromPhpError(error: '['type' => 64, ...', traceOffset: '0')
#2 C:\\wamp64\\www\\maasin_live_act\\vendor\\laravel\\framework\\src\\Illuminate\\Foundation\\Bootstrap\\HandleExceptions.php(255): Illuminate\\Foundation\\Bootstrap\\HandleExceptions->handleShutdown()
#3 C:\\wamp64\\www\\maasin_live_act\\vendor\\laravel\\framework\\src\\Illuminate\\Foundation\\Bootstrap\\HandleExceptions.php(0): Illuminate\\Foundation\\Bootstrap\\HandleExceptions->{closure:C:\\wamp64\\www\\maasin_live_act\\vendor\\laravel\\framework\\src\\Illuminate\\Foundation\\Bootstrap\\HandleExceptions.php:254-256}()
#4 {main}
"} 
[2025-10-06 05:16:27] local.ERROR: Cannot redeclare class App\MySession (previously declared in C:\wamp64\www\maasin_live_act\app\MySession.php:8) {"exception":"[object] (Symfony\\Component\\ErrorHandler\\Error\\FatalError(code: 0): Cannot redeclare class App\\MySession (previously declared in C:\\wamp64\\www\\maasin_live_act\\app\\MySession.php:8) at C:\\wamp64\\www\\maasin_live_act\\app\\Models\\MySession.php:8)
[stacktrace]
#0 C:\\wamp64\\www\\maasin_live_act\\vendor\\laravel\\framework\\src\\Illuminate\\Foundation\\Bootstrap\\HandleExceptions.php(244): Symfony\\Component\\ErrorHandler\\Error\\FatalError->__construct(message: ''Cannot redecla...', code: '0', error: '['type' => 64, ...', traceOffset: '0', traceArgs: '???', trace: '???')
#1 C:\\wamp64\\www\\maasin_live_act\\vendor\\laravel\\framework\\src\\Illuminate\\Foundation\\Bootstrap\\HandleExceptions.php(231): Illuminate\\Foundation\\Bootstrap\\HandleExceptions->fatalErrorFromPhpError(error: '['type' => 64, ...', traceOffset: '0')
#2 C:\\wamp64\\www\\maasin_live_act\\vendor\\laravel\\framework\\src\\Illuminate\\Foundation\\Bootstrap\\HandleExceptions.php(255): Illuminate\\Foundation\\Bootstrap\\HandleExceptions->handleShutdown()
#3 C:\\wamp64\\www\\maasin_live_act\\vendor\\laravel\\framework\\src\\Illuminate\\Foundation\\Bootstrap\\HandleExceptions.php(0): Illuminate\\Foundation\\Bootstrap\\HandleExceptions->{closure:C:\\wamp64\\www\\maasin_live_act\\vendor\\laravel\\framework\\src\\Illuminate\\Foundation\\Bootstrap\\HandleExceptions.php:254-256}()
#4 {main}
"} 
[2025-10-06 05:17:27] local.ERROR: Cannot redeclare class App\MySession (previously declared in C:\wamp64\www\maasin_live_act\app\MySession.php:8) {"exception":"[object] (Symfony\\Component\\ErrorHandler\\Error\\FatalError(code: 0): Cannot redeclare class App\\MySession (previously declared in C:\\wamp64\\www\\maasin_live_act\\app\\MySession.php:8) at C:\\wamp64\\www\\maasin_live_act\\app\\Models\\MySession.php:8)
[stacktrace]
#0 C:\\wamp64\\www\\maasin_live_act\\vendor\\laravel\\framework\\src\\Illuminate\\Foundation\\Bootstrap\\HandleExceptions.php(244): Symfony\\Component\\ErrorHandler\\Error\\FatalError->__construct(message: ''Cannot redecla...', code: '0', error: '['type' => 64, ...', traceOffset: '0', traceArgs: '???', trace: '???')
#1 C:\\wamp64\\www\\maasin_live_act\\vendor\\laravel\\framework\\src\\Illuminate\\Foundation\\Bootstrap\\HandleExceptions.php(231): Illuminate\\Foundation\\Bootstrap\\HandleExceptions->fatalErrorFromPhpError(error: '['type' => 64, ...', traceOffset: '0')
#2 C:\\wamp64\\www\\maasin_live_act\\vendor\\laravel\\framework\\src\\Illuminate\\Foundation\\Bootstrap\\HandleExceptions.php(255): Illuminate\\Foundation\\Bootstrap\\HandleExceptions->handleShutdown()
#3 C:\\wamp64\\www\\maasin_live_act\\vendor\\laravel\\framework\\src\\Illuminate\\Foundation\\Bootstrap\\HandleExceptions.php(0): Illuminate\\Foundation\\Bootstrap\\HandleExceptions->{closure:C:\\wamp64\\www\\maasin_live_act\\vendor\\laravel\\framework\\src\\Illuminate\\Foundation\\Bootstrap\\HandleExceptions.php:254-256}()
#4 {main}
"} 
[2025-10-06 05:18:27] local.ERROR: Cannot redeclare class App\MySession (previously declared in C:\wamp64\www\maasin_live_act\app\MySession.php:8) {"exception":"[object] (Symfony\\Component\\ErrorHandler\\Error\\FatalError(code: 0): Cannot redeclare class App\\MySession (previously declared in C:\\wamp64\\www\\maasin_live_act\\app\\MySession.php:8) at C:\\wamp64\\www\\maasin_live_act\\app\\Models\\MySession.php:8)
[stacktrace]
#0 C:\\wamp64\\www\\maasin_live_act\\vendor\\laravel\\framework\\src\\Illuminate\\Foundation\\Bootstrap\\HandleExceptions.php(244): Symfony\\Component\\ErrorHandler\\Error\\FatalError->__construct(message: ''Cannot redecla...', code: '0', error: '['type' => 64, ...', traceOffset: '0', traceArgs: '???', trace: '???')
#1 C:\\wamp64\\www\\maasin_live_act\\vendor\\laravel\\framework\\src\\Illuminate\\Foundation\\Bootstrap\\HandleExceptions.php(231): Illuminate\\Foundation\\Bootstrap\\HandleExceptions->fatalErrorFromPhpError(error: '['type' => 64, ...', traceOffset: '0')
#2 C:\\wamp64\\www\\maasin_live_act\\vendor\\laravel\\framework\\src\\Illuminate\\Foundation\\Bootstrap\\HandleExceptions.php(255): Illuminate\\Foundation\\Bootstrap\\HandleExceptions->handleShutdown()
#3 C:\\wamp64\\www\\maasin_live_act\\vendor\\laravel\\framework\\src\\Illuminate\\Foundation\\Bootstrap\\HandleExceptions.php(0): Illuminate\\Foundation\\Bootstrap\\HandleExceptions->{closure:C:\\wamp64\\www\\maasin_live_act\\vendor\\laravel\\framework\\src\\Illuminate\\Foundation\\Bootstrap\\HandleExceptions.php:254-256}()
#4 {main}
"} 
[2025-10-06 05:19:27] local.ERROR: Cannot redeclare class App\MySession (previously declared in C:\wamp64\www\maasin_live_act\app\MySession.php:8) {"exception":"[object] (Symfony\\Component\\ErrorHandler\\Error\\FatalError(code: 0): Cannot redeclare class App\\MySession (previously declared in C:\\wamp64\\www\\maasin_live_act\\app\\MySession.php:8) at C:\\wamp64\\www\\maasin_live_act\\app\\Models\\MySession.php:8)
[stacktrace]
#0 C:\\wamp64\\www\\maasin_live_act\\vendor\\laravel\\framework\\src\\Illuminate\\Foundation\\Bootstrap\\HandleExceptions.php(244): Symfony\\Component\\ErrorHandler\\Error\\FatalError->__construct(message: ''Cannot redecla...', code: '0', error: '['type' => 64, ...', traceOffset: '0', traceArgs: '???', trace: '???')
#1 C:\\wamp64\\www\\maasin_live_act\\vendor\\laravel\\framework\\src\\Illuminate\\Foundation\\Bootstrap\\HandleExceptions.php(231): Illuminate\\Foundation\\Bootstrap\\HandleExceptions->fatalErrorFromPhpError(error: '['type' => 64, ...', traceOffset: '0')
#2 C:\\wamp64\\www\\maasin_live_act\\vendor\\laravel\\framework\\src\\Illuminate\\Foundation\\Bootstrap\\HandleExceptions.php(255): Illuminate\\Foundation\\Bootstrap\\HandleExceptions->handleShutdown()
#3 C:\\wamp64\\www\\maasin_live_act\\vendor\\laravel\\framework\\src\\Illuminate\\Foundation\\Bootstrap\\HandleExceptions.php(0): Illuminate\\Foundation\\Bootstrap\\HandleExceptions->{closure:C:\\wamp64\\www\\maasin_live_act\\vendor\\laravel\\framework\\src\\Illuminate\\Foundation\\Bootstrap\\HandleExceptions.php:254-256}()
#4 {main}
"} 
[2025-10-06 05:20:27] local.ERROR: Cannot redeclare class App\MySession (previously declared in C:\wamp64\www\maasin_live_act\app\MySession.php:8) {"exception":"[object] (Symfony\\Component\\ErrorHandler\\Error\\FatalError(code: 0): Cannot redeclare class App\\MySession (previously declared in C:\\wamp64\\www\\maasin_live_act\\app\\MySession.php:8) at C:\\wamp64\\www\\maasin_live_act\\app\\Models\\MySession.php:8)
[stacktrace]
#0 C:\\wamp64\\www\\maasin_live_act\\vendor\\laravel\\framework\\src\\Illuminate\\Foundation\\Bootstrap\\HandleExceptions.php(244): Symfony\\Component\\ErrorHandler\\Error\\FatalError->__construct(message: ''Cannot redecla...', code: '0', error: '['type' => 64, ...', traceOffset: '0', traceArgs: '???', trace: '???')
#1 C:\\wamp64\\www\\maasin_live_act\\vendor\\laravel\\framework\\src\\Illuminate\\Foundation\\Bootstrap\\HandleExceptions.php(231): Illuminate\\Foundation\\Bootstrap\\HandleExceptions->fatalErrorFromPhpError(error: '['type' => 64, ...', traceOffset: '0')
#2 C:\\wamp64\\www\\maasin_live_act\\vendor\\laravel\\framework\\src\\Illuminate\\Foundation\\Bootstrap\\HandleExceptions.php(255): Illuminate\\Foundation\\Bootstrap\\HandleExceptions->handleShutdown()
#3 C:\\wamp64\\www\\maasin_live_act\\vendor\\laravel\\framework\\src\\Illuminate\\Foundation\\Bootstrap\\HandleExceptions.php(0): Illuminate\\Foundation\\Bootstrap\\HandleExceptions->{closure:C:\\wamp64\\www\\maasin_live_act\\vendor\\laravel\\framework\\src\\Illuminate\\Foundation\\Bootstrap\\HandleExceptions.php:254-256}()
#4 {main}
"} 
[2025-10-06 05:21:27] local.ERROR: Cannot redeclare class App\MySession (previously declared in C:\wamp64\www\maasin_live_act\app\MySession.php:8) {"exception":"[object] (Symfony\\Component\\ErrorHandler\\Error\\FatalError(code: 0): Cannot redeclare class App\\MySession (previously declared in C:\\wamp64\\www\\maasin_live_act\\app\\MySession.php:8) at C:\\wamp64\\www\\maasin_live_act\\app\\Models\\MySession.php:8)
[stacktrace]
#0 C:\\wamp64\\www\\maasin_live_act\\vendor\\laravel\\framework\\src\\Illuminate\\Foundation\\Bootstrap\\HandleExceptions.php(244): Symfony\\Component\\ErrorHandler\\Error\\FatalError->__construct(message: ''Cannot redecla...', code: '0', error: '['type' => 64, ...', traceOffset: '0', traceArgs: '???', trace: '???')
#1 C:\\wamp64\\www\\maasin_live_act\\vendor\\laravel\\framework\\src\\Illuminate\\Foundation\\Bootstrap\\HandleExceptions.php(231): Illuminate\\Foundation\\Bootstrap\\HandleExceptions->fatalErrorFromPhpError(error: '['type' => 64, ...', traceOffset: '0')
#2 C:\\wamp64\\www\\maasin_live_act\\vendor\\laravel\\framework\\src\\Illuminate\\Foundation\\Bootstrap\\HandleExceptions.php(255): Illuminate\\Foundation\\Bootstrap\\HandleExceptions->handleShutdown()
#3 C:\\wamp64\\www\\maasin_live_act\\vendor\\laravel\\framework\\src\\Illuminate\\Foundation\\Bootstrap\\HandleExceptions.php(0): Illuminate\\Foundation\\Bootstrap\\HandleExceptions->{closure:C:\\wamp64\\www\\maasin_live_act\\vendor\\laravel\\framework\\src\\Illuminate\\Foundation\\Bootstrap\\HandleExceptions.php:254-256}()
#4 {main}
"} 
[2025-10-06 05:22:27] local.ERROR: Cannot redeclare class App\MySession (previously declared in C:\wamp64\www\maasin_live_act\app\MySession.php:8) {"exception":"[object] (Symfony\\Component\\ErrorHandler\\Error\\FatalError(code: 0): Cannot redeclare class App\\MySession (previously declared in C:\\wamp64\\www\\maasin_live_act\\app\\MySession.php:8) at C:\\wamp64\\www\\maasin_live_act\\app\\Models\\MySession.php:8)
[stacktrace]
#0 C:\\wamp64\\www\\maasin_live_act\\vendor\\laravel\\framework\\src\\Illuminate\\Foundation\\Bootstrap\\HandleExceptions.php(244): Symfony\\Component\\ErrorHandler\\Error\\FatalError->__construct(message: ''Cannot redecla...', code: '0', error: '['type' => 64, ...', traceOffset: '0', traceArgs: '???', trace: '???')
#1 C:\\wamp64\\www\\maasin_live_act\\vendor\\laravel\\framework\\src\\Illuminate\\Foundation\\Bootstrap\\HandleExceptions.php(231): Illuminate\\Foundation\\Bootstrap\\HandleExceptions->fatalErrorFromPhpError(error: '['type' => 64, ...', traceOffset: '0')
#2 C:\\wamp64\\www\\maasin_live_act\\vendor\\laravel\\framework\\src\\Illuminate\\Foundation\\Bootstrap\\HandleExceptions.php(255): Illuminate\\Foundation\\Bootstrap\\HandleExceptions->handleShutdown()
#3 C:\\wamp64\\www\\maasin_live_act\\vendor\\laravel\\framework\\src\\Illuminate\\Foundation\\Bootstrap\\HandleExceptions.php(0): Illuminate\\Foundation\\Bootstrap\\HandleExceptions->{closure:C:\\wamp64\\www\\maasin_live_act\\vendor\\laravel\\framework\\src\\Illuminate\\Foundation\\Bootstrap\\HandleExceptions.php:254-256}()
#4 {main}
"} 
[2025-10-06 05:23:27] local.ERROR: Cannot redeclare class App\MySession (previously declared in C:\wamp64\www\maasin_live_act\app\MySession.php:8) {"exception":"[object] (Symfony\\Component\\ErrorHandler\\Error\\FatalError(code: 0): Cannot redeclare class App\\MySession (previously declared in C:\\wamp64\\www\\maasin_live_act\\app\\MySession.php:8) at C:\\wamp64\\www\\maasin_live_act\\app\\Models\\MySession.php:8)
[stacktrace]
#0 C:\\wamp64\\www\\maasin_live_act\\vendor\\laravel\\framework\\src\\Illuminate\\Foundation\\Bootstrap\\HandleExceptions.php(244): Symfony\\Component\\ErrorHandler\\Error\\FatalError->__construct(message: ''Cannot redecla...', code: '0', error: '['type' => 64, ...', traceOffset: '0', traceArgs: '???', trace: '???')
#1 C:\\wamp64\\www\\maasin_live_act\\vendor\\laravel\\framework\\src\\Illuminate\\Foundation\\Bootstrap\\HandleExceptions.php(231): Illuminate\\Foundation\\Bootstrap\\HandleExceptions->fatalErrorFromPhpError(error: '['type' => 64, ...', traceOffset: '0')
#2 C:\\wamp64\\www\\maasin_live_act\\vendor\\laravel\\framework\\src\\Illuminate\\Foundation\\Bootstrap\\HandleExceptions.php(255): Illuminate\\Foundation\\Bootstrap\\HandleExceptions->handleShutdown()
#3 C:\\wamp64\\www\\maasin_live_act\\vendor\\laravel\\framework\\src\\Illuminate\\Foundation\\Bootstrap\\HandleExceptions.php(0): Illuminate\\Foundation\\Bootstrap\\HandleExceptions->{closure:C:\\wamp64\\www\\maasin_live_act\\vendor\\laravel\\framework\\src\\Illuminate\\Foundation\\Bootstrap\\HandleExceptions.php:254-256}()
#4 {main}
"} 
[2025-10-06 05:24:27] local.ERROR: Cannot redeclare class App\MySession (previously declared in C:\wamp64\www\maasin_live_act\app\MySession.php:8) {"exception":"[object] (Symfony\\Component\\ErrorHandler\\Error\\FatalError(code: 0): Cannot redeclare class App\\MySession (previously declared in C:\\wamp64\\www\\maasin_live_act\\app\\MySession.php:8) at C:\\wamp64\\www\\maasin_live_act\\app\\Models\\MySession.php:8)
[stacktrace]
#0 C:\\wamp64\\www\\maasin_live_act\\vendor\\laravel\\framework\\src\\Illuminate\\Foundation\\Bootstrap\\HandleExceptions.php(244): Symfony\\Component\\ErrorHandler\\Error\\FatalError->__construct(message: ''Cannot redecla...', code: '0', error: '['type' => 64, ...', traceOffset: '0', traceArgs: '???', trace: '???')
#1 C:\\wamp64\\www\\maasin_live_act\\vendor\\laravel\\framework\\src\\Illuminate\\Foundation\\Bootstrap\\HandleExceptions.php(231): Illuminate\\Foundation\\Bootstrap\\HandleExceptions->fatalErrorFromPhpError(error: '['type' => 64, ...', traceOffset: '0')
#2 C:\\wamp64\\www\\maasin_live_act\\vendor\\laravel\\framework\\src\\Illuminate\\Foundation\\Bootstrap\\HandleExceptions.php(255): Illuminate\\Foundation\\Bootstrap\\HandleExceptions->handleShutdown()
#3 C:\\wamp64\\www\\maasin_live_act\\vendor\\laravel\\framework\\src\\Illuminate\\Foundation\\Bootstrap\\HandleExceptions.php(0): Illuminate\\Foundation\\Bootstrap\\HandleExceptions->{closure:C:\\wamp64\\www\\maasin_live_act\\vendor\\laravel\\framework\\src\\Illuminate\\Foundation\\Bootstrap\\HandleExceptions.php:254-256}()
#4 {main}
"} 
[2025-10-06 05:25:27] local.ERROR: Cannot redeclare class App\MySession (previously declared in C:\wamp64\www\maasin_live_act\app\MySession.php:8) {"exception":"[object] (Symfony\\Component\\ErrorHandler\\Error\\FatalError(code: 0): Cannot redeclare class App\\MySession (previously declared in C:\\wamp64\\www\\maasin_live_act\\app\\MySession.php:8) at C:\\wamp64\\www\\maasin_live_act\\app\\Models\\MySession.php:8)
[stacktrace]
#0 C:\\wamp64\\www\\maasin_live_act\\vendor\\laravel\\framework\\src\\Illuminate\\Foundation\\Bootstrap\\HandleExceptions.php(244): Symfony\\Component\\ErrorHandler\\Error\\FatalError->__construct(message: ''Cannot redecla...', code: '0', error: '['type' => 64, ...', traceOffset: '0', traceArgs: '???', trace: '???')
#1 C:\\wamp64\\www\\maasin_live_act\\vendor\\laravel\\framework\\src\\Illuminate\\Foundation\\Bootstrap\\HandleExceptions.php(231): Illuminate\\Foundation\\Bootstrap\\HandleExceptions->fatalErrorFromPhpError(error: '['type' => 64, ...', traceOffset: '0')
#2 C:\\wamp64\\www\\maasin_live_act\\vendor\\laravel\\framework\\src\\Illuminate\\Foundation\\Bootstrap\\HandleExceptions.php(255): Illuminate\\Foundation\\Bootstrap\\HandleExceptions->handleShutdown()
#3 C:\\wamp64\\www\\maasin_live_act\\vendor\\laravel\\framework\\src\\Illuminate\\Foundation\\Bootstrap\\HandleExceptions.php(0): Illuminate\\Foundation\\Bootstrap\\HandleExceptions->{closure:C:\\wamp64\\www\\maasin_live_act\\vendor\\laravel\\framework\\src\\Illuminate\\Foundation\\Bootstrap\\HandleExceptions.php:254-256}()
#4 {main}
"} 
[2025-10-06 05:26:27] local.ERROR: Cannot redeclare class App\MySession (previously declared in C:\wamp64\www\maasin_live_act\app\MySession.php:8) {"exception":"[object] (Symfony\\Component\\ErrorHandler\\Error\\FatalError(code: 0): Cannot redeclare class App\\MySession (previously declared in C:\\wamp64\\www\\maasin_live_act\\app\\MySession.php:8) at C:\\wamp64\\www\\maasin_live_act\\app\\Models\\MySession.php:8)
[stacktrace]
#0 C:\\wamp64\\www\\maasin_live_act\\vendor\\laravel\\framework\\src\\Illuminate\\Foundation\\Bootstrap\\HandleExceptions.php(244): Symfony\\Component\\ErrorHandler\\Error\\FatalError->__construct(message: ''Cannot redecla...', code: '0', error: '['type' => 64, ...', traceOffset: '0', traceArgs: '???', trace: '???')
#1 C:\\wamp64\\www\\maasin_live_act\\vendor\\laravel\\framework\\src\\Illuminate\\Foundation\\Bootstrap\\HandleExceptions.php(231): Illuminate\\Foundation\\Bootstrap\\HandleExceptions->fatalErrorFromPhpError(error: '['type' => 64, ...', traceOffset: '0')
#2 C:\\wamp64\\www\\maasin_live_act\\vendor\\laravel\\framework\\src\\Illuminate\\Foundation\\Bootstrap\\HandleExceptions.php(255): Illuminate\\Foundation\\Bootstrap\\HandleExceptions->handleShutdown()
#3 C:\\wamp64\\www\\maasin_live_act\\vendor\\laravel\\framework\\src\\Illuminate\\Foundation\\Bootstrap\\HandleExceptions.php(0): Illuminate\\Foundation\\Bootstrap\\HandleExceptions->{closure:C:\\wamp64\\www\\maasin_live_act\\vendor\\laravel\\framework\\src\\Illuminate\\Foundation\\Bootstrap\\HandleExceptions.php:254-256}()
#4 {main}
"} 
[2025-10-06 05:27:27] local.ERROR: Cannot redeclare class App\MySession (previously declared in C:\wamp64\www\maasin_live_act\app\MySession.php:8) {"exception":"[object] (Symfony\\Component\\ErrorHandler\\Error\\FatalError(code: 0): Cannot redeclare class App\\MySession (previously declared in C:\\wamp64\\www\\maasin_live_act\\app\\MySession.php:8) at C:\\wamp64\\www\\maasin_live_act\\app\\Models\\MySession.php:8)
[stacktrace]
#0 C:\\wamp64\\www\\maasin_live_act\\vendor\\laravel\\framework\\src\\Illuminate\\Foundation\\Bootstrap\\HandleExceptions.php(244): Symfony\\Component\\ErrorHandler\\Error\\FatalError->__construct(message: ''Cannot redecla...', code: '0', error: '['type' => 64, ...', traceOffset: '0', traceArgs: '???', trace: '???')
#1 C:\\wamp64\\www\\maasin_live_act\\vendor\\laravel\\framework\\src\\Illuminate\\Foundation\\Bootstrap\\HandleExceptions.php(231): Illuminate\\Foundation\\Bootstrap\\HandleExceptions->fatalErrorFromPhpError(error: '['type' => 64, ...', traceOffset: '0')
#2 C:\\wamp64\\www\\maasin_live_act\\vendor\\laravel\\framework\\src\\Illuminate\\Foundation\\Bootstrap\\HandleExceptions.php(255): Illuminate\\Foundation\\Bootstrap\\HandleExceptions->handleShutdown()
#3 C:\\wamp64\\www\\maasin_live_act\\vendor\\laravel\\framework\\src\\Illuminate\\Foundation\\Bootstrap\\HandleExceptions.php(0): Illuminate\\Foundation\\Bootstrap\\HandleExceptions->{closure:C:\\wamp64\\www\\maasin_live_act\\vendor\\laravel\\framework\\src\\Illuminate\\Foundation\\Bootstrap\\HandleExceptions.php:254-256}()
#4 {main}
"} 
[2025-10-06 05:28:27] local.ERROR: Cannot redeclare class App\MySession (previously declared in C:\wamp64\www\maasin_live_act\app\MySession.php:8) {"exception":"[object] (Symfony\\Component\\ErrorHandler\\Error\\FatalError(code: 0): Cannot redeclare class App\\MySession (previously declared in C:\\wamp64\\www\\maasin_live_act\\app\\MySession.php:8) at C:\\wamp64\\www\\maasin_live_act\\app\\Models\\MySession.php:8)
[stacktrace]
#0 C:\\wamp64\\www\\maasin_live_act\\vendor\\laravel\\framework\\src\\Illuminate\\Foundation\\Bootstrap\\HandleExceptions.php(244): Symfony\\Component\\ErrorHandler\\Error\\FatalError->__construct(message: ''Cannot redecla...', code: '0', error: '['type' => 64, ...', traceOffset: '0', traceArgs: '???', trace: '???')
#1 C:\\wamp64\\www\\maasin_live_act\\vendor\\laravel\\framework\\src\\Illuminate\\Foundation\\Bootstrap\\HandleExceptions.php(231): Illuminate\\Foundation\\Bootstrap\\HandleExceptions->fatalErrorFromPhpError(error: '['type' => 64, ...', traceOffset: '0')
#2 C:\\wamp64\\www\\maasin_live_act\\vendor\\laravel\\framework\\src\\Illuminate\\Foundation\\Bootstrap\\HandleExceptions.php(255): Illuminate\\Foundation\\Bootstrap\\HandleExceptions->handleShutdown()
#3 C:\\wamp64\\www\\maasin_live_act\\vendor\\laravel\\framework\\src\\Illuminate\\Foundation\\Bootstrap\\HandleExceptions.php(0): Illuminate\\Foundation\\Bootstrap\\HandleExceptions->{closure:C:\\wamp64\\www\\maasin_live_act\\vendor\\laravel\\framework\\src\\Illuminate\\Foundation\\Bootstrap\\HandleExceptions.php:254-256}()
#4 {main}
"} 
[2025-10-06 05:29:27] local.ERROR: Cannot redeclare class App\MySession (previously declared in C:\wamp64\www\maasin_live_act\app\MySession.php:8) {"exception":"[object] (Symfony\\Component\\ErrorHandler\\Error\\FatalError(code: 0): Cannot redeclare class App\\MySession (previously declared in C:\\wamp64\\www\\maasin_live_act\\app\\MySession.php:8) at C:\\wamp64\\www\\maasin_live_act\\app\\Models\\MySession.php:8)
[stacktrace]
#0 C:\\wamp64\\www\\maasin_live_act\\vendor\\laravel\\framework\\src\\Illuminate\\Foundation\\Bootstrap\\HandleExceptions.php(244): Symfony\\Component\\ErrorHandler\\Error\\FatalError->__construct(message: ''Cannot redecla...', code: '0', error: '['type' => 64, ...', traceOffset: '0', traceArgs: '???', trace: '???')
#1 C:\\wamp64\\www\\maasin_live_act\\vendor\\laravel\\framework\\src\\Illuminate\\Foundation\\Bootstrap\\HandleExceptions.php(231): Illuminate\\Foundation\\Bootstrap\\HandleExceptions->fatalErrorFromPhpError(error: '['type' => 64, ...', traceOffset: '0')
#2 C:\\wamp64\\www\\maasin_live_act\\vendor\\laravel\\framework\\src\\Illuminate\\Foundation\\Bootstrap\\HandleExceptions.php(255): Illuminate\\Foundation\\Bootstrap\\HandleExceptions->handleShutdown()
#3 C:\\wamp64\\www\\maasin_live_act\\vendor\\laravel\\framework\\src\\Illuminate\\Foundation\\Bootstrap\\HandleExceptions.php(0): Illuminate\\Foundation\\Bootstrap\\HandleExceptions->{closure:C:\\wamp64\\www\\maasin_live_act\\vendor\\laravel\\framework\\src\\Illuminate\\Foundation\\Bootstrap\\HandleExceptions.php:254-256}()
#4 {main}
"} 
[2025-10-06 05:30:27] local.ERROR: Cannot redeclare class App\MySession (previously declared in C:\wamp64\www\maasin_live_act\app\MySession.php:8) {"exception":"[object] (Symfony\\Component\\ErrorHandler\\Error\\FatalError(code: 0): Cannot redeclare class App\\MySession (previously declared in C:\\wamp64\\www\\maasin_live_act\\app\\MySession.php:8) at C:\\wamp64\\www\\maasin_live_act\\app\\Models\\MySession.php:8)
[stacktrace]
#0 C:\\wamp64\\www\\maasin_live_act\\vendor\\laravel\\framework\\src\\Illuminate\\Foundation\\Bootstrap\\HandleExceptions.php(244): Symfony\\Component\\ErrorHandler\\Error\\FatalError->__construct(message: ''Cannot redecla...', code: '0', error: '['type' => 64, ...', traceOffset: '0', traceArgs: '???', trace: '???')
#1 C:\\wamp64\\www\\maasin_live_act\\vendor\\laravel\\framework\\src\\Illuminate\\Foundation\\Bootstrap\\HandleExceptions.php(231): Illuminate\\Foundation\\Bootstrap\\HandleExceptions->fatalErrorFromPhpError(error: '['type' => 64, ...', traceOffset: '0')
#2 C:\\wamp64\\www\\maasin_live_act\\vendor\\laravel\\framework\\src\\Illuminate\\Foundation\\Bootstrap\\HandleExceptions.php(255): Illuminate\\Foundation\\Bootstrap\\HandleExceptions->handleShutdown()
#3 C:\\wamp64\\www\\maasin_live_act\\vendor\\laravel\\framework\\src\\Illuminate\\Foundation\\Bootstrap\\HandleExceptions.php(0): Illuminate\\Foundation\\Bootstrap\\HandleExceptions->{closure:C:\\wamp64\\www\\maasin_live_act\\vendor\\laravel\\framework\\src\\Illuminate\\Foundation\\Bootstrap\\HandleExceptions.php:254-256}()
#4 {main}
"} 
[2025-10-06 05:31:27] local.ERROR: Cannot redeclare class App\MySession (previously declared in C:\wamp64\www\maasin_live_act\app\MySession.php:8) {"exception":"[object] (Symfony\\Component\\ErrorHandler\\Error\\FatalError(code: 0): Cannot redeclare class App\\MySession (previously declared in C:\\wamp64\\www\\maasin_live_act\\app\\MySession.php:8) at C:\\wamp64\\www\\maasin_live_act\\app\\Models\\MySession.php:8)
[stacktrace]
#0 C:\\wamp64\\www\\maasin_live_act\\vendor\\laravel\\framework\\src\\Illuminate\\Foundation\\Bootstrap\\HandleExceptions.php(244): Symfony\\Component\\ErrorHandler\\Error\\FatalError->__construct(message: ''Cannot redecla...', code: '0', error: '['type' => 64, ...', traceOffset: '0', traceArgs: '???', trace: '???')
#1 C:\\wamp64\\www\\maasin_live_act\\vendor\\laravel\\framework\\src\\Illuminate\\Foundation\\Bootstrap\\HandleExceptions.php(231): Illuminate\\Foundation\\Bootstrap\\HandleExceptions->fatalErrorFromPhpError(error: '['type' => 64, ...', traceOffset: '0')
#2 C:\\wamp64\\www\\maasin_live_act\\vendor\\laravel\\framework\\src\\Illuminate\\Foundation\\Bootstrap\\HandleExceptions.php(255): Illuminate\\Foundation\\Bootstrap\\HandleExceptions->handleShutdown()
#3 C:\\wamp64\\www\\maasin_live_act\\vendor\\laravel\\framework\\src\\Illuminate\\Foundation\\Bootstrap\\HandleExceptions.php(0): Illuminate\\Foundation\\Bootstrap\\HandleExceptions->{closure:C:\\wamp64\\www\\maasin_live_act\\vendor\\laravel\\framework\\src\\Illuminate\\Foundation\\Bootstrap\\HandleExceptions.php:254-256}()
#4 {main}
"} 
[2025-10-06 05:32:27] local.ERROR: Cannot redeclare class App\MySession (previously declared in C:\wamp64\www\maasin_live_act\app\MySession.php:8) {"exception":"[object] (Symfony\\Component\\ErrorHandler\\Error\\FatalError(code: 0): Cannot redeclare class App\\MySession (previously declared in C:\\wamp64\\www\\maasin_live_act\\app\\MySession.php:8) at C:\\wamp64\\www\\maasin_live_act\\app\\Models\\MySession.php:8)
[stacktrace]
#0 C:\\wamp64\\www\\maasin_live_act\\vendor\\laravel\\framework\\src\\Illuminate\\Foundation\\Bootstrap\\HandleExceptions.php(244): Symfony\\Component\\ErrorHandler\\Error\\FatalError->__construct(message: ''Cannot redecla...', code: '0', error: '['type' => 64, ...', traceOffset: '0', traceArgs: '???', trace: '???')
#1 C:\\wamp64\\www\\maasin_live_act\\vendor\\laravel\\framework\\src\\Illuminate\\Foundation\\Bootstrap\\HandleExceptions.php(231): Illuminate\\Foundation\\Bootstrap\\HandleExceptions->fatalErrorFromPhpError(error: '['type' => 64, ...', traceOffset: '0')
#2 C:\\wamp64\\www\\maasin_live_act\\vendor\\laravel\\framework\\src\\Illuminate\\Foundation\\Bootstrap\\HandleExceptions.php(255): Illuminate\\Foundation\\Bootstrap\\HandleExceptions->handleShutdown()
#3 C:\\wamp64\\www\\maasin_live_act\\vendor\\laravel\\framework\\src\\Illuminate\\Foundation\\Bootstrap\\HandleExceptions.php(0): Illuminate\\Foundation\\Bootstrap\\HandleExceptions->{closure:C:\\wamp64\\www\\maasin_live_act\\vendor\\laravel\\framework\\src\\Illuminate\\Foundation\\Bootstrap\\HandleExceptions.php:254-256}()
#4 {main}
"} 
[2025-10-06 05:33:27] local.ERROR: Cannot redeclare class App\MySession (previously declared in C:\wamp64\www\maasin_live_act\app\MySession.php:8) {"exception":"[object] (Symfony\\Component\\ErrorHandler\\Error\\FatalError(code: 0): Cannot redeclare class App\\MySession (previously declared in C:\\wamp64\\www\\maasin_live_act\\app\\MySession.php:8) at C:\\wamp64\\www\\maasin_live_act\\app\\Models\\MySession.php:8)
[stacktrace]
#0 C:\\wamp64\\www\\maasin_live_act\\vendor\\laravel\\framework\\src\\Illuminate\\Foundation\\Bootstrap\\HandleExceptions.php(244): Symfony\\Component\\ErrorHandler\\Error\\FatalError->__construct(message: ''Cannot redecla...', code: '0', error: '['type' => 64, ...', traceOffset: '0', traceArgs: '???', trace: '???')
#1 C:\\wamp64\\www\\maasin_live_act\\vendor\\laravel\\framework\\src\\Illuminate\\Foundation\\Bootstrap\\HandleExceptions.php(231): Illuminate\\Foundation\\Bootstrap\\HandleExceptions->fatalErrorFromPhpError(error: '['type' => 64, ...', traceOffset: '0')
#2 C:\\wamp64\\www\\maasin_live_act\\vendor\\laravel\\framework\\src\\Illuminate\\Foundation\\Bootstrap\\HandleExceptions.php(255): Illuminate\\Foundation\\Bootstrap\\HandleExceptions->handleShutdown()
#3 C:\\wamp64\\www\\maasin_live_act\\vendor\\laravel\\framework\\src\\Illuminate\\Foundation\\Bootstrap\\HandleExceptions.php(0): Illuminate\\Foundation\\Bootstrap\\HandleExceptions->{closure:C:\\wamp64\\www\\maasin_live_act\\vendor\\laravel\\framework\\src\\Illuminate\\Foundation\\Bootstrap\\HandleExceptions.php:254-256}()
#4 {main}
"} 
[2025-10-06 05:34:27] local.ERROR: Cannot redeclare class App\MySession (previously declared in C:\wamp64\www\maasin_live_act\app\MySession.php:8) {"exception":"[object] (Symfony\\Component\\ErrorHandler\\Error\\FatalError(code: 0): Cannot redeclare class App\\MySession (previously declared in C:\\wamp64\\www\\maasin_live_act\\app\\MySession.php:8) at C:\\wamp64\\www\\maasin_live_act\\app\\Models\\MySession.php:8)
[stacktrace]
#0 C:\\wamp64\\www\\maasin_live_act\\vendor\\laravel\\framework\\src\\Illuminate\\Foundation\\Bootstrap\\HandleExceptions.php(244): Symfony\\Component\\ErrorHandler\\Error\\FatalError->__construct(message: ''Cannot redecla...', code: '0', error: '['type' => 64, ...', traceOffset: '0', traceArgs: '???', trace: '???')
#1 C:\\wamp64\\www\\maasin_live_act\\vendor\\laravel\\framework\\src\\Illuminate\\Foundation\\Bootstrap\\HandleExceptions.php(231): Illuminate\\Foundation\\Bootstrap\\HandleExceptions->fatalErrorFromPhpError(error: '['type' => 64, ...', traceOffset: '0')
#2 C:\\wamp64\\www\\maasin_live_act\\vendor\\laravel\\framework\\src\\Illuminate\\Foundation\\Bootstrap\\HandleExceptions.php(255): Illuminate\\Foundation\\Bootstrap\\HandleExceptions->handleShutdown()
#3 C:\\wamp64\\www\\maasin_live_act\\vendor\\laravel\\framework\\src\\Illuminate\\Foundation\\Bootstrap\\HandleExceptions.php(0): Illuminate\\Foundation\\Bootstrap\\HandleExceptions->{closure:C:\\wamp64\\www\\maasin_live_act\\vendor\\laravel\\framework\\src\\Illuminate\\Foundation\\Bootstrap\\HandleExceptions.php:254-256}()
#4 {main}
"} 
[2025-10-06 05:35:27] local.ERROR: Cannot redeclare class App\MySession (previously declared in C:\wamp64\www\maasin_live_act\app\MySession.php:8) {"exception":"[object] (Symfony\\Component\\ErrorHandler\\Error\\FatalError(code: 0): Cannot redeclare class App\\MySession (previously declared in C:\\wamp64\\www\\maasin_live_act\\app\\MySession.php:8) at C:\\wamp64\\www\\maasin_live_act\\app\\Models\\MySession.php:8)
[stacktrace]
#0 C:\\wamp64\\www\\maasin_live_act\\vendor\\laravel\\framework\\src\\Illuminate\\Foundation\\Bootstrap\\HandleExceptions.php(244): Symfony\\Component\\ErrorHandler\\Error\\FatalError->__construct(message: ''Cannot redecla...', code: '0', error: '['type' => 64, ...', traceOffset: '0', traceArgs: '???', trace: '???')
#1 C:\\wamp64\\www\\maasin_live_act\\vendor\\laravel\\framework\\src\\Illuminate\\Foundation\\Bootstrap\\HandleExceptions.php(231): Illuminate\\Foundation\\Bootstrap\\HandleExceptions->fatalErrorFromPhpError(error: '['type' => 64, ...', traceOffset: '0')
#2 C:\\wamp64\\www\\maasin_live_act\\vendor\\laravel\\framework\\src\\Illuminate\\Foundation\\Bootstrap\\HandleExceptions.php(255): Illuminate\\Foundation\\Bootstrap\\HandleExceptions->handleShutdown()
#3 C:\\wamp64\\www\\maasin_live_act\\vendor\\laravel\\framework\\src\\Illuminate\\Foundation\\Bootstrap\\HandleExceptions.php(0): Illuminate\\Foundation\\Bootstrap\\HandleExceptions->{closure:C:\\wamp64\\www\\maasin_live_act\\vendor\\laravel\\framework\\src\\Illuminate\\Foundation\\Bootstrap\\HandleExceptions.php:254-256}()
#4 {main}
"} 
